Date,AFG,AGO,ALB,AND,ARE,ARG,ARM,ATG,AUS,AUT,AZE,BDI,BEL,BEN,BFA,BGD,BGR,BHR,BHS,BIH,BLR,BLZ,BOL,BRA,BRB,BRN,BTN,BWA,CAF,CAN,CHE,CHL,CHN,CIV,CMR,COD,COG,COK,COL,COM,CPV,CRI,CUB,CYP,CZE,DEU,DJI,DMA,DNK,DOM,DZA,ECU,EGY,ERI,ESP,EST,ETH,FIN,FJI,FRA,FSM,GAB,GBR,GEO,GHA,GIN,GMB,GNB,GNQ,GRC,GRD,GTM,GUY,HKG,HND,HRV,HTI,HUN,IDN,IND,IRL,IRN,IRQ,ISL,ISR,ITA,JAM,JOR,JPN,KAZ,KEN,KGZ,KHM,KIR,KNA,KOR,KWT,LAO,LBN,LBR,LBY,LCA,LIE,LKA,LSO,LTU,LUX,LVA,MAC,MAR,MDA,MDG,MDV,MEX,MKD,MLI,MLT,MMR,MNE,MNG,MOZ,MRT,MUS,MWI,MYS,NAM,NER,NGA,NIC,NIU,NLD,NOR,NPL,NRU,NZL,OMN,OWID_WRL,PAK,PAN,PER,PHL,PLW,PNG,POL,PRK,PRT,PRY,QAT,ROU,RUS,RWA,SAU,SDN,SEN,SGP,SLB,SLE,SLV,SOM,SRB,SSD,STP,SUR,SVK,SVN,SWE,SWZ,SYC,SYR,TCA,TCD,TGO,THA,TJK,TKM,TLS,TON,TTO,TUN,TUR,TUV,TWN,TZA,UGA,UKR,URY,USA,UZB,VCT,VEN,VNM,VUT,WSM,YEM,ZAF,ZMB,ZWE
1850,0.17624165,0.1648146,0.033149455,0.00082135334,0.00198071,0.71830523,0.022636836,0.001167621,1.1107594,0.19554944,0.08184826,0.03864119,0.5133706,-0.030319262,0.0407747,0.95732975,0.16172346,0.00044907824,0.0003289246,0.083394445,0.93328226,0.005257616,0.41220918,1.094273,0.0021202771,0.0010921992,0.019570576,0.01663307,0.030424133,1.8003817,0.12224763,0.20441714,10.250442,1.1169602,0.070907556,0.53471124,0.08284645,0.000119952674,0.8629463,0.0016532672,0.00036931963,0.05630292,0.20454748,0.0088275485,0.3713599,1.8700825,0.001149047,0.00071722775,0.20226628,0.019300787,0.06163156,0.22683576,0.09720815,0.0047262795,0.58317965,0.21604723,0.79461884,0.45219538,0.04170925,2.5131378,0.0013354662,0.027902167,4.6999745,0.17500255,0.042188052,1.0198395,0.00483738,0.009498671,-0.00044123255,0.16939308,0.0006980022,0.20579481,0.1550009,0.00065362785,0.19528104,0.07162052,0.07088921,0.39965975,2.2971332,8.263258,1.052736,0.2577575,0.034082044,0.016378941,0.011608912,0.6487146,0.022013944,0.0031966283,0.5909345,0.7017693,0.10500095,0.06496762,0.14498672,6.330601e-05,0.0020563237,0.2546188,0.0014361469,0.10501671,0.0047597024,0.34736487,0.00771754,0.000279899,0.00037271073,0.31386116,0.004469395,0.40564793,0.014266148,0.22221875,0.00021422138,0.12358137,0.09524764,0.3354848,5.2667856e-05,0.5701359,0.0278145,0.086413346,0.0011743808,1.1314789,0.029661462,0.44060382,0.2167391,0.04293584,0.001960217,0.02882604,0.34254473,0.012618597,0.08557318,0.2497619,0.1665934,4.627694e-05,0.37359285,0.27583763,0.21055305,3.992975e-06,0.56022644,0.005296437,100.0,0.47424784,0.06634661,0.21863662,1.047966,0.00025075325,-0.057147525,1.2490344,0.32911143,0.110994585,0.0753192,0.00058190484,0.5469934,9.927815,0.026780844,-0.01636098,0.30209064,0.043489132,0.008531256,0.015206468,0.054413904,0.075780645,0.08199094,0.21635312,0.12669355,0.0012593621,0.0064226664,0.14159633,0.028181318,0.633046,0.005561807,7.8367586e-05,0.06302588,7.0473443e-06,0.1572743,0.007259855,0.44250968,0.033253405,0.0954257,0.030784374,0.0011897483,0.014689681,0.017303813,0.48566586,1.9311605e-05,0.027968572,0.20138586,0.12977445,1.5401034,0.14046706,20.589865,0.16393185,0.0007047164,0.75900865,0.86976194,0.004284619,0.0042964863,0.046531204,0.069979884,0.21280146,0.024999967
1851,0.17009138,0.1509146,0.032227926,0.0007572443,0.001911163,0.7114427,0.02152212,0.0008682327,1.1127895,0.18625799,0.07799109,0.03700547,0.5103874,-0.029370679,0.03903251,0.8720666,0.14874758,0.00043167637,0.00031479192,0.07830774,0.88658935,0.007451309,0.5129038,1.2442162,0.0020135792,0.00076657877,0.027781023,0.016096242,0.026371552,2.2842329,0.11665363,0.17982477,9.74254,1.38368,0.17839961,0.42332783,0.064955816,0.000116593,0.81573516,0.0015841454,0.00035662213,0.049878784,0.19005056,0.008799092,0.35529268,1.8066589,0.0011017229,0.00073560665,0.19641192,0.017549276,0.058117528,0.005353928,0.09252813,0.0046481574,0.5420084,0.20492794,0.7556541,0.4074551,0.04842002,2.3406885,0.0012898541,0.027941462,4.296262,0.1664027,0.036682077,1.2048994,0.004694212,0.01015121,0.023169683,0.1630241,0.0006581997,0.22700967,-0.019838251,0.00065089396,0.1848323,0.06748996,0.05595055,0.37492162,3.2485971,7.2845125,0.9762181,0.24741112,0.032949604,0.015563474,0.011158229,0.64986867,0.01055705,0.003068444,0.4942636,0.67641884,0.09534036,0.06213819,0.13804519,6.10244e-05,0.0018783587,0.24580063,0.0013877145,0.08976826,0.004599856,0.3914824,0.0074261604,0.00027722784,0.00034975473,0.2880256,0.0043889564,0.3863171,0.013499436,0.21144144,0.0002080578,0.11902532,0.089096345,0.3120946,5.0702296e-05,0.5426724,0.02656215,0.084821366,0.0010783162,1.1735485,0.028771343,0.40433377,0.22209689,0.041151684,0.0020739818,0.026574653,-0.11282176,0.012188337,0.080605336,0.21706899,0.15995786,4.4415166e-05,0.3562621,0.26390404,0.19636199,3.8646676e-06,0.5111908,0.005078096,100.0,0.45813286,0.061694037,0.11403312,1.247237,0.00024258408,0.097655244,1.2186568,0.31421056,0.1068089,0.065969296,0.0005628193,0.5233936,11.188762,0.025405558,-0.012892316,0.28948104,0.041949023,0.0069590677,0.0016623884,0.06493741,0.076497346,0.078836255,0.21010935,0.12146612,3.889374e-05,0.0059348294,0.13240618,0.02753905,0.6063826,0.005360533,7.527076e-05,0.060512293,6.7529827e-06,0.21541308,0.006765531,0.42509767,0.031359877,0.09188044,0.024371088,0.00114294,0.013303997,0.016810386,0.45801517,1.8677469e-05,0.026886065,0.19112678,0.122061774,1.5233674,0.1518097,20.932222,0.1574511,0.000672234,0.96543425,0.84752125,0.0014554822,0.0032296355,0.04469863,0.07091473,0.20406176,0.024311837
1852,0.16932504,0.14467429,0.032425065,0.0007314901,0.001903061,0.72287154,0.021159956,0.0007247837,0.9846287,0.19274348,0.076815404,0.03658896,0.52734447,-0.029421996,0.03834115,0.86604196,0.14266098,0.0004282264,0.00031112245,0.07880385,0.878757,0.0056462046,0.57298386,0.95174795,0.0019846016,0.0011778312,0.029300474,0.01605925,0.025823109,2.5395265,0.115533516,0.18451743,9.326029,1.5535097,-0.0013288285,0.51897293,0.11059479,0.00011651643,0.6144901,0.0015655106,0.0003541205,0.05305043,0.18591073,0.008919952,0.3517968,1.8403533,0.0010895325,0.00074464077,0.19822729,0.01815423,0.05701434,0.19088235,0.09181241,0.004487726,0.5263235,0.2006286,0.74462575,0.40759087,0.018073898,2.3163548,0.0012853974,-0.0117180925,4.1872644,0.16324954,0.036622297,1.3730274,0.0046733487,0.010790201,-0.022854337,0.1616782,0.0006454107,0.1946066,0.08289203,0.0006683434,0.1797939,0.068746746,0.06042311,0.35999504,3.4026558,6.8984227,0.9316231,0.24513972,0.032858357,0.01524453,0.011067067,0.66358215,0.014270036,0.0030398786,0.46747258,0.6694654,0.093300655,0.061418984,0.13622718,6.0705082e-05,0.0017985791,0.23960446,0.0013838258,0.08208802,0.0045875665,0.43337357,0.007368635,0.00027284597,0.00033941076,0.2739949,0.004405728,0.3827432,0.013397488,0.20772351,0.00020850013,0.118366405,0.08695373,0.30868843,5.0371422e-05,0.542011,0.026266426,0.08471889,0.0010193767,1.1679269,0.029733256,0.4024129,0.2202623,0.040695094,0.0020856627,0.02511812,0.4081889,0.012126013,0.07845796,0.20823504,0.13830692,4.3993452e-05,0.36420262,0.26021367,0.19189928,3.8595995e-06,0.5203137,0.005026491,100.0,0.45642668,0.0647614,0.20686997,1.051792,0.00024216449,-0.024819646,1.2376386,0.31836963,0.1053528,0.0629118,0.00056165206,0.5215997,10.727842,0.02543819,-0.009650945,0.28652203,0.041557,0.01572339,0.004243712,0.070787,0.087727666,0.078232475,0.20994088,0.120188534,0.0006611644,0.0057810317,0.1304016,0.028232405,0.6037213,0.0053726304,7.447729e-05,0.059952687,6.6821394e-06,0.25615597,0.0063706576,0.5008866,0.030678796,0.09122845,0.023931604,0.0011323064,0.012886231,0.016783418,0.44616666,1.8639927e-05,0.026672194,0.18910612,0.11845364,1.5478797,0.16283475,21.711992,0.15606286,0.00066217576,0.9492665,0.8396559,0.0033476895,0.0028220552,0.04432959,0.07325871,0.20206484,0.024143344
1853,0.16810527,0.13846122,0.032359626,0.0007082059,0.0018897158,0.7328441,0.020779729,0.0006288529,1.0788002,0.1967862,0.0755444,0.036052596,0.5359604,-0.029391121,0.03747861,0.840486,0.13783483,0.0004237286,0.0003085972,0.079063326,0.859701,0.008040436,0.60567236,0.93073887,0.0019604624,0.0026680047,0.02301038,0.015970984,0.02411278,1.9314973,0.117494665,0.18423867,9.460459,1.6699231,0.053339906,0.12242043,-0.0035765746,0.00011653309,0.71159816,0.0015430126,0.0003501237,0.0450218,0.18273471,0.008964684,0.3453845,1.8432494,0.0010751368,0.0007557533,0.19872335,0.018803153,0.05616155,0.30419144,0.09094885,0.0043572793,0.5165486,0.19796488,0.76485425,0.403417,0.010576775,2.3501031,0.0012778683,0.0031979892,4.111657,0.1616941,0.036110915,1.4326365,0.004624399,0.010689772,-0.009298256,0.15991178,0.00063401373,0.18517344,0.04432877,0.00068344426,0.17946479,0.06783106,0.064399384,0.3449669,3.7124715,6.6530795,0.9023348,0.2423164,0.032671183,0.01488581,0.01094753,0.64503,0.016965495,0.0030050466,0.45717418,0.66268164,0.092502505,0.060645737,0.13444528,6.023131e-05,0.001750417,0.2413364,0.0013757908,0.075330436,0.004564189,0.42670134,0.0072908765,0.00027426088,0.00034056726,0.26646063,0.004435864,0.37674144,0.013422611,0.20600891,0.00020837945,0.117405705,0.08444629,0.3204494,4.9915165e-05,0.5359278,0.025803475,0.08394273,0.0009774956,1.2039323,0.03041432,0.42491305,0.22935852,0.040137105,0.0021402675,0.024794739,0.6817777,0.012002379,0.07622926,0.20837949,0.11171908,4.346668e-05,0.37644738,0.25750503,0.18806456,3.8440817e-06,0.47741428,0.0049632867,100.0,0.45312566,0.068510965,0.30270293,1.4078038,0.000241104,-0.10475786,1.2348667,0.31490937,0.10381085,0.060892582,0.00055910245,0.5167256,10.695606,0.024747528,-0.006829499,0.28293324,0.040952753,0.008574469,-0.0059750956,0.074584186,0.09101692,0.07744733,0.20950907,0.11830551,-7.2042894e-05,0.0057363813,0.12850879,0.027748274,0.5942657,0.0052518677,7.3507035e-05,0.05923935,6.606593e-06,0.27930185,0.0059252125,0.50592387,0.030084003,0.090318345,0.022154018,0.0011195665,0.012740431,0.01666544,0.4344107,1.8552772e-05,0.026392471,0.18440233,0.11525691,1.5576445,0.17130838,21.544712,0.15427056,0.0006541552,1.133185,0.83611894,0.003023025,0.0025539,0.043846972,0.074545555,0.20144768,0.024050467
1854,0.16711242,0.1362978,0.03220262,0.00067830883,0.0018784812,0.7435929,0.020454068,0.0005587657,1.0827075,0.19112849,0.07446835,0.035578303,0.56283504,-0.029380927,0.03669453,0.8290706,0.13320376,0.00041989397,0.0003065332,0.07718505,0.8573151,0.0059742215,0.6254548,0.9790461,0.001940114,0.0021363164,0.034021348,0.015900183,0.02502862,1.6152173,0.111217394,0.21247928,8.843529,1.6948247,0.050544534,0.28401774,0.048019122,0.000116493866,0.62961847,0.0015231029,0.0003462651,0.045774445,0.18000877,0.0090021575,0.34073582,1.8893977,0.001062454,0.00075357273,0.20254569,0.018664505,0.055473506,-0.14394322,0.0902984,0.0043935436,0.5030953,0.19794036,0.7372683,0.4024107,0.016035749,2.412467,0.0012716088,0.005726158,4.683553,0.158304,0.034165937,1.4873426,0.0045774435,0.011550922,-0.0006102228,0.1584388,0.00062415586,0.18593973,0.055817205,0.00069884054,0.16355792,0.06493008,0.062341716,0.3315373,4.17499,6.4915276,0.88170326,0.23988965,0.032521334,0.0145545965,0.010844484,0.6120816,0.01639368,0.0029743072,0.47022012,0.65481365,0.09084244,0.060009595,0.13283885,5.9844748e-05,0.0017099101,0.23897913,0.0013693077,0.09748371,0.0045457636,0.46329522,0.007221667,0.00026861086,0.00031719997,0.27059332,0.0044517745,0.3774242,0.01337227,0.20519176,0.00020853184,0.11661685,0.08226614,0.30789807,4.9534498e-05,0.5283241,0.025428852,0.08308303,0.0009421935,1.1807381,0.030520206,0.4378458,0.21762659,0.039642207,0.0020863132,0.024343612,0.29858288,0.011867255,0.07419382,0.19503085,0.110798255,4.2811276e-05,0.41731688,0.25525528,0.18498468,3.8334297e-06,0.46996465,0.0049083177,100.0,0.45094398,0.0605397,0.15481177,1.0732827,0.00024036737,-0.04792336,1.2373323,0.30454627,0.102783956,0.05950658,0.0005569704,0.500336,11.330821,0.024419766,-0.0044466443,0.27954328,0.040399123,0.006702952,-0.00092032977,0.07478743,0.075824074,0.07678077,0.20621963,0.116995774,0.0019779187,0.005681868,0.1249434,0.026938459,0.59062153,0.005083455,7.265709e-05,0.058609024,6.5414774e-06,0.29780912,0.0055129235,0.47590667,0.029608658,0.089528605,0.021433316,0.0011090197,0.012667905,0.016557133,0.42397797,1.8490216e-05,0.026153175,0.18080257,0.11329042,1.5692375,0.17889246,22.040613,0.15270057,0.0006470063,1.0718648,0.8265214,0.0034320517,0.002357977,0.043426376,0.07587218,0.196466,0.024128987
1855,0.16917942,0.13833077,0.03259686,0.0006601094,0.0019013644,0.76707965,0.020534005,0.00051399606,1.122652,0.20061278,0.07500083,0.035814974,0.56245685,-0.02989769,0.03660973,0.8346311,0.13139087,0.00042381612,0.00030912244,0.077407055,0.8542591,0.007900746,0.6558235,1.1197913,0.0019568682,0.0063236193,0.020412982,0.016116513,0.024546739,1.5474745,0.11706709,0.15652405,8.855369,1.7531784,-0.09278856,0.2865391,0.04576602,0.0001187934,0.65993494,0.0015313788,0.00034898915,0.046688795,0.18087235,0.009191463,0.34271237,1.9739332,0.0010693517,0.0007642946,0.20286745,0.019287733,0.055837084,0.36717045,0.091350116,0.004469698,0.5011559,0.19892311,0.7543298,0.40215832,0.0030721868,2.4979389,0.0012888401,-0.03453624,4.4447474,0.1582087,0.03160646,1.5328286,0.004611605,0.01128704,-0.048575096,0.15988551,0.00062668486,0.18822254,0.08110911,0.0007267621,0.15537451,0.065996744,0.065229185,0.31809193,4.0680776,6.4437346,0.86641675,0.24189796,0.032964807,0.01448518,0.0109396605,0.641266,0.017413398,0.0029977027,0.51323366,0.66163886,0.09097927,0.06053498,0.13379194,6.0558854e-05,0.0017033126,0.24073243,0.0013877907,0.07593412,0.0046093357,0.5161786,0.0072854613,0.00026815545,0.00032611075,0.26966634,0.0045424206,0.38120303,0.013330491,0.20587297,0.00021252588,0.11797151,0.0817681,0.30172798,5.006745e-05,0.54210716,0.025520273,0.08366371,0.0009274976,1.2113482,0.030838387,0.43772107,0.21073966,0.03987716,0.0022950007,0.023899537,0.5341551,0.0119686555,0.0734013,0.19321094,0.09989875,4.2950007e-05,0.38392097,0.25744542,0.18531126,3.8928024e-06,0.476722,0.0049444623,100.0,0.45682257,0.06201638,0.2081223,1.1307701,0.0002440427,0.015143883,1.2736837,0.3077498,0.10348514,0.05955434,0.0005644923,0.49610078,10.043488,0.02446352,-0.0024713746,0.28132007,0.04057869,0.015159576,-0.0064020297,0.07662387,0.07188772,0.07752981,0.20673953,0.1174559,0.0004206531,0.0058256914,0.12402251,0.027843684,0.59892774,0.0050558913,7.315924e-05,0.059045777,6.5971544e-06,0.31829968,0.005223386,0.5038122,0.029706923,0.09043591,0.0253832,0.0011193849,0.012835115,0.016739817,0.42176232,1.8766568e-05,0.026395837,0.18116431,0.11291889,1.6043223,0.18870841,22.444166,0.15411133,0.0006518405,0.9327797,0.8366766,0.0027320911,0.0022442045,0.04380337,0.0785056,0.1971171,0.0244541
1856,0.16607335,0.13204296,0.032084756,0.0006305046,0.0018658033,0.76928186,0.019968014,0.00046703976,0.9866054,0.20830365,0.07298008,0.034903172,0.5522612,-0.029483274,0.035443775,0.8172641,0.12595876,0.00041506215,0.0003049883,0.07650547,0.8421373,0.005609923,0.662427,1.1954411,0.0019226831,-0.0028095867,0.054126367,0.015834933,0.024584323,1.6031721,0.11068844,0.1833925,8.466523,1.7416884,0.013216241,0.2941842,0.06224681,0.00011725938,0.6274032,0.0014936517,0.00034089893,0.046624593,0.18458697,0.009088511,0.33281472,1.9728755,0.0010439424,0.00075798965,0.20478024,0.018928472,0.054534048,0.065152,0.088694476,0.0044366173,0.48827738,0.19420472,0.7295296,0.39882177,0.030327339,2.4402173,0.0012664817,-0.0039127767,4.5390778,0.15646271,0.030120883,1.4899465,0.004503631,0.010936026,-0.014260409,0.1564992,0.0006125045,0.1721088,0.07362464,0.00073193444,0.14911325,0.06521698,0.06413033,0.31024933,4.220953,6.275666,0.82401854,0.23656379,0.032397438,0.013987427,0.010701801,0.6448921,0.016758516,0.0029297718,0.47149435,0.6462712,0.088630654,0.059153773,0.13101028,5.9426162e-05,0.0016830559,0.23684005,0.00136329,0.07241532,0.004531061,0.46990854,0.007125545,0.00026468528,0.000312913,0.2589704,0.0044890763,0.36957732,0.01306834,0.20163286,0.00021003175,0.11573097,0.07892824,0.28604776,4.9077255e-05,0.525891,0.024865568,0.08161302,0.0008876084,1.2164215,0.030544989,0.41030043,0.21583287,0.038900692,0.002216634,0.024059864,0.24341357,0.01186545,0.070581146,0.18604384,0.09718333,4.179075e-05,0.38115573,0.25169456,0.18043779,3.832763e-06,0.39652047,0.00483116,100.0,0.44867253,0.057631128,0.21658617,0.9727122,0.00024025742,-0.14266157,1.2549602,0.299637,0.10123715,0.057412736,0.0005549655,0.4847603,11.468709,0.024056653,-0.00071792665,0.2749886,0.03952303,0.008568293,0.012541845,0.07646832,0.068498395,0.07591966,0.20465489,0.114554204,0.0013803893,0.0056136525,0.11976852,0.02781364,0.58990735,0.0049398807,7.1442846e-05,0.057682276,6.4680275e-06,0.3261969,0.004803235,0.47671402,0.028867403,0.08845674,0.02364554,0.0010961664,0.012643618,0.016407525,0.40753704,1.8468747e-05,0.025835434,0.17570822,0.10966583,1.5844272,0.19267856,22.525555,0.15043107,0.0006419617,1.179764,0.8257607,0.0020304187,0.0020896632,0.042843062,0.07863125,0.19312792,0.02408248
1857,0.16750488,0.1337531,0.03271664,0.0006151953,0.001880766,0.7917735,0.019975934,0.00044024282,1.1666976,0.22205734,0.073182926,0.034969687,0.56899923,-0.029854665,0.03528095,0.81985617,0.12469587,0.00041747608,0.0003099713,0.07742437,0.8360952,0.006388842,0.68066853,1.2011174,0.0019412448,0.00025189092,0.00021751171,0.015978852,0.024476796,2.0063584,0.10634366,0.19285537,8.284176,1.7956074,0.106543414,0.16793057,0.037395414,0.000119101765,0.6510923,0.0014967597,0.000341931,0.04557648,0.18465275,0.009222856,0.3331176,2.0057204,0.0010466984,0.0007683456,0.20663494,0.019569479,0.05474493,0.20864138,0.08947246,0.0043343604,0.48651376,0.19548208,0.73531854,0.39597306,0.02872018,2.4273443,0.0012789483,0.007655807,4.4653764,0.15532841,0.03448726,1.5497609,0.004515612,0.010994283,0.010045914,0.15741302,0.0006151944,0.1808479,0.079005525,0.0007563643,0.14332633,0.06661146,0.066718206,0.31187978,4.027271,6.216195,0.8105467,0.23771083,0.0327058,0.013874509,0.010755514,0.6411782,0.01826385,0.0029410939,0.5143335,0.64892906,0.08855922,0.059449866,0.1316097,5.9912018e-05,0.0017102845,0.2358457,0.0013756232,0.06641151,0.004574709,0.4825296,0.0071459427,0.00026646303,0.00030354955,0.26215848,0.004529569,0.37597683,0.013098923,0.20300427,0.00021325072,0.11664561,0.07814682,0.32587203,4.9428087e-05,0.5334996,0.024954874,0.08177778,0.000874821,1.1461878,0.031154895,0.3396654,0.21338987,0.038989495,0.0022055293,0.02330018,0.6648278,0.011839166,0.0694437,0.18337011,0.09959701,4.1979034e-05,0.3741129,0.2533676,0.17965601,3.8763114e-06,0.4517626,0.0048501138,100.0,0.45297226,0.057302922,0.20643201,1.175361,0.00024299492,-0.036012188,1.2731836,0.30926266,0.101638,0.057067286,0.00056028727,0.48667482,9.9756155,0.024056582,0.00075416407,0.2758044,0.039543368,0.00722615,0.0017071443,0.077924766,0.07058986,0.076382205,0.20416372,0.11475203,0.0011152623,0.005661626,0.11887076,0.028603539,0.5938591,0.0049742735,7.1686896e-05,0.057899136,6.5160802e-06,0.3405624,0.0045425366,0.50207466,0.02886093,0.08895088,0.022003401,0.0011033759,0.012810907,0.016519174,0.40430966,1.8671853e-05,0.025980957,0.17569704,0.10951763,1.607625,0.20058107,22.853436,0.15104207,0.0006495459,1.1157178,0.82630134,0.0018313973,0.0020137504,0.04305052,0.080755025,0.19270767,0.024430415
1858,0.16738302,0.12977134,0.032733824,0.0005941611,0.0018778653,0.80744636,0.019829042,0.00041450007,1.1668928,0.27151465,0.07266557,0.034721203,0.5734302,-0.029937431,0.034820586,0.81765497,0.121963985,0.00041609208,0.0003107963,0.076733224,0.8414012,0.0056069973,0.69826514,1.1450032,0.0019421786,0.0014136658,0.031543598,0.015968343,0.024807861,2.2917323,0.10864564,0.24736677,8.323825,1.8171617,0.061278854,0.16452532,0.034173094,0.00011984562,0.51945907,0.0014866578,0.00033981557,0.050293535,0.18309048,0.009264312,0.32978138,2.0385315,0.0010402182,0.000765326,0.20087975,0.019510265,0.054583497,0.17686246,0.089476,0.004351767,0.48676777,0.19649772,0.7304193,0.38996992,0.00020734339,2.3658094,0.0012794281,0.005998269,4.34535,0.15373766,0.030341115,1.5834506,0.004487406,0.010906108,-0.0035206252,0.15688486,0.00061275566,0.20068632,0.10045767,0.00077346124,0.13971229,0.06545521,0.065539986,0.30296764,4.3020234,6.170439,0.79197794,0.23668471,0.032707263,0.01363523,0.010709537,0.6426999,0.017409585,0.002924845,0.5023002,0.6458568,0.08803332,0.059272837,0.13110155,5.9845457e-05,0.001723636,0.23680039,0.0013747768,0.07510866,0.004575625,0.4831129,0.0070685633,0.00026194088,0.00030119458,0.2609507,0.004538212,0.37370297,0.01288675,0.20392698,0.00021452797,0.11648926,0.07697741,0.29140243,4.9327005e-05,0.5303837,0.024794785,0.081178464,0.0008558691,1.1849895,0.031637125,0.4214295,0.21003622,0.038720414,0.0024903582,0.022897635,-0.09216802,0.011835345,0.06776441,0.18123212,0.09922667,4.1398835e-05,0.35851264,0.24972877,0.17905726,3.8834874e-06,0.4515107,0.00482528,100.0,0.4524992,0.060787972,0.15381554,1.1133856,0.00024348524,0.059228487,1.2873598,0.2999947,0.10123494,0.056317847,0.00055997004,0.47753754,9.968074,0.023810005,0.0020217337,0.27438226,0.03920813,0.0062248013,-0.004513719,0.07839965,0.07592729,0.07614266,0.2021758,0.11398025,0.00073507946,0.005642549,0.11735217,0.02875789,0.5873147,0.0049392316,7.1279086e-05,0.05759025,6.5050417e-06,0.35024768,0.0042618494,0.45358428,0.028648311,0.08870981,0.021334212,0.0011009563,0.012868909,0.016475856,0.39785248,1.8701623e-05,0.025888098,0.17412119,0.11154738,1.6234721,0.20731138,23.357765,0.1505184,0.0006511804,1.1014745,0.8138264,0.0029589594,0.0019347926,0.042859767,0.08199069,0.19217913,0.02442588
1859,0.16528912,0.12898707,0.0321872,0.0005770373,0.0018525054,0.8111136,0.019464236,0.00038785793,1.0805032,0.23580153,0.07107307,0.03407986,0.5592878,-0.02965562,0.033984397,0.80317324,0.11795408,0.00040988272,0.00030914988,0.074304774,0.82234854,0.0052782865,0.70149225,0.9042367,0.0019201013,0.0009034177,-0.0015893419,0.01576343,0.023165282,2.512379,0.10224827,0.22010002,7.973171,1.8001655,0.30818862,0.41418836,0.08943907,0.00011897006,0.5697492,0.0014590521,0.00033392818,0.046581004,0.17955112,0.00919024,0.32383683,1.9502877,0.001021427,0.0007342684,0.20384833,0.019363713,0.05372727,-0.08710525,0.088445984,0.004681956,0.48512194,0.19499005,0.72714895,0.37050325,0.008826466,2.2849507,0.0012650192,0.1159713,4.6074514,0.15173946,0.027887454,1.5869193,0.004407516,0.010734591,0.07239211,0.15459427,0.00060253695,0.18807119,0.06667244,0.00078070315,0.14277202,0.061939474,0.063420676,0.30637386,4.4248896,6.010203,0.75753355,0.23291115,0.032317434,0.01323167,0.010537967,0.61485773,0.015436151,0.0028738787,0.5348839,0.63556504,0.08640064,0.058350816,0.12954761,5.9073955e-05,0.0017180863,0.22920674,0.0013573964,0.06853906,0.0045212167,0.51909167,0.0069012525,0.00024248738,0.00027157564,0.26523322,0.0044939606,0.37248084,0.012403853,0.20027025,0.00021327609,0.11496111,0.07501418,0.30960968,4.865005e-05,0.52166533,0.024283813,0.079617634,0.00082868186,1.183672,0.030552045,0.40739903,0.19981073,0.03800172,0.002507369,0.022457713,0.17226644,0.011614153,0.06541437,0.17720601,0.088845775,4.0541992e-05,0.340962,0.24724159,0.17486192,3.8440003e-06,0.4458572,0.004744787,100.0,0.44696388,0.053330474,0.20699206,1.0893896,0.00024108538,-0.04065132,1.2636847,0.30221874,0.099530116,0.05515706,0.00055293646,0.46777493,9.5970335,0.02335778,0.00307288,0.27021506,0.038425345,0.010820549,0.017347187,0.080824256,0.08742653,0.07501211,0.19966225,0.11174183,0.0010055196,0.005511491,0.11558333,0.027434185,0.5924227,0.004930258,7.004826e-05,0.05662002,6.418514e-06,0.35391492,0.003956116,0.46338874,0.028083758,0.08734609,0.020777987,0.0010859543,0.012781069,0.016237356,0.38738257,1.850886e-05,0.025492894,0.17610686,0.10705638,1.6135014,0.2089454,23.842712,0.1479738,0.0006447722,1.0621656,0.8143748,0.0016862126,0.0018476748,0.042167593,0.08216191,0.18838313,0.024266973
1860,0.17444997,0.14988135,0.03366741,0.0006031745,0.001948311,0.87736046,0.020257045,0.0003964393,1.2534175,0.25722116,0.07513475,0.03588713,0.6149876,-0.028002232,0.035443354,0.84548163,0.12203661,0.0004309285,0.0003415451,0.09390115,0.86715317,0.007704626,0.4501448,1.0227774,0.002030185,0.007512431,0.0224593,0.016664462,0.023853432,2.5748591,0.11706777,0.21949564,8.033388,0.9718397,0.1629536,0.20851023,0.03585804,0.0001262194,0.56168354,0.0015356711,0.00035814327,0.057626408,0.18828787,0.0097998455,0.34860224,2.1230826,0.0010709022,0.0006713924,0.21818428,0.03189474,0.05657197,-0.25599983,0.09481398,0.004727643,0.50109076,0.17502703,0.7820925,0.40752676,-0.012937022,2.484202,0.0013345429,0.03922631,5.379085,0.15806368,0.026173502,0.8584782,0.004915655,0.008248737,0.02581697,0.16404933,0.0006382224,0.18238856,0.073120356,0.00083995156,0.13099602,0.07359534,0.066938825,0.3235044,4.757566,6.316558,0.7895104,0.24444315,0.038006123,0.012208829,0.010927248,0.5911334,0.023204952,0.00298453,0.47197288,0.66648775,0.09083685,0.06152802,0.13596235,6.2225066e-05,0.0021012328,0.23936187,0.001430185,0.068888746,0.004735108,0.2659687,0.0069815423,0.0002698432,0.00031614673,0.24756397,0.0048620743,0.37599644,0.012594835,0.19744387,0.00022627276,0.120775506,0.078142874,0.30895773,5.0409435e-05,0.5460975,0.026956502,0.07857825,0.0008565187,1.2489195,0.031702295,0.39861923,0.19488837,0.039798018,0.0027497734,0.023232276,0.5787903,0.012311908,0.06770747,0.18963838,0.09870745,4.217652e-05,0.4000688,0.24936213,0.18333843,4.0593386e-06,0.47205693,0.004979811,100.0,0.47087988,0.062226404,0.18779604,1.0867121,0.0002547123,0.08904057,1.3282017,0.30888295,0.11002047,0.05668994,0.0005822718,0.48513442,8.914437,0.024496058,0.0041747466,0.28268024,0.040325653,0.0077387816,0.00042147044,0.06377189,0.07431251,0.07939773,0.21072255,0.11683898,0.00081525143,0.0062515214,0.11837143,0.030699028,0.6163539,0.0053465622,7.34695e-05,0.059440676,6.759296e-06,0.28452542,0.0052969027,0.5310891,0.02960124,0.09196156,0.024461426,0.0011292737,0.013050303,0.017301619,0.40184128,1.9545436e-05,0.026789868,0.18340127,0.11247442,1.702425,0.22487071,23.678782,0.15576766,0.0006841185,0.84307814,0.85345644,0.0012593358,0.0019250616,0.04421581,0.095963016,0.19950761,0.026066666
1861,0.17521794,0.14213176,0.03381559,0.0005988242,0.0019462806,0.89637184,0.020178039,0.00038368074,1.2753631,0.26179555,0.075260535,0.035808127,0.6384424,-0.025318129,0.035264425,0.84795064,0.12034471,0.00042987702,0.00035383098,0.09755168,0.8627334,0.007820817,0.31661066,1.2006094,0.0020399704,0.0012213181,0.034303784,0.016767072,0.025905715,2.3703642,0.111302786,0.22308947,7.4661827,0.64300853,0.0055191466,0.21628672,0.0326033,0.0001274376,0.59695137,0.0015366747,0.00036155494,0.064261064,0.19145319,0.009855463,0.35889715,2.2208495,0.0010689994,0.0006491433,0.2109113,0.035725813,0.05669248,0.6128437,0.09674515,0.0046942513,0.49542812,0.16515133,0.77075475,0.4101843,0.010925004,2.5366535,0.0013406329,-0.0060090106,5.589884,0.15506764,0.024226366,0.56859046,0.005051207,0.007305611,-0.0205058,0.16485493,0.00064074196,0.18299448,0.07191171,0.0008599027,0.12867667,0.07276656,0.062428925,0.32052678,4.5310893,6.2999682,0.7775544,0.24441949,0.04022467,0.011606176,0.010813863,0.60296315,0.01981374,0.0029664547,0.52230674,0.6691457,0.09122271,0.06166887,0.13623656,6.2312574e-05,0.0022592477,0.24078758,0.0014312228,0.07345668,0.004733733,0.17401375,0.0069216527,0.000287076,0.0002913022,0.21072412,0.0049809185,0.37230125,0.012148316,0.19683644,0.00022860353,0.1210178,0.07770096,0.32989576,5.081362e-05,0.5587762,0.027496539,0.0766856,0.0008448663,1.2701207,0.03142467,0.42813522,0.18479148,0.0397337,0.002751308,0.023504958,0.31667754,0.012361098,0.066710226,0.18932535,0.092000246,4.1993473e-05,0.38856068,0.24855636,0.18331791,4.0817617e-06,0.47166678,0.0049780197,100.0,0.47194186,0.07319748,0.2500122,1.035777,0.00025620856,0.013319048,1.3268793,0.31066424,0.11244389,0.055574503,0.0005821394,0.48030448,11.255348,0.02447771,0.0050059534,0.28287506,0.04024926,0.0069924695,0.0025685423,0.06033012,0.06361347,0.079760574,0.20693779,0.11664575,0.00037865213,0.0064363987,0.118732885,0.03000566,0.61968976,0.005431587,7.3468866e-05,0.059431765,6.774075e-06,0.23279631,0.0058037965,0.4921532,0.02980301,0.09226883,0.022457417,0.0011202925,0.013062012,0.01754799,0.39708954,1.9655356e-05,0.026810935,0.18211526,0.11059512,1.7135062,0.23107609,22.463982,0.15624392,0.00068891665,0.6434205,0.84848523,0.004472228,0.001989456,0.044175528,0.10115531,0.20058066,0.026546272
1862,0.17684637,0.14303695,0.03360586,0.0005950622,0.0019552028,0.9157155,0.020214515,0.00037166275,1.3029047,0.26260805,0.07564246,0.035964396,0.6281709,-0.022967855,0.03531388,0.8551286,0.11920108,0.000431181,0.00036476462,0.10068644,0.8684063,0.010492205,0.24138257,1.2500705,0.002055074,0.005976481,0.026137954,0.01694473,0.025076708,1.9769067,0.114458285,0.22759594,7.1743875,0.4774204,-0.08182148,0.32755136,0.062253788,0.00012935273,0.6185644,0.0015448999,0.00036534425,0.061855886,0.19616646,0.009949132,0.37269107,2.312572,0.0010727295,0.0005815708,0.22066319,0.03844749,0.05709241,0.3713419,0.09899137,0.0047665318,0.49677402,0.16314417,0.78163755,0.38916904,0.005595991,2.587317,0.0013538854,-0.056811307,5.5448127,0.15654561,0.023729857,0.4298176,0.005159986,0.006880497,-0.04677272,0.16609468,0.00064409827,0.16324154,0.06762355,0.0008827164,0.14221138,0.074534155,0.06958386,0.32315817,4.735082,6.312747,0.77470887,0.24577463,0.041973997,0.011191679,0.010783133,0.6168163,0.021603422,0.002969799,0.5141706,0.6748526,0.091835745,0.062066466,0.13725592,6.2741005e-05,0.0023728786,0.24299568,0.0014400113,0.06838398,0.004762152,0.12798807,0.0069050416,0.0002566124,0.00029701358,0.2014622,0.0051081926,0.3699946,0.011806176,0.19880202,0.0002321898,0.12197948,0.07756205,0.33119255,5.1496478e-05,0.5624884,0.027926806,0.076084055,0.00083915226,1.2523117,0.030797934,0.47642684,0.17586392,0.039886717,0.0026799368,0.027576812,0.72031987,0.012496321,0.066049345,0.19271985,0.09804312,4.1841307e-05,0.41489726,0.24715401,0.184159,4.126397e-06,0.48818946,0.005003883,100.0,0.4743792,0.060847573,0.235458,1.1549947,0.00025910567,-0.11631294,1.3595046,0.30896124,0.11458008,0.05559401,0.0005857258,0.47702304,11.39601,0.0246011,0.005765193,0.28398147,0.040393755,0.006427582,0.005100936,0.05865173,0.08417966,0.08040641,0.20630583,0.11677271,0.0007264902,0.007250607,0.12123948,0.030252788,0.6341199,0.0055674156,7.386623e-05,0.059741553,6.825224e-06,0.20061733,0.006182238,0.54599226,0.030056998,0.0929501,0.018736638,0.0011218427,0.013224221,0.017846696,0.39537165,1.9872408e-05,0.026978506,0.18318036,0.1105418,1.7333184,0.23702902,22.69918,0.15732713,0.0006946509,0.57781,0.8700463,0.003571262,0.002027889,0.044384353,0.10556299,0.20215108,0.027081486
1863,0.17787547,0.14132327,0.033941764,0.000587028,0.0019577201,0.9280277,0.020214075,0.00036214083,1.3670452,0.25184947,0.07574707,0.036003638,0.6486326,-0.020813968,0.03525499,0.8926308,0.11793458,0.0004310889,0.00037348183,0.10354216,0.86990094,0.014469482,0.19404806,1.1907024,0.00207052,0.0017089582,0.040783305,0.017058326,0.025883155,2.3524246,0.11054639,0.24030545,7.086286,0.38811165,0.16666459,0.41934764,0.112723984,0.00013065229,0.56575555,0.001547732,0.00036670934,0.06776037,0.19215016,0.009999013,0.38553783,2.3863025,0.0010731688,0.0005949131,0.22244853,0.039370157,0.057265915,-0.08792102,0.10075955,0.00462423,0.49717778,0.15882365,0.7808438,0.4127159,0.035929866,2.572627,0.0013623897,0.06534029,5.8930025,0.15575773,0.025986504,0.36499327,0.0052213427,0.0074104103,0.024738057,0.1668337,0.0006470789,0.17861366,0.07801856,0.0009026503,0.13366914,0.0746964,0.061029516,0.32259604,4.6707034,6.325908,0.77187306,0.24636896,0.043173965,0.010799128,0.010730458,0.57392704,0.01816155,0.0029683388,0.4940639,0.67593247,0.09187932,0.062298898,0.1378312,6.296682e-05,0.0024624232,0.24298863,0.0014440798,0.06944243,0.004778079,0.1201859,0.0068670143,0.00027549264,0.00029319923,0.20544343,0.0051916125,0.37122118,0.011305122,0.19821271,0.00023503334,0.122573644,0.07715026,0.31048673,5.2014213e-05,0.56863666,0.028286207,0.07561333,0.0008310839,1.2133293,0.031268977,0.4213374,0.16948214,0.04028406,0.0027627628,0.024590148,0.5743865,0.012532038,0.06503139,0.19422615,0.1167957,4.1951942e-05,0.38182202,0.24635209,0.18428391,4.1702087e-06,0.5286512,0.0050137565,100.0,0.47608548,0.05360145,0.19470608,1.1375843,0.0002611676,0.009488777,1.3944595,0.30724287,0.115812846,0.055946425,0.00058697,0.47294286,10.797235,0.024642212,0.0064215367,0.28512144,0.040399402,0.0065414743,0.0024236655,0.057962693,0.06548632,0.080760024,0.20655411,0.11685166,0.00023945529,0.0068551446,0.123969294,0.029944563,0.63588655,0.005663301,7.4585616e-05,0.05984772,6.8552627e-06,0.18199776,0.006432613,0.51684505,0.030494303,0.09384009,0.01727901,0.0011217551,0.013393972,0.01812883,0.3923722,2.0025074e-05,0.027058644,0.18312372,0.1106403,1.7478809,0.24361388,22.912228,0.15794273,0.0007002653,0.5317766,0.8671141,0.00251617,0.0020502924,0.04445332,0.10857527,0.20410396,0.027302217
1864,0.18081771,0.14569801,0.03410436,0.0005814964,0.001981173,0.9474808,0.020445459,0.0003567428,1.3900852,0.23964489,0.07683483,0.036429755,0.6758327,-0.019041168,0.035597134,0.89225614,0.1180055,0.00043565652,0.0003864712,0.10393522,0.88012034,0.009321848,0.15703057,1.265852,0.0021055394,0.0020262918,0.023199689,0.017359309,0.02491483,2.6409576,0.11430269,0.22953661,6.6857557,0.32897773,0.07672925,0.32963616,0.09748722,0.00013377961,0.65415674,0.0015667216,0.0003714712,0.0710568,0.20090684,0.010152436,0.4007907,2.5816042,0.0010850023,0.00058701535,0.21992019,0.041910607,0.058014277,0.16005193,0.10356944,0.004793321,0.494706,0.15579097,0.7927305,0.41439086,0.0030452963,2.6586,0.0013857168,0.0045070467,6.3556437,0.15888001,0.027469538,0.34239873,0.0053260825,0.0083256895,0.0031503842,0.16937323,0.00065643614,0.17124331,0.07092199,0.00093249656,0.13959852,0.07405897,0.07692481,0.32524297,4.292145,6.38079,0.7758406,0.2496311,0.044666037,0.010557582,0.010799354,0.56678456,0.027070187,0.0029996575,0.5363882,0.6865179,0.093179114,0.063218616,0.14154753,6.387606e-05,0.0025690207,0.24516818,0.0014637567,0.06846693,0.00484737,0.1013989,0.006902744,0.0002761818,0.00029956453,0.1966361,0.005328559,0.37482795,0.011288986,0.20189103,0.00024044797,0.12450051,0.07773889,0.3173428,5.3099986e-05,0.5822736,0.02890707,0.07616811,0.0008331159,1.2617272,0.030451857,0.4538889,0.17114645,0.04074385,0.0028226052,0.024560707,0.3839528,0.012791902,0.06541998,0.1974928,0.09739061,4.231595e-05,0.3710667,0.25059223,0.18601657,4.2469455e-06,0.56590694,0.0050779274,100.0,0.482535,0.061851736,0.2554874,0.9924455,0.00026607426,-0.029542161,1.4312574,0.31248653,0.118296854,0.056028184,0.00059474015,0.47646892,10.4864435,0.02500706,0.0070767235,0.28893226,0.040849898,0.0062476103,0.0019782917,0.05674278,0.07107076,0.08196701,0.20901752,0.11805166,0.0014501429,0.006897118,0.12697484,0.030620353,0.6465732,0.005698653,7.555245e-05,0.0605916,6.959326e-06,0.16878013,0.0067033814,0.51003915,0.030954191,0.095238954,0.016759247,0.0011354105,0.013725358,0.018531907,0.39414728,2.0395497e-05,0.02743195,0.18448354,0.111559145,1.7797184,0.2509589,22.869524,0.16029924,0.00071276946,0.48695958,0.87940365,0.004073374,0.002091491,0.04500567,0.1123746,0.20528221,0.027905596
1865,0.182347,0.14051251,0.03479836,0.0005884778,0.0019891611,0.9608037,0.020487834,0.00034793295,1.5055796,0.24711497,0.07726046,0.03656746,0.6913367,-0.017267091,0.035669096,0.89517653,0.11781911,0.0004368656,0.0003943668,0.11005763,0.88746077,0.0117310975,0.123965696,1.0468203,0.0021219514,0.0009007067,0.025190568,0.017513445,0.025036449,2.2439907,0.11421837,0.2330685,6.3098674,0.2796871,0.1304114,0.31014237,0.07002085,0.00013569598,0.6862679,0.0015736686,0.00037383585,0.07298037,0.20189293,0.010222797,0.41461876,2.7449248,0.0010886751,0.0005846671,0.22541144,0.04280221,0.058334034,0.33733103,0.10558617,0.004775552,0.49140683,0.15215422,0.7873468,0.4002127,0.015080086,2.7207136,0.0013978756,0.03988994,6.694577,0.16336663,0.023679286,0.28655702,0.0053811115,0.007457081,0.014731151,0.17065004,0.00065963296,0.15502521,0.094261184,0.00095539534,0.12555532,0.07854321,0.07031671,0.33015433,4.384703,6.439015,0.7641194,0.25098437,0.045701157,0.010258034,0.010788584,0.5592297,0.02559126,0.0030084094,0.54558766,0.68974596,0.093715996,0.06363535,0.14136851,6.429692e-05,0.0026281087,0.24241343,0.0014721847,0.07536323,0.0048780907,0.09195712,0.006880901,0.00027925253,0.00028911832,0.19234477,0.0054239193,0.37142769,0.010808784,0.20069383,0.00024404789,0.12547638,0.07778359,0.33470783,5.3783988e-05,0.5970813,0.029350251,0.07626558,0.0008292344,1.317045,0.031823456,0.416127,0.16881223,0.04089066,0.002725634,0.024399335,0.4021232,0.012853451,0.06447051,0.20446871,0.095875986,4.2352807e-05,0.3795389,0.25071195,0.18844041,4.2913784e-06,0.51861733,0.005103298,100.0,0.4859717,0.062926345,0.22517787,0.9861483,0.00026895988,0.13569233,1.4659214,0.30983287,0.11995321,0.05605603,0.0005981316,0.48106635,10.642844,0.02507029,0.0076189972,0.290948,0.040990062,0.0065639834,0.004330554,0.05910215,0.0641592,0.08254419,0.21339151,0.11831538,0.00045407363,0.0069136284,0.1300175,0.031388294,0.64984614,0.0057202512,7.5939264e-05,0.060851328,7.0004817e-06,0.15605776,0.006900041,0.515233,0.031183913,0.095870234,0.016406918,0.0011411477,0.01395466,0.018787106,0.39654335,2.0610627e-05,0.027594848,0.19276427,0.11253337,1.7955196,0.25685868,22.41161,0.16133417,0.0007168951,0.51579666,0.8912196,0.0023009807,0.0021148312,0.045215845,0.11508551,0.20536949,0.027864473
1866,0.18092963,0.14107682,0.03479703,0.00056863576,0.0019654606,0.96240586,0.02029997,0.000334875,1.4960159,0.20504652,0.07700445,0.03613485,0.7126037,-0.0153848445,0.03518334,0.9004678,0.11530744,0.0004310763,0.0003954741,0.11151412,0.8805353,0.008540744,0.09228492,1.4168973,0.0021017722,0.004636079,0.037121996,0.0173862,0.02476922,2.8215315,0.11321561,0.26686072,6.041143,0.23920944,0.116312064,0.24300638,0.04374041,0.00013542215,0.56207585,0.001554983,0.0003696011,0.06782975,0.20075133,0.010125773,0.4208409,2.6838386,0.0010751031,0.0005690134,0.2218634,0.044267114,0.057720892,-0.16179667,0.104809344,0.004599493,0.4797379,0.14881153,0.79061216,0.39490324,-0.0014554528,2.7691226,0.001386956,0.037438907,6.8136086,0.15694527,0.022289118,0.24664259,0.005343138,0.007143418,0.017179538,0.16925226,0.00065206154,0.19254488,0.06944078,0.0009627741,0.11752445,0.079598926,0.07724047,0.33091384,4.5675263,6.3649044,0.7485528,0.24830559,0.045912277,0.009824234,0.01060922,0.5440985,0.032001637,0.002968975,0.5191786,0.6855873,0.09291281,0.06329448,0.13975088,6.36865e-05,0.002640706,0.24404398,0.0014565864,0.07158779,0.004831284,0.07635189,0.0067492933,0.00027443937,0.0002916957,0.18764147,0.0054286425,0.37220648,0.010265958,0.19975416,0.00024370728,0.12443691,0.07695356,0.31561947,5.3601445e-05,0.5894128,0.029398285,0.07522996,0.0008127282,1.2872539,0.031904835,0.42714733,0.1643772,0.040383358,0.0027624986,0.024191307,0.1839682,0.012680603,0.062553264,0.20209536,0.08519586,4.1712134e-05,0.38347894,0.24808854,0.18555829,4.266787e-06,0.52627826,0.0050468035,100.0,0.4802481,0.056735348,0.18789889,1.1523854,0.00026751813,0.01879043,1.4411913,0.3054513,0.11964363,0.056420237,0.0005913274,0.47400188,11.172572,0.024788287,0.007975784,0.2878777,0.04047426,0.0075345505,-0.0050100237,0.056253947,0.06643581,0.08179649,0.21096164,0.11657052,0.0013519372,0.006941576,0.13237691,0.031536277,0.6450834,0.005682468,7.510787e-05,0.060127452,6.929377e-06,0.1429907,0.0069605843,0.47419286,0.031060988,0.09531008,0.015853958,0.0011295758,0.013963617,0.018733604,0.38982752,2.0493926e-05,0.027314823,0.1855975,0.1115685,1.7965331,0.26033875,22.414217,0.1608762,0.0007091513,0.44929707,0.8823452,0.0027447669,0.0021057338,0.044702444,0.11614539,0.20404403,0.027497154
1867,0.18185622,0.14755131,0.035078924,0.0005811896,0.0019673076,0.9761013,0.020308064,0.00032694492,1.5534556,0.2408423,0.077268794,0.0361625,0.7691393,-0.013853813,0.03516439,0.8935501,0.11474457,0.00043093483,0.00040147608,0.11576272,0.8748461,0.009238841,0.066790946,1.1780256,0.0021106466,-0.00027993566,0.02337226,0.017484346,0.024237182,2.9892538,0.115652435,0.2762109,5.7233443,0.20761272,-8.36571e-05,0.24112025,0.036433116,0.00013690184,0.5999563,0.0015570429,0.00037020244,0.070320554,0.2023848,0.010156947,0.43742332,2.8407295,0.0010758138,0.0005702884,0.22737826,0.044183146,0.057864696,0.069050655,0.10640664,0.0046465234,0.4850875,0.14559112,0.7995114,0.41744328,0.008975831,2.8255436,0.0013940999,-0.04946932,7.0010896,0.15926062,0.02155461,0.22316714,0.005373325,0.0072660004,-0.026795233,0.17383227,0.0006532272,0.21126613,0.09278667,0.0009827177,0.11704355,0.08201622,0.0748854,0.339659,4.5212283,6.344862,0.7447763,0.24886635,0.046653695,0.009541741,0.010572243,0.55473036,0.025782276,0.0029691001,0.5557852,0.6874765,0.093374096,0.06357445,0.14049533,6.390895e-05,0.0026844018,0.2434718,0.0014602427,0.07128964,0.00484876,0.06447613,0.0067063654,0.00027881563,0.00029959614,0.18984498,0.0054571787,0.37223685,0.010311019,0.20027184,0.0002465191,0.12501985,0.07657915,0.32280776,5.4114724e-05,0.60123426,0.02964754,0.07523978,0.00080713455,1.2766187,0.032780897,0.4457581,0.1652644,0.04040678,0.002589086,0.023706926,0.45089024,0.012790557,0.06097315,0.19994515,0.0908602,4.161909e-05,0.39056578,0.24980024,0.18560778,4.2977745e-06,0.5335388,0.0050562914,100.0,0.481535,0.060193863,0.23605227,1.1626042,0.00026955776,-0.0005096334,1.4765396,0.30791545,0.12135992,0.055714507,0.00059267343,0.47414967,10.201914,0.02482571,0.008381137,0.28850836,0.040488616,0.006727579,0.006319844,0.055922754,0.082944736,0.08211884,0.2129876,0.11648645,0.00011160427,0.0069278143,0.13553643,0.03262869,0.6480514,0.0058164597,7.5258344e-05,0.060189184,6.948883e-06,0.13351612,0.0070909797,0.51659095,0.031219179,0.09571237,0.015713671,0.0011335522,0.014152545,0.018918347,0.38834673,2.0643745e-05,0.027391657,0.18615781,0.11107188,1.8084978,0.26430523,22.626827,0.16165958,0.000711505,0.54092795,0.87006414,0.003146758,0.0021241973,0.044775017,0.117988616,0.20314373,0.027814956
1868,0.18328638,0.13797751,0.035072014,0.00057469093,0.0019751734,0.9975708,0.020331582,0.0003209454,1.586519,0.26297805,0.07753834,0.03628022,0.7161296,-0.012494974,0.035249393,0.89765865,0.11417908,0.00043200963,0.00040842468,0.11541937,0.8781623,0.009878327,0.04354875,1.5868317,0.002124529,0.001233141,0.039753944,0.017630666,0.024465043,2.8198643,0.118900046,0.25542122,5.4728255,0.18225326,-0.14378048,0.21360195,0.049756363,0.00013897158,0.55226994,0.0015631095,0.00037185627,0.077848874,0.20312977,0.010213695,0.44743964,2.9558346,0.0010793804,0.000568585,0.2287975,0.044551443,0.05818404,0.25869533,0.10830355,0.0046780785,0.48361441,0.14079797,0.8092935,0.420128,-0.00066151656,2.8471413,0.0014047895,-0.062128447,6.9371076,0.16011806,0.024067165,0.19540866,0.005410782,0.008151809,-0.061939735,0.17309822,0.000656249,0.17048156,0.091345176,0.0010055285,0.11551075,0.0808135,0.064874865,0.3405029,4.526583,6.3809094,0.74338543,0.2501275,0.047481284,0.009303963,0.01056801,0.56323797,0.022368122,0.0029777342,0.54988587,0.6909346,0.09378514,0.06390437,0.1412306,6.431457e-05,0.0027337149,0.24562292,0.0014678792,0.0713438,0.004880034,0.05774044,0.0066818357,0.00028019564,0.00029617868,0.19156897,0.0055273604,0.36914358,0.009935596,0.19872575,0.00025003188,0.12595814,0.076304756,0.3209534,5.4782904e-05,0.6085077,0.029998211,0.075509034,0.00080460944,1.284791,0.03199935,0.43634313,0.16721317,0.040546663,0.0024596318,0.02413705,0.35935158,0.012894055,0.060781416,0.19933192,0.09493227,4.1842963e-05,0.3939918,0.2512172,0.18628858,4.3411405e-06,0.5812686,0.005080296,100.0,0.48455673,0.06234276,0.25183588,1.1690806,0.00027237047,-0.2860285,1.5132068,0.3130901,0.12247159,0.055721074,0.0005955342,0.474144,10.367256,0.02492448,0.008767978,0.2901988,0.04061707,0.0062094256,0.012370241,0.056488223,0.069504,0.082676694,0.21205917,0.11667753,0.0008376056,0.0070032375,0.13665722,0.032408763,0.6569081,0.0059812013,7.562197e-05,0.06042298,6.988185e-06,0.1256696,0.007224841,0.49716094,0.031385608,0.09621185,0.015505757,0.0011413367,0.014385488,0.019220185,0.38646603,2.08525e-05,0.027546277,0.18562888,0.110925846,1.8144269,0.27212617,22.84462,0.16236493,0.0007155051,0.43015072,0.89192295,0.001723877,0.0021487342,0.044975035,0.12035664,0.20519848,0.028165344
1869,0.18085197,0.13913621,0.03490802,0.00056299503,0.0019411058,1.0004321,0.020000964,0.00030801317,1.6542623,0.27011722,0.07657552,0.03565442,0.73936325,-0.010999311,0.034599736,0.8841043,0.11118864,0.00042403233,0.0004060797,0.11773878,0.86910474,0.007992333,0.023227349,1.4272578,0.0020928092,-0.00032628464,0.03336558,0.017404497,0.024077842,3.5907655,0.11439888,0.23138827,5.1272445,0.15908779,0.17776951,0.21246494,0.05005392,0.00013790691,0.49410656,0.0015365914,0.00036571495,0.0718365,0.20296234,0.010053325,0.45112488,2.9724374,0.0010605354,0.0005558874,0.21956636,0.045668766,0.05728395,0.040560994,0.10788805,0.0046203127,0.47196966,0.13800988,0.8079024,0.39353615,0.005553203,2.834303,0.0013851356,0.06771555,7.049815,0.15781274,0.028617464,0.16631329,0.0053298078,0.0070565627,0.02681815,0.17317754,0.0006450088,0.19135463,0.09434645,0.0010070176,0.10713758,0.083826564,0.07563601,0.33546492,4.632799,6.272288,0.717906,0.24613342,0.04726553,0.008896458,0.010345045,0.54361206,0.03130864,0.002924722,0.5778768,0.6819075,0.091915354,0.06308391,0.13940139,6.337134e-05,0.0027126241,0.24094929,0.0014447662,0.06839936,0.00480983,0.053268846,0.0065171933,0.0002760419,0.0002885856,0.1763367,0.0055490695,0.36478838,0.009495188,0.19605604,0.00024825765,0.124245435,0.07478218,0.31474164,5.429583e-05,0.6060265,0.029769976,0.074228734,0.0007856958,1.2729852,0.03230811,0.42885223,0.15375745,0.039837856,0.0026644126,0.023988659,0.385573,0.012774586,0.058662068,0.19654524,0.093683034,4.0992145e-05,0.39317185,0.24319942,0.18306734,4.2932543e-06,0.5141141,0.004997893,100.0,0.47682485,0.07709709,0.20293555,1.0958058,0.00026945118,0.14804117,1.5006429,0.30589432,0.12147557,0.055235278,0.0005861454,0.45784786,10.1468725,0.024512334,0.008928405,0.28567252,0.039893493,0.0063864114,0.00273079,0.054469615,0.06724635,0.08150089,0.2069915,0.114481114,0.00031453106,0.0071360455,0.13643481,0.033330206,0.6437442,0.0058692284,7.439863e-05,0.059394106,6.8765794e-06,0.116347976,0.0071907653,0.52074695,0.03099339,0.0949467,0.015088472,0.0011259099,0.014314542,0.019116422,0.3799933,2.0622287e-05,0.027122729,0.18160836,0.10916691,1.7930495,0.27049828,22.482718,0.16048375,0.0007030295,0.41413188,0.86530447,0.0023499366,0.0021283703,0.044232912,0.11996638,0.20144032,0.02758239
1870,0.17610726,0.1345105,0.034141596,0.00051939004,0.0018373949,0.9798568,0.018555364,0.00030360176,1.6062545,0.26901188,0.072862834,0.033792723,0.7774475,-0.009001655,0.032856736,0.8415181,0.13138124,0.0004010177,0.00039302467,0.1142825,0.8349434,0.008312465,0.0059051244,0.95419997,0.0019822668,0.0029146122,0.028129656,0.016710646,0.023022512,2.9762752,0.109915726,0.2602668,4.7500615,0.14202906,0.042474836,0.37470135,0.09060952,0.0001318434,0.7905715,0.0014622716,0.00035008078,0.07449792,0.19367646,0.010097309,0.43073216,2.7785242,0.001003289,0.00043731777,0.21372014,0.047563426,0.052797273,0.28027216,0.10380395,0.0043454384,0.44986975,0.13003255,0.7408885,0.38548955,0.0058755074,2.5145006,0.0013158899,0.012174309,6.823578,0.14605002,0.022295393,0.15503077,0.0052929805,0.006529695,-0.0039455197,0.16905102,0.00061176444,0.15860079,0.09395113,0.0009714208,0.09933512,0.08024827,0.07021767,0.3301474,3.9331129,5.9666777,0.68920785,0.26428282,0.04613803,0.008246932,0.009805172,0.5231628,0.027964002,0.0033391404,0.48796114,0.65058523,0.08861806,0.05999386,0.14308813,6.016592e-05,0.0024006392,0.22811693,0.0013704011,0.07701214,0.0051119416,0.043531664,0.006328837,0.00025369032,0.00027535972,0.13183951,0.0055519487,0.3472342,0.009202729,0.18723202,0.0002374697,0.11626886,0.071235284,0.31780714,5.110525e-05,0.5805363,0.02887158,0.07081138,0.00073959597,1.1830432,0.031224094,0.4108162,0.15681392,0.037730023,0.0024427776,0.02266852,0.02215228,0.012179512,0.055382766,0.19035454,0.089079544,3.8878483e-05,0.3932801,0.2266354,0.1867266,4.1000603e-06,0.5632223,0.0047296705,100.0,0.45206922,0.058585446,0.2931396,1.2156826,0.00025683278,0.11264847,1.4872739,0.2882581,0.11600393,0.051236607,0.0005561067,0.4330299,10.959515,0.023267217,0.00875354,0.27161786,0.0382852,0.005327468,0.0032820066,0.058125943,0.06661866,0.07736996,0.19630097,0.108625285,0.00137242,0.0066419607,0.13350768,0.03139962,0.6174338,0.0061402908,7.052473e-05,0.06557465,6.519984e-06,0.10505315,0.006602925,0.4299644,0.029236048,0.090559125,0.015757995,0.0010701406,0.019112438,0.018639317,0.33998755,1.965003e-05,0.0257316,0.17294858,0.10314346,1.7974826,0.25699952,25.547623,0.15286922,0.00066596776,0.39839217,0.9180363,0.0019582445,0.0020659792,0.042332005,0.17267404,0.19199684,0.026914692
1871,0.17752723,0.14370829,0.03399871,0.0005210098,0.0018187623,1.0000895,0.018238973,0.00030446256,1.5602796,0.32799515,0.07224381,0.03353215,0.74788415,-0.0077464264,0.032563377,0.83359385,0.1430986,0.00039567347,0.00039559248,0.112496465,0.8169126,0.0071720136,-0.008048084,1.3064834,0.00196845,0.00020939257,0.036969945,0.016744308,0.024894714,1.4008151,0.110734336,0.25617814,4.913449,0.13343109,0.115328014,0.33185032,0.09386061,0.00013173987,0.95781904,0.0014513199,0.00034843676,0.07373535,0.19271065,0.010159168,0.43613255,2.9294379,0.0009911833,0.0004001611,0.21352185,0.047879927,0.052297447,0.38294727,0.109350555,0.004363431,0.43635792,0.12486657,0.73357755,0.37497884,0.023948653,2.4696255,0.001303396,0.027208125,7.00434,0.14567634,0.025552692,0.14107715,0.00534763,0.0064171865,0.01309509,0.17170832,0.00060614315,0.14380917,0.08118102,0.000980481,0.0993554,0.0798532,0.05909654,0.3443062,4.013961,5.9048815,0.6879785,0.28078118,0.04659026,0.007991851,0.009693908,0.5462449,0.023960255,0.0036163232,0.53321606,0.6483757,0.08843185,0.059489325,0.14699753,5.96587e-05,0.0023056087,0.22628334,0.0013589879,0.08196148,0.0054872395,0.04672524,0.0062508965,0.00025448683,0.0002664915,0.11547166,0.0057407054,0.33967674,0.008945252,0.18471433,0.00023691612,0.115746565,0.070873566,0.3416836,5.0988805e-05,0.5733393,0.028958594,0.07031975,0.00072744896,1.1559315,0.02985768,0.44349802,0.15201792,0.037299424,0.0022936536,0.022416672,0.6154447,0.012154102,0.054350898,0.19121288,0.10343814,3.847413e-05,0.3910833,0.22241528,0.19082727,4.112175e-06,0.5497112,0.0046768747,100.0,0.44782463,0.055534888,0.19341427,1.024856,0.0002556264,-0.06924446,1.5418684,0.28225303,0.116096415,0.04994858,0.00055243814,0.42820278,9.247733,0.023455236,0.008841237,0.26919672,0.03813052,0.0044776904,-0.0024855984,0.06514481,0.06965418,0.076779455,0.19490437,0.10769104,0.0009662648,0.007071904,0.13423784,0.032695115,0.61117864,0.006128284,6.976549e-05,0.0697656,6.4579503e-06,0.09928188,0.00646059,0.46342483,0.028787374,0.090202354,0.014435994,0.0010619168,0.020834891,0.01875796,0.3293644,1.971399e-05,0.025490003,0.17333946,0.10228238,1.8264781,0.25839612,27.349674,0.15241157,0.0006600796,0.41717708,0.98673016,0.004342073,0.0020537793,0.0421673,0.2021252,0.19167885,0.027195586
1872,0.1708676,0.13358918,0.03284056,0.0005040187,0.0017342473,0.9813963,0.01724498,0.0002895872,1.6168514,0.30703512,0.0686179,0.031818256,0.7416434,-0.006360485,0.031010972,0.79315394,0.14417285,0.0003748761,0.00038097062,0.10999528,0.7771894,0.006581238,-0.01873769,1.4014785,0.0018765144,0.00095260947,0.02754144,0.01614481,0.02153621,2.4052625,0.107393906,0.25436586,4.514079,0.1211294,0.13361457,0.14243719,0.0340329,0.00012629246,0.86942875,0.0013816879,0.00033309188,0.07542432,0.18430868,0.009714967,0.42322785,2.9220996,0.0009412904,0.00036158776,0.20266894,0.045961305,0.049753897,-0.008895488,0.10034996,0.0044634524,0.41713214,0.11323095,0.693957,0.37402183,0.00915954,2.615024,0.0012388732,0.03858085,6.875608,0.13694417,0.020683747,0.1279548,0.005148474,0.0060517658,0.022468228,0.16238801,0.00057492027,0.1280239,0.07700651,0.0009547054,0.08843943,0.0796892,0.04959472,0.33325472,3.734003,5.615665,0.649434,0.2804947,0.04505577,0.0074581667,0.009214608,0.5558005,0.019974602,0.0036428955,0.4685451,0.6176431,0.084395394,0.05657016,0.1423892,5.6887522e-05,0.0021565428,0.21333842,0.0012986024,0.08095718,0.0055315,0.03876848,0.0059282975,0.00024329234,0.00024901255,0.10228456,0.005669123,0.32419765,0.008464372,0.17219265,0.00022683913,0.11026002,0.06757215,0.32711366,4.8870843e-05,0.54822135,0.027912471,0.06704097,0.00068785565,1.1152722,0.029185731,0.41665888,0.13780844,0.03545035,0.0021982947,0.02168933,0.5842328,0.011809348,0.05146769,0.18273415,0.13345075,3.6723337e-05,0.3765851,0.21131726,0.18472457,3.9703364e-06,0.50802606,0.0044430937,100.0,0.42706063,0.050472237,0.23481663,1.1562866,0.00024463717,-0.02005628,1.5149491,0.26978046,0.12086592,0.047310457,0.000530233,0.41068193,10.736785,0.021997117,0.008531559,0.25640336,0.036427844,0.0043571503,-0.0026113833,0.059382044,0.07414916,0.07322246,0.18554032,0.10256784,0.0009800561,0.0063450513,0.12967086,0.032232378,0.5900138,0.005923921,6.628603e-05,0.06925167,6.143257e-06,0.090409875,0.0061059687,0.42244503,0.02729709,0.086009525,0.0133609,0.0010120047,0.020845775,0.018070543,0.3085859,1.901669e-05,0.024269331,0.16475801,0.09782692,1.772698,0.25162998,27.246113,0.14542894,0.0006277089,0.43889472,1.0042179,0.0030337109,0.0019594734,0.04031814,0.21066156,0.18244995,0.02633632
1873,0.17360677,0.13192835,0.03356652,0.0005153786,0.0017553405,1.0187507,0.017288683,0.00029090833,1.6534188,0.32284862,0.06905102,0.031973626,0.8040824,-0.005481924,0.031280003,0.80153686,0.15171342,0.0003760789,0.00038786218,0.11350778,0.77660275,0.009191443,-0.030531587,1.3011415,0.0018945216,0.0012962021,0.03328053,0.016507855,0.023364527,1.7180464,0.10943761,0.26647848,4.3461843,0.11469858,0.108706445,0.2077906,0.044547506,0.00012824131,0.98627937,0.0013919494,0.00033687422,0.07728266,0.18716453,0.009790943,0.43431827,3.0599537,0.0009475605,0.00035305973,0.20519017,0.047682453,0.050134033,0.19627653,0.10234039,0.004684782,0.41388196,0.11116279,0.69493896,0.37029535,0.006500087,2.7426512,0.0012460198,0.040198106,7.1389236,0.1397578,0.020140558,0.13541178,0.0052150437,0.0061008167,0.010248575,0.16504191,0.0005780987,0.13617261,0.10697645,0.0009872185,0.09365075,0.08198993,0.056051027,0.3407099,3.9619937,5.6664624,0.6550364,0.29287922,0.046056263,0.0073743905,0.009282844,0.55392754,0.024793338,0.0038047542,0.5073873,0.6239962,0.08539279,0.057006914,0.14735872,5.750162e-05,0.0021472431,0.21659917,0.0013173334,0.077245936,0.005816837,0.038184065,0.005953905,0.00024831327,0.00025782018,0.0983893,0.005877451,0.32307744,0.00861404,0.17182553,0.00022987103,0.11127835,0.067815974,0.2996835,4.9611863e-05,0.5643398,0.028412743,0.06771179,0.0006893871,1.1774963,0.030145647,0.45221445,0.14146915,0.035709113,0.0024324195,0.022116488,0.03660048,0.012083623,0.051493596,0.18669672,0.120233186,3.6932568e-05,0.38570708,0.21201183,0.18893522,4.065261e-06,0.54812133,0.0044707255,100.0,0.43135962,0.049601972,0.24317905,0.89863294,0.0002481419,0.005137614,1.5671716,0.27002934,0.12635913,0.04731374,0.00054160913,0.41592762,9.299091,0.022031935,0.008718288,0.25851676,0.036819085,0.0043916465,0.0055182194,0.06300306,0.06472468,0.073996976,0.18745951,0.10352184,3.2598717e-05,0.0062986556,0.1335754,0.032921,0.598377,0.005982076,6.669889e-05,0.07152904,6.1896976e-06,0.08757624,0.0061275004,0.3929209,0.02751637,0.08676482,0.013263773,0.0010219071,0.021562133,0.018396067,0.3063402,1.9440336e-05,0.02448431,0.16512825,0.0984542,1.8077782,0.25600943,28.689497,0.14683142,0.00063205464,0.40613064,1.0013087,0.0018456521,0.0019819478,0.04082298,0.22410856,0.18383111,0.027088804
1874,0.17040867,0.13217887,0.032830432,0.00048610143,0.0017211725,1.0249914,0.016844897,0.00028227406,1.6458265,0.28368187,0.06756471,0.03105985,0.7428278,-0.004504996,0.030535072,0.78108454,0.15296735,0.00036495843,0.0003820532,0.11021302,0.76325166,0.01710277,-0.04061122,1.1331743,0.0018498215,0.002249099,0.02182836,0.016348714,0.023223892,2.2944741,0.101067595,0.26706347,4.360649,0.10686083,0.04642102,0.23761457,0.05426522,0.00012615431,0.9360714,0.0013557305,0.0003297813,0.07642449,0.1832743,0.009534345,0.43163693,2.4375274,0.0009237264,0.00033385292,0.20343438,0.047046367,0.048868503,0.11597499,0.10094617,0.0045105596,0.39981464,0.108910926,0.6913749,0.35062522,0.0070651458,2.595008,0.0012117563,0.021136923,6.8016734,0.13355485,0.02002306,0.122631796,0.005099447,0.005892714,0.0012874459,0.16086361,0.00056184706,0.12573981,0.07910226,0.0009889943,0.0898671,0.078908496,0.053384405,0.32503417,3.8133483,5.518907,0.6426534,0.29399255,0.045507092,0.0070714145,0.009052062,0.52848756,0.024907608,0.003824259,0.50706154,0.6096005,0.08367373,0.055776782,0.14229012,5.626426e-05,0.0020732556,0.2116549,0.0012946737,0.072303526,0.0058718496,0.032415774,0.0057863602,0.00024405036,0.00023834055,0.09538109,0.0058560027,0.31619373,0.008419291,0.16924301,0.00022525257,0.10865747,0.06613574,0.29971445,4.8724818e-05,0.5485923,0.027862191,0.066200785,0.00066886144,1.1186668,0.029325102,0.41148958,0.13488139,0.03481667,0.0023949007,0.02157262,0.31413272,0.012034674,0.04973021,0.1851451,0.14286338,3.5924113e-05,0.37649822,0.20823824,0.18729441,4.0297587e-06,0.51525563,0.00435258,100.0,0.42239892,0.0512822,0.23274496,1.0216371,0.00024361946,-0.04023387,1.5779691,0.2657757,0.1196689,0.0456905,0.00053675385,0.39649647,11.006123,0.021414429,0.0086205555,0.25146088,0.03600289,0.003868347,0.012465818,0.06022573,0.07168541,0.072374456,0.1800785,0.10121885,0.0017102761,0.006099142,0.13184786,0.03189431,0.58156925,0.006034501,6.492873e-05,0.071001075,6.0338825e-06,0.082516536,0.0059562107,0.39342627,0.026986213,0.0848827,0.017294463,0.0009980461,0.021451056,0.01810448,0.2949269,1.923209e-05,0.023905037,0.16087684,0.095149145,1.7957041,0.25678307,28.482336,0.14416571,0.0006153487,0.37564895,1.0024267,0.0027398197,0.0019397032,0.039985966,0.2286011,0.17937458,0.026726156
1875,0.16750927,0.12560527,0.032211293,0.000475117,0.0016931571,1.0294162,0.016460316,0.00027439458,1.6872369,0.25617528,0.06631365,0.030125607,0.73227906,-0.0036931736,0.02988459,0.76469535,0.15389921,0.00035500134,0.00037660444,0.10767534,0.7504766,0.012115091,-0.04870955,1.407564,0.0018100057,0.0005528884,0.032154333,0.016235119,0.022435868,2.305876,0.104284205,0.24453652,4.170894,0.10012012,-0.046847727,0.27253166,0.0695096,0.00012422624,0.89723665,0.001323121,0.00032337548,0.074852295,0.17974739,0.009298885,0.42923865,2.9414573,0.0009032963,0.0003178115,0.20093198,0.04648462,0.04774947,0.36590728,0.099782914,0.0043281433,0.39125937,0.10538319,0.6745748,0.3656945,0.009915084,2.5840085,0.0011803706,-0.017450321,6.883098,0.13150541,0.018952062,0.11419171,0.0049929493,0.005753609,-0.027225178,0.1581836,0.00054697297,0.1262222,0.13405453,0.000993394,0.09451308,0.07864167,0.0531366,0.31584817,3.655536,5.4057856,0.62499154,0.29447186,0.04497929,0.0068072095,0.008852441,0.5399853,0.024748364,0.0038392276,0.52493364,0.5989817,0.08592781,0.054697238,0.14109868,5.5203538e-05,0.002006872,0.2083306,0.0012764505,0.07130635,0.0059114983,0.030780803,0.0056396606,0.00023986651,0.00024066816,0.08870822,0.0058661974,0.3097077,0.008133059,0.1667001,0.00022119102,0.106361814,0.06462507,0.31808606,4.7966085e-05,0.5407273,0.027384043,0.064904355,0.00065083,1.0790348,0.028332347,0.40314075,0.1335888,0.034038436,0.0022589494,0.021416433,0.57153344,0.012096489,0.048126124,0.18017685,0.118851,3.5185367e-05,0.37429115,0.20596278,0.18470195,4.004228e-06,0.5066051,0.0042478787,100.0,0.41463494,0.046608478,0.26848608,0.90448296,0.00023980429,0.0012499704,1.5374975,0.25769004,0.12933908,0.044405546,0.00053391897,0.38070175,10.823346,0.020863594,0.008544636,0.24554785,0.035282582,0.0037370003,0.000446864,0.05851581,0.07837877,0.070972085,0.17425399,0.09926745,0.0012196357,0.0060126046,0.12938315,0.03251646,0.5744732,0.0058305543,6.335791e-05,0.070347525,5.895195e-06,0.078524254,0.0058024055,0.40122533,0.02652701,0.08321082,0.013980842,0.0009774219,0.02131854,0.017865792,0.28691277,1.9071389e-05,0.023399778,0.1583747,0.09292106,1.7760494,0.25139123,28.272831,0.14183062,0.00060050393,0.3649659,1.0035948,0.003432075,0.0019052096,0.039256956,0.23199145,0.17571649,0.02621854
1876,0.16792434,0.12562343,0.032299954,0.00047164506,0.0016995821,1.0550685,0.016451102,0.00027159404,1.5248839,0.25739527,0.066495545,0.030030977,0.7235526,-0.003023788,0.029845087,0.76412743,0.15747198,0.00035240853,0.0003787738,0.10903301,0.7479134,0.00861919,-0.055799607,0.97562253,0.0018028014,0.002779577,0.032642104,0.01644514,0.023401164,2.2032154,0.10511164,0.19896907,4.2813783,0.09635157,0.080365114,0.10552574,0.02472354,0.00012498337,0.9393661,0.0013176474,0.0003235284,0.07575313,0.17829421,0.009248658,0.53112805,2.961184,0.0009011897,0.00030556056,0.2019257,0.04665983,0.04761193,0.5017706,0.10063996,0.0044198055,0.39241382,0.10333959,0.6727098,0.35225376,0.005066349,2.5609927,0.0011733656,-0.002598275,6.7675047,0.130204,0.022521809,0.110933885,0.0049832105,0.006580993,0.0037012445,0.1554844,0.0005430992,0.11251636,0.07549031,0.001017507,0.088516586,0.08037233,0.05207561,0.3188466,3.463711,5.402286,0.6198685,0.29996324,0.045341026,0.0066977944,0.008834869,0.57401043,0.025274783,0.003921609,0.57095563,0.6005002,0.08263886,0.05483847,0.14020427,5.5276607e-05,0.001984577,0.20990722,0.0012843504,0.07440968,0.0060492405,0.028698618,0.005608077,0.00023797748,0.00023828336,0.08582668,0.005985184,0.30698657,0.008157025,0.16523744,0.00022163033,0.1062518,0.06472366,0.29366767,4.8182806e-05,0.537742,0.027482215,0.06494557,0.00064665946,1.0635128,0.028494077,0.4057483,0.13643175,0.033963382,0.0024094922,0.02105223,0.98559165,0.012299564,0.04758867,0.1785752,0.14729027,3.5005054e-05,0.393391,0.20178382,0.18648088,4.0592545e-06,0.5172013,0.004231342,100.0,0.4153333,0.04249586,0.23650143,0.887497,0.00024088085,0.3021956,1.5399244,0.2559936,0.12878668,0.044396408,0.0005419355,0.38028982,10.494907,0.020761766,0.008639222,0.24443214,0.035276845,0.0037260104,0.004909689,0.059012704,0.06865617,0.07102597,0.17591678,0.09942221,0.00069442706,0.005914629,0.15854475,0.03287865,0.57537663,0.005849673,6.309487e-05,0.07093075,5.878046e-06,0.07646243,0.005769469,0.4309345,0.026673207,0.083362326,0.0129969325,0.0009772915,0.02157385,0.017982582,0.28190044,1.9294186e-05,0.023375824,0.15838231,0.093130365,1.7921729,0.25408286,28.558998,0.14275146,0.00059772935,0.39206782,0.98187816,0.003167074,0.0019099019,0.039324086,0.23838052,0.17517474,0.026450304
1877,0.1718058,0.12727731,0.033318613,0.00047434654,0.0017415265,1.0993088,0.01673379,0.00027499572,1.6812537,0.24838552,0.06784062,0.030374965,0.7129083,-0.0024580567,0.030423557,0.77817124,0.16433387,0.00035723887,0.0003887707,0.11211145,0.75538135,0.007302496,-0.064195976,1.2198446,0.0018343654,0.0008943318,0.018978905,0.016988195,0.023900772,1.7970586,0.1022728,0.23171303,4.39971,0.09438972,0.03447544,0.14290336,0.031024534,0.0001283657,0.8998675,0.0013395774,0.0003302738,0.07654347,0.18279906,0.009386846,0.5505594,2.9557421,0.0009183691,0.00030415083,0.20481658,0.048814084,0.048475295,-0.0048745484,0.10360663,0.00453005,0.4001863,0.10228432,0.6812135,0.36349726,0.0050335443,2.5562289,0.0011905226,0.015746789,6.9593067,0.13373621,0.020286094,0.10662037,0.005080762,0.0060295574,-0.00765797,0.1588936,0.00055120175,0.11347901,0.038139958,0.0010625266,0.08771658,0.08407413,0.054157484,0.32866317,3.5635238,5.4858556,0.63017863,0.31114286,0.046633773,0.006728432,0.009000375,0.5764917,0.02728174,0.0040792855,0.5348404,0.6131622,0.08384028,0.055970356,0.14667977,5.6504185e-05,0.0020060742,0.21560934,0.0013186743,0.07388729,0.0063001662,0.029146748,0.0056909355,0.00024323119,0.00023747524,0.08514796,0.0062228004,0.31445166,0.008288079,0.16572645,0.00022675922,0.10837322,0.065674566,0.30205876,4.9413073e-05,0.55709267,0.02817952,0.06634631,0.0006563645,1.0748206,0.02938956,0.39602157,0.13039707,0.034598954,0.0020947095,0.021525525,-0.019911587,0.012887437,0.048171487,0.18145563,0.15089032,3.589051e-05,0.40622312,0.21015935,0.19144022,4.1991993e-06,0.5550826,0.0043034363,100.0,0.42487603,0.046252336,0.26825526,0.8785159,0.0002469924,0.014307199,1.541228,0.2595395,0.1220534,0.04431527,0.0005607229,0.38698417,10.276512,0.021084797,0.008911851,0.24911885,0.035997987,0.004007735,-0.0029142024,0.05922451,0.067425616,0.07256679,0.17679843,0.1016286,0.0005447122,0.006005105,0.16358456,0.034619957,0.58671755,0.0060070865,6.415929e-05,0.072889,5.984531e-06,0.07614718,0.0058557866,0.3489175,0.02729427,0.08502956,0.012896118,0.0009981215,0.022257037,0.018471625,0.28796792,1.9919971e-05,0.023841282,0.15995157,0.09424376,1.8401546,0.26298198,29.846493,0.14594087,0.00060778315,0.33979952,1.0153865,0.002950145,0.001955365,0.04020844,0.24970199,0.17880823,0.02709776
1878,0.1699347,0.12506273,0.033115283,0.0004651816,0.0017232213,1.1073871,0.016562594,0.00026923892,1.6512604,0.24287258,0.06744703,0.029900765,0.7312156,-0.0018598353,0.02997827,0.768914,0.16510525,0.00035028206,0.00038553585,0.11020119,0.7476545,0.006662767,-0.07130922,1.2451869,0.0018052275,0.0009492548,0.036307838,0.016940048,0.024431337,1.7666637,0.099631086,0.25984025,4.380286,0.090956554,0.024279933,0.19543147,0.052833937,0.00012746868,0.9351551,0.0013171831,0.00032594087,0.07607498,0.18244423,0.009210153,0.55150586,2.9586368,0.00090456166,0.0002945279,0.19781694,0.04736248,0.047731753,0.13993552,0.10311731,0.004567409,0.39181575,0.10099586,0.67382526,0.36684456,0.012547738,2.5346694,0.0011686153,-0.015211136,6.7081337,0.13232873,0.019915275,0.10975066,0.0049982457,0.0057930504,-0.009642689,0.15709129,0.0005409004,0.119575076,0.10197652,0.0010705325,0.082964785,0.08233488,0.05401623,0.32209936,3.4567676,5.4537597,0.6194391,0.3114379,0.046343986,0.006534653,0.008862261,0.5732341,0.026944133,0.0040926123,0.5520832,0.6080214,0.08244311,0.055519275,0.14228182,5.5834407e-05,0.0019598796,0.21879086,0.0013077083,0.08765365,0.006328516,0.026483525,0.005579807,0.00024140124,0.00023604176,0.081852175,0.0062430575,0.3091078,0.0080463085,0.16441521,0.00022442456,0.10689342,0.0650256,0.30290827,4.8999555e-05,0.54375726,0.027991656,0.06551969,0.000644164,1.0687586,0.029511089,0.39692768,0.13373278,0.03407678,0.0023879283,0.020772012,0.07779276,0.012866937,0.047732953,0.1816566,0.13655263,3.543167e-05,0.4027897,0.20278473,0.19066676,4.19582e-06,0.5492109,0.0042332173,100.0,0.4196033,0.045087878,0.25926852,1.032754,0.000244811,-0.09225199,1.53682,0.25356245,0.11983425,0.04401472,0.0005598292,0.37464988,10.11951,0.021162234,0.008880742,0.24558137,0.035502322,0.0036264139,0.012993567,0.05898181,0.06475206,0.07168014,0.17265257,0.10038188,0.0009791068,0.0058993185,0.16349782,0.034357022,0.5766774,0.0058977306,6.309962e-05,0.072344266,5.8912915e-06,0.0734616,0.005744296,0.3529602,0.027156929,0.08423115,0.014109116,0.0009861776,0.022187844,0.018338634,0.27905527,1.9874617e-05,0.023510616,0.15751825,0.092890956,1.8389683,0.26191768,30.106462,0.14539371,0.00059761084,0.39581046,1.0120573,0.0021602141,0.0019360818,0.039743844,0.25201485,0.177959,0.026901059
1879,0.16959275,0.12758479,0.032894567,0.0004629853,0.0017184352,1.1223501,0.016451614,0.0002641343,1.730213,0.2681572,0.06723796,0.029511604,0.7233585,-0.0013422428,0.029790396,0.7700475,0.16689001,0.00034671318,0.00038572983,0.1081774,0.74248487,0.00838155,-0.076600194,1.0833374,0.0017858136,0.001527078,0.029260874,0.017005922,0.024060242,1.4283406,0.09649288,0.26576817,4.2432685,0.08795821,0.064052306,0.29350534,0.066307455,0.00012754925,0.8272601,0.0013069507,0.00032443993,0.075321734,0.1822734,0.009117357,0.5653062,3.0449054,0.0008987701,0.00020003185,0.20150213,0.047504485,0.047478057,-0.19336136,0.10354878,0.0045703202,0.39130726,0.09977193,0.67037374,0.34520587,0.011184481,2.5454383,0.0011578512,-6.6791974e-05,6.6548247,0.13038093,0.019257238,0.11037737,0.0050144754,0.005665045,0.00018026786,0.15668938,0.00053406507,0.11633768,0.09639309,0.001085324,0.0981148,0.07998621,0.051052086,0.32141426,3.5624306,5.4100943,0.6112442,0.31405205,0.04643306,0.006392687,0.008799514,0.56873006,0.025452372,0.004133103,0.52213776,0.60619897,0.08214435,0.055307154,0.14393458,5.56447e-05,0.0019343237,0.22400995,0.0013061921,0.07816267,0.006401082,0.02856552,0.0055140685,0.00018254273,0.00021840855,0.079753555,0.0063095414,0.30948824,0.00783932,0.16364795,0.00022425193,0.1063966,0.06465397,0.2965979,4.9028764e-05,0.54875624,0.027939264,0.06525516,0.0006381126,1.0466115,0.02836112,0.37364694,0.13169895,0.033856433,0.0022184753,0.020644665,0.4300161,0.013057004,0.046414305,0.17768905,0.13568816,3.531335e-05,0.40618786,0.20104536,0.19116087,4.2243614e-06,0.57295495,0.004202532,100.0,0.41802946,0.043429945,0.27042964,0.9018018,0.00024472442,0.08347674,1.5768821,0.24567646,0.12021195,0.043311395,0.00056207774,0.37238055,9.624887,0.020701205,0.008918907,0.24505608,0.03530182,0.0033547785,0.0039861933,0.059247248,0.07184435,0.07142379,0.1718978,0.10005297,0.0007154556,0.0064489185,0.1674729,0.033642497,0.5715346,0.0059805345,6.263561e-05,0.072403446,5.8530472e-06,0.07162117,0.005680917,0.38420317,0.027107308,0.0838458,0.012792303,0.0009841083,0.022317708,0.018362494,0.27142563,1.9993728e-05,0.023390139,0.15651551,0.091799684,1.8450823,0.2631561,30.984587,0.14496793,0.00059065793,0.3724794,0.98929757,0.0024203938,0.0019362329,0.039627187,0.25511754,0.17445287,0.027190465
1880,0.1671852,0.13176455,0.031738646,0.00045069447,0.0016606842,1.102891,0.015825585,0.000286181,1.6028751,0.5060257,0.06557191,0.02861572,0.7659171,-0.00095872045,0.029071538,0.75670904,0.16295083,0.00033347603,0.00038088934,0.10794172,0.7162504,0.006735479,0.10869332,1.3689766,0.0017262676,0.0014998869,0.024577593,0.016562609,0.02429587,2.1841414,0.10086278,0.27816015,4.416407,0.086964644,0.011870488,0.09841008,0.026566787,0.00012409723,0.9533978,0.0012663095,0.00031726735,0.0680538,0.1756666,0.008308669,0.55438316,3.1839976,0.0008682644,0.00021113465,0.20531993,0.051512495,0.04600022,0.110064305,0.10324194,0.004472295,0.3675294,0.0957785,0.64532197,0.36079422,-0.001947512,2.6468544,0.0011146045,0.0006446093,6.934841,0.12307972,0.0194266,0.10622845,0.0050822343,0.005570076,-0.014263005,0.15334204,0.0005174545,0.11445684,0.07072537,0.0010650966,0.084473215,0.082693644,0.05545355,0.31827086,3.2005157,5.240556,0.5961832,0.30647394,0.04582698,0.0060495827,0.008464706,0.5550587,0.023887822,0.0040872497,0.5373749,0.59070504,0.07995496,0.053814556,0.14863287,5.3823424e-05,0.001890454,0.20074223,0.00126368,0.07881723,0.005671624,0.024641579,0.0059598098,0.0002399673,0.0002393121,0.089839704,0.0062765125,0.29686412,0.0078049446,0.15915276,0.0002177984,0.1028689,0.06280567,0.2824436,4.82545e-05,0.69960123,0.027248833,0.06315436,0.0006140473,1.1977108,0.027620725,0.43681106,0.12449629,0.032673758,0.002156951,0.020077249,0.2495315,0.012716445,0.045513246,0.1792094,0.1255915,3.4205696e-05,0.422512,0.1947371,0.17273828,4.125196e-06,0.5383515,0.004069077,100.0,0.40379092,0.06295984,0.27496934,0.8866591,0.00023744548,-0.104909375,1.5193791,0.2370554,0.12193024,0.04200776,0.00054569106,0.3566183,10.526488,0.019986229,0.008722967,0.23787503,0.034787804,0.0034137082,0.002028575,0.06536402,0.066132694,0.06922194,0.1676287,0.09657745,0.0004854121,0.0057399604,0.16700573,0.03418502,0.54016006,0.005584541,6.040485e-05,0.07002324,5.6488575e-06,0.06821741,0.0054296064,0.41026968,0.026344692,0.08142018,0.012588409,0.0009540357,0.019941956,0.018141983,0.25922456,1.9517429e-05,0.022594525,0.15172066,0.08886929,1.8266163,0.27361134,28.875416,0.14137602,0.00057328114,0.4131913,1.0251825,0.003527158,0.0018643879,0.038243685,0.21848296,0.17010546,0.02675856
1881,0.16929966,0.12980214,0.032040693,0.00045119296,0.001653421,1.1207204,0.015715081,0.00029694065,1.6275996,0.2820693,0.06554572,0.028362272,0.7613343,-0.00061373075,0.029061278,0.77320284,0.16462122,0.00033101835,0.00038380496,0.10763596,0.72179186,0.006432066,0.20616691,1.509066,0.0017253554,0.002384423,0.03081417,0.016635539,0.025363937,1.8737006,0.092720315,0.28331038,4.669214,0.08629327,-0.029371474,0.21648061,0.06726193,0.00012471605,0.90195274,0.0012619769,0.0003182386,0.072366,0.17661329,0.008105352,0.5629838,3.3285248,0.00086342363,0.00020359278,0.19527286,0.053868055,0.045936313,0.09219773,0.10616836,0.004496861,0.36923122,0.093338266,0.63643676,0.3421461,0.0045128176,2.6556294,0.0011074635,-0.016110992,7.1039124,0.12255849,0.020558462,0.09633684,0.005197323,0.0056992266,-0.02480427,0.15396859,0.00051570695,0.10469522,0.07582583,0.0010760863,0.09103244,0.08105437,0.057967898,0.31952032,3.2591145,5.2640367,0.58528215,0.3084799,0.046293445,0.0059132613,0.008397136,0.5915535,0.024566066,0.004108634,0.54379576,0.5892477,0.08024218,0.054274756,0.15428688,5.3626536e-05,0.0018918527,0.18417528,0.0012598998,0.087297074,0.0052961344,0.023390213,0.006147156,0.0002754966,0.00022430821,0.09407681,0.0063780774,0.2952009,0.007658678,0.15764423,0.00021835834,0.102609,0.062720805,0.29337072,4.839162e-05,0.7905924,0.027428174,0.063114814,0.00060977886,1.5761231,0.027573891,0.47088906,0.12092017,0.03250814,0.0022499647,0.020400858,0.6042751,0.012738128,0.04536904,0.18091866,0.12130213,3.4466608e-05,0.41800365,0.19368376,0.16812049,4.147019e-06,0.56811714,0.0040663234,100.0,0.4026651,0.06783888,0.29064494,0.7505945,0.00023736701,0.0056520454,1.5082304,0.23658451,0.1230417,0.042276647,0.000545023,0.35257876,10.187216,0.01991419,0.008718218,0.23778597,0.03485447,0.0035874804,0.0006020733,0.06980703,0.065915324,0.06912086,0.16349888,0.09611463,0.0008472412,0.0056517683,0.16955623,0.033961833,0.5206014,0.005540455,6.011952e-05,0.06994191,5.625658e-06,0.067158654,0.0053616147,0.49254405,0.026230644,0.08145141,0.012594808,0.00095536205,0.019449776,0.018356955,0.2563532,1.9631885e-05,0.022515548,0.1515066,0.08907713,1.8501687,0.2919679,27.76912,0.14149001,0.00057297776,0.41172022,1.0615556,0.0032856348,0.0018872769,0.038114525,0.20405151,0.17056105,0.02720654
1882,0.1651409,0.12400397,0.030590927,0.00043377213,0.0015927566,1.1003077,0.015119291,0.00029196579,1.5361028,0.27682495,0.063296795,0.027298676,0.7553463,-0.00029764534,0.028054394,0.7694857,0.16060542,0.00031802815,0.0003751907,0.104193985,0.6970377,0.0060226205,0.2503267,1.5820723,0.0016655847,-0.0016700501,0.02533282,0.016154783,0.023632346,2.4565685,0.09257526,0.28870398,4.45412,0.08277687,0.16475257,0.34137,0.0874407,0.00012099694,0.91212976,0.0012160734,0.00030801454,0.06837567,0.1717501,0.007725939,0.545833,3.354621,0.00083046785,8.339959e-05,0.20022807,0.053494,0.04436744,0.12480537,0.10512865,0.0043572313,0.36002186,0.08993271,0.62297636,0.34929422,-0.008891938,2.6332078,0.0010649556,0.05257978,6.9061985,0.116072655,0.0196247,0.091969125,0.0051546516,0.0055331034,0.030525181,0.14925052,0.000496484,0.092505604,0.06184818,0.0010517291,0.07743009,0.079922445,0.06174331,0.30706134,3.0653577,5.1155167,0.5515419,0.30027232,0.045132294,0.0055919536,0.008060896,0.5911415,0.026317336,0.003987741,0.52381194,0.57217234,0.07785944,0.052457888,0.15203027,5.179033e-05,0.0018554097,0.16578871,0.0012151673,0.09271285,0.0048590023,0.022444833,0.0060176407,0.00022431134,0.00022132925,0.097761124,0.0062412526,0.28442037,0.0073113325,0.15294217,0.00021187977,0.099056974,0.06051725,0.29236484,4.7004458e-05,0.8106158,0.02655974,0.060943183,0.00058676634,1.6633205,0.025829835,0.48154676,0.119256034,0.03130042,0.0020250857,0.020374566,0.8984349,0.012366087,0.04387409,0.17609316,0.11461083,3.3318087e-05,0.40246508,0.18783434,0.16053432,4.03374e-06,0.59681344,0.0039304458,100.0,0.38757616,0.056754746,0.27134877,0.5421903,0.00022990415,0.011983243,1.4718875,0.22035,0.122909896,0.04117584,0.0005265068,0.33901596,10.6744,0.019192789,0.008426367,0.23068431,0.033778705,0.0029823447,-0.0035599296,0.068599746,0.06713077,0.06676657,0.1556616,0.0927554,0.0004200308,0.005788715,0.16456617,0.033449672,0.5102348,0.0053640595,5.7912413e-05,0.06767783,5.4339675e-06,0.06386252,0.005131068,0.5074746,0.025288932,0.07874849,0.01226686,0.00092613447,0.018623687,0.017909884,0.2445631,1.9106596e-05,0.021713778,0.14809445,0.08681413,1.8068767,0.29377532,27.391665,0.1369585,0.00055464305,0.36195567,1.0270615,0.0027700008,0.0018459315,0.03676931,0.19018762,0.16454518,0.026674518
1883,0.16723524,0.12779571,0.031070633,0.0004336766,0.0015961641,1.1234642,0.015197026,0.00029676888,1.5931615,0.29423472,0.064010546,0.02730588,0.7904208,-1.8431016e-05,0.028133448,0.76516116,0.1630293,0.00031792608,0.00038063066,0.10531741,0.7002791,0.010417984,0.2842305,1.6747669,0.0016765336,0.0048185214,0.029504826,0.016312813,0.02481191,2.415377,0.09286073,0.30067113,4.467848,0.08139413,0.1322803,0.21150379,0.061410043,0.00012227116,0.9457743,0.0012191392,0.0003099989,0.06818949,0.17301978,0.0076968395,0.56537384,3.507557,0.0008311666,3.8865957e-05,0.20505191,0.05443257,0.04455841,0.28132322,0.10793534,0.004645515,0.36681896,0.088685706,0.62255865,0.35308567,0.0037238654,2.7042844,0.0010653294,0.029067058,7.1590023,0.11656958,0.020109722,0.089709006,0.0051746937,0.005517607,0.020797573,0.15054287,0.0004978827,0.09867366,0.07083281,0.0010689058,0.078955635,0.080452465,0.0586062,0.3155106,3.0299475,5.160392,0.54684705,0.30387437,0.04570169,0.0055013457,0.008049324,0.58574945,0.024479613,0.004020042,0.5639151,0.5778973,0.07844828,0.05293338,0.15903285,5.203764e-05,0.0018766747,0.15747891,0.0012192631,0.09287228,0.004695609,0.021075169,0.006048853,0.00022668685,0.00022070797,0.09757592,0.0063245427,0.28568152,0.0072280383,0.15190396,0.00021391016,0.09948292,0.0609286,0.2830872,4.750066e-05,0.84031767,0.02686561,0.0611665,0.00058773,1.6658775,0.026543053,0.48964122,0.123145685,0.031354856,0.0019567527,0.020407517,0.7134956,0.012518703,0.04375235,0.17803651,0.14449492,3.3656976e-05,0.42079452,0.18839008,0.15971656,4.082069e-06,0.59532416,0.0039515994,100.0,0.389071,0.055414047,0.30962095,0.6806209,0.00023166192,-0.09381911,1.5237808,0.21926785,0.12491711,0.04169701,0.0005289302,0.3404613,8.930778,0.019217668,0.008477374,0.23285782,0.03397434,0.0033540628,-0.00022235753,0.07054729,0.06409001,0.067087136,0.15638213,0.092729405,0.00081384816,0.005565137,0.17022713,0.033574443,0.50738,0.005363475,5.804489e-05,0.0681931,5.455566e-06,0.06317629,0.0051122,0.51800454,0.025500251,0.079384655,0.013932618,0.00093440484,0.018702395,0.018135574,0.2435561,1.9343115e-05,0.021786781,0.14848182,0.088101104,1.8384653,0.3079687,28.174774,0.13846453,0.00055890356,0.39527166,1.025008,0.0023508975,0.0018749062,0.03690825,0.1877746,0.16499367,0.027208216
1884,0.16458517,0.12666723,0.030057825,0.00041179205,0.0015558566,1.117482,0.014805382,0.00029129602,1.593682,0.2831899,0.06254044,0.026583295,0.7632553,0.0002593583,0.027431846,0.7716097,0.1609521,0.00030923093,0.00037421874,0.09966439,0.68318516,0.008663535,0.3052241,1.7375826,0.0016399128,0.0016869964,0.02179328,0.01601819,0.0235225,2.195807,0.09108013,0.2722497,4.596903,0.07895641,0.06640384,0.17128667,0.04466393,0.00012034032,0.9349325,0.0011887231,0.00030295784,0.066433616,0.16987559,0.007465205,0.5579865,3.4847124,0.0008092959,-2.9323369e-06,0.1973608,0.053710345,0.043551445,0.060555957,0.107191294,0.004400332,0.3543307,0.08505844,0.6117902,0.3358619,0.010544298,2.5541677,0.0010369287,0.023652894,6.802209,0.112626694,0.019642243,0.086082704,0.005064213,0.0053274683,0.0040210374,0.14750808,0.00048523856,0.092418365,0.08508601,0.0010564605,0.076722376,0.07667145,0.058348138,0.3132367,2.9057958,5.060151,0.5266089,0.29897198,0.04498133,0.005261744,0.007820507,0.57691914,0.024602002,0.003938931,0.5420693,0.5654083,0.076324135,0.05178363,0.15528052,5.086879e-05,0.0018298281,0.14588535,0.0011898719,0.097485505,0.004442012,0.020600805,0.0058921906,0.00022237723,0.00021878304,0.09731169,0.006262149,0.27942127,0.007137791,0.14953876,0.0002101072,0.09720266,0.059448853,0.27628604,4.6699042e-05,0.8617936,0.02637429,0.05971013,0.0005728774,1.6791972,0.024725016,0.46122488,0.12416623,0.03055817,0.002021862,0.019667407,0.5618498,0.012364866,0.04245426,0.17774816,0.14594866,3.307707e-05,0.41102543,0.18311414,0.15515281,4.0178097e-06,0.60189044,0.0038649628,100.0,0.3791154,0.05390897,0.33038563,0.7846831,0.00022709522,-0.0025258553,1.5049249,0.20478304,0.123694,0.04128898,0.00051678304,0.3321959,11.124017,0.018781533,0.008301616,0.22890463,0.033211917,0.0031987287,0.004275848,0.07019635,0.06116885,0.06557972,0.15170164,0.0904115,0.00085130025,0.00536261,0.16835253,0.03318298,0.48846215,0.0053362125,5.6603603e-05,0.06681941,5.3228055e-06,0.06084778,0.004955315,0.50300264,0.024936754,0.07770852,0.012634257,0.0009173368,0.01829762,0.017850488,0.23634937,1.9048375e-05,0.021267397,0.14432459,0.085537635,1.8111913,0.31237417,27.531492,0.13544963,0.00054585066,0.37722337,1.0314626,0.0028867428,0.0018506129,0.0360452,0.18201657,0.16296868,0.026685996
1885,0.16582014,0.123193935,0.030642862,0.00041172386,0.0015545714,1.1367999,0.014837931,0.0002919713,1.5521888,0.29183543,0.06292315,0.026554337,0.74028164,0.0005123461,0.02741043,0.78342927,0.16252217,0.00030832682,0.00037654993,0.10411369,0.6833275,0.012083801,0.329406,1.602087,0.0016437194,0.002341721,0.03126625,0.016115572,0.023686789,2.8039916,0.09006395,0.2848301,4.3492966,0.086739615,0.14199623,0.20407593,0.058583234,0.0001212542,0.8776117,0.0011878783,0.00030349183,0.06624032,0.17154203,0.0074260803,0.5718167,3.5344663,0.0008080191,-3.8382525e-05,0.19572438,0.054658532,0.04363312,0.22527194,0.10936523,0.004344922,0.35052145,0.084898375,0.5983795,0.35235396,0.0068590585,2.4754446,0.0010340963,0.051466614,6.6837807,0.11428128,0.021666273,0.09344783,0.0051443195,0.00527575,0.024993204,0.1481904,0.00048437362,0.082761504,0.09232197,0.0010699607,0.0712178,0.081111245,0.06165866,0.3172725,2.8500695,5.086692,0.5154204,0.3005934,0.04534058,0.005154534,0.007788949,0.60395694,0.025500778,0.0039489046,0.558424,0.5688136,0.07657653,0.052050665,0.1530518,5.0973125e-05,0.0018221657,0.13950403,0.0011903008,0.12322065,0.004313573,0.020260293,0.005868127,0.0002255478,0.00021368352,0.09715388,0.0063155987,0.27892596,0.0069645266,0.15002173,0.00021153876,0.09735135,0.05978378,0.27034816,4.7059348e-05,0.87003464,0.02663934,0.05975163,0.0005726753,1.7555094,0.026110476,0.49295512,0.12024373,0.030527653,0.0020163595,0.01968815,0.5378637,0.01243238,0.042536207,0.17399646,0.15516955,3.34607e-05,0.41472316,0.18543567,0.1546302,4.0542022e-06,0.57091093,0.003874424,100.0,0.37945372,0.05799511,0.3220737,0.71052545,0.00022819008,-0.10186701,1.5305003,0.2071977,0.12301939,0.04155813,0.00051731005,0.3345303,10.630774,0.01872552,0.008332702,0.23045117,0.03326075,0.0026929316,-0.0014694826,0.069161154,0.06436888,0.06571082,0.15472496,0.0902151,0.0007037418,0.0053742295,0.17264059,0.034046926,0.49069893,0.0053033167,5.6583503e-05,0.06696433,5.321037e-06,0.06010927,0.004922602,0.5063822,0.025091933,0.07811172,0.0123665305,0.00092354865,0.01836384,0.017996788,0.23551482,1.922515e-05,0.021280628,0.1436529,0.085016325,1.8296895,0.32309896,27.620237,0.13632642,0.0005457695,0.37272125,1.0394325,0.0023141576,0.0018716132,0.03607521,0.17995122,0.16227484,0.026940225
1886,0.16891035,0.1265798,0.031346466,0.00040617865,0.0015714824,1.1700045,0.015010481,0.00029579463,1.553,0.28560618,0.0637635,0.026813038,0.72981656,0.0007589525,0.027703894,0.80121166,0.16562626,0.00031102088,0.00038343237,0.10661561,0.6897655,0.01331444,0.35440072,1.5606642,0.0016687233,0.0035112135,0.022658948,0.016396962,0.02417712,2.5240371,0.091806196,0.27775016,4.484957,0.08089339,0.08492505,0.23558095,0.06300064,0.0001235889,0.964131,0.0012010501,0.00030728473,0.06732535,0.17386681,0.007476629,0.5931088,3.5922735,0.00081615365,-7.361639e-05,0.19700366,0.054944463,0.044226408,0.22476746,0.11278602,0.0047525386,0.35742447,0.08436219,0.61352026,0.3556544,0.0031466435,2.4630408,0.0010433474,0.046665948,6.700622,0.115000494,0.020753186,0.090098925,0.0051832036,0.0052623022,0.009191168,0.15068051,0.0004891819,0.08583568,0.0067224787,0.0010959851,0.070167124,0.08405024,0.0509067,0.31756634,3.0130284,5.1712985,0.5121676,0.30566266,0.04621316,0.005106281,0.007848783,0.61025894,0.017481815,0.004003057,0.61850065,0.57868606,0.07759456,0.05283227,0.15606016,5.1674964e-05,0.0018356647,0.13803615,0.001204555,0.11764124,0.004251284,0.021398734,0.0059019686,0.00023052355,0.00022194203,0.101090595,0.0064359773,0.28132623,0.006977469,0.14932574,0.0002154531,0.09863776,0.06047652,0.27984807,4.7973062e-05,0.90791166,0.027227389,0.060475912,0.00058000116,1.7661515,0.026944615,0.50080836,0.1199185,0.030853255,0.002024977,0.020894278,0.48119688,0.012604081,0.043039147,0.17500857,0.1365045,3.4096207e-05,0.42401922,0.18455479,0.15601774,4.137974e-06,0.59861803,0.003928911,100.0,0.3831844,0.059764177,0.33481765,0.81324846,0.00023195986,-0.059853,1.5606413,0.204308,0.12722084,0.042595737,0.00052396086,0.3381104,9.790207,0.018931087,0.008464527,0.2346238,0.03376623,0.003061243,-0.00052325247,0.07320162,0.05792512,0.06661002,0.15640843,0.0911635,0.0005749267,0.0053938725,0.18021546,0.03531518,0.49291095,0.0054306393,5.7224468e-05,0.067876354,5.3815024e-06,0.060102362,0.0049462435,0.49114865,0.025494449,0.079184555,0.015372132,0.0009408792,0.018652758,0.01834823,0.23621705,1.9627061e-05,0.02154223,0.14806473,0.08522581,1.8686248,0.3320931,27.912172,0.13830613,0.00055224734,0.33025748,1.0569102,0.0021659192,0.0019134096,0.036527276,0.18057929,0.16678756,0.027660932
1887,0.16497245,0.12057345,0.030685965,0.00040613554,0.0015235908,1.160747,0.014579556,0.00028799687,1.5808783,0.29115817,0.062134717,0.025988057,0.754683,0.0009601215,0.026857039,0.7592055,0.16216268,0.00030095858,0.0003746204,0.10570328,0.67001486,0.008171928,0.36418694,1.7370738,0.0016269783,0.0013572152,0.032246146,0.015999045,0.024605842,2.1111414,0.093151346,0.29300216,4.6538463,0.076558076,0.06623043,0.19474891,0.043368693,0.000120824494,0.97442716,0.001164624,0.00029858528,0.06641365,0.17139252,0.007223101,0.5944257,3.6045885,0.000790928,-9.971718e-05,0.1961148,0.054605514,0.04298333,0.50217134,0.111485966,0.0044556833,0.3475254,0.08184378,0.59261185,0.3575562,-0.0033429693,2.494993,0.0010096664,0.0067038056,6.638526,0.11344484,0.020835143,0.08249442,0.005023518,0.0051581836,0.002978426,0.14681114,0.00047443566,0.077815235,0.06961439,0.0010761973,0.070729844,0.0832008,0.059468858,0.3093452,2.9875329,5.06021,0.48847198,0.29806542,0.045165572,0.0048475666,0.0075875926,0.6394624,0.02382661,0.0038910632,0.57319945,0.5642817,0.075254485,0.051488332,0.15433495,5.0254188e-05,0.0017823623,0.12882975,0.001169316,0.10308659,0.004029637,0.021458657,0.0056866496,0.00022792953,0.0002221772,0.096232615,0.0062868246,0.27779534,0.007008397,0.14762387,0.0002104819,0.09586856,0.0586343,0.27104974,4.6909125e-05,0.92105293,0.026668621,0.058723245,0.000563486,1.7966146,0.026940951,0.49693078,0.11213478,0.029912803,0.0019873902,0.020314753,0.3527297,0.012400233,0.041925803,0.17231138,0.12469804,3.3462074e-05,0.42568383,0.17750554,0.15139097,4.050789e-06,0.61932546,0.0038217697,100.0,0.3716944,0.06277917,0.3098007,0.8072989,0.00022618234,0.031612743,1.5287015,0.19512254,0.12544163,0.04195769,0.00050907326,0.3302296,10.345315,0.018386016,0.008250656,0.22939661,0.03270311,0.0031490936,0.010252637,0.06819997,0.059462026,0.064770676,0.15298852,0.08839759,0.00073511637,0.0052691083,0.18015093,0.034457102,0.47765717,0.0053820806,5.5512806e-05,0.06598598,5.224321e-06,0.05769141,0.0047678477,0.4773521,0.024877401,0.077206604,0.01308187,0.000919403,0.01818079,0.017938135,0.23278227,1.921844e-05,0.020918546,0.14236869,0.08380886,1.8308879,0.33265445,27.72077,0.13489965,0.0005373326,0.3944805,1.0269518,0.0025551987,0.001876069,0.035479102,0.17412281,0.16109824,0.027059117
1888,0.1659981,0.1266047,0.030503113,0.00040923513,0.0015228682,1.1776328,0.014587988,0.00028847414,1.56036,0.2871658,0.062404476,0.025961183,0.7825467,0.0011751022,0.026833238,0.76415867,0.16346228,0.0003002958,0.00037720744,0.10348738,0.6695338,0.007028416,0.3839804,1.5968871,0.0016341849,0.0026804216,0.03373437,0.016086433,0.02400276,2.219639,0.09414539,0.28153077,4.5330753,0.07598871,0.08445994,0.2044397,0.059177756,0.00012187221,0.84856135,0.0011639621,0.00029876694,0.06410933,0.17387214,0.0071942825,0.6163818,3.8468757,0.00079003134,-0.00012664463,0.1982404,0.05519782,0.043057896,0.09754625,0.11350928,0.004490527,0.34950814,0.079723135,0.6018673,0.361255,0.012800568,2.5440862,0.0010067753,0.008710026,6.850366,0.11224599,0.021344503,0.08110027,0.005025063,0.005055406,0.0068156566,0.14742962,0.00047393114,0.081987225,0.09644806,0.00108906,0.068929896,0.08177288,0.060149416,0.31270665,2.838468,5.1056714,0.47855496,0.2994958,0.045482628,0.004738838,0.0075613256,0.66346574,0.024986437,0.0038968942,0.5991352,0.56660473,0.07522687,0.05169403,0.15256868,5.0375653e-05,0.0017794969,0.1258846,0.0011698839,0.1065959,0.003944904,0.019676592,0.005641605,0.0002320171,0.00022147133,0.09623677,0.006326453,0.27288857,0.006939891,0.14564523,0.00021191464,0.096035756,0.05859966,0.27295905,4.727368e-05,0.91384375,0.026921187,0.05877596,0.0005642452,1.7364603,0.025942896,0.5091798,0.118384935,0.029892635,0.0020691466,0.020059787,0.34225857,0.012415508,0.0418246,0.17458361,0.11489332,3.384062e-05,0.4404182,0.1797618,0.15164134,4.086349e-06,0.6012501,0.0038311528,100.0,0.37189814,0.06628521,0.37900034,0.7857538,0.00022731905,0.07520066,1.5781429,0.19124874,0.12723333,0.0425488,0.0005098473,0.33183992,9.428409,0.018360045,0.008291484,0.23111694,0.032717556,0.0027775783,0.004368519,0.06949643,0.074642114,0.06491627,0.15126026,0.088230565,0.00056784396,0.005454772,0.18553329,0.034574226,0.48491037,0.005272395,5.550509e-05,0.06610678,5.2257737e-06,0.057099164,0.0047370484,0.48547208,0.025004065,0.07746144,0.014380969,0.00092630804,0.018267555,0.018070154,0.23515637,1.9393694e-05,0.020936526,0.14195724,0.08299894,1.8385884,0.34084448,28.605755,0.13546817,0.00053816073,0.3853657,1.0116589,0.0029661998,0.0018949866,0.035519537,0.1736566,0.16053374,0.027330944
1889,0.16434896,0.11871411,0.030481251,0.00040468932,0.0014984886,1.1899996,0.014399256,0.00028480883,1.486186,0.29750353,0.06179217,0.02551325,0.7832501,0.0013662683,0.026380988,0.7544407,0.16201708,0.0002948034,0.00037406944,0.104703166,0.6661413,0.0063645192,0.3955746,1.7805243,0.001616995,0.0024309338,0.021126388,0.015921606,0.023479963,2.5461373,0.0953165,0.2604029,4.5420666,0.07374226,0.07012704,0.22477263,0.06546212,0.0001208553,0.88750064,0.001145071,0.00029427663,0.06332626,0.17358845,0.007055858,0.62803197,3.9773607,0.0007769504,-0.0001489497,0.1955086,0.055194676,0.04243622,0.21053204,0.11369278,0.0044419463,0.3493261,0.07816523,0.58875585,0.35778832,0.0013605265,2.5409417,0.0009880002,0.029667592,6.896433,0.10975452,0.020039914,0.080920674,0.005017975,0.0049341572,0.0025883226,0.14571081,0.0004662724,0.07950201,0.09955717,0.0010847512,0.06502611,0.08478765,0.058593668,0.31148553,2.9303663,5.0475345,0.4591852,0.29613927,0.045072503,0.0045516025,0.007417759,0.65676826,0.024084896,0.0038412004,0.6007977,0.561972,0.07416872,0.05116175,0.15578414,4.9710692e-05,0.001754912,0.12096211,0.0011523991,0.10108442,0.0038083934,0.020529186,0.0055047893,0.00023267462,0.00021851544,0.10077184,0.006260738,0.2707375,0.006806106,0.14359608,0.00020998962,0.09469202,0.05777787,0.27702677,4.6891997e-05,0.9397963,0.026873834,0.057913627,0.0005556281,1.7989682,0.026325524,0.5004268,0.11136645,0.029408155,0.0019871523,0.019733706,0.59605604,0.012295198,0.041020382,0.17259155,0.1331631,3.3814038e-05,0.43253583,0.17891407,0.14865169,4.0570185e-06,0.58925927,0.0037803084,100.0,0.36593938,0.056448787,0.32550317,0.6898862,0.00022488822,0.08291936,1.6039313,0.18803486,0.12927969,0.04263611,0.00050274056,0.32311428,9.995508,0.018063815,0.0082042245,0.22917129,0.032217734,0.0025654307,0.002325394,0.07114545,0.059075553,0.06404474,0.14758763,0.08679104,0.00015487535,0.005256897,0.18847105,0.035119247,0.4781394,0.005389707,5.4627708e-05,0.06518211,5.147783e-06,0.055664424,0.004632744,0.49866337,0.024779016,0.076544665,0.012783812,0.0009188027,0.018075941,0.017914107,0.23587964,1.9262181e-05,0.020626675,0.13889582,0.08112373,1.8266786,0.3484928,27.145844,0.1342062,0.00053189293,0.40643895,1.0101328,0.0023312261,0.0018842814,0.035003927,0.17110643,0.15838616,0.027103081
1890,0.15729715,0.1205482,0.029721078,0.00037811432,0.0014188512,1.1549385,0.013288964,0.00024873117,1.5645293,0.284732,0.05874042,0.024163703,0.7941666,0.0015904377,0.025330778,0.7221532,0.13442144,0.00027830614,0.00036408057,0.09950502,0.62870556,0.0086303,0.3362435,1.5367215,0.0015465098,0.0032722435,0.028857427,0.015428538,0.023577625,2.0801933,0.099483706,0.26110256,4.6173987,0.07980773,-0.00373188,0.27958956,0.08193126,0.000116034,0.8813207,0.0010901141,0.00028332457,0.06879531,0.16602348,0.006607966,0.62728876,3.8856957,0.00073851756,0.00016662736,0.18683253,0.057098776,0.040149957,-0.029683113,0.1090526,0.004304357,0.3719926,0.07594667,0.5505837,0.33477053,0.003072275,2.548528,0.0009314951,-0.013197896,6.6720614,0.099802755,0.02064669,0.0807669,0.005272429,0.004815537,-0.01240866,0.13842347,0.00044507696,0.07559414,0.0553633,0.0010404945,0.060371038,0.080979995,0.060515042,0.31134704,3.48736,4.818832,0.42449525,0.274882,0.04356812,0.0041123345,0.0069895526,0.6031609,0.018769199,0.003635033,0.59994125,0.53710216,0.07216403,0.048845213,0.14739949,4.7653997e-05,0.0016284322,0.11266447,0.0010930913,0.10233494,0.0036639809,0.018873693,0.0064141694,0.00025817417,0.00020949713,0.10959322,0.0062443316,0.25409395,0.0064324792,0.14032228,0.00019997558,0.089740865,0.055582702,0.2759155,4.5193035e-05,0.99937314,0.025901163,0.055564314,0.00051992206,1.6782403,0.024855549,0.47976145,0.10777687,0.027935965,0.0017600256,0.018465992,0.51110715,0.011993198,0.0395703,0.1712745,0.13846882,3.237598e-05,0.4114162,0.17184246,0.14384085,3.9047054e-06,0.5795566,0.0035807858,100.0,0.3472146,0.055539817,0.30493513,0.5755569,0.00021715299,1.1106993,1.5080775,0.1752273,0.120273955,0.04158125,0.00047703055,0.31185022,10.503629,0.01736375,0.0077810856,0.21905585,0.031416778,0.002399198,-0.001345222,0.07534715,0.051162675,0.06104063,0.13919233,0.08274338,0.0014724347,0.0050228056,0.18469352,0.03313498,0.45520198,0.0053523,5.176098e-05,0.05307819,4.8864745e-06,0.053259555,0.004630253,0.5107333,0.023489797,0.07317336,0.011944097,0.0008770012,0.015214638,0.017665908,0.22492436,1.8581663e-05,0.019579634,0.13563074,0.07787678,1.8281674,0.32816377,27.713827,0.12877676,0.00051161635,0.278062,0.98545223,0.0027192447,0.0018319999,0.033173613,0.19242944,0.15227954,0.02676869
1891,0.15280083,0.11934754,0.02872773,0.00037084788,0.0013666793,1.1398805,0.012700082,0.00022977366,1.5413488,0.3033533,0.05668042,0.023293322,0.72921735,0.0017365176,0.0246139,0.69137895,0.11969327,0.000267315,0.00035499435,0.09380887,0.60571396,0.007313935,0.3055124,1.9294626,0.0014901626,0.00013402116,0.032906905,0.015059822,0.023050439,1.6872445,0.10625629,0.26364744,4.436923,0.07315079,0.18508686,0.2264027,0.061144028,0.0001122209,0.8946994,0.0010504398,0.00027528123,0.07079146,0.16321184,0.006328185,0.62168455,3.938066,0.00071091036,0.00028305087,0.18692124,0.056677844,0.038849145,0.042348698,0.106261335,0.00422429,0.38303193,0.072050884,0.5331026,0.31112057,0.0005459016,2.4511304,0.0008943729,0.07033082,6.5207324,0.09334918,0.020318868,0.08683978,0.0052799974,0.0047235973,0.04245711,0.13511941,0.00042921514,0.07086433,0.03688039,0.0010263135,0.06173505,0.07783423,0.057772953,0.30888936,3.8416128,4.6484766,0.40530142,0.26206794,0.042466003,0.0039375513,0.006702785,0.58977455,0.012496863,0.0034956557,0.6063869,0.52449,0.0701224,0.047149267,0.14725214,4.57189e-05,0.0015338366,0.10782713,0.0010544759,0.09871211,0.0035785476,0.01772955,0.0066556456,0.0002548374,0.00020472078,0.13135372,0.0062326007,0.24352676,0.0061590085,0.13325548,0.00019398732,0.08655382,0.0541876,0.273863,4.3887634e-05,1.0419453,0.025232075,0.053812698,0.0005034688,1.739996,0.022820782,0.47663152,0.1092895,0.026901793,0.0017113799,0.01852476,0.6075695,0.0117007755,0.03904922,0.16954352,0.12408214,3.1504525e-05,0.4150159,0.17019647,0.13943231,3.7879272e-06,0.5345324,0.0034562405,100.0,0.33443034,0.05496146,0.31779414,0.69918925,0.00021083461,1.2519099,1.4836997,0.16627926,0.11641154,0.04103273,0.00046066893,0.30741623,10.978462,0.016787188,0.0075066825,0.21288364,0.030720081,0.0023042958,0.0025775384,0.07718264,0.05018748,0.05900645,0.13457634,0.07979786,0.0011484871,0.0048827585,0.18091263,0.032448,0.4422993,0.0052670226,4.9886155e-05,0.04676848,4.7136036e-06,0.051324323,0.0045088315,0.50605625,0.022224663,0.071224645,0.011353213,0.0008506292,0.014165082,0.017424807,0.21927582,1.8021929e-05,0.01908156,0.13232866,0.07508312,1.8110259,0.3197061,27.247314,0.12549838,0.0004951464,0.23497187,0.96602607,0.003157401,0.0017781869,0.03194968,0.19906038,0.1511083,0.02632024
1892,0.15485701,0.11876885,0.029391523,0.00037659952,0.0013755588,1.1831136,0.012727263,0.00022630236,1.5664405,0.30135024,0.057106253,0.023637157,0.72345924,0.0019546996,0.02493413,0.7046915,0.11384014,0.00026845472,0.00036135784,0.09661493,0.61324596,0.007865183,0.30521953,1.433642,0.0015034346,0.0022393777,0.039640028,0.015333655,0.023774909,1.6038649,0.108473055,0.27080977,4.582289,0.07271382,-0.03140329,0.1699384,0.045539204,0.00011358695,0.95580524,0.0010571072,0.0002792605,0.07340562,0.16718858,0.006346381,0.63394994,3.8929684,0.0007146123,0.0003548577,0.19225827,0.05859105,0.03924424,0.1518143,0.10827684,0.004284407,0.4003367,0.06811561,0.54272974,0.3295239,0.016038554,2.463586,0.00089720206,-0.019596646,6.416114,0.09340572,0.020779295,0.08720286,0.005519626,0.0049370825,-0.023852149,0.14282195,0.0004325651,0.0707999,0.08073926,0.0010572955,0.059535187,0.08190735,0.06222438,0.31703165,4.060811,4.6909566,0.40072596,0.2621041,0.043172985,0.00393702,0.006723598,0.6100442,0.013107345,0.0035166652,0.6123081,0.5332998,0.070857555,0.047524843,0.14839344,4.5869245e-05,0.0015310249,0.106747,0.0010629817,0.091913536,0.0036373886,0.0186325,0.0069664256,0.00025853474,0.00020967575,0.13569266,0.0064559337,0.2486099,0.006205965,0.12879491,0.00019664258,0.08729423,0.05513211,0.2716718,4.453603e-05,1.0771196,0.025714299,0.05431563,0.0005098361,1.7752016,0.023625767,0.48235655,0.10354404,0.027071716,0.0017868569,0.020568538,0.4232578,0.011882633,0.03954652,0.17706965,0.14460507,3.2158132e-05,0.4058038,0.17284559,0.14110109,3.842993e-06,0.5800026,0.0034875595,100.0,0.33666012,0.06437462,0.30590624,0.54327,0.00021398738,1.3424827,1.4538176,0.16349864,0.11660921,0.042095665,0.00046492566,0.31330532,11.04534,0.016991038,0.007575407,0.21654531,0.031233277,0.0022947537,0.00026809523,0.08425157,0.049644016,0.059588715,0.1361558,0.080311865,0.0006834829,0.0053247064,0.18339524,0.03371551,0.4527986,0.005418141,5.024902e-05,0.044135023,4.754585e-06,0.051399752,0.004544818,0.48035496,0.022035688,0.07212715,0.013129645,0.0008621485,0.0140558835,0.017841024,0.2234869,1.8277111e-05,0.019431213,0.13322535,0.075994745,1.8705366,0.32567248,27.492857,0.12733044,0.00050130644,0.25992054,0.9701601,0.0027029985,0.001800922,0.032171305,0.21164303,0.15180948,0.027018333
1893,0.15252073,0.11919146,0.02909726,0.00036273457,0.0013466462,1.184299,0.0125371,0.00021864568,1.5352479,0.33921543,0.056698155,0.023058888,0.6934469,0.0021333413,0.024508182,0.6849785,0.10664345,0.00026217176,0.00035804982,0.09645264,0.5967419,0.008676303,0.2994313,1.9718916,0.0014765599,0.0009520935,0.029010229,0.015164292,0.022975411,2.1642663,0.101888776,0.28531975,4.3643703,0.073931344,0.056511,0.1975896,0.053740453,0.00011183607,0.9084614,0.0010341519,0.0002750014,0.07215894,0.16453473,0.0061964886,0.6302923,3.9046638,0.00069869723,0.00040101627,0.1891928,0.05850801,0.038519476,-0.05254889,0.10731726,0.004178928,0.39429948,0.06648239,0.5293633,0.32838324,0.0023825183,2.3677044,0.00087500754,0.01470743,5.7407184,0.09156322,0.020924281,0.08613251,0.0054284963,0.0047137854,2.86475e-05,0.14060031,0.000424108,0.07011646,0.060955968,0.0010585926,0.05678293,0.081632994,0.05979621,0.31650865,4.0503225,4.5837297,0.38791972,0.2555648,0.042637754,0.003821787,0.006561965,0.58946896,0.013099325,0.0034430278,0.59698534,0.5319953,0.069806166,0.046975028,0.14387701,4.47797e-05,0.0014942391,0.103524685,0.0010421969,0.08653138,0.0035839062,0.017530922,0.0069351066,0.00025725452,0.00021345398,0.12738943,0.0064517898,0.2390035,0.006191163,0.12746657,0.00019382386,0.085716195,0.054790903,0.29483122,4.3943994e-05,1.0987922,0.025481686,0.053253733,0.0005024479,1.6874107,0.02369751,0.4765848,0.114382155,0.026495824,0.001745686,0.018811392,0.26918402,0.011769986,0.039163828,0.17981322,0.115574434,3.1915e-05,0.4105149,0.1700154,0.1384322,3.7910029e-06,0.5844945,0.0034226053,100.0,0.32950744,0.07014782,0.31086135,0.7751341,0.00021125459,1.299911,1.4423795,0.15506437,0.112042226,0.041816037,0.00045631477,0.31215137,11.4090185,0.016682623,0.007440096,0.21350798,0.030822597,0.0022988177,0.008751809,0.08115653,0.054794475,0.058511473,0.13448226,0.07869538,0.00012180094,0.0049737245,0.18250395,0.033211727,0.43709472,0.0054806597,4.92203e-05,0.041235466,4.665054e-06,0.04999575,0.0044336324,0.48182115,0.021647979,0.07155312,0.011867617,0.00085012795,0.013742546,0.01771394,0.22188318,1.8034361e-05,0.019239035,0.13234738,0.07497762,1.8754499,0.32448465,27.551647,0.12691925,0.0004944939,0.2190876,0.9648669,0.0035210324,0.0017739282,0.031509534,0.23126778,0.14827144,0.027201405
1894,0.15203963,0.11522746,0.028946463,0.0003641815,0.0013349216,1.205532,0.012386297,0.00021469223,1.5192739,0.34265345,0.05616027,0.022967983,0.73790884,0.0023217795,0.024342543,0.68219304,0.10143115,0.00025924086,0.00035884907,0.09468378,0.5960286,0.006889669,0.2981798,1.4179595,0.0014688077,0.00042006624,0.027594738,0.015177638,0.023734758,2.1832104,0.109574705,0.30601674,4.406495,0.071188286,0.016298551,0.19641976,0.05898963,0.00011140374,0.9075969,0.001024478,0.00027371987,0.07245231,0.16546248,0.0061288583,0.63605237,4.009715,0.000691838,0.00044108907,0.19634983,0.058751967,0.038279932,0.14761356,0.10769527,0.0044538127,0.4032757,0.06887194,0.53643167,0.33089134,-0.0039446214,2.4412925,0.00086404517,0.006359426,6.4079237,0.08822457,0.02115927,0.07969174,0.0056434465,0.0048736003,-0.010674418,0.1406572,0.00042096095,0.07457425,0.077569395,0.0010725905,0.05745192,0.079666846,0.062108837,0.32008827,4.3302064,4.5432796,0.3824047,0.25255665,0.042608637,0.0037568985,0.006485184,0.59990656,0.011144984,0.0034130765,0.6403377,0.53169113,0.06943686,0.046690494,0.14596973,4.4289296e-05,0.0014770405,0.101469636,0.0010345544,0.09195405,0.0035703336,0.024589187,0.006946784,0.0002589038,0.00020757121,0.13494107,0.0065284176,0.24226469,0.006178423,0.13098986,0.00019341866,0.08540326,0.054479945,0.26049492,4.3898075e-05,1.0943577,0.025549034,0.05285496,0.00050252624,1.7387125,0.023307089,0.46736324,0.10144677,0.02628671,0.0017584199,0.018382385,0.30923712,0.011783789,0.03902665,0.18412532,0.14084049,3.1946453e-05,0.41350406,0.17475012,0.13764898,3.7897396e-06,0.5692596,0.0034013032,100.0,0.32691938,0.055859685,0.32821682,0.7194405,0.00021121156,1.3142297,1.4340578,0.14675553,0.11513606,0.04222716,0.00045350762,0.30222186,11.21883,0.016544988,0.0074032303,0.2135455,0.030636447,0.0022940494,0.0018121636,0.08311849,0.04705719,0.058172982,0.13257459,0.07797203,0.0003963794,0.0049118185,0.1830007,0.032754835,0.4421718,0.0054175355,4.8816368e-05,0.039300498,4.6337173e-06,0.04925535,0.0043728333,0.46326935,0.021418743,0.07104749,0.0114660375,0.00084912946,0.013654199,0.017867899,0.22196239,1.8025905e-05,0.01928426,0.13188922,0.07406749,1.896596,0.3280122,26.856312,0.12630938,0.0004936125,0.24485865,0.9315457,0.001913445,0.00177083,0.031252947,0.2422612,0.14673239,0.027119923
1895,0.15091744,0.11778049,0.02871669,0.00035835686,0.0013189026,1.2225451,0.012349665,0.00021043948,1.5324215,0.3680177,0.05641632,0.022563921,0.7216998,0.0024637347,0.024074055,0.6749798,0.09628719,0.00025547194,0.00035853506,0.09320397,0.5904277,0.006058956,0.29527286,1.642169,0.0014562331,0.0009752183,0.022296514,0.015134395,0.024394915,2.4939322,0.11569325,0.25286844,4.4838185,0.0697716,-0.007842937,0.16575444,0.04299816,0.00011074192,0.9486183,0.0010113306,0.00027151886,0.07398863,0.16430618,0.0060424563,0.64475024,4.0920477,0.00068286393,0.00047370914,0.1965807,0.058792245,0.03790835,0.10425325,0.10769127,0.004203816,0.39968497,0.06667947,0.5321456,0.3357809,0.0075852843,2.4191031,0.0008500894,-0.013122016,6.3577776,0.08960828,0.020831076,0.07449501,0.0057580494,0.004672495,-0.019988561,0.13972762,0.0004160087,0.06560866,0.10795207,0.001082556,0.065262064,0.07968812,0.056605507,0.31961542,4.1921735,4.516564,0.37261745,0.24893071,0.042401787,0.0036781374,0.0063888975,0.6011665,0.009084467,0.0033713782,0.6436992,0.53454757,0.068653025,0.046622403,0.1437421,4.367992e-05,0.0014547748,0.10197002,0.0010237945,0.08929397,0.0035512757,0.019212773,0.006906492,0.0002603313,0.0002142554,0.12852007,0.006592396,0.2366496,0.006034254,0.12794217,0.00019234055,0.08512812,0.054616325,0.28999966,4.3699074e-05,1.1193186,0.025337128,0.052280873,0.00050209416,1.690757,0.022645915,0.46975508,0.09977711,0.025980214,0.0015601163,0.018470187,0.1890745,0.011802088,0.038650993,0.18643437,0.13945374,3.2098673e-05,0.40274146,0.17550749,0.13638657,3.7775749e-06,0.5706635,0.0033682324,100.0,0.32317057,0.055464014,0.310371,0.6918848,0.00021048867,1.3991557,1.4488177,0.15312052,0.11285801,0.04240829,0.00044935744,0.29572323,10.874316,0.01638097,0.00734506,0.21248703,0.030381301,0.002123345,0.0025146618,0.08085085,0.05058816,0.057640128,0.13034184,0.077073865,5.5884117e-05,0.0048477384,0.1841457,0.03306502,0.43858257,0.0053697284,4.8251444e-05,0.037510786,4.586229e-06,0.04837256,0.004295172,0.4553229,0.021382846,0.07130092,0.011272502,0.0008453615,0.01353528,0.01809628,0.22201225,1.796374e-05,0.019261118,0.12998864,0.07504317,1.9113998,0.32696667,26.933891,0.12707782,0.0004908018,0.21788062,0.9724563,0.0028923124,0.0017614213,0.030898698,0.255913,0.14558852,0.027495239
1896,0.15190792,0.12083533,0.02899877,0.00035936892,0.0013217902,1.2533209,0.0123607665,0.00020955203,1.4805927,0.38034463,0.056533486,0.022651237,0.75560933,0.0026618715,0.024192858,0.6750249,0.09349604,0.00025534994,0.0003629555,0.09465522,0.59344923,0.0095656,0.29767385,1.6798189,0.0014700977,-0.00015891503,0.0272501,0.015317047,0.02330858,1.7949389,0.12063173,0.26940638,4.578021,0.07119491,0.16422097,0.16344555,0.045184743,0.00011168017,0.9612912,0.0010127116,0.00027294594,0.074697755,0.16361426,0.006043441,0.6559561,4.363996,0.0006837655,0.0005082116,0.208823,0.059219748,0.038072217,0.020179825,0.10933025,0.004194506,0.41212937,0.06592879,0.52712077,0.322469,0.0051321234,2.4712894,0.0008480588,0.04826448,6.484322,0.090022035,0.021995852,0.07761173,0.005538309,0.0046503358,0.03180016,0.14185281,0.00041745685,0.06497376,0.059455622,0.0011077112,0.06652834,0.081321426,0.060727116,0.3290374,4.1420794,4.532473,0.36845267,0.24898402,0.042783186,0.0036493472,0.0063841715,0.60996044,0.0075228075,0.0033774285,0.7202999,0.54003567,0.069132805,0.04686223,0.14137948,4.37235e-05,0.0014541162,0.10497703,0.0010274716,0.096693516,0.0035799723,0.018858561,0.006970434,0.00026566486,0.00021772877,0.13520657,0.006754792,0.23900008,0.0060796845,0.12771441,0.00019397869,0.08654578,0.054996975,0.25474706,4.4121385e-05,1.1260765,0.025570935,0.052471846,0.0005105261,1.6876255,0.02287562,0.4748651,0.10419931,0.02601572,0.0015165532,0.019185865,0.36088178,0.011973166,0.038947493,0.19279164,0.14771877,3.2585558e-05,0.41932958,0.1769768,0.13722536,3.81956e-06,0.56420314,0.0033832472,100.0,0.32400388,0.055712387,0.29336718,0.7619708,0.00021281421,1.3739097,1.4906876,0.15810971,0.11388567,0.04345363,0.00045155283,0.29948044,10.138094,0.016384251,0.007393914,0.21478678,0.030600527,0.0016355009,0.00036996944,0.081485465,0.046846457,0.057928324,0.13316447,0.07719485,0.0004499507,0.004872271,0.1874703,0.033433303,0.44533655,0.0053967554,4.8373688e-05,0.03644836,4.6039713e-06,0.04820773,0.004281239,0.48009983,0.021482816,0.07163087,0.013068202,0.0008538422,0.013611921,0.018806677,0.22661358,1.8164013e-05,0.019564124,0.1322132,0.074560076,1.9358099,0.33135307,27.121458,0.12783568,0.0004951727,0.2110021,0.94974726,0.0036752361,0.0017779376,0.030987127,0.273202,0.14967549,0.027497705
1897,0.1481437,0.114207245,0.028701287,0.0003481151,0.001283931,1.2444617,0.012162433,0.00020209198,1.5540466,0.39301878,0.05599516,0.022296038,0.7510159,0.0028201526,0.023615552,0.6667168,0.08838769,0.00024732744,0.0003563651,0.09231396,0.576548,0.013007847,0.2900324,1.6855117,0.00143825,0.0037992257,0.028658424,0.01502237,0.02219046,2.0557363,0.11970873,0.27965224,4.497584,0.06719822,0.03209024,0.21852452,0.052194994,0.00010916221,0.9123993,0.0009827007,0.00026599085,0.07197693,0.15977353,0.0058580013,0.6619969,4.475436,0.00066360977,0.0005208292,0.20801306,0.05802837,0.03705043,0.13878971,0.107541665,0.0041208095,0.40502203,0.063470006,0.51173216,0.32470617,-0.003133159,2.4709275,0.00081984105,0.008641367,6.4361773,0.083986,0.020822542,0.076461494,0.0055902833,0.0047065546,-0.003924667,0.13855009,0.0004059474,0.06226855,0.042225983,0.0010984842,0.058119453,0.08049327,0.053433932,0.3227406,4.2572203,4.4169216,0.3539796,0.24141905,0.04181994,0.0034993212,0.0061818394,0.5957075,0.005326013,0.0032786026,0.73973995,0.5347892,0.06736028,0.04609801,0.14215569,4.243365e-05,0.0014091544,0.10360161,0.0009994741,0.091195576,0.0034955686,0.017558811,0.006847973,0.0002613982,0.00021133551,0.1479848,0.00671459,0.23295394,0.0058855894,0.12358135,0.00018955761,0.08588382,0.05423216,0.26772863,4.3165353e-05,1.109031,0.02492535,0.051060405,0.0005044144,1.7351962,0.022514623,0.46402755,0.09520408,0.02526841,0.0017304526,0.018435193,0.50118995,0.011683449,0.038555562,0.19279635,0.13246204,3.216214e-05,0.41694814,0.17628759,0.1337354,3.7443401e-06,0.57151735,0.003293194,100.0,0.31492645,0.054823928,0.270009,0.6564213,0.00020852948,1.3840939,1.4729176,0.14273277,0.112007365,0.04317405,0.00043991132,0.29531518,10.747502,0.015948107,0.007214969,0.21008283,0.030502986,0.0019023384,0.005719426,0.08139753,0.042754147,0.056418598,0.12676162,0.07492874,0.00064234465,0.00473952,0.18878897,0.03319364,0.43965238,0.0052878996,4.6995974e-05,0.03442097,4.47872e-06,0.046598714,0.0041334154,0.50463295,0.021189824,0.070553206,0.0115963565,0.0008358004,0.013283709,0.019226177,0.22150421,1.7803903e-05,0.01988426,0.12868536,0.07331105,1.9197776,0.32269368,26.536348,0.12663081,0.00048396914,0.18575785,0.9362806,0.0027528193,0.0017394965,0.030115258,0.27657217,0.14277792,0.027040243
1898,0.14793542,0.11623146,0.028619843,0.0003448476,0.0012773722,1.2674239,0.012226966,0.00020003304,1.4922028,0.40943104,0.056686506,0.022155419,0.7544652,0.0031010685,0.023636956,0.65738434,0.08603375,0.00024535166,0.00035830258,0.09128311,0.577958,0.009168416,0.2886639,1.5316664,0.0014417787,0.0023954115,0.02487501,0.015102211,0.0227186,1.6289032,0.1245531,0.2785287,4.509698,0.06578002,0.050770357,0.22570123,0.059323695,0.0001093017,0.9245035,0.0009766424,0.00026526765,0.07396079,0.16155991,0.0058156927,0.6678563,4.613,0.00065975887,0.00054581405,0.20805022,0.058782347,0.037053335,0.13745517,0.108483166,0.0040857857,0.40282646,0.06415634,0.5095421,0.33927178,-0.0039664283,2.5111582,0.00081139564,0.017474161,6.395139,0.08809806,0.020274695,0.078971855,0.0056699375,0.0045395847,0.000895268,0.13987853,0.0004041504,0.06477527,0.10728511,0.0011152878,0.061104354,0.07948138,0.06137231,0.33436397,4.2240453,4.402886,0.34888828,0.2398189,0.04185687,0.0034264443,0.0061312523,0.6034921,0.007005873,0.003259507,0.77004635,0.54139024,0.067181155,0.046384472,0.14541261,4.2197964e-05,0.0014005095,0.10584335,0.0009958935,0.10095735,0.003494232,0.017744375,0.006950699,0.00026539242,0.00021533457,0.13660073,0.0068436987,0.23100463,0.0057929712,0.12318765,0.00018970075,0.08795616,0.054770738,0.257498,4.3248398e-05,1.1056048,0.025096396,0.050913952,0.0005109966,1.622099,0.022702636,0.4554893,0.09436936,0.025185812,0.0016074348,0.018092254,0.18289842,0.011763664,0.039834347,0.19882508,0.11170162,3.2502172e-05,0.41043365,0.17537476,0.1333734,3.7602913e-06,0.56481427,0.0032829207,100.0,0.31317708,0.05617007,0.29334092,0.673014,0.00020929244,1.4209105,1.5199295,0.14284506,0.11515987,0.04359338,0.00043892558,0.298416,10.797168,0.015878852,0.007212571,0.21096309,0.029890861,0.0019602373,-1.3103527e-05,0.08156017,0.04786621,0.05628162,0.12666659,0.07468262,0.00056221604,0.004755198,0.19031908,0.033352446,0.44485018,0.0053316075,4.6762034e-05,0.033371247,4.4629155e-06,0.046163652,0.0040843845,0.47493163,0.021383734,0.07108005,0.011324742,0.0008382324,0.013295582,0.020432651,0.22771077,1.787827e-05,0.020862231,0.1288184,0.07392064,1.9468418,0.32762957,27.092163,0.12816584,0.00048463268,0.19359165,0.9302253,0.0034543455,0.0017431276,0.029977545,0.29726273,0.14325981,0.027323777
1899,0.14397106,0.10919322,0.027782671,0.00033809594,0.0012388292,1.2618512,0.012058552,0.00019232662,1.4640963,0.39931667,0.05633016,0.021452012,0.7478852,0.0032762599,0.023094593,0.641126,0.08136414,0.00023735432,0.00035141464,0.08718889,0.5642861,0.008282021,0.28355455,1.6684047,0.0014056336,0.0043003415,0.029468322,0.014812287,0.023800949,1.638727,0.12407551,0.27557516,4.389043,0.06390324,0.0746207,0.25227943,0.06391285,0.00010658725,0.8976675,0.00094621885,0.0002578766,0.071839064,0.15913023,0.0056280014,0.65945655,4.7055163,0.0006392788,0.00051547884,0.21018448,0.056732725,0.03642511,0.23240402,0.10673219,0.0040689367,0.4079531,0.063440315,0.5032071,0.3298654,0.007583046,2.5042908,0.0007826489,0.020029096,6.563362,0.0819621,0.022127574,0.085235365,0.0053096726,0.00437164,0.008095236,0.13359289,0.00039140342,0.06542268,0.0616344,0.0011034041,0.054145083,0.075391434,0.052696347,0.32237816,4.2283883,4.2838445,0.33401656,0.23227529,0.040827002,0.003260905,0.0059276354,0.58737415,0.0038036318,0.0031582445,0.78988737,0.5365476,0.06519177,0.04570173,0.13572389,4.0922216e-05,0.0013584401,0.103462376,0.0009673141,0.09282657,0.0034030648,0.026703734,0.006962966,0.00023646714,0.00020025713,0.14244364,0.0068062185,0.22654213,0.00552994,0.12085416,0.00018503418,0.08837207,0.054202054,0.23826064,4.223479e-05,1.1119983,0.024561776,0.04951523,0.0005044322,1.6445726,0.021150663,0.43798795,0.093495086,0.024530642,0.0015001971,0.01860767,0.359256,0.011535876,0.04080674,0.19986033,0.124865405,3.2006916e-05,0.39720812,0.17909692,0.12981024,3.6816257e-06,0.5480876,0.003190016,100.0,0.30375934,0.055700023,0.3134158,0.6010902,0.0002047677,1.3513196,1.5018712,0.13732275,0.11249094,0.04318081,0.00042699857,0.29078493,10.470962,0.015350628,0.007029876,0.20653826,0.0288954,0.0019942299,0.0013955839,0.077663854,0.04276098,0.054733735,0.124039814,0.07243184,0.00070375425,0.0046090893,0.18807268,0.031540096,0.45112097,0.0052092825,4.5354587e-05,0.03160167,4.3355217e-06,0.04463188,0.0039356793,0.45372343,0.021156512,0.06999394,0.01084694,0.0008196187,0.0129792085,0.021407101,0.22566229,1.7504099e-05,0.019960668,0.1247952,0.07204731,1.9334008,0.32079208,27.512915,0.12724677,0.00047222897,0.18998227,0.8941654,0.0024017906,0.0017027159,0.029087527,0.28779817,0.14014825,0.026944002
1900,0.14227742,0.11926926,0.027337365,0.00034122515,0.0012159912,1.4284093,0.011795935,0.00020150843,1.4949595,0.42890495,0.05679898,0.021556497,0.7813703,0.0034371533,0.023224046,0.6378004,0.09892729,0.00023231498,0.00035008506,0.08754549,0.5625554,0.0066787642,0.25136253,1.8485756,0.0013700117,0.0034101184,0.024924856,0.014863081,0.02393895,2.5837653,0.13446806,0.2723589,4.4685025,0.06458017,0.13334706,0.29921728,0.07754978,0.000105330444,1.030355,0.0009328808,0.00025502514,0.07085436,0.18096185,0.0063743168,0.64698476,4.9498506,0.000627959,0.00051158556,0.21389209,0.05852983,0.036907677,0.11939342,0.10640598,0.0042622588,0.4060121,0.062152874,0.4833919,0.31711164,0.006802553,2.600377,0.00076412864,0.043742534,6.5434895,0.08106971,0.022353953,0.08139025,0.0062179347,0.004519671,0.026477844,0.12826565,0.00038584165,0.06538099,0.059222497,0.0011046507,0.057030328,0.07946244,0.058478687,0.33327606,3.6107147,4.2350497,0.3283299,0.22725023,0.040972322,0.0031250282,0.0057505504,0.5751332,0.011605764,0.0031734363,0.7431676,0.54109454,0.06658874,0.045622002,0.13364592,4.0185987e-05,0.0013106025,0.10282155,0.0009508724,0.08075424,0.0032354174,0.020325013,0.0061403164,0.0002905949,0.00021434065,0.13006927,0.0071432875,0.22335345,0.005718179,0.11878246,0.00018266891,0.090422,0.05465812,0.2580244,4.132437e-05,1.0023054,0.02472841,0.04923536,0.0005052076,1.5956116,0.021095391,0.45885515,0.092021406,0.02425681,0.0015670885,0.018326439,0.3374069,0.011396955,0.043163184,0.20838408,0.11052196,3.1999927e-05,0.41763645,0.17033844,0.14822279,3.649543e-06,0.52534,0.0031352302,100.0,0.29785237,0.06671072,0.28231937,0.7115404,0.00020279393,0.435799,1.4885592,0.13717037,0.11792633,0.09146299,0.00042038117,0.29345927,11.13461,0.015693769,0.006901314,0.20656554,0.03762478,0.0019980937,0.001694096,0.09012395,0.047365654,0.053934045,0.124208026,0.07135216,0.00085430965,0.0045328275,0.18387243,0.032795325,0.44212532,0.005366833,4.452651e-05,0.030278943,4.249375e-06,0.041301183,0.0036332125,0.51264244,0.021101104,0.070013665,0.01257928,0.00081114884,0.017010782,0.023309905,0.22777137,1.7350672e-05,0.020171784,0.12751305,0.07479075,1.9960923,0.30242753,26.515867,0.12802021,0.0004645157,0.16089642,0.8976355,0.0009674834,0.001589149,0.02849423,0.25901017,0.14055942,0.027253862
1901,0.14171146,0.12080969,0.027222684,0.0003334497,0.0011984052,1.5416862,0.011623783,0.00019304692,1.4886127,0.43247992,0.056617633,0.021508792,0.73468816,0.0038182498,0.024346149,0.61718166,0.10804169,0.00022803748,0.00035569794,0.08670375,0.5605152,0.008036239,0.23869352,2.1182113,0.0013409368,0.0027898923,0.029552143,0.015073918,0.024382088,2.5336094,0.12583171,0.28755158,4.611944,0.06305847,0.038957883,0.24301276,0.06048004,0.00010493802,1.0741342,0.00092277187,0.000258117,0.071964085,0.19322294,0.006676086,0.6601802,4.8777785,0.0006227983,0.00048713025,0.20890503,0.058631998,0.03795354,0.09138001,0.10681951,0.0041582207,0.4091122,0.063056566,0.47928232,0.32042268,0.009687162,2.499648,0.00075273105,0.0027753233,6.3247895,0.08053772,0.023177927,0.08017868,0.0065664705,0.0047169942,-0.002571233,0.12490363,0.00038254703,0.0661871,0.061272427,0.0011304963,0.058818605,0.07893045,0.05388093,0.3288066,3.95869,4.1738586,0.32288712,0.22371072,0.04119948,0.0030113813,0.0056033228,0.5633013,0.011813415,0.0031603095,0.8157858,0.5434935,0.06660682,0.045116063,0.13853657,4.0101e-05,0.0012963855,0.10399362,0.00093859376,0.071605474,0.0031021482,0.017914057,0.0060565374,0.0002917612,0.00020538976,0.113478616,0.0075317966,0.22122863,0.0055713654,0.11973984,0.0001820952,0.09353426,0.054564793,0.264632,4.1109364e-05,0.9618504,0.024889702,0.049598847,0.0005084866,1.7201377,0.020747242,0.45421627,0.09474145,0.023996634,0.0015064583,0.018683542,0.27878562,0.01142222,0.046877954,0.21663739,0.11737019,3.214785e-05,0.40652338,0.16411927,0.15555519,3.6457382e-06,0.5157621,0.0030657267,100.0,0.29493698,0.078855306,0.27169007,0.8314145,0.00020266713,0.2621537,1.5109583,0.13178724,0.117805704,0.111935474,0.00041722902,0.30103624,10.899099,0.016013151,0.006720092,0.20573543,0.044417854,0.0020865002,0.003511197,0.09368462,0.058222625,0.053618528,0.12142749,0.0707166,0.00024705322,0.004511896,0.18686824,0.032382164,0.43213266,0.005571325,4.407518e-05,0.029080065,4.325989e-06,0.040565852,0.0036295857,0.5384077,0.020620799,0.07066407,0.011314018,0.0008100974,0.018333536,0.02544323,0.22539929,1.7330118e-05,0.020918084,0.12833099,0.0725187,2.0311675,0.2915019,26.530462,0.12797673,0.00046340245,0.14931789,0.8788188,0.001572183,0.001452773,0.028331175,0.29125446,0.14018856,0.028633907
1902,0.14009492,0.11803053,0.026969573,0.00032857602,0.0011756164,1.6038841,0.011251027,0.00017878207,1.4008625,0.39688832,0.055024326,0.021487048,0.7412491,0.0041468875,0.024489503,0.60681784,0.11248158,0.00022266549,0.00035198394,0.083763555,0.54841775,0.006275227,0.23294017,2.1131659,0.0013104832,0.0021146762,0.019964585,0.015075512,0.024935275,2.3803542,0.12580763,0.273215,4.7156124,0.06518424,0.034977786,0.2794508,0.06874994,0.00010411696,1.0509475,0.0009066402,0.00025529554,0.06806407,0.1986687,0.006784464,0.6562511,4.713004,0.0006080416,0.0004838915,0.20901415,0.058351196,0.03897715,0.2656124,0.10672382,0.0041641505,0.40935257,0.05896632,0.46839917,0.3307266,0.019858463,2.352354,0.0007364159,0.006685948,6.406919,0.07568008,0.024838671,0.07434964,0.006901441,0.004813522,-0.00705619,0.12060061,0.00037696928,0.06344,0.07081024,0.00115001,0.048666723,0.077050276,0.053762075,0.31461033,3.7735655,4.090617,0.31791455,0.21969536,0.04108313,0.0029306686,0.0054400815,0.5943913,0.0129324645,0.0031169872,0.80669856,0.53534186,0.06669481,0.044475228,0.13616078,3.9871247e-05,0.0012738196,0.10424507,0.000922829,0.066017605,0.0029601166,0.017350048,0.0062413095,0.0002948811,0.00020581043,0.10448137,0.0077392138,0.21723078,0.0054191602,0.117331274,0.00018045549,0.09619206,0.05352645,0.258641,4.0683655e-05,0.93453366,0.024728082,0.049462568,0.00050722074,1.8107598,0.020223893,0.45564684,0.09221332,0.023608863,0.0014717669,0.018587762,0.42081785,0.011370852,0.050261613,0.22302884,0.1322576,3.2207136e-05,0.3943992,0.16461639,0.15856695,3.6238905e-06,0.5021868,0.0029822357,100.0,0.29032424,0.07179497,0.2792324,0.724108,0.00020165359,0.12960352,1.4668888,0.12466055,0.119991824,0.12177456,0.0004123018,0.30339506,11.515541,0.01583412,0.006588302,0.20446293,0.046642125,0.0015392731,-0.0008169451,0.09680561,0.06248004,0.052996565,0.12069254,0.069989845,-0.00045629515,0.004459388,0.18502687,0.032085016,0.4326674,0.005448534,4.3404885e-05,0.027800502,4.3740906e-06,0.039324082,0.0035609885,0.55609304,0.01992408,0.069246806,0.010879049,0.0008044828,0.01888914,0.027378056,0.2247512,1.7228584e-05,0.021709975,0.13000411,0.074818246,2.0192983,0.28865954,26.463236,0.12568875,0.0004604621,0.17125791,0.87284994,0.003054422,0.0013457448,0.028000653,0.32202545,0.14281674,0.028063983
1903,0.1376051,0.11876728,0.026682926,0.00032799228,0.0011509312,1.6393191,0.010922378,0.00016153758,1.4499211,0.38825688,0.053708687,0.021394225,0.76203465,0.0044858763,0.024580736,0.5936005,0.11454717,0.00021672148,0.00035192832,0.08358135,0.5342104,0.007191631,0.22782043,1.9385012,0.0012761753,0.0023312075,0.025729598,0.015094637,0.024862664,2.4177103,0.12897295,0.2723311,4.7924724,0.06479872,0.037629344,0.16536452,0.05648075,0.00010295901,1.130528,0.0008879485,0.00025428244,0.06691579,0.20412865,0.006793389,0.6517735,4.9131103,0.0005974288,0.0004481736,0.20813873,0.058416188,0.04024646,0.18255766,0.106236406,0.00414128,0.3998459,0.05854696,0.4760117,0.3286173,0.006709548,2.4721122,0.0007185184,0.0045994404,6.2972245,0.07434013,0.02482664,0.08276144,0.0069877077,0.0047372472,-0.0006041262,0.11829352,0.0003701448,0.08386011,0.07216107,0.0011654013,0.055283647,0.07819769,0.055592887,0.31235653,3.7951808,4.0129023,0.30956045,0.21502693,0.040783282,0.0028158708,0.00527592,0.6011226,0.015814826,0.003063361,0.7881789,0.52375466,0.0661822,0.043092333,0.13199645,3.9569044e-05,0.001246033,0.103265874,0.0009051354,0.06440346,0.0028459048,0.0190198,0.006607606,0.00027322664,0.0002032245,0.1081267,0.0076801623,0.21040145,0.0052777627,0.113317706,0.0001783059,0.0985997,0.052705564,0.27175602,4.0153245e-05,0.9423333,0.024488825,0.049068786,0.0005028054,1.7159934,0.020392261,0.4561327,0.08845783,0.023197923,0.0013956373,0.01869081,0.2928667,0.0113273775,0.05402248,0.22803113,0.12571391,3.20655e-05,0.3929304,0.15947534,0.1593212,3.595685e-06,0.5141655,0.0028933517,100.0,0.28558093,0.076168686,0.25466707,0.7864604,0.00020018658,0.1399171,1.4727165,0.12220693,0.116968654,0.1255168,0.00040648534,0.30678192,11.049335,0.015889447,0.006495954,0.20212838,0.048406042,0.0020704765,0.0006566075,0.09576025,0.0628767,0.052208774,0.11858439,0.068910435,0.0006810226,0.00439383,0.18313062,0.032113973,0.43231782,0.005335517,4.26103e-05,0.026588317,4.4041963e-06,0.037887126,0.0034587055,0.59301454,0.019282773,0.066269964,0.012952653,0.0007964785,0.019011687,0.029254768,0.22412902,1.7092616e-05,0.020859217,0.131375,0.07443314,2.015543,0.2776612,27.006426,0.121857844,0.00045463687,0.20461686,0.8554756,0.004500671,0.0012717571,0.027586512,0.35147965,0.13858669,0.028999457
1904,0.13673574,0.122316875,0.02673043,0.000314522,0.0011351325,1.6826065,0.010916882,0.0001460957,1.5083116,0.3996402,0.05417399,0.02127455,0.73242,0.00484529,0.024892146,0.5882793,0.118888184,0.0002126032,0.00035504298,0.083690435,0.5300236,0.011117715,0.2278277,2.1345701,0.0012579449,-5.8141602e-05,0.028379392,0.015288911,0.025515955,2.4295514,0.13261044,0.28131497,4.663998,0.06538545,0.06933072,0.20725222,0.06624029,0.00010274236,1.1090813,0.0008761608,0.00025470118,0.07574976,0.20830715,0.006853878,0.6482248,5.0016837,0.0005905304,0.0004620569,0.21223041,0.057675853,0.042249747,0.1872737,0.10675037,0.0040660477,0.40383765,0.057743363,0.46811643,0.34862372,0.007317091,2.3815603,0.0007062537,0.021885449,6.265515,0.07487289,0.025634106,0.09180855,0.006975863,0.004895338,0.008769137,0.11605131,0.00036691752,0.07602991,0.056586687,0.0011890718,0.053924974,0.07818421,0.050754495,0.31063306,3.8195794,3.974706,0.30500257,0.2121693,0.04072736,0.0026677633,0.0051515414,0.59915036,0.013604297,0.0030199494,0.87885636,0.5326139,0.065433756,0.043538008,0.13452356,3.9601822e-05,0.001229731,0.10344491,0.00089471857,0.06400094,0.0027392674,0.018277474,0.0071270834,0.00028353286,0.00020664762,0.10188452,0.007993939,0.207891,0.0051935706,0.11308963,0.00017754488,0.10182431,0.053018782,0.27202424,3.994405e-05,0.92106706,0.024429448,0.04917258,0.0005010763,1.6557333,0.020635704,0.45534754,0.09526052,0.0230097,0.0014165457,0.020972222,0.17878862,0.0113310525,0.058361787,0.23394185,0.11881504,3.216775e-05,0.4049559,0.15605852,0.16135176,3.596735e-06,0.5024138,0.002827162,100.0,0.28218642,0.08715568,0.2793327,0.8736281,0.00020033386,0.1421308,1.4633507,0.12070382,0.11663783,0.12734711,0.00040412336,0.31581777,11.17714,0.016560197,0.0063539105,0.20163038,0.05082268,0.0014909194,-0.00072483317,0.09746344,0.062135994,0.051894642,0.11864272,0.068313785,0.0004772996,0.004781987,0.1828896,0.0317248,0.44009098,0.005412989,4.215872e-05,0.02559707,4.4656745e-06,0.036945146,0.0033814567,0.57909495,0.019380549,0.06663381,0.0113431085,0.00079482514,0.019192975,0.03125336,0.2252901,1.7098922e-05,0.02074748,0.13332365,0.074551776,2.0370913,0.26725456,26.6073,0.12340789,0.0004538375,0.17648196,0.8677586,0.003513019,0.0012010044,0.027380882,0.37429997,0.13976751,0.03023094
1905,0.134275,0.11849859,0.02596997,0.00030607023,0.0010975783,1.6794198,0.010328862,0.00012893177,1.4509043,0.4018426,0.05121943,0.020875983,0.7057992,0.0051430236,0.024716845,0.578031,0.11958414,0.00020439504,0.0003492045,0.07969316,0.5126454,0.0073985886,0.22703086,2.1586661,0.0012146765,0.003152822,0.034390364,0.01506626,0.02516812,2.7139919,0.13021937,0.287846,4.539285,0.06273733,0.059450835,0.22118731,0.059387766,0.000100340454,1.0655315,0.00084682467,0.00024937378,0.06780016,0.20917764,0.006749072,0.640482,5.134221,0.0005721718,0.00046673746,0.20534477,0.056179747,0.04322405,0.28216323,0.10508112,0.0041159038,0.3990201,0.054926887,0.4554888,0.332033,-0.002265884,2.3293288,0.0006799612,0.020642322,6.145346,0.07084626,0.027214028,0.08685016,0.006723073,0.004642371,0.00869562,0.11074874,0.00035645888,0.07435015,0.045380987,0.0011871672,0.051895678,0.07427008,0.05192149,0.30154875,3.632655,3.8396451,0.29549208,0.20498696,0.039820522,0.0022898447,0.0049316837,0.5811028,0.015786495,0.0029185119,0.85887367,0.50952655,0.06423454,0.041523043,0.1318772,3.8833987e-05,0.0011884477,0.102490164,0.000866564,0.063807026,0.002598408,0.018595183,0.0075292834,0.00028629394,0.00019650295,0.10591111,0.0082023945,0.20214133,0.005073535,0.11006945,0.00017314643,0.10273171,0.050477065,0.2611499,3.8923983e-05,0.8888823,0.02377552,0.048258886,0.00048840157,1.642431,0.01973383,0.4436858,0.08619971,0.022375697,0.0013427343,0.019281002,0.4240092,0.011107853,0.06115849,0.2312372,0.12729847,3.179151e-05,0.39749333,0.14956489,0.15950507,3.5248677e-06,0.47596464,0.002705898,100.0,0.28881806,0.073389485,0.25610295,0.8387607,0.00019635816,0.23898649,1.4801435,0.12012075,0.11323718,0.12951387,0.00039369488,0.31047645,11.395922,0.015309245,0.0061170473,0.19707581,0.050895825,0.0018357327,0.010831358,0.095837384,0.06772922,0.050531846,0.11391667,0.06644023,0.00097462663,0.004377147,0.18055826,0.030535858,0.42078623,0.0053531234,4.0857714e-05,0.024276473,4.4305257e-06,0.035264265,0.0033216202,0.5753884,0.018465003,0.06342415,0.0105648525,0.00077762676,0.018932113,0.032538954,0.2185303,1.675793e-05,0.02056957,0.13046415,0.07419083,1.985333,0.25606847,26.814934,0.11708144,0.00044406217,0.16917233,0.831459,0.0030315833,0.0010919891,0.026605431,0.39051196,0.13527161,0.030114718
1906,0.13427098,0.11892756,0.025649406,0.00030041675,0.001081229,1.7056965,0.010388696,0.00011516,1.4412022,0.45360345,0.052071918,0.020948196,0.76592517,0.0054505346,0.025189064,0.55399084,0.1203962,0.0002001138,0.00034996925,0.078146175,0.50609183,0.006437447,0.22815235,2.1314297,0.0011921519,0.00619054,0.020249067,0.0152808335,0.027528642,2.7597053,0.1376828,0.28480777,4.618531,0.06184225,0.025996853,0.23928352,0.07514443,0.00010001981,1.0703253,0.00083369814,0.00024581887,0.07091393,0.21308008,0.0067577795,0.64999247,4.8318563,0.000562433,0.00046669165,0.20728244,0.056442223,0.045075104,0.11709409,0.105418324,0.0039943526,0.39562708,0.055587888,0.44941756,0.33800665,-0.010229215,2.407966,0.000666938,0.0008521941,6.225354,0.070373155,0.027607497,0.09189872,0.0071399515,0.0052542817,-0.005273694,0.10865829,0.00035220917,0.06920521,0.07213739,0.0012063315,0.04081268,0.07403653,0.053806636,0.30176473,3.6393607,3.7835455,0.29004115,0.20217831,0.039639316,0.0019920962,0.0048118155,0.6247058,0.018183157,0.0028723334,0.8425998,0.5187294,0.06355841,0.041985534,0.13137911,3.8796534e-05,0.001169788,0.102255195,0.0008553391,0.057173807,0.002511197,0.020923674,0.008088567,0.0002851363,0.00019846989,0.108642355,0.008372792,0.20106293,0.004891835,0.10951675,0.00017201397,0.10539677,0.050983876,0.24843302,3.8644288e-05,0.8907412,0.023667103,0.048273105,0.00048429915,1.6392337,0.019134136,0.43047324,0.08353669,0.022171207,0.0014254645,0.018739963,0.5192455,0.011136942,0.06514368,0.23725788,0.13566485,3.190035e-05,0.40178633,0.14730349,0.15954441,3.5190385e-06,0.48635235,0.0026384122,100.0,0.29598948,0.076175936,0.2438566,0.86635363,0.00019600934,0.06742726,1.4973052,0.11433086,0.115713336,0.12859164,0.00039092352,0.31802884,11.564245,0.014937073,0.005989585,0.19626606,0.05176631,0.0016966003,-0.0004945987,0.09417645,0.06676025,0.050123803,0.112756856,0.06588428,0.00035191965,0.0043037534,0.18251623,0.03104663,0.4256126,0.0054681995,4.0341984e-05,0.023453565,4.4736325e-06,0.034428764,0.0032792392,0.5700344,0.018718842,0.06414959,0.010295923,0.0007754575,0.01898955,0.034366067,0.2137767,1.6731165e-05,0.02063548,0.1343142,0.07480985,2.0010538,0.26101792,26.816793,0.11908884,0.0004423572,0.16411997,0.8043821,0.0025881801,0.0010394722,0.026323365,0.41540954,0.13423346,0.031134877
1907,0.1312497,0.11304354,0.024930842,0.00029711524,0.0010477066,1.68387,0.010246084,9.9571655e-05,1.4332261,0.5235987,0.051761497,0.020656206,0.75304914,0.0057992795,0.02523239,0.5348674,0.12110977,0.00019272421,0.0003416065,0.07636133,0.498162,0.0058895927,0.22870687,1.9142531,0.001151338,0.0021624707,0.017098028,0.015162113,0.025593702,2.752594,0.14375694,0.2938124,4.720167,0.06377349,0.015179471,0.17825682,0.044081517,9.7953925e-05,1.0455755,0.0008072119,0.00024390747,0.060066413,0.2107998,0.0066302614,0.6504211,5.5500875,0.00054572057,0.00046179284,0.19431221,0.05516688,0.046072774,0.15820761,0.10409454,0.0039963704,0.38491553,0.053317476,0.43828133,0.3357308,0.0022652617,2.442677,0.00064353406,0.0051261988,6.2406673,0.06875549,0.02824617,0.089091614,0.006921332,0.0045844447,-0.0047146617,0.10637392,0.00034252217,0.068435006,0.06948446,0.0012047603,0.046775892,0.072533414,0.05114363,0.2925061,3.5233521,3.681323,0.28016374,0.19588125,0.038809363,0.0019656715,0.0046240427,0.6317958,0.017186005,0.0027832887,0.8644419,0.5079691,0.061705973,0.041157924,0.12758608,3.8113674e-05,0.0011323009,0.10130027,0.0008307106,0.056950837,0.0023946683,0.018444074,0.008527374,0.00028130654,0.00019197777,0.09886244,0.008575631,0.1964452,0.004726802,0.10585254,0.0001680772,0.10618531,0.050677128,0.24846414,3.7739297e-05,0.8535348,0.022957128,0.047733285,0.00047142385,1.5973005,0.018632839,0.42868674,0.08871272,0.021616941,0.0012236345,0.018919004,0.49151966,0.010902107,0.06780742,0.2353207,0.104167275,3.14733e-05,0.39655733,0.14770775,0.15712848,3.4552409e-06,0.46545598,0.0025298381,100.0,0.2945053,0.07344911,0.2372308,0.852637,0.00019234046,0.08740139,1.53363,0.11049645,0.11551427,0.12934312,0.0003817481,0.32239988,10.608868,0.014552356,0.005805486,0.19202957,0.052905772,0.0017853221,0.002998498,0.09157399,0.06178021,0.048899256,0.111223675,0.064278,0.0004868296,0.0043250797,0.18270819,0.030266235,0.4313717,0.0054786946,3.9188133e-05,0.022316633,4.4387352e-06,0.032944486,0.0032437607,0.56999516,0.01855212,0.062237825,0.011622357,0.000759578,0.018706864,0.035334602,0.20529437,1.6425693e-05,0.021078097,0.12938274,0.073348016,1.9798855,0.25626215,27.682823,0.11760389,0.00043303013,0.1841404,0.7883918,0.0019732679,0.0009794083,0.025603097,0.43063855,0.1328463,0.031773575
1908,0.1329386,0.1185263,0.025302276,0.0002931235,0.0010507221,1.7325579,0.010279884,8.854785e-05,1.4390523,0.6985076,0.052116625,0.02094498,0.7482567,0.0063649346,0.02615439,0.54626393,0.12572035,0.00019211898,0.00035319384,0.07678591,0.50190145,0.010724011,0.23428664,2.1730866,0.0011500479,0.0006917113,0.02733882,0.015479972,0.02815683,2.7004218,0.14391854,0.29472378,4.822463,0.061536957,0.046079278,0.23459212,0.063975446,9.943714e-05,1.0706009,0.00080938905,0.00024719266,0.061638366,0.2151227,0.006734128,0.65872437,5.611915,0.0005484517,0.00047088414,0.20862477,0.055932183,0.0487249,0.18009377,0.10636065,0.0040576905,0.39088786,0.052346185,0.44757766,0.3364995,0.0022324868,2.4494314,0.00064205745,0.012114494,6.1220627,0.069037035,0.029223872,0.09880726,0.006812173,0.004682602,0.0030702953,0.1094487,0.00034449,0.071430996,0.07332282,0.0012441147,0.043220963,0.0737675,0.05222446,0.29870343,3.4753532,3.727306,0.28000072,0.1963457,0.03930181,0.0019020966,0.004597071,0.6308186,0.017869322,0.0027874343,0.9251793,0.51310945,0.063000925,0.04172506,0.12611473,3.873317e-05,0.0011342067,0.10304598,0.0008339742,0.05589698,0.0023610757,0.01938048,0.009239367,0.00028556332,0.00019096931,0.09414431,0.008575036,0.19731547,0.0047215344,0.10664977,0.00016997145,0.11042104,0.051086463,0.24047941,3.8146805e-05,0.88114583,0.02306463,0.048501696,0.00047268096,1.6128316,0.01896266,0.42447156,0.08167623,0.021807563,0.0012482916,0.019117549,0.4818344,0.01111946,0.072486624,0.24452914,0.1146644,3.2308802e-05,0.4012947,0.15695742,0.15989867,3.509496e-06,0.47400194,0.0025088415,100.0,0.3011842,0.088715896,0.2651939,0.8347599,0.00019518526,0.017640075,1.5951946,0.11151345,0.11492072,0.13241102,0.00038572098,0.3220052,11.13352,0.01450816,0.005764446,0.19464964,0.054001596,0.0016340946,0.0025382657,0.09343982,0.06805692,0.049359612,0.111625776,0.06517266,0.00043328461,0.004259088,0.1848071,0.031118648,0.44120714,0.0053772903,3.9399158e-05,0.02197643,4.5539255e-06,0.032960054,0.0033179403,0.599393,0.018793114,0.06334265,0.012250503,0.00077074923,0.019054905,0.037549946,0.19667643,1.6681453e-05,0.02184184,0.13300246,0.075525045,2.0111604,0.26238263,26.096228,0.11912444,0.00043876359,0.17505717,0.8032212,0.002952368,0.00095518416,0.025754472,0.44843423,0.1335552,0.032637674
1909,0.1308171,0.12050258,0.024602387,0.000287482,0.0010254747,1.7133019,0.010180633,7.733801e-05,1.3617551,0.52197266,0.051910516,0.02075279,0.7229034,0.0068807583,0.026497435,0.528629,0.12475572,0.00018648597,0.00034957932,0.07379086,0.49351892,0.0073833712,0.23113035,2.1792288,0.0011170128,0.0033138683,0.024710866,0.015580652,0.027758852,3.0355048,0.14241806,0.31805646,4.7231684,0.064955994,0.057749476,0.23772874,0.06909904,9.818691e-05,1.0745667,0.00078994385,0.00024213838,0.069424175,0.21511932,0.00665989,0.63771933,5.4628367,0.0005380948,0.00046914397,0.20884173,0.055061653,0.04981511,0.25657222,0.10574678,0.003965334,0.38540858,0.051858317,0.43682358,0.3363125,0.0035866385,2.426704,0.00062341976,0.008642892,6.015544,0.067689,0.029194228,0.099638455,0.00684714,0.0046267076,0.006858062,0.104759835,0.00033688865,0.08055883,0.06866362,0.0012491451,0.042568475,0.07051985,0.052135497,0.3000736,3.587376,3.620545,0.2733609,0.19154665,0.03870427,0.0017889121,0.004445479,0.64035666,0.019373693,0.0027133345,0.9305398,0.51756364,0.061865956,0.041576672,0.12575367,3.8278264e-05,0.0011053,0.102508746,0.0008160159,0.057458658,0.00226275,0.02165752,0.0096914945,0.00028304488,0.0001901586,0.10511734,0.009015368,0.19555192,0.0045852927,0.10375287,0.00016727505,0.11159994,0.05074499,0.25159806,3.7526035e-05,0.85857147,0.02252097,0.048021585,0.0004578864,1.5271299,0.01869193,0.42429295,0.07980768,0.02142447,0.0013168632,0.018693514,0.43297213,0.010958623,0.07523408,0.2455342,0.12447252,3.2169362e-05,0.39949456,0.15256323,0.15901576,3.4669506e-06,0.46510148,0.0024220159,100.0,0.2968821,0.077813774,0.2507457,0.77103525,0.00019255986,0.015760293,1.5769718,0.11206898,0.11308516,0.130273,0.00037912297,0.31555358,11.314233,0.014160444,0.00558006,0.19210759,0.053839345,0.0017233812,0.0037409617,0.09122116,0.06350479,0.048552647,0.1084349,0.06409516,0.0006623492,0.0041550654,0.1791862,0.030272132,0.4216869,0.005505025,3.8553317e-05,0.021051496,4.542687e-06,0.031834662,0.0033717172,0.57602847,0.018589033,0.06368323,0.010615593,0.00076059107,0.019274175,0.03876462,0.1888265,1.647486e-05,0.022294745,0.13088124,0.075958334,2.0000215,0.25501657,26.535141,0.11914955,0.00043300516,0.1851495,0.7746246,0.0012904321,0.00087428023,0.02520679,0.47589162,0.13123986,0.033007078
1910,0.13322437,0.12644729,0.02369318,0.00027878562,0.0010279242,1.8080537,0.010141741,3.0879233e-05,1.4510629,0.6583267,0.05120695,0.021183906,0.75332856,0.00814707,0.028020222,0.5336042,0.123641916,0.00018599353,0.00037036676,0.07714256,0.4831803,0.007653434,0.28750354,2.4432836,0.0011079065,0.00333294,0.029690789,0.016061626,0.02943033,3.0216577,0.13255574,0.32450315,4.98948,0.07368484,0.047910012,0.23244806,0.069388434,9.9681376e-05,1.1346041,0.0007967928,0.00025193725,0.06512388,0.23744796,0.006712826,0.6188516,5.435287,0.0005413269,0.00035131536,0.21022357,0.0631279,0.052366313,0.17559427,0.10799626,0.00421302,0.4051115,0.052677225,0.43898082,0.34006518,0.0045128455,2.409221,0.0006219446,0.021730581,6.0578747,0.059857152,0.034668755,0.11191916,0.006164928,0.0046844883,0.0013054523,0.106299475,0.00030632687,0.09054903,0.06112992,0.0012879848,0.056807656,0.07166651,0.050654065,0.29130682,3.4037933,3.6428096,0.27822784,0.19196215,0.0383316,0.007134387,0.005118222,0.64466393,0.017404899,0.0026995062,0.9396736,0.5121997,0.066855416,0.041725606,0.12879807,3.88447e-05,0.0010867894,0.10753943,0.0008198845,0.058985498,0.0022203554,0.020381415,0.009893357,0.00021324515,0.00015820494,0.09137828,0.009335174,0.17934147,0.0043826476,0.09832362,0.00016920982,0.11563399,0.049610596,0.24973793,3.794525e-05,0.75908524,0.021440642,0.050041016,0.0004469475,1.6078795,0.0177114,0.3508727,0.10511878,0.021650758,0.001276739,0.020912753,0.26426414,0.011170737,0.08174679,0.2618857,0.11438293,3.2997046e-05,0.40587184,0.15761884,0.17532401,3.5173653e-06,0.4889011,0.002372629,100.0,0.3152586,0.06937015,0.26386762,0.80070466,0.00019501861,0.006955208,1.5223194,0.17293622,0.10725528,0.13105853,0.0003873424,0.29330143,10.029433,0.014234305,0.005471413,0.19618292,0.04404844,0.0016286059,0.00093590067,0.09938837,0.06834402,0.050220676,0.10806589,0.06483013,2.7969234e-06,0.0047785467,0.17637265,0.03018272,0.41690874,0.0054915193,3.8782055e-05,0.020874482,4.6536875e-06,0.035510268,0.014202375,0.5712732,0.01845358,0.06333659,0.012564315,0.000768284,0.016891573,0.041833557,0.23236702,1.6708687e-05,0.023929605,0.14185004,0.0784512,1.8013605,0.2610568,27.235224,0.119415,0.0004248863,0.19661961,0.7646519,0.0043611475,0.0009998266,0.025941487,0.50777483,0.13920304,0.03485847
1911,0.13233265,0.13109443,0.02316108,0.00027009303,0.0010170599,1.8484317,0.010001996,1.48365e-05,1.4089717,0.5519828,0.050661154,0.021449393,0.75532246,0.008996681,0.029223718,0.53457826,0.12536627,0.00018351873,0.0003802464,0.07987134,0.4727798,0.010359558,0.3226718,2.9756963,0.0010917538,0.0041056084,0.03141777,0.016334645,0.03218547,3.0703087,0.13950212,0.34540883,5.135303,0.07413364,0.07152057,0.28066167,0.09083767,9.9398014e-05,1.2457808,0.0007996819,0.0002559126,0.074715495,0.24794954,0.0066757826,0.6076106,5.466747,0.0005430344,0.00033162383,0.22079732,0.06600132,0.05404755,0.20753701,0.10851241,0.0042697988,0.4057978,0.052928694,0.4349835,0.33088753,0.007870907,2.4229815,0.0006100895,0.02088066,6.1297207,0.057402957,0.036432926,0.115228094,0.005454555,0.0051384014,0.0077917483,0.10651278,0.00028925124,0.08246363,0.052637536,0.0013015247,0.055513162,0.07556974,0.052436955,0.28693065,3.5319974,3.6182513,0.27853253,0.19175598,0.03790025,0.008627541,0.0053815995,0.64761174,0.018936688,0.0026471834,0.96996236,0.5071041,0.0670091,0.041676637,0.12876488,3.864834e-05,0.0010412859,0.11171348,0.00081243366,0.05941228,0.0021810222,0.020635169,0.010207261,0.00020373895,0.0001508272,0.093038864,0.00981881,0.17242837,0.0042818026,0.09837943,0.00016822536,0.1176287,0.048747946,0.2838806,3.834245e-05,0.7301347,0.020969147,0.050663814,0.00042816356,1.5779653,0.017886259,0.31093723,0.12973085,0.021653146,0.0012899318,0.02174842,0.7442262,0.011230611,0.08630567,0.27368107,0.11956732,3.315036e-05,0.42045343,0.1565705,0.17656304,3.5012226e-06,0.48895276,0.0022874363,100.0,0.3184925,0.066052094,0.25951564,0.7989587,0.00019388837,0.017542241,1.5108892,0.19028348,0.101516925,0.13222392,0.00038693286,0.29459897,9.019465,0.014226663,0.005517741,0.19683063,0.037975118,0.0017297918,0.0003977812,0.103731826,0.093515225,0.050978724,0.10888486,0.0648419,0.00038399076,0.0049881767,0.175025,0.031136686,0.4047048,0.0054239817,3.893182e-05,0.020304814,4.773671e-06,0.036045954,0.018977191,0.6131475,0.018410688,0.06171503,0.010842049,0.0007639567,0.01652149,0.043746322,0.25270125,1.662033e-05,0.024418931,0.14611675,0.082953416,1.6875783,0.26158607,26.637278,0.11898446,0.00041776226,0.18434823,0.73459953,0.0023916757,0.0011739747,0.025979798,0.5071095,0.14198078,0.037124813
1912,0.13261887,0.13491417,0.02312721,0.00026104038,0.0010163432,1.8889568,0.010286134,7.989863e-06,1.4404352,0.57023406,0.052660365,0.021999149,0.7774877,0.009653416,0.030531405,0.5220357,0.12633622,0.00018286885,0.0003904787,0.08049461,0.4715122,0.007556744,0.33930865,2.9074695,0.0010869295,0.0032017569,0.027316157,0.016777907,0.03262087,3.3924506,0.13661182,0.3357825,5.082733,0.078908615,0.08183398,0.18728177,0.06099102,0.00010020996,1.3427205,0.0008102663,0.0002624404,0.062154453,0.2585135,0.0067064054,0.62720335,5.840349,0.0005465728,0.00032560268,0.22649644,0.0678601,0.056137133,0.14667226,0.110966064,0.0045397077,0.42231026,0.051038306,0.44494674,0.3263716,0.00017739041,2.4185169,0.00060432806,0.019855933,5.773393,0.05764263,0.03960211,0.12341012,0.0051532793,0.004862538,0.011515607,0.09715086,0.0002811437,0.080847785,0.06444174,0.001328942,0.069662824,0.07488505,0.05456841,0.2854684,3.3860877,3.6499114,0.28070712,0.19239475,0.03788122,0.009755191,0.005569115,0.68245554,0.020455038,0.0026316775,1.024712,0.5229316,0.06979617,0.042990558,0.13217066,3.884312e-05,0.0010082187,0.1171034,0.00081179966,0.06177291,0.002164293,0.021240026,0.01070143,0.00020013264,0.00013558849,0.08660579,0.010110638,0.16994098,0.004256449,0.092770204,0.00016897799,0.12071779,0.049732964,0.264512,3.9125796e-05,0.68524295,0.020817885,0.051486664,0.00042125475,1.5450197,0.01785437,0.28245884,0.13216744,0.02188663,0.0012486195,0.022948846,0.6883059,0.011519527,0.09129816,0.28566727,0.12369121,3.3638033e-05,0.44349742,0.16454749,0.18276228,3.5186624e-06,0.4825478,0.0022302433,100.0,0.32196411,0.07269961,0.25589234,0.9411079,0.00019476442,0.027254885,1.5852544,0.20238546,0.104294725,0.13151745,0.0003896745,0.2944384,8.341849,0.01429618,0.005616484,0.19937156,0.034800176,0.0017267048,-0.0030939833,0.113652304,0.08124527,0.05200387,0.10787177,0.06575418,0.00041960567,0.0051170294,0.18217966,0.031164775,0.41460112,0.005436951,3.9495364e-05,0.019917551,4.9393507e-06,0.036752425,0.022072844,0.6524658,0.018898873,0.06430541,0.010292636,0.0007682602,0.016938051,0.045663707,0.26211697,1.6700267e-05,0.02515028,0.15424643,0.08468679,1.6489437,0.26650724,26.831682,0.12396808,0.00041631176,0.18940094,0.69695485,0.0023671773,0.0012841545,0.02617674,0.5270927,0.14249368,0.037327323
1913,0.13114621,0.13673022,0.022339065,0.00025678636,0.0010063195,1.9129714,0.010367621,5.2831174e-06,1.4542994,0.64595956,0.053484723,0.022176454,0.7912838,0.010253203,0.031510357,0.52852637,0.12392068,0.00018056764,0.00039410795,0.084627025,0.47014064,0.00864029,0.34916893,2.8939493,0.0010722146,0.0038825038,0.030046433,0.017099213,0.033624362,3.1776052,0.1386705,0.28528506,5.2574863,0.07619528,0.037088394,0.17921431,0.06362287,0.00010012847,1.2715192,0.00081310864,0.0002662716,0.06491517,0.2607503,0.006670526,0.63442075,6.1104903,0.00054720277,0.00032177268,0.23670459,0.06816376,0.05749379,0.1559728,0.11097374,0.004578366,0.4337155,0.05312027,0.43581682,0.33200732,0.0041774036,2.5138566,0.0005927305,0.010158184,6.1651864,0.055388585,0.040660493,0.12958145,0.0053629666,0.004710838,-0.0037115524,0.10864394,0.00027251008,0.07766996,0.06573629,0.001346728,0.065231495,0.079603516,0.0534177,0.28504264,3.2738607,3.6535656,0.28191224,0.19652332,0.037589166,0.010693887,0.005593406,0.7092837,0.019518824,0.002591834,1.0489101,0.5328855,0.0706575,0.043369815,0.13014838,3.865862e-05,0.0009684507,0.12097866,0.00080460886,0.06770825,0.002135805,0.02065659,0.011151949,0.00019759845,0.00012693767,0.08665101,0.010454958,0.16737266,0.004039282,0.09385886,0.00016810806,0.12252105,0.050075047,0.26744816,3.9524402e-05,0.6810763,0.022659551,0.051782608,0.00041102245,1.5494075,0.017379377,0.26810578,0.13852452,0.0219303,0.0012111171,0.023243597,0.5535054,0.0117389215,0.09527324,0.28914806,0.114316106,3.405316e-05,0.46054795,0.1621625,0.18507746,3.5023108e-06,0.47995287,0.0021561093,100.0,0.3192375,0.06383294,0.26440388,0.79643077,0.00019375069,-0.0002886,1.5840884,0.21229777,0.103497334,0.13151237,0.0003884676,0.29283193,7.5358996,0.0141963065,0.0056890603,0.19972517,0.032800004,0.0015190403,0.0033437416,0.10796729,0.0868759,0.052407775,0.11661645,0.065914206,0.00013574136,0.005156395,0.18531346,0.034419227,0.4225768,0.0055516623,3.9704104e-05,0.019351065,5.057341e-06,0.03727287,0.023852572,0.64790666,0.019019848,0.06463139,0.009984196,0.0007647908,0.016999936,0.04691675,0.26797524,1.6617174e-05,0.026194043,0.15495093,0.08322083,1.6091039,0.2645376,27.215338,0.1262813,0.00041188693,0.20751639,0.6888806,0.003099276,0.0013799961,0.026054611,0.550834,0.14350386,0.038697436
1914,0.13512973,0.14253788,0.023060171,0.00024025864,0.0010357036,1.9816655,0.01043669,3.9557517e-06,1.4778363,0.5496376,0.053715583,0.023383254,0.53055954,0.011517188,0.033736028,0.53093797,0.13282591,0.00018520518,0.00041675373,0.08066888,0.49463987,0.011066526,0.3715187,3.0316303,0.0010988116,0.007873446,0.029337449,0.018266741,0.036313146,3.2321377,0.13218118,0.25675464,5.590092,0.0796976,0.059315752,0.22237529,0.07405735,0.000104176965,1.3965592,0.00084813667,0.0002806053,0.07418843,0.27037075,0.0068952767,0.5973127,5.860079,0.0005725101,0.00033279136,0.24576545,0.07168707,0.061357085,0.11529398,0.11823009,0.0048724744,0.44617984,0.053417012,0.46505153,0.3400361,0.0047509777,1.8825266,0.00060418516,0.023380123,6.1536365,0.054369763,0.04376067,0.13474834,0.005145899,0.004968305,0.0057014897,0.09837905,0.00027529002,0.08321367,0.066052444,0.0014140265,0.08617377,0.07537304,0.056932006,0.27471057,3.5499861,3.7547078,0.29354468,0.20554562,0.038767222,0.012001207,0.005814612,0.69296944,0.02272039,0.0026521499,1.1201917,0.541531,0.07427722,0.044508934,0.13380755,3.9997507e-05,0.00096071005,0.12975557,0.0008286258,0.06832385,0.0021916833,0.02220931,0.012056212,0.00020410937,0.00012114036,0.09652458,0.011305444,0.17063121,0.0040391223,0.095837876,0.00017388156,0.12910607,0.051118348,0.28767988,4.1493953e-05,0.6709054,0.019516196,0.054248184,0.0004179525,1.6399014,0.017754639,0.26164234,0.15471077,0.022857968,0.0012423742,0.0250541,0.68192875,0.012459893,0.10286695,0.3059509,0.1164092,3.546696e-05,0.45593688,0.17419814,0.19471517,3.6239835e-06,0.49386558,0.0021671203,100.0,0.32876843,0.06922048,0.26828247,0.9455075,0.00020035048,0.028861495,1.3928901,0.2305259,0.099857576,0.1368948,0.0004024386,0.28223792,7.715779,0.014952336,0.005928432,0.20842329,0.032410745,0.0018252172,0.0074976673,0.10772661,0.09966587,0.054822877,0.102469996,0.069364935,0.0006736331,0.0053937617,0.17644213,0.030399166,0.42164263,0.0058129663,4.1495376e-05,0.019527977,5.363342e-06,0.039398763,0.02627365,0.66175056,0.019316686,0.06679464,0.010193751,0.00079249166,0.018162884,0.050078314,0.27898112,1.7188844e-05,0.027750563,0.16329457,0.087229274,1.5795808,0.27335763,26.429575,0.12874003,0.00042299315,0.2429037,0.69365656,0.002814995,0.0014844517,0.026917838,0.5725258,0.15087146,0.0441897
1915,0.1361364,0.14805275,0.022753539,0.00022594455,0.0010454603,1.996163,0.010366273,3.2698292e-06,1.4808214,0.41033658,0.05332509,0.024301784,0.46813443,0.012381582,0.034785237,0.54228485,0.12969276,0.00018636974,0.00042798964,0.079018846,0.5010129,0.009596897,0.38618833,3.059516,0.0011041651,0.003131879,0.029778883,0.018963162,0.035840195,3.5575569,0.1367189,0.25198594,5.6387568,0.08143607,0.22176969,0.27482757,0.090242036,0.000106174215,1.3753061,0.0008675878,0.0002895739,0.06845931,0.27890584,0.006983068,0.59220195,5.5136976,0.00058466976,0.0003373552,0.25387135,0.07314703,0.06396482,0.1607676,0.11941284,0.0049449876,0.4297627,0.053629395,0.4719709,0.34613386,0.0090530105,1.6739731,0.0006047941,0.0877417,6.259912,0.05503004,0.045334883,0.14515392,0.005465294,0.005116124,0.05080662,0.098689824,0.00027339722,0.08031004,0.06897691,0.0014551547,0.07511495,0.07430056,0.05681911,0.27686656,3.5858076,3.7968242,0.29916498,0.20974936,0.039218817,0.012936432,0.005914403,0.661828,0.022694094,0.002662306,1.0846361,0.54566264,0.0761779,0.044920158,0.14038423,4.0575265e-05,0.0009339061,0.1341673,0.0008369894,0.07200035,0.0022112536,0.024765756,0.012726105,0.00020706907,0.00011553551,0.088966094,0.011693173,0.16862342,0.0040716883,0.09546841,0.00017635792,0.13315852,0.05088937,0.295192,4.2697528e-05,0.6814422,0.019525254,0.05575882,0.00041643245,1.6249889,0.016994925,0.24678984,0.15580563,0.023381978,0.0012539108,0.025633125,0.6408608,0.013023393,0.10855632,0.31806615,0.14699672,3.639203e-05,0.4453077,0.18377094,0.19642043,3.6783213e-06,0.5019534,0.0021366272,100.0,0.32822773,0.07231963,0.26089236,0.95994806,0.0002030829,0.08819936,1.3459102,0.24683669,0.09613104,0.13784881,0.0004088014,0.27068046,7.3189335,0.01519974,0.0060521886,0.21290874,0.032054517,0.0023305947,0.0033604538,0.116726264,0.08748579,0.05637884,0.103412524,0.07124031,0.00020150066,0.005824127,0.17688838,0.031010453,0.43060827,0.0061269808,4.2523432e-05,0.019321287,5.568326e-06,0.04071186,0.028071422,0.6611376,0.01941931,0.06780959,0.012129301,0.0008046565,0.018833743,0.05233025,0.28082356,1.7433314e-05,0.029133627,0.17050733,0.09002242,1.5282469,0.26997426,26.525944,0.12960476,0.0004256146,0.26169464,0.7157123,0.0028557784,0.0015500872,0.027239006,0.5903527,0.15441485,0.04722215
1916,0.13236667,0.14722733,0.022305408,0.0002184485,0.0010245685,1.9499688,0.010319945,3.2629032e-06,1.394098,0.14598884,0.053143475,0.024427136,0.56516695,0.012823416,0.035309043,0.5313266,0.12886415,0.00018204653,0.00042260962,0.08106408,0.48504588,0.009481001,0.38812146,3.2476223,0.0010734345,0.0040109726,0.019809831,0.018962938,0.038039237,3.4746253,0.12715138,0.33971128,5.5874066,0.081151314,0.11762237,0.23510739,0.081032716,0.00010527718,1.3790509,0.00086144125,0.00028954426,0.06733958,0.28222245,0.0068619633,0.60208803,5.7542624,0.0005830619,0.00033177627,0.24336466,0.07231203,0.06497428,0.07090629,0.119759746,0.0050215847,0.4466103,0.051687263,0.47605953,0.3498943,0.005435445,1.6921288,0.00058756233,0.032066017,6.2889886,0.055397432,0.045786075,0.14122294,0.0055131307,0.0050904686,0.020664595,0.09626185,0.000263816,0.07578028,0.075835966,0.0014528447,0.08130296,0.07624803,0.05697985,0.2701372,3.4013426,3.723525,0.2919985,0.21176574,0.038531814,0.013451485,0.0058241743,0.6583928,0.02274786,0.0025925238,1.1519291,0.53482234,0.07545638,0.044152237,0.13393328,3.9950814e-05,0.0008820555,0.13367254,0.00082057045,0.066693395,0.0021592535,0.025036305,0.012989424,0.00020544474,0.00010009098,0.08993631,0.011583798,0.16185552,0.0038569742,0.09032548,0.00017361596,0.13312016,0.050709404,0.28660852,4.2629094e-05,0.67468804,0.018975846,0.05570116,0.00040257996,1.5096413,0.017714819,0.235314,0.1555611,0.023240937,0.0013960886,0.02705178,0.57119936,0.013092847,0.11129435,0.31993815,0.12745166,3.649158e-05,0.41242403,0.173037,0.20026548,3.6239364e-06,0.48790026,0.0020465525,100.0,0.31975856,0.065808006,0.26109883,0.853524,0.00019972063,0.11445652,1.4295583,0.25175598,0.091792606,0.13652539,0.00040289765,0.23315328,7.357169,0.0150701385,0.0060153683,0.21126004,0.030941254,0.0018425033,0.0036407996,0.11058385,0.092516944,0.056300107,0.10343327,0.07133987,0.00047205514,0.0056825383,0.18000205,0.030793551,0.4235443,0.00586448,4.2291696e-05,0.018556386,5.6068734e-06,0.040867038,0.028811997,0.66668344,0.019306064,0.065181896,0.010703058,0.0007953203,0.01931252,0.052837346,0.2747508,1.7161348e-05,0.032675613,0.17151402,0.09029857,1.4723287,0.26040152,27.2953,0.12817287,0.00041435333,0.3033111,0.69434375,0.0030961568,0.0016066325,0.026723346,0.6215486,0.15369427,0.04848932
1917,0.12991436,0.14749901,0.022142017,0.00020221842,0.0010080521,1.9255855,0.010007693,3.2358291e-06,1.4020649,0.088733956,0.051489845,0.024524625,0.45675355,0.013363458,0.035899647,0.5212082,0.12972957,0.0001785055,0.0004185251,0.08101218,0.4779372,0.00907942,0.39344177,3.1200418,0.0010472673,0.0017045711,0.025462143,0.019220829,0.03833625,3.9155135,0.10231902,0.3273943,5.6245813,0.08157771,0.09329454,0.28687426,0.08737035,0.00010467618,1.3509778,0.0008578686,0.00029108475,0.06865826,0.28474087,0.0067525627,0.5550626,5.8616977,0.00058158895,0.00032763265,0.21525781,0.07202992,0.065709166,0.16070837,0.12233049,0.00506026,0.41960624,0.052159164,0.4639899,0.3414183,-0.0059464932,1.7782758,0.00057146326,0.026968239,6.091973,0.052912027,0.0474313,0.14051625,0.005094761,0.0051224995,0.013395618,0.09510634,0.0002559691,0.07291815,0.055186413,0.0014553476,0.07037549,0.07736954,0.056424525,0.2631589,3.4083252,3.6981187,0.2900393,0.21535909,0.038005237,0.013984197,0.0057579586,0.58184224,0.023421057,0.0025410072,1.2110144,0.52693176,0.075342864,0.043722678,0.13143665,3.9483366e-05,0.00083422277,0.13754696,0.0008077251,0.06396192,0.0021299187,0.024950258,0.013287422,0.00020512419,9.3658724e-05,0.085922234,0.01200546,0.15979174,0.0036801377,0.09010654,0.00017155736,0.13338499,0.049141467,0.2869357,4.270477e-05,0.73736864,0.018775662,0.05563311,0.00039089328,1.4738535,0.017826414,0.22804508,0.15887524,0.023175823,0.0011873903,0.028699331,0.7873283,0.0132346535,0.11297498,0.32460347,0.12646635,3.6281253e-05,0.27317268,0.12754874,0.1974907,3.5830483e-06,0.46793273,0.001966335,100.0,0.31145054,0.064270966,0.2964288,0.81455284,0.00019704526,-0.024818087,1.4940592,0.25101092,0.0757266,0.1334788,0.000398499,0.21935429,6.7724977,0.015028506,0.0059865015,0.2101857,0.030178472,0.0021809197,0.0038179634,0.11052414,0.088846825,0.05641546,0.10281403,0.071238905,0.00038985218,0.0055708108,0.16814475,0.031394415,0.32756412,0.0060301195,4.2204752e-05,0.017891662,5.658322e-06,0.04123134,0.029466521,0.6762768,0.019103598,0.06485475,0.010124301,0.00078676734,0.020149715,0.05356279,0.27300343,1.6957034e-05,0.036645878,0.17350036,0.09324374,1.3973163,0.26003096,28.153196,0.12618789,0.00040449237,0.31120375,0.6742255,0.0015655004,0.0016203129,0.02629272,0.639676,0.15192936,0.050122507
1918,0.13046686,0.14892752,0.022414781,0.00019364861,0.0010166782,1.9516892,0.008858472,3.780784e-06,1.4480673,0.0830556,0.044241942,0.02525196,0.43852964,0.014074011,0.03737275,0.5182987,0.13401759,0.00017941672,0.00042824462,0.08297957,0.4660515,0.011686836,0.40733963,3.1740088,0.0010480866,0.0032354144,0.026621984,0.019943748,0.038101748,4.003941,0.0988551,0.31216422,5.7859893,0.08122106,0.047999695,0.23274738,0.07229942,0.00010683213,1.4258544,0.0008757094,0.00029701638,0.07125038,0.29020286,0.0068181767,0.48519918,5.664665,0.00059352233,0.00035188106,0.23248899,0.07288936,0.06810881,0.14584891,0.13023509,0.0051859096,0.43163797,0.048329484,0.4601858,0.34382245,0.009923845,1.6062673,0.0005703601,0.0066287364,5.727571,0.049958285,0.048287075,0.14609563,0.005043217,0.0054429034,0.0014395214,0.0961338,0.00025517293,0.07035383,0.07882629,0.0014935958,0.065792605,0.07835329,0.055592097,0.25311306,3.3891995,3.7583637,0.29413474,0.22387414,0.03843973,0.014850914,0.005824002,0.6308233,0.022896124,0.0025481158,1.2781128,0.47917917,0.077027015,0.040423274,0.13435726,3.9996055e-05,0.0008100331,0.13990338,0.0008152476,0.06682299,0.0021460631,0.025998097,0.013869371,0.00022260612,8.793993e-05,0.086812295,0.01233159,0.15562505,0.0037066138,0.088804774,0.00017375145,0.1366896,0.043817457,0.29000664,4.3832588e-05,0.77347517,0.018809525,0.056923304,0.0003888473,1.5491443,0.018497324,0.21760888,0.16099398,0.023665037,0.0012167615,0.028795186,0.85842234,0.013701485,0.118176505,0.3374933,0.12920657,3.7222075e-05,0.3341459,0.13693069,0.20113589,3.6308647e-06,0.48635298,0.0019372046,100.0,0.31086445,0.063949734,0.26397792,0.92068136,0.00019912826,0.06257918,1.2851912,0.26608074,0.06947457,0.13741103,0.00040409187,0.22753806,6.06679,0.015504508,0.0060970653,0.21433488,0.030086782,0.0020603386,0.00026035044,0.11098856,0.091915354,0.05790239,0.1047246,0.07279733,0.00052759564,0.0056395116,0.14968985,0.03151726,0.3392301,0.0061439895,4.3160453e-05,0.017679913,5.8487403e-06,0.04236133,0.030791992,0.69585377,0.017457282,0.05838986,0.011693056,0.00079924054,0.022656944,0.055440135,0.27890489,1.7173785e-05,0.040696494,0.17635506,0.09029312,1.2491859,0.26800856,29.019167,0.11189524,0.00040553656,0.35259947,0.6706537,0.0032309382,0.0016649608,0.026492188,0.64247006,0.15772232,0.05113749
1919,0.13771895,0.16022938,0.023395639,0.00019599828,0.0010765494,2.1091945,0.009270297,4.2489523e-06,1.4824688,0.081254266,0.046389285,0.028013006,0.573494,0.01553543,0.0406806,0.546644,0.13646577,0.00018938513,0.00045716547,0.09109169,0.48863125,0.01568474,0.43724975,3.4727395,0.0010979938,0.00892488,0.035262946,0.021484384,0.042292193,4.0211306,0.09259346,0.3143814,6.0659924,0.0863434,0.038489275,0.26993996,0.07826439,0.000114566974,1.4585052,0.0009384038,0.00032134118,0.06992889,0.29945016,0.007227311,0.48201433,4.7192574,0.0006395032,0.00037943717,0.23978919,0.077628955,0.07362367,0.20325527,0.13722982,0.0056198854,0.4478864,0.04801268,0.4930609,0.37052184,0.0072914,1.7761601,0.000597433,0.007485414,5.9170136,0.051745426,0.055041857,0.15816593,0.005772088,0.0055444804,-0.0049334206,0.10138171,0.00026716237,0.087939866,0.07135482,0.0016089729,0.07338906,0.086476296,0.0604862,0.2025516,3.5221896,4.0202656,0.3156711,0.24560662,0.040818676,0.016412074,0.0061831013,0.680324,0.024430232,0.0026870186,1.3952239,0.5034854,0.082053974,0.042732593,0.14053874,4.2547494e-05,0.0008255122,0.15159932,0.00086396845,0.0713668,0.0022788101,0.03087442,0.015132702,0.00024022488,8.513549e-05,0.10005778,0.012978949,0.15981722,0.003883523,0.0876684,0.00018478738,0.14680044,0.04579712,0.31888548,4.7228146e-05,0.9055677,0.02252707,0.060968067,0.00040620967,1.6175733,0.019149315,0.23427334,0.16380168,0.025334543,0.0013408941,0.030068794,0.60638446,0.014834758,0.12889259,0.36408684,0.13156928,4.0085128e-05,0.42450657,0.15320455,0.21216428,3.864434e-06,0.49629402,0.0020040378,100.0,0.32714084,0.07706183,0.27219856,0.9463049,0.00021115638,0.023906156,0.28146914,0.29078487,0.08341168,0.14586216,0.00043005336,0.25317532,6.262193,0.01658628,0.0064839567,0.22925422,0.031963877,0.0021542695,-0.0006748233,0.12079591,0.098508775,0.062389836,0.12327015,0.07830492,0.0005304712,0.0060058096,0.15015726,0.03765867,0.352632,0.0063631516,4.6328012e-05,0.018339174,6.3393827e-06,0.04573689,0.033433013,0.7071758,0.018565202,0.06223939,0.011149884,0.0008533458,0.02288135,0.059509385,0.302744,1.8265844e-05,0.05186384,0.19563925,0.09889091,1.2691449,0.2896084,27.772009,0.11816629,0.00042535033,0.41785735,0.68889993,0.002202744,0.0018112969,0.028004803,0.69550186,0.16785653,0.05468941
1920,0.12709333,0.16525213,0.021244818,0.00017696129,0.0010109212,2.0907457,0.008494077,3.7133097e-05,1.6839098,0.1794276,0.042725254,0.02718993,0.63594645,0.015498421,0.040169153,0.5001756,0.14014246,0.00017743022,0.0004399258,0.08735659,0.462439,0.009334072,0.4069675,3.5178614,0.0010175142,0.0028167672,0.026659032,0.02091952,0.043671444,3.4899209,0.109035805,0.2833583,5.5565014,0.0907599,0.06402612,0.18489344,0.074392036,0.00010910327,1.5055112,0.00089650013,0.00031141716,0.06953722,0.29650742,0.006772579,0.449329,4.8258214,0.0006104804,0.0002818125,0.20665519,0.08101471,0.07078043,0.11002973,0.12701502,0.0059483014,0.41148192,0.0429846,0.47006938,0.33757177,0.0111272605,2.0999563,0.0005558828,0.010746686,5.7717595,0.047029786,0.05642114,0.16364785,0.006100434,0.005892121,0.0005599786,0.108283855,0.0002538978,0.09252641,0.07413843,0.001537594,0.112355225,0.08607898,0.058800016,0.20377941,3.269224,4.2597175,0.27719513,0.2391609,0.037667498,0.014635257,0.0058060307,0.6041448,0.030010464,0.0025255037,1.2767075,0.4792513,0.0818184,0.03987316,0.17374426,4.0171803e-05,0.0007491969,0.14435038,0.0008142568,0.07105131,0.002586184,0.025003627,0.014595209,0.00020457296,7.265952e-05,0.08386441,0.013553547,0.15122397,0.0034876373,0.078904174,0.00017440584,0.13965793,0.042916283,0.30893597,4.480977e-05,1.2538834,0.021965107,0.059074234,0.00037669684,1.2538642,0.018536923,0.2127339,0.17215258,0.024189817,0.0013107727,0.030834837,0.57015294,0.0143208755,0.12757035,0.37112162,0.16344415,3.8296796e-05,0.39682582,0.13833271,0.1890675,3.6506974e-06,0.46317586,0.0018355473,100.0,0.32154915,0.0802143,0.26766884,0.8285312,0.00019854477,0.03918301,1.0539368,0.22400369,0.0847243,0.13538957,0.00040907713,0.29989856,6.4788895,0.016377037,0.006334768,0.22044574,0.040863793,0.0011530815,0.0050376668,0.12676415,0.08084597,0.05990835,0.11808486,0.075199574,0.0007200525,0.0057880064,0.14750564,0.037170924,0.3515182,0.0064611314,4.411378e-05,0.016963333,6.0944208e-06,0.045489658,0.033758514,0.72526765,0.01739013,0.05716886,0.010243988,0.00080701493,0.021224864,0.0585065,0.30193847,1.724281e-05,0.05014552,0.19413163,0.0958207,1.1303514,0.2695062,28.371271,0.110493794,0.00039327945,0.4614957,0.56040865,0.0034463846,0.0018375838,0.026069487,0.6976202,0.1664281,0.055746276
1921,0.13035601,0.18157211,0.021919414,0.00014901317,0.0010376882,2.197804,0.008658782,5.4011565e-05,1.7612596,0.22770347,0.044311527,0.028760865,0.6109048,0.016992785,0.042985298,0.5106941,0.15256666,0.00018163268,0.0004630478,0.09063098,0.47132197,0.008261683,0.42036355,3.5246038,0.0010385507,-0.00115602,0.029165266,0.02227703,0.04918992,3.5108237,0.087160386,0.25847912,5.672309,0.09983423,0.02540138,0.3341758,0.119237214,0.00011346435,1.6269761,0.00093415787,0.0003283684,0.05949374,0.28795817,0.0069477204,0.44454008,5.380592,0.0006342921,0.0002583445,0.21576972,0.0861798,0.073900126,0.18433808,0.13297448,0.006521523,0.43453673,0.046505168,0.48766378,0.3418384,0.005109164,1.9860953,0.0005636842,-0.009442052,4.287531,0.04402674,0.06045634,0.18050596,0.0067109186,0.007084044,-0.014771633,0.11513788,0.00026122647,0.10136978,0.078775704,0.0016027271,0.15317513,0.09007295,0.057093367,0.25033733,3.4904354,4.6579895,0.2610215,0.26174653,0.038142253,0.015148883,0.0059754914,0.6596504,0.03004153,0.0026253194,1.2506863,0.50339997,0.08709978,0.041645,0.20238298,4.141709e-05,0.0007465903,0.15052041,0.00083969283,0.08252413,0.0030231744,0.030579066,0.015350457,0.00020314098,7.678198e-05,0.08505159,0.01491595,0.15378392,0.0035705299,0.08428444,0.00017965537,0.14510888,0.044341907,0.33796793,4.704743e-05,1.4522984,0.022821482,0.062106326,0.0003819176,1.0499704,0.020181596,0.21942554,0.18093243,0.025116451,0.0013428059,0.034004714,0.49221942,0.015097054,0.13619769,0.40181646,0.23253545,3.9800358e-05,0.42028162,0.1210996,0.19103186,3.7793811e-06,0.47316256,0.0018338087,100.0,0.3360197,0.08109072,0.30136856,0.82956773,0.00020364363,0.009211475,1.1143267,0.228083,0.0904454,0.13782473,0.00042313276,0.33928496,7.524118,0.017469097,0.0063133663,0.22901918,0.048774004,0.0016253508,-0.00037221177,0.13682027,0.070465155,0.062933415,0.12539606,0.07854642,0.0003384512,0.0064309463,0.14963263,0.039090488,0.3157544,0.006772942,4.5990648e-05,0.017144993,6.421291e-06,0.04936534,0.03594249,0.82981694,0.018165769,0.060276493,0.010498002,0.00083402894,0.022193342,0.061893478,0.31030336,1.7859204e-05,0.048402067,0.2081111,0.09972414,1.1228681,0.27400166,26.257845,0.11548148,0.00039705925,0.54925454,0.52342355,0.0034065405,0.0019724076,0.02663649,0.727691,0.17953794,0.060382444
1922,0.12909186,0.18578996,0.021069326,0.00015371869,0.0010276238,2.225025,0.008624366,6.367133e-05,1.8632841,0.21666265,0.044963617,0.029295193,0.65721536,0.017803708,0.044375736,0.50656325,0.15728758,0.00017921995,0.0004744237,0.09090934,0.46064666,0.007212489,0.41733497,3.8362496,0.0010194653,0.0023783296,0.025125202,0.022339093,0.050151877,3.3754823,0.099042505,0.26321238,5.5407243,0.107904516,0.116316155,0.34557864,0.114516966,0.00011382875,1.6065891,0.00093683106,0.0003323377,0.059884675,0.2854239,0.0068826675,0.40092266,5.114326,0.00063629035,0.00024319507,0.22863717,0.08630511,0.07481674,0.044183735,0.13266388,0.0064640823,0.43424317,0.044913977,0.4864245,0.3360592,0.005322175,2.2914286,0.0005508881,0.025687583,5.36641,0.042818345,0.063778855,0.18221514,0.00720191,0.0071463846,0.011834599,0.114718504,0.00025804245,0.0882614,0.069254816,0.0016106252,0.1580871,0.092886336,0.057012733,0.26609716,3.3134778,4.7568417,0.23379117,0.2765273,0.03734412,0.015076673,0.0059348233,0.7360803,0.030756155,0.0026228637,1.313919,0.5091747,0.08966738,0.042267326,0.2132068,4.1109754e-05,0.00072627334,0.152512,0.00083463214,0.0945363,0.0032798483,0.030338712,0.015463951,0.00019851032,7.093583e-05,0.08245047,0.0153379245,0.15036075,0.0037413014,0.08247385,0.00017827225,0.14519627,0.044350494,0.34120673,4.7518228e-05,1.4001698,0.024487197,0.062367834,0.00037308878,0.92556685,0.019220961,0.20206887,0.17951399,0.025077792,0.0013369814,0.035139266,0.24181691,0.01536133,0.13908374,0.4130905,0.22757071,3.99227e-05,0.4556129,0.14811674,0.18712248,3.7699353e-06,0.43772623,0.00176573,100.0,0.3349432,0.07747519,0.29409453,0.80586106,0.00020096042,-0.055226825,1.113828,0.21878947,0.09966524,0.13628034,0.00042149273,0.3679757,7.127134,0.017822554,0.005981366,0.22916837,0.052723415,0.0017038512,-0.0027070618,0.14130005,0.060717355,0.063854694,0.13200933,0.079356834,0.0006106398,0.0061608567,0.1395685,0.041994866,0.351611,0.0068343407,4.631267e-05,0.01669228,6.5482527e-06,0.050481565,0.0368588,0.8406062,0.018465083,0.061861213,0.010464855,0.0008312318,0.021286255,0.062102214,0.31251433,1.7821247e-05,0.056814276,0.21317393,0.102402605,1.0794959,0.2772419,25.721857,0.11747017,0.00038687504,0.6336074,0.48420966,0.0031374262,0.002028276,0.026271183,0.6916111,0.1789642,0.05744506
1923,0.122308694,0.18075716,0.019631505,0.00014380156,0.0009782998,2.148809,0.00817304,6.7024e-05,1.7704479,0.19562404,0.043290008,0.028651971,0.7578699,0.017930884,0.04350081,0.4696107,0.15310979,0.00016986205,0.00045808995,0.086255856,0.43876857,0.008261956,0.3904561,3.734464,0.00095705566,0.0042136544,0.020680744,0.02220688,0.050707888,3.2567732,0.10604632,0.25540656,5.385751,0.10559977,0.08063789,0.31819355,0.10607767,0.000109613466,1.5347788,0.0009020372,0.00032297117,0.05182193,0.27517283,0.006538004,0.39556584,3.6565344,0.00061282155,0.00022607678,0.22421552,0.08287647,0.072115906,0.24301642,0.12680338,0.0062359334,0.43483925,0.045973044,0.46498153,0.32000795,0.0011361439,2.4060924,0.00051737524,0.019985177,5.3590565,0.040053163,0.060429394,0.18933913,0.0067937355,0.0067426027,-0.0015863138,0.11232788,0.00024476595,0.08183334,0.06217266,0.0015541813,0.1484573,0.086987324,0.053851236,0.26065683,3.299832,4.5986896,0.20405708,0.28339157,0.03526773,0.014456479,0.0056701065,0.676438,0.02933368,0.0025157314,1.325265,0.49025512,0.08825463,0.040182315,0.20996395,3.9197414e-05,0.00067307515,0.14507155,0.00079782814,0.09152923,0.0033426879,0.026136892,0.014962529,0.00018702699,6.4597145e-05,0.07915709,0.015122506,0.1424407,0.0033587774,0.08147259,0.0001698361,0.13936919,0.04270409,0.35397178,4.6072197e-05,1.2309886,0.02359497,0.060108375,0.00035042682,0.8155412,0.018013481,0.19372086,0.18072125,0.024026727,0.001273207,0.03594675,0.4308972,0.015007305,0.13613772,0.40761098,0.21801038,3.819686e-05,0.42204177,0.14129637,0.17458421,3.611033e-06,0.43793494,0.0016341967,100.0,0.3195298,0.07253041,0.26974034,0.7095611,0.00019027699,0.06464925,0.90949464,0.20828708,0.09264017,0.13054127,0.00040331113,0.36938116,7.22746,0.01757005,0.005489069,0.21947098,0.053152,0.0019617323,0.0005212973,0.13642383,0.053398516,0.062374715,0.12656984,0.07686529,0.00018035521,0.00595017,0.13784114,0.039576817,0.348308,0.006639033,4.4658027e-05,0.015627507,6.3862985e-06,0.049162846,0.03582828,0.80279505,0.017733457,0.058107793,0.010069582,0.00079269544,0.021939678,0.060053065,0.30440927,1.707398e-05,0.056674093,0.21211079,0.10063557,1.0018374,0.26165923,28.583576,0.11203425,0.0003599141,0.6255298,0.44054842,0.002622857,0.0019481622,0.024911292,0.70997864,0.17515072,0.060024418
1924,0.122589104,0.18558265,0.019316424,0.00014407212,0.0009805292,2.1843941,0.008239228,7.08113e-05,1.80341,0.21421285,0.044250686,0.0293639,0.7899923,0.018911857,0.0450161,0.4782892,0.15939955,0.00016940296,0.00047146954,0.08472477,0.43602705,0.008536751,0.38381463,3.6827638,0.00093783234,0.0032789125,0.029484412,0.022596236,0.05222798,3.1998372,0.10110552,0.27023086,5.2935233,0.10160238,0.11518997,0.30254364,0.1040667,0.00011121024,1.5507243,0.0009135572,0.000329299,0.05301851,0.27331954,0.0065310164,0.46369973,4.7592,0.00061962276,0.00016484251,0.23569335,0.08316712,0.0735995,0.2491248,0.12859719,0.006363746,0.445775,0.044336144,0.47190127,0.31705862,0.00030713336,2.6525373,0.0005100669,0.02759366,5.545872,0.038753077,0.06151009,0.18720938,0.0076494315,0.0073534423,0.006481027,0.11689046,0.00024237881,0.089772865,0.07892393,0.0015794619,0.17631626,0.0858766,0.05656664,0.2506879,3.292422,4.6905184,0.24655223,0.29972887,0.03511952,0.014617181,0.005701163,0.70822626,0.031571906,0.0025397544,1.3464756,0.49681482,0.08931507,0.04084932,0.2186922,3.9332128e-05,0.0006555018,0.1509038,0.000801909,0.09169664,0.003534416,0.028938135,0.01517863,0.0001452456,6.3825166e-05,0.07679867,0.015761469,0.14064474,0.0032886039,0.079078384,0.00017026532,0.14060633,0.043661665,0.34718123,4.698354e-05,1.1932976,0.02379802,0.060554296,0.00034637537,0.7753492,0.017476242,0.1890143,0.17323317,0.0242145,0.0013335457,0.035856035,0.29332653,0.015518925,0.13956755,0.42366305,0.23840009,3.877304e-05,0.44521698,0.14769126,0.17453566,3.6393842e-06,0.41323182,0.0015910323,100.0,0.3205367,0.07591981,0.27931556,0.7063269,0.00018950032,0.015885802,0.8939633,0.2088376,0.096531734,0.12860791,0.0004059275,0.39645362,7.680103,0.017794179,0.0053097024,0.22085913,0.05620524,0.0018814363,-4.2632337e-06,0.1349905,0.05136875,0.06370301,0.12599722,0.07816493,0.00025282797,0.0059141032,0.15811463,0.039070148,0.36192062,0.0068027424,4.530349e-05,0.015423621,6.539756e-06,0.050309952,0.036306378,0.79708385,0.018182866,0.059150912,0.010265211,0.00079939637,0.025558857,0.060817398,0.31655023,1.7213206e-05,0.058327515,0.21687385,0.103427626,0.9835953,0.2602582,26.364658,0.11448502,0.0003495317,0.6515804,0.42658654,0.0028602863,0.0020132975,0.024874743,0.73007876,0.17724563,0.06091468
1925,0.12250749,0.18831356,0.01935582,0.00013394732,0.0009832748,2.213942,0.008096616,7.4959535e-05,1.794156,0.20139173,0.044301324,0.029933237,0.8017424,0.019884434,0.046371758,0.4779099,0.16175838,0.00016908241,0.000484025,0.08596666,0.43913713,0.0077984133,0.39474297,3.8100946,0.00092101365,0.003239145,0.02466922,0.023406403,0.053576853,3.125991,0.10308113,0.2968657,5.3164024,0.10541593,0.13299188,0.40542257,0.13233365,0.00011282624,1.5932113,0.00092477,0.00033530712,0.0567732,0.27379274,0.006520643,0.43884948,4.7950006,0.00062804326,0.0001467277,0.229726,0.083293386,0.0746415,0.11827515,0.13062246,0.0065463707,0.4543606,0.043421976,0.4718274,0.31341913,0.008299689,2.7017477,0.0005036726,0.023932595,5.2483273,0.038093437,0.06560729,0.19664715,0.00800368,0.0071264682,0.008570284,0.12330715,0.00024136998,0.11239677,0.061012127,0.0015692307,0.16413546,0.087157674,0.052218493,0.24184316,3.1465855,4.741451,0.22532126,0.30480117,0.035035886,0.014690317,0.005735361,0.6837811,0.028604196,0.00256758,1.3534604,0.505148,0.09196335,0.041140214,0.21603656,3.9450315e-05,0.00063759735,0.15181305,0.0008061087,0.09278391,0.0037287017,0.033236578,0.015378421,0.00013048577,6.218099e-05,0.07699774,0.016220992,0.140887,0.0033150236,0.07773922,0.00017062608,0.1417837,0.04406726,0.34955812,4.786962e-05,1.1047391,0.024360364,0.061435513,0.0003426852,0.7418484,0.017861692,0.18579102,0.18631111,0.024395248,0.0012392584,0.039462376,0.30698648,0.015840895,0.14203428,0.4351639,0.22488807,3.845895e-05,0.46864566,0.14386223,0.17439221,3.6661916e-06,0.42284593,0.0015494402,100.0,0.32063723,0.07759805,0.29288423,0.7643168,0.00018861178,-0.042681467,0.9271953,0.21268384,0.09855473,0.13000879,0.0004085435,0.42730066,6.9924316,0.01838588,0.005201579,0.22201537,0.058714565,0.0020605116,0.0023124127,0.14054902,0.050243206,0.06532338,0.13099867,0.07935204,0.00033932202,0.0059520863,0.1524831,0.039782777,0.34375003,0.0069439486,4.5920762e-05,0.01523244,6.6905513e-06,0.051320564,0.03681324,0.81410146,0.018413378,0.060523756,0.010368036,0.0008033523,0.028225558,0.061528083,0.31733012,1.7344288e-05,0.06326301,0.22382548,0.10562852,0.958755,0.26148948,27.079777,0.11536393,0.00034103874,0.7025973,0.41512942,0.0026962636,0.002021949,0.024811473,0.7482347,0.18275234,0.065984085
1926,0.12373563,0.19000201,0.019051827,0.00010960718,0.0009948133,2.2456164,0.008233965,7.9334124e-05,1.8298239,0.19717255,0.04745039,0.030631904,0.80307287,0.020833986,0.048256315,0.47363442,0.16522148,0.00017011995,0.0005026172,0.083467215,0.44814754,0.0074284645,0.39767876,3.8152452,0.00091235555,0.0031841388,0.030253913,0.02379116,0.053283535,3.4025135,0.101698264,0.30294287,5.365442,0.105991624,0.12542593,0.32421154,0.10503672,0.00011542894,1.6485039,0.00094382925,0.00034421636,0.050804198,0.27556118,0.0065749018,0.4448468,4.382368,0.00064247753,0.00012933815,0.22272483,0.08408474,0.07563874,0.15148179,0.13291013,0.006824463,0.44991037,0.045825563,0.48340368,0.30319905,0.016699558,2.7412825,0.0005007872,0.020894447,3.230571,0.038827084,0.06494275,0.19141926,0.007529555,0.007121246,0.003416838,0.12322331,0.00024241864,0.0955663,0.09744933,0.001604297,0.17216267,0.085685745,0.053295266,0.2575406,3.2532146,4.8217993,0.23148099,0.31487703,0.035300054,0.014928085,0.0058134133,0.70707977,0.029738447,0.002615535,1.3695562,0.52463925,0.09680936,0.042733695,0.22262879,3.987351e-05,0.0006319374,0.15561058,0.00081735733,0.10257444,0.003911967,0.028452631,0.015651679,0.000117062,5.9790134e-05,0.0769811,0.016496938,0.14220414,0.003306098,0.079287976,0.00017249266,0.14371195,0.046305403,0.34663647,4.912583e-05,1.0133771,0.024332989,0.062696524,0.00034205304,0.710121,0.017185325,0.19365196,0.18247384,0.024786089,0.0012482472,0.041712288,0.20098323,0.016361237,0.14568424,0.4523806,0.2237531,3.8881382e-05,0.47748253,0.13250777,0.17545593,3.7247037e-06,0.43532148,0.001522065,100.0,0.32442498,0.086924866,0.3078867,0.69196,0.00018934556,0.011562481,0.96291184,0.21619748,0.098858126,0.12971686,0.00041447565,0.47017547,7.2428813,0.018854054,0.0051435507,0.22539009,0.060694594,0.0018690408,0.0025606982,0.13701554,0.046620857,0.067449406,0.12972458,0.08144509,0.00012807272,0.0060416954,0.15553881,0.03996059,0.34139162,0.006901373,4.6933437e-05,0.015162438,6.927193e-06,0.052667983,0.03751629,0.8462991,0.019401144,0.06254912,0.010620665,0.0008159509,0.027944498,0.062558666,0.3280144,1.762669e-05,0.06650471,0.22991996,0.107827984,0.98723763,0.2646904,28.435198,0.12145944,0.00033666258,0.74613696,0.40262604,0.0033214474,0.0020941065,0.024961246,0.77048624,0.1830248,0.071839385
1927,0.11984476,0.18452865,0.01834042,0.00012254361,0.0009655512,2.1951966,0.008215636,8.001897e-05,1.8091556,0.20198493,0.048075415,0.03034109,0.8854953,0.0210936,0.047941152,0.4633765,0.16299562,0.0001642128,0.00049475353,0.08664575,0.44346154,0.0062591177,0.38750392,3.993308,0.00086773024,0.003071352,0.023365209,0.023378141,0.052997448,3.162946,0.10710466,0.28135887,5.1510005,0.10635836,0.16054036,0.31400433,0.1035474,0.0001133923,1.5900496,0.0009235923,0.0003376359,0.05509351,0.26677814,0.0063539334,0.45352933,4.8290563,0.0006279522,0.00010881007,0.23268588,0.08170646,0.074219994,0.22872673,0.13029568,0.006563427,0.46371678,0.045017295,0.46864137,0.27531,0.009295814,2.6532626,0.000478481,0.03132476,5.2555404,0.038856797,0.06336273,0.18592206,0.0075116246,0.007139131,0.014309532,0.12411195,0.00023360267,0.08786289,0.07263488,0.001572862,0.16838853,0.089135855,0.051621046,0.26184008,3.1476772,4.719976,0.19532244,0.3177762,0.0371397,0.0145020615,0.005653589,0.72014755,0.028906547,0.0025543037,1.4004866,0.52419114,0.0934851,0.0423593,0.22419791,3.869308e-05,0.00059912144,0.15514256,0.0007948132,0.09944471,0.0039376863,0.029748002,0.015241495,0.00010154224,5.6750563e-05,0.07494822,0.016378434,0.13847604,0.0032015212,0.07646523,0.000167285,0.13976455,0.0463785,0.33093902,4.8392576e-05,0.8828524,0.024273494,0.061144665,0.00032776146,0.6715833,0.017355205,0.17861788,0.18269207,0.024131924,0.0012392895,0.039602317,0.13235101,0.016221905,0.14356275,0.4508724,0.22587354,3.793718e-05,0.48913822,0.14657141,0.16965178,3.6290994e-06,0.40090194,0.0014340241,100.0,0.31424785,0.078810886,0.29708326,0.67658216,0.00018245388,0.056232873,1.0670834,0.20719454,0.10120661,0.12516285,0.00040339556,0.4835981,7.5517454,0.018561741,0.0048851906,0.22255929,0.0621269,0.0017700704,0.0014550968,0.13871887,0.042521935,0.06663613,0.13250615,0.079655915,0.00032234468,0.0059137125,0.15808581,0.04062973,0.3690534,0.006772912,4.5989866e-05,0.014406928,6.8627714e-06,0.051833138,0.038823433,0.80720073,0.019474948,0.062424116,0.012539372,0.00079486374,0.028018309,0.060959734,0.32170412,1.71801e-05,0.06602691,0.22906713,0.10434424,0.97280425,0.2529779,26.566256,0.12163963,0.00031860446,0.7498941,0.3821344,0.0030465727,0.0020856154,0.024076052,0.7417649,0.17679031,0.06956902
1928,0.12074374,0.18763618,0.018414363,0.00011735248,0.0009749569,2.2110636,0.008347246,8.371999e-05,1.7814142,0.21051016,0.0493615,0.031059116,0.86773205,0.022140162,0.04921457,0.46408764,0.169347,0.00016511805,0.00051543664,0.08834004,0.44580764,0.009038988,0.38620842,3.8648052,0.0008929712,0.0051943143,0.023953088,0.024082506,0.054099917,2.8854086,0.1100585,0.26644325,5.253997,0.10899673,0.09821665,0.2575136,0.083579056,0.000115948846,1.5875983,0.0009400029,0.0003451421,0.05450415,0.26864737,0.006388008,0.47435978,5.0530796,0.0006383032,9.717631e-05,0.23416403,0.08208421,0.0753438,0.19830589,0.1355791,0.0069366773,0.46769008,0.047484133,0.47636902,0.26909715,0.0009942302,2.6428237,0.00047563223,0.005402138,5.0028567,0.037300628,0.06458186,0.1883466,0.007345052,0.0071141,-0.0039324486,0.12646063,0.000234189,0.09413346,0.08852213,0.0016043094,0.18056628,0.089266226,0.05141259,0.27081224,3.1795647,4.7606316,0.17892732,0.328012,0.040626183,0.014693325,0.005719893,0.7009359,0.028991306,0.0025962724,1.4280072,0.53413683,0.0978773,0.04287815,0.22387926,3.906714e-05,0.00059287366,0.16158827,0.00080448505,0.09703218,0.0041006724,0.033563204,0.015426185,9.506424e-05,5.445735e-05,0.07821852,0.016755607,0.14009525,0.0032386263,0.0789859,0.00016884494,0.14149512,0.0474865,0.3515012,4.958991e-05,0.82627296,0.025091456,0.0621267,0.0003274939,0.6876644,0.01771936,0.19989385,0.19051622,0.02442093,0.0012696595,0.03873733,0.2171104,0.016638312,0.14701752,0.4689104,0.22459184,3.7829588e-05,0.49147844,0.14378734,0.17081235,3.6799247e-06,0.40898216,0.0014056349,100.0,0.31690535,0.07241991,0.29974225,0.61466306,0.00018308293,0.071776435,1.1146189,0.21211316,0.10544776,0.12739313,0.00040847153,0.5167524,7.6651883,0.019015145,0.004849879,0.22277912,0.063968845,0.0015805308,0.0031856978,0.13684364,0.04275687,0.0683459,0.1385644,0.08121261,0.00062019774,0.0062848986,0.16501027,0.041378617,0.3543633,0.0068656565,4.68711e-05,0.014181568,7.081151e-06,0.052979406,0.037806265,0.8020142,0.019964397,0.062487982,0.011466727,0.00080460735,0.037512645,0.06179183,0.32438383,1.7421018e-05,0.059350528,0.23725002,0.107560456,0.97690904,0.2524367,26.5791,0.123099394,0.00031440877,0.78273255,0.3847955,0.002549393,0.0021284197,0.024145013,0.7513552,0.18053615,0.07563265
1929,0.11883997,0.18500964,0.017594561,0.000120182776,0.00095769623,2.1746316,0.008236408,8.480679e-05,1.719983,0.23032865,0.04941213,0.031246578,0.9228646,0.022540933,0.049169336,0.4531047,0.1711614,0.00016139468,0.0005212376,0.08529044,0.4409975,0.007118019,0.37853378,3.79878,0.000864787,0.0044341953,0.027810609,0.02393635,0.05450503,2.9093266,0.11823658,0.2853987,5.098854,0.11570372,0.08777078,0.33215335,0.10447169,0.00011538722,1.5275704,0.00093027425,0.00034242592,0.05253979,0.2573585,0.006238763,0.5078642,5.226745,0.0006318966,7.6609605e-05,0.24958201,0.08092638,0.07501041,0.058794256,0.13445467,0.0067340755,0.48044825,0.044869356,0.4768616,0.2524255,-0.0002686549,2.8288665,0.0004585826,-0.0020970262,5.1169844,0.0367337,0.06559165,0.19009486,0.0080377525,0.0070456504,-0.011313791,0.12711994,0.00022853416,0.10484419,0.03679078,0.001591839,0.17455548,0.08858587,0.050162688,0.27383262,3.1772408,4.7245946,0.19325453,0.31560308,0.041468307,0.014524655,0.00562653,0.7337758,0.028252969,0.0025655807,1.4273168,0.5324326,0.09728892,0.04237324,0.22014552,3.8333856e-05,0.0005688608,0.16670519,0.00079191074,0.09831022,0.004140454,0.029382814,0.015165203,8.294246e-05,5.4410968e-05,0.07563507,0.017041294,0.1358091,0.0031983415,0.074966095,0.00016583833,0.13897121,0.04701267,0.331954,4.9375285e-05,0.8042603,0.0254291,0.061414026,0.0003184832,0.63983744,0.016578829,0.16464849,0.18204196,0.02398724,0.0012219072,0.040220533,0.31236064,0.01659443,0.14566632,0.472814,0.19851436,3.7080332e-05,0.5071458,0.14799179,0.16764773,3.628389e-06,0.4050899,0.0013392975,100.0,0.3114926,0.07415956,0.29157963,0.6551539,0.00017888536,-0.008572491,1.1928476,0.20772055,0.10321777,0.12315696,0.00040221948,0.5346222,7.4509616,0.018990722,0.004719743,0.21726961,0.06462391,0.0019745,0.002804556,0.13444424,0.040896226,0.06828326,0.13589917,0.08019987,0.00017244926,0.0059878305,0.17433769,0.042045705,0.36622655,0.006936038,4.644951e-05,0.013517574,7.100788e-06,0.052607987,0.038474165,0.8061431,0.019933578,0.06235074,0.012497889,0.0007939512,0.04039472,0.060764447,0.32333776,1.7183278e-05,0.05789498,0.23696308,0.10841982,0.94859207,0.24970227,26.762335,0.12228575,0.00030255085,0.7793373,0.3670333,0.0028682374,0.0020874438,0.023524575,0.7512774,0.17881148,0.07459343
1930,0.12077223,0.2217289,0.01941593,0.00011287238,0.0009791425,2.028761,0.014471896,0.00010459075,1.529528,0.18570946,0.055946805,0.03361865,0.9061496,0.02372531,0.052769583,0.45883662,0.16944882,0.00016451266,0.0005553046,0.081673495,0.46340463,0.009897102,0.3780837,3.0787897,0.0009154179,0.0039266287,0.033769734,0.025252648,0.060850404,3.1835818,0.112794705,0.30097008,5.389122,0.14046466,0.15154645,0.40694085,0.14653693,0.00011964809,1.4053606,0.0009632595,0.00035793675,0.0693702,0.24779852,0.0064001773,0.4519723,4.6178637,0.0006526823,0.00040119555,0.23916489,0.07725941,0.07662815,0.18456098,0.13944453,0.0077806585,0.48376483,0.050106574,0.48714602,0.23440035,0.011447231,3.0213826,0.00046115185,0.025679339,5.0115266,0.066876486,0.07628381,0.21235466,0.007427827,0.008615189,0.0029101653,0.13857318,0.00023397792,0.11872703,0.08559286,0.0016461622,0.19666399,0.08662334,0.05115972,0.252835,3.2719934,4.8743563,0.18995966,0.33440512,0.057762444,0.015181919,0.0064358907,0.6950564,0.0319807,0.0028872532,1.3660926,0.5369365,0.10969549,0.04527519,0.24161237,3.9238654e-05,0.0005728403,0.16801326,0.0008113,0.11754797,0.00448726,0.039248295,0.018097797,9.178191e-05,5.1262945e-05,0.07859288,0.019344717,0.15419006,0.003218968,0.07830631,0.00016982263,0.14208552,0.051382307,0.39598444,5.128829e-05,0.80786324,0.025329717,0.06550345,0.00031957054,0.6281064,0.017140074,0.17013158,0.20592538,0.024667697,0.0012716221,0.045511186,0.52004874,0.017316118,0.1574609,0.54078835,0.23047687,3.774092e-05,0.5067604,0.14162199,0.16809504,3.727176e-06,0.41760576,0.0013186459,100.0,0.327009,0.111049175,0.34690025,0.6962714,0.00018246958,0.012573866,1.0073009,0.21216573,0.11200731,0.12340843,0.0004160002,0.53634816,8.764195,0.021129828,0.0047017094,0.22497338,0.0678598,0.0018302732,0.0011976671,0.15404044,0.042800486,0.07109846,0.13665155,0.08269201,0.00042068618,0.0054039177,0.15413137,0.040437073,0.36370438,0.0072168065,4.7951602e-05,0.03957178,7.432105e-06,0.057729702,0.04178806,0.8889367,0.021571893,0.06881404,0.01232886,0.0008141656,0.0413135,0.06547427,0.38921422,1.7662143e-05,0.059801582,0.26456752,0.12049374,1.0968955,0.24900004,24.85512,0.13481261,0.0003064177,0.83693016,0.3632651,0.0036709919,0.00219465,0.02370283,0.75445014,0.2037753,0.078002654
1931,0.12444595,0.24803506,0.020515388,0.00010527712,0.0010072135,1.9599197,0.017805275,0.00011824141,1.4240425,0.18355708,0.06119229,0.03552127,0.8391434,0.02521611,0.05618892,0.4658563,0.17206919,0.00016883216,0.00058970775,0.08236748,0.48349494,0.011776254,0.38827017,2.7853286,0.00092189276,0.0041392036,0.035195474,0.026668541,0.06864659,3.1580725,0.12028672,0.26467863,5.6862946,0.15895818,0.22365473,0.46928194,0.17370912,0.00012489593,1.3429654,0.0010032117,0.00037687272,0.08394971,0.24476726,0.0065630637,0.4254009,4.018214,0.00067148724,0.00057178724,0.24388863,0.0776496,0.078853,0.32414404,0.14461368,0.008574341,0.4861523,0.052936435,0.49939275,0.22725238,0.013035672,2.9504476,0.00046551172,0.04826132,4.825294,0.07644828,0.08321643,0.2300808,0.007833975,0.01016757,0.018994927,0.14514168,0.00024059057,0.15526074,0.056421008,0.0018258905,0.20989387,0.0911385,0.054534327,0.24411358,3.2837515,5.002002,0.20337437,0.3382577,0.067482345,0.015757134,0.0068093427,0.68001455,0.03403355,0.0031184303,1.3213278,0.5387962,0.11615774,0.04805988,0.25895613,4.042931e-05,0.00058456836,0.17412253,0.0008371405,0.13196018,0.004795544,0.045679443,0.019668898,0.00010794304,5.3013868e-05,0.08141842,0.022001982,0.16418357,0.00330052,0.0806276,0.00017699196,0.14630936,0.055196077,0.46562552,5.3958454e-05,0.8117639,0.025091646,0.06849926,0.00032300144,0.6165343,0.017558599,0.17251581,0.2459055,0.025206447,0.0011521624,0.053862043,0.43562815,0.017921017,0.1680323,0.59573966,0.23306204,3.8641556e-05,0.55121183,0.13840033,0.17201634,3.8642725e-06,0.413693,0.0013108051,100.0,0.34201133,0.12861226,0.30358782,0.7775621,0.00018755323,0.04037799,0.96961147,0.21942812,0.11331033,0.12616663,0.00043029385,0.56566495,10.391769,0.022563992,0.004751099,0.2319843,0.0703418,0.0021356943,0.0049067624,0.16909343,0.04559667,0.07414941,0.13739663,0.08554889,0.0004110793,0.00527706,0.14716323,0.041904356,0.37202165,0.0074040196,4.98881e-05,0.0539114,7.868019e-06,0.062958516,0.044057455,0.9325973,0.023114463,0.07365758,0.014221691,0.0008445997,0.037774608,0.06909893,0.4271653,1.8327017e-05,0.056962617,0.28915563,0.12600486,1.2086724,0.25305593,23.134825,0.14519714,0.0003147858,0.864849,0.3551383,0.001954696,0.0023702441,0.024059612,0.7512761,0.22219917,0.07468385
1932,0.12849393,0.2582766,0.02125541,9.526477e-05,0.0010393643,1.9568379,0.020514086,0.00012932255,1.4502761,0.15991679,0.06581523,0.037680335,0.7125914,0.02655864,0.059344046,0.48384815,0.17904998,0.00017425169,0.00062997785,0.08138527,0.5009403,0.0094095385,0.41555062,3.0049317,0.0009637022,0.0041055996,0.036065515,0.02821334,0.072831,2.9764569,0.124328345,0.2978605,6.0691347,0.16610394,0.27555424,0.5265678,0.18429366,0.00013076098,1.3429298,0.0010465306,0.00039585304,0.11335787,0.24802054,0.006759405,0.3773924,3.7662003,0.00069095107,0.00066618656,0.25233334,0.080042385,0.08175798,0.41877073,0.14984785,0.008966696,0.49001703,0.05656349,0.51727676,0.22667356,0.015617254,2.794835,0.0004743794,0.06594172,4.7950144,0.084437005,0.0880336,0.25347278,0.007930877,0.011582599,0.02921466,0.15077817,0.0002474128,0.16816548,0.07720615,0.0020190242,0.21710128,0.089452244,0.05584422,0.23895742,3.5266647,5.161872,0.18474911,0.36681288,0.07530401,0.016438423,0.007275144,0.63118124,0.035919093,0.0033226386,1.3786379,0.5528889,0.12307513,0.050948657,0.26033428,4.1739175e-05,0.00059137156,0.18747303,0.00086807687,0.14029859,0.0051808055,0.041849505,0.020867752,0.00011445753,5.4354503e-05,0.08632693,0.02379704,0.17502017,0.003390381,0.08362013,0.00018503406,0.15093882,0.058649022,0.49924493,5.681949e-05,0.837719,0.025194762,0.070845254,0.00032813507,0.64390296,0.017875561,0.17536987,0.2545194,0.025662728,0.0011322121,0.05984906,0.3632999,0.018652443,0.175761,0.63001513,0.2276445,4.025474e-05,0.5352049,0.14533317,0.1767223,4.020707e-06,0.41295153,0.0013089596,100.0,0.35707372,0.14612973,0.3699152,0.77924234,0.00019369963,0.05226843,0.843755,0.2288087,0.11375173,0.13065463,0.00044594615,0.58641374,11.028252,0.02430445,0.0048481934,0.24117059,0.07166848,0.0021704738,-0.0011934731,0.17656085,0.057785407,0.077671036,0.134541,0.08837014,0.00040838274,0.0053148046,0.1344072,0.04077542,0.37184215,0.0078315325,5.2050662e-05,0.06430417,8.321955e-06,0.06614967,0.04558725,0.95651877,0.024649378,0.078643836,0.013844722,0.00087657984,0.04060529,0.07222157,0.4580283,1.907701e-05,0.05709505,0.3101832,0.132493,1.3141134,0.26278222,21.103283,0.15503184,0.00032471467,1.0302916,0.35962325,0.0026888049,0.0025018768,0.024505444,0.75665617,0.23725675,0.077351235
1933,0.12653303,0.26122788,0.020820778,9.096227e-05,0.0010203102,1.8658845,0.021912202,0.00013275762,1.3723713,0.14751263,0.06731941,0.038280793,0.7408746,0.027009042,0.059343327,0.47658542,0.17319688,0.00045765328,0.00063695235,0.077715956,0.49426314,0.010235333,0.40451658,2.8934932,0.00096116133,0.005399062,0.032126408,0.027891878,0.07506171,3.0371208,0.11581297,0.29518718,6.151547,0.17561692,0.26275843,0.56404114,0.1953126,0.00013036006,1.2991596,0.0010374542,0.00039442483,0.09711787,0.24345838,0.0066170422,0.3317682,3.840015,0.00067207596,0.00070527,0.24610473,0.07825331,0.080343515,0.42990857,0.14732257,0.009239972,0.4575364,0.057638604,0.50598913,0.21961604,0.014640668,2.8488784,0.0004580768,0.059229616,4.672648,0.091461174,0.08854076,0.25701103,0.007959347,0.011173425,0.022858629,0.14718662,0.00024218194,0.17019556,0.0799604,0.002112636,0.23988728,0.08686679,0.055194464,0.23217025,3.4769962,5.1029115,0.21247102,0.3760879,0.0770768,0.016342552,0.0073733595,0.63293654,0.036205247,0.0033220085,1.469044,0.5262063,0.12344196,0.051261526,0.2630593,4.101822e-05,0.00056965963,0.1862478,0.00085779454,0.13864146,0.005246028,0.04585141,0.020646766,0.00011606534,5.2688465e-05,0.084578305,0.024227908,0.17310098,0.0033245508,0.08265841,0.00018399785,0.147487,0.059301358,0.51588106,5.690909e-05,0.8443775,0.024022037,0.069135845,0.00031791505,0.6072348,0.017177165,0.17113116,0.25924656,0.024799827,0.0011292368,0.06067894,0.49421063,0.018368015,0.17506629,0.6488681,0.22954394,3.973601e-05,0.49813747,0.14593132,0.17449503,3.9806564e-06,0.408626,0.0012443807,100.0,0.3542346,0.13409795,0.36974856,0.8644375,0.00019062728,0.023343103,0.80670315,0.23208193,0.117690414,0.12633502,0.00043928798,0.5684853,10.980743,0.024381535,0.0047353245,0.23778236,0.072530605,0.0025502762,0.003392391,0.17419203,0.052786693,0.07720495,0.13012162,0.08643789,0.00039491977,0.0051673674,0.121707805,0.03934946,0.36384326,0.0077334954,5.1639407e-05,0.068430156,8.362909e-06,0.065620296,0.042938024,0.94786286,0.024955891,0.0797487,0.013466825,0.0008668447,0.04784211,0.07149773,0.4706145,1.888991e-05,0.062011775,0.30900112,0.13791703,1.3441787,0.2547441,21.343054,0.15733126,0.00032091764,1.0293145,0.3393397,0.0030325311,0.0025212495,0.023743438,0.7604704,0.23868236,0.07778894
1934,0.12303661,0.2597751,0.019969549,8.982674e-05,0.0009920103,1.7770311,0.023307558,0.00013328453,1.3453757,0.13472897,0.07076886,0.03769745,0.7363403,0.02694724,0.05840525,0.46570688,0.16687791,0.0015309448,0.00064374786,0.07378533,0.49302083,0.0089120995,0.39309946,2.7550025,0.0009522571,0.0043650214,0.032658968,0.02810383,0.072845004,3.1309748,0.11089318,0.2892288,6.1495695,0.17738245,0.21273719,0.41416112,0.15847947,0.00012875028,1.2512645,0.0010188634,0.00038868855,0.10252428,0.2376948,0.006441323,0.3104047,4.102376,0.0006514156,0.0007261476,0.2474346,0.07644792,0.077898435,0.33624756,0.14381118,0.008873674,0.4579833,0.057900816,0.4937758,0.20620038,0.008251157,2.7949984,0.00043787368,0.04421361,4.831413,0.09303498,0.08943854,0.2513183,0.007621751,0.010383529,0.009641444,0.14834993,0.0002343517,0.18363634,0.1100007,0.002179425,0.2206227,0.08180621,0.054765474,0.22584209,3.3403203,5.0207267,0.2092846,0.37658733,0.1309579,0.016042093,0.0072808173,0.6715267,0.03565849,0.0032715814,1.5433532,0.5182007,0.123201706,0.051718988,0.26176086,3.9933446e-05,0.0005402162,0.18848048,0.00084045465,0.13474452,0.0050439807,0.037853055,0.020102141,0.00011961217,4.7099107e-05,0.08252965,0.02497289,0.17685416,0.0032039296,0.08170548,0.00018116891,0.1427483,0.06142968,0.48676068,5.642481e-05,0.83324456,0.023168696,0.06689622,0.0003054929,0.5857176,0.016565517,0.14694723,0.26382414,0.023757247,0.0010496621,0.058534015,0.5248885,0.017710093,0.1719145,0.6493095,0.22887853,3.9298408e-05,0.4811547,0.14229614,0.16900347,3.903742e-06,0.40268433,0.0011721145,100.0,0.34678426,0.1441781,0.33452153,0.7490494,0.0001860482,0.035735898,0.77131164,0.22931294,0.11633332,0.12291568,0.00042821714,0.58650756,11.432752,0.024337051,0.0045474,0.23203094,0.070342146,0.002670321,0.002496883,0.16948633,0.06369605,0.07597746,0.12556684,0.08367026,0.00056857825,0.004970669,0.11391107,0.037224937,0.3646962,0.0075844717,5.0724844e-05,0.07042941,8.300292e-06,0.0642794,0.043454733,0.96108586,0.025538081,0.08061892,0.013127484,0.0008460523,0.051506467,0.06982844,0.47674233,1.8524022e-05,0.060196307,0.3089297,0.13651453,1.4155285,0.24707791,21.458277,0.16202387,0.00031447384,1.033063,0.32873085,0.0040671937,0.0024784775,0.022768348,0.77501464,0.24083816,0.08152058
1935,0.122548044,0.26210845,0.019977018,8.824763e-05,0.000984884,1.72127,0.02480854,0.00013662492,1.3072011,0.13459164,0.07417849,0.038709734,0.6954716,0.02765815,0.058978695,0.45087653,0.16531166,0.005016698,0.00065718,0.07490271,0.49273932,0.008134955,0.3957835,2.5689416,0.0009354924,0.004112652,0.032099906,0.02749463,0.07577676,3.0996265,0.10863859,0.310627,6.226927,0.1828009,0.2446151,0.47680303,0.16340476,0.000129855,1.3000244,0.0010199373,0.00039031025,0.11862269,0.23724005,0.006395069,0.30580994,4.4323044,0.0006449277,0.00075911713,0.24335906,0.076322265,0.07702475,0.3906029,0.14287437,0.008674856,0.47542948,0.060814284,0.50080997,0.20028651,0.007949564,2.7077458,0.0004430222,0.04413213,4.8252625,0.09671961,0.08696588,0.24266346,0.0077516045,0.010318921,0.013414785,0.14933866,0.00023185262,0.18033615,0.0635343,0.0022863585,0.23957829,0.08631152,0.05068441,0.22708972,3.2113488,5.0214796,0.2123799,0.37154168,0.19175394,0.016061518,0.007496655,0.73722327,0.033547517,0.0032880346,1.5283123,0.51779646,0.124940746,0.053159118,0.2607864,3.970003e-05,0.0005235855,0.19601227,0.00084120315,0.14701112,0.0054805474,0.04397327,0.019885534,0.00013150975,4.7173162e-05,0.08247643,0.024581473,0.17756079,0.0031697277,0.081597425,0.00018208358,0.14103845,0.06356112,0.47590348,5.7089834e-05,0.86008835,0.023065181,0.06530715,0.00030001966,0.576155,0.016565874,0.15995964,0.2666392,0.023187853,0.001049276,0.062271588,0.44157794,0.017684001,0.17177817,0.65904766,0.22223437,3.9664083e-05,0.45998836,0.14293699,0.16799843,3.9086403e-06,0.40108415,0.0011275999,100.0,0.34664625,0.1377464,0.35462135,0.8089653,0.0001855712,0.05737551,0.7423717,0.23690172,0.11872384,0.12323383,0.0004261867,0.5727549,11.245512,0.02432331,0.004454675,0.23000269,0.070063084,0.003077648,0.0020688935,0.16702963,0.060305897,0.076297194,0.12695433,0.08229028,0.00032202524,0.0049000345,0.11268286,0.03876429,0.36797038,0.007420778,5.085962e-05,0.073182516,8.400655e-06,0.063894354,0.041471817,0.96185046,0.026406605,0.08436008,0.013153992,0.0008467067,0.05366099,0.069261804,0.4843652,1.8544286e-05,0.061705414,0.3153048,0.13682081,1.4765825,0.2436318,21.38619,0.16859126,0.0003186399,1.0351505,0.3195488,0.0027591398,0.00251543,0.0222816,0.79282284,0.23437753,0.08176057
1936,0.11925106,0.25396302,0.020200623,8.598327e-05,0.00097528385,1.6347204,0.025642078,0.0001353667,1.2693733,0.12533876,0.07647103,0.03785903,0.69664615,0.027100079,0.05773043,0.4452784,0.1586656,0.016031526,0.0006628601,0.06958056,0.48789525,0.0072566667,0.38327253,2.5368104,0.0009204056,0.0014278147,0.031968985,0.027218994,0.07381136,2.8875456,0.10784245,0.2909059,6.098756,0.17784497,0.21296386,0.48066133,0.17158271,0.00012871616,1.2428969,0.0009966582,0.00038301814,0.11365932,0.23292242,0.0061421515,0.31044546,4.6653476,0.0006277425,0.00076860806,0.23904727,0.07472058,0.0729105,0.44334263,0.1388044,0.008452204,0.34253043,0.061880793,0.4835524,0.19684623,0.009673304,2.6327317,0.00042359091,0.037606955,4.867893,0.097338274,0.084500514,0.23640658,0.007158849,0.01019901,0.007671495,0.14975622,0.00022358763,0.183622,0.09079233,0.0023328646,0.21783467,0.07948741,0.050965343,0.22267722,3.2140133,4.8853927,0.21182504,0.37632674,0.18826811,0.015865834,0.0072306176,0.59619457,0.03464217,0.0032400908,1.5552005,0.51076263,0.12342389,0.05374168,0.24903455,3.863754e-05,0.0004951625,0.19609782,0.0008245602,0.14184944,0.0054836627,0.04472291,0.019179597,0.00014206195,4.3736123e-05,0.08378533,0.02447828,0.17722537,0.003043811,0.08064433,0.00017817138,0.13484204,0.064624,0.47928217,5.622501e-05,0.8407729,0.022025442,0.062907316,0.0002890359,0.5419638,0.015559641,0.15489145,0.26415023,0.022458445,0.00093823334,0.061528422,0.24307865,0.017052127,0.16729856,0.6517125,0.21043587,3.8695274e-05,0.4631325,0.14251931,0.1637713,3.8117557e-06,0.38784137,0.0010541839,100.0,0.33739197,0.12690133,0.35323972,0.7381384,0.00018038145,-0.038278677,0.7212386,0.233307,0.113876075,0.1194572,0.00041481506,0.5624142,11.62875,0.023587536,0.0044817072,0.22134739,0.06729544,0.0034801671,0.0063146832,0.16568495,0.054871812,0.074442595,0.12102364,0.079040244,0.0005648353,0.0047237435,0.11300561,0.036231518,0.3664785,0.0074523757,4.9549984e-05,0.07383399,8.279333e-06,0.06262289,0.04010197,0.9017269,0.027051019,0.086179875,0.012866486,0.0008229329,0.056959353,0.06694188,0.47658357,1.807695e-05,0.06342048,0.31304905,0.13247743,1.5152941,0.23772696,22.492443,0.17277509,0.00031576795,1.0053144,0.31850198,0.0027071452,0.0024297575,0.021426827,0.79490423,0.2344282,0.08204773
1937,0.116455,0.25018504,0.02111506,8.660047e-05,0.0009721688,1.5633729,0.025868623,0.00013469216,1.2686762,0.13386758,0.075192966,0.03742643,0.79440725,0.026697826,0.05667104,0.4305688,0.15559466,0.025516218,0.0006616873,0.06614594,0.4729621,0.01172707,0.37477073,2.3858314,0.0009141601,0.003953754,0.02654032,0.026535487,0.0726077,2.8241386,0.108718224,0.31293657,6.0390677,0.17868826,0.1645574,0.4708361,0.16907357,0.0001282828,1.1807945,0.0009810845,0.00037724272,0.09906057,0.22942051,0.0059450255,0.3549329,5.0447464,0.0006158196,0.00078440877,0.23561035,0.07361247,0.07064293,0.411621,0.13521858,0.008468178,0.31114852,0.05972716,0.46892363,0.19813523,0.009817935,2.7445135,0.00039969472,0.015178903,4.853537,0.098425776,0.08460663,0.22095625,0.0074390383,0.010471338,-0.009277163,0.14848149,0.00021715598,0.18270652,0.0842207,0.0023892852,0.2205136,0.07551332,0.05004103,0.22581826,3.2486904,4.825581,0.20893328,0.41246718,0.19321491,0.015577924,0.00715887,0.67200893,0.034612324,0.0032103572,1.595812,0.47526488,0.12191234,0.05234072,0.24914514,3.7862217e-05,0.00046771884,0.20171247,0.0008137835,0.12621202,0.0054893084,0.041453402,0.018563919,0.00015543538,4.137676e-05,0.07972756,0.024013765,0.17270248,0.0029419332,0.07745587,0.0001754832,0.13134642,0.06260675,0.47889155,5.5724893e-05,0.8457676,0.02195776,0.061475717,0.000280447,0.53146696,0.014626983,0.14301163,0.2589709,0.02192865,0.0009309992,0.058616437,0.50189054,0.016705737,0.16305959,0.64360803,0.2069532,3.8205933e-05,0.4784117,0.14760806,0.1595431,3.743866e-06,0.3665787,0.000992029,100.0,0.3311163,0.1312702,0.34930077,0.7488541,0.0001766083,-0.0060093924,0.7289575,0.23218179,0.117521554,0.116962,0.00040628252,0.48774913,11.69378,0.023380602,0.0047982177,0.21629833,0.06801002,0.003644448,0.0008712993,0.16220346,0.057393514,0.07305531,0.11809683,0.076590754,0.00020641784,0.0045568733,0.12516087,0.035528243,0.37968868,0.0072621424,4.86018e-05,0.07463593,8.199898e-06,0.061511155,0.038853887,0.89696825,0.026638212,0.08447814,0.012686503,0.0008043769,0.06817101,0.06489752,0.45756844,1.7739338e-05,0.066679284,0.3105107,0.13125935,1.4819479,0.22695176,22.225986,0.169565,0.00031514338,1.0761712,0.31100926,0.0031503087,0.0023910746,0.020729922,0.7855701,0.22892094,0.086786985
1938,0.11985085,0.25652057,0.022280904,8.4909465e-05,0.0010166806,1.5671705,0.027433176,0.00014092757,1.2587698,0.063121945,0.0787833,0.038979415,0.7199752,0.027771944,0.05845087,0.44747248,0.1606085,0.02780299,0.0006931493,0.06854657,0.48605248,0.008703376,0.38201535,2.4789572,0.0009555531,0.0051912186,0.033722173,0.0273388,0.074004665,2.8684533,0.11095466,0.2902542,6.0934854,0.18820283,0.31047314,0.49564773,0.174216,0.00013410614,1.1830221,0.0010133047,0.00039057745,0.125308,0.23633851,0.00602677,0.4066989,5.44778,0.00063378003,0.00083826284,0.23636131,0.076931,0.07141771,0.3898875,0.14020601,0.008528114,0.3852036,0.062439274,0.48142305,0.18825352,0.010323879,2.6247633,0.00039948404,0.07667297,4.768604,0.102142625,0.08588475,0.23631074,0.0071937046,0.010624359,0.03436509,0.14708993,0.00022148239,0.18722185,0.08873967,0.002977443,0.22847515,0.080313645,0.051144857,0.23785247,3.2716844,5.013772,0.21209463,0.4216373,0.19188824,0.01590456,0.007134514,0.7183701,0.035680205,0.0033330189,1.7303649,0.4790608,0.12441203,0.054711513,0.26441965,3.8927883e-05,0.00046876224,0.2156611,0.0008427559,0.1341081,0.005621148,0.04295717,0.018856624,0.00018061629,4.2281757e-05,0.085005134,0.025248773,0.1793959,0.0030575283,0.07984634,0.00018128287,0.13375834,0.06475888,0.47027573,5.791915e-05,0.8601135,0.021935472,0.062379055,0.00028577467,0.5525877,0.015458406,0.15337797,0.25910968,0.022476653,0.0008642485,0.06398996,0.5168391,0.017170321,0.16896012,0.6709547,0.23111095,4.0121795e-05,0.48323336,0.13883288,0.16396496,3.857137e-06,0.39467067,0.0009790183,100.0,0.34006187,0.13339931,0.34059575,0.7806293,0.00018144844,0.032362275,0.75005925,0.2531625,0.113473825,0.12075971,0.00041776977,0.47264254,12.026949,0.023990832,0.009614097,0.2220465,0.06917295,0.0038265397,0.004413576,0.16576427,0.06276209,0.07525294,0.118989974,0.07797875,0.00048270402,0.0046388437,0.14045535,0.03701182,0.35870048,0.0074191545,5.0011407e-05,0.07835542,8.542189e-06,0.063580714,0.03947447,0.9396099,0.028016763,0.08963858,0.014615467,0.000827558,0.078211375,0.06606155,0.4781956,1.8261744e-05,0.07425131,0.32358685,0.13231799,1.5416164,0.23221281,20.11068,0.17792207,0.0003354505,1.086684,0.31747973,0.002231366,0.0025047795,0.021024572,0.8170945,0.23668449,0.09087428
1939,0.11897502,0.2581244,0.022944367,8.575472e-05,0.0010278411,1.5280463,0.02772905,0.00014201277,1.2833225,0.06519504,0.07793204,0.038850907,0.66238177,0.028259736,0.05836743,0.43966135,0.16058184,0.025269503,0.0007178565,0.06770001,0.47878206,0.012329183,0.38090008,2.3802927,0.0009975471,0.02407872,0.041311145,0.027311211,0.074540555,2.9174125,0.11933781,0.29182675,6.2634716,0.18657468,0.25590616,0.5319136,0.17652945,0.00013562504,1.1254914,0.0010121238,0.00039006918,0.11131651,0.2354778,0.005916114,0.43280038,5.7370734,0.00063268,0.0008669397,0.24429968,0.077279285,0.08068979,0.30384526,0.1518727,0.00850984,0.40220568,0.060955282,0.4778821,0.17936526,0.010189797,2.5022042,0.00037904328,0.043922704,4.701177,0.10102294,0.085831895,0.23005503,0.007520034,0.011047046,0.014068566,0.12597723,0.00021835648,0.19421,0.073209,0.0030554798,0.21303809,0.07807284,0.051180054,0.22973613,3.305936,4.977535,0.2258094,0.40345415,0.31140116,0.01580463,0.0071830847,0.70546556,0.036797643,0.0033427118,1.6337943,0.45212585,0.12339642,0.054181915,0.26025772,3.8689337e-05,0.00045483577,0.22894517,0.0008439381,0.13104157,0.005651019,0.05104561,0.018426817,0.00020148937,4.124516e-05,0.08240447,0.025335677,0.17825943,0.002991578,0.0774105,0.00018097753,0.12935598,0.06342208,0.47342768,5.816854e-05,0.8425165,0.021913398,0.061563637,0.0002811756,0.540713,0.0150190815,0.14971425,0.2730123,0.022322888,0.00090647244,0.062099088,0.40838078,0.017077615,0.16632031,0.6721903,0.20878133,4.0614836e-05,0.45197195,0.15246731,0.16233523,3.841454e-06,0.37062925,0.0009346132,100.0,0.33827403,0.12893017,0.34476814,0.73760635,0.00018019574,0.008112284,0.6547364,0.2672008,0.118278794,0.1220576,0.00041553273,0.44567034,11.813658,0.02382102,0.046844997,0.21940894,0.06847735,0.0043240543,0.0014763655,0.16000952,0.059724975,0.07489764,0.11902962,0.07663727,0.00024874738,0.004527835,0.1478562,0.035982084,0.3748272,0.007571603,4.9754217e-05,0.0793619,8.616797e-06,0.06346861,0.038801234,0.9104809,0.027975304,0.08972067,0.013655068,0.0008207502,0.0857839,0.064834826,0.48075455,1.8170698e-05,0.08471373,0.3249578,0.13669024,1.5221101,0.22963284,20.873465,0.17656587,0.00034483912,0.96224535,0.3228624,0.0019031187,0.0024649976,0.020598963,0.8190779,0.23700455,0.09370797
1940,0.115275264,0.34941065,0.027343087,0.00014386151,0.0010155177,1.3504256,0.023216184,0.00014578937,1.2070392,0.07228644,0.080739774,0.041845143,0.54653805,0.028566344,0.06290281,0.42541745,0.15752009,0.022814196,0.0007291659,0.058643777,0.45938966,0.009612227,0.38787904,2.91125,0.00097323343,0.02853865,0.03375334,0.02933192,0.0992972,2.6422527,0.09041264,0.28284436,6.4198775,0.2635504,0.24792205,0.6661022,0.28494167,0.00013371068,1.4975271,0.0009904582,0.00038612293,0.13389698,0.2727499,0.0076693622,0.4659127,5.5384502,0.00062707043,0.00057567656,0.21818104,0.0947313,0.07686415,0.3684895,0.15483044,0.012796505,0.38528368,0.06334199,0.46540552,0.15852918,0.0070997826,1.8494431,0.00035213633,0.050033733,4.727647,0.068344906,0.12156661,0.32485965,0.0071848347,0.016271878,-0.0001228023,0.10705314,0.00020930853,0.22669624,0.06674863,0.0026685176,0.24805114,0.07461514,0.05178454,0.2227009,3.1327138,4.8440375,0.21526295,0.36753199,0.2127538,0.017752213,0.0069417055,0.687053,0.036682907,0.0031608178,1.7749538,0.6065259,0.15261988,0.056215223,0.25556856,3.751154e-05,0.0005633351,0.2282056,0.0008239832,0.113030724,0.005141605,0.05249635,0.017880952,0.00020617316,4.1902567e-05,0.10414474,0.021652382,0.15846229,0.0028108656,0.07587761,0.00017620364,0.123782426,0.06632906,0.6919498,5.7759276e-05,0.9788998,0.022245813,0.06824921,0.00026640776,0.48164648,0.014683944,0.13424248,0.20762597,0.022240162,0.0008521581,0.079687856,0.5080454,0.016874637,0.18097289,0.7930666,0.23550795,4.0086852e-05,0.3801265,0.100734234,0.15649348,3.7315342e-06,0.3614798,0.0008852079,100.0,0.38443983,0.14617497,0.3097423,0.55965763,0.00017452808,-0.021338647,1.500155,0.28369403,0.10183916,0.11631723,0.00040697446,0.41390878,9.297639,0.02563352,0.057080697,0.2244202,0.07719362,0.0044659018,0.0010048351,0.16955239,0.057386573,0.07311681,0.117363,0.07526566,0.00027728308,0.004281249,0.15632093,0.03575955,0.28271344,0.013111041,4.829657e-05,0.06614712,8.450739e-06,0.07414465,0.03968987,0.9890635,0.029005105,0.09278814,0.012695267,0.0007928218,0.0933398,0.07514888,0.44995213,1.7636268e-05,0.08677956,0.38539788,0.14875251,1.6870264,0.22245406,21.926165,0.18563253,0.00034468874,1.0573164,0.30337736,0.012292073,0.0024036088,0.020003323,0.8301076,0.32437414,0.11797425
1941,0.11323419,0.3994297,0.027332015,0.0001804096,0.0010225846,1.2330612,0.019615922,0.00014906023,1.2390821,0.07508421,0.0721314,0.04316112,0.55208033,0.02861231,0.06557445,0.4177824,0.15404071,0.021425305,0.0007537368,0.042371962,0.42972004,0.011817549,0.36993322,3.1519287,0.0009951788,0.017019065,0.025096094,0.031058557,0.1191986,2.8528967,0.07673676,0.27911392,6.534886,0.29936227,0.31324983,0.79219246,0.32148397,0.00013317184,1.6023943,0.0009861824,0.00039252866,0.15121026,0.28763306,0.008291323,0.4509962,5.419853,0.00062363717,0.00048098442,0.22826637,0.10007211,0.07609122,0.31385985,0.16054448,0.014936179,0.35950908,0.055058625,0.4587358,0.16059051,0.007980146,1.6268228,0.0003265827,0.07456742,4.583989,0.05326378,0.13231283,0.33999726,0.008011715,0.01886405,0.010853127,0.09770799,0.00020428002,0.2559899,0.08322712,0.0030502619,0.2760402,0.06136983,0.051485028,0.22688116,3.0937316,4.732063,0.18836106,0.31408438,0.15384129,0.01710614,0.0066942894,0.624612,0.036946412,0.0030939032,1.7231538,0.6250899,0.17377172,0.05252533,0.25918877,3.7163787e-05,0.0006259485,0.23434226,0.0008248332,0.108817555,0.0051102643,0.070220105,0.017384892,0.0002566999,3.982957e-05,0.11668969,0.01921048,0.143796,0.0026619397,0.0674575,0.00017879053,0.11959611,0.05947302,0.8407109,5.7646306e-05,1.028767,0.015087462,0.072042964,0.0002620206,0.4448888,0.013653532,0.12967192,0.1694963,0.021777134,0.0009192954,0.09836783,0.56716484,0.017588152,0.18885644,0.868968,0.26043406,4.022222e-05,0.3980388,0.08465875,0.15234895,3.677208e-06,0.37360838,0.0008551846,100.0,0.40524885,0.1487717,0.271056,0.4532923,0.00017081764,0.07442864,1.41576,0.27568763,0.097480275,0.113596745,0.0004055371,0.3860705,8.398895,0.026998045,0.047225084,0.22622342,0.08345512,0.004652291,-0.0008271782,0.1716315,0.057132207,0.072968826,0.081579216,0.07745712,0.00031481124,0.004146584,0.15109463,0.02579418,0.24817842,0.015451581,4.7757592e-05,0.060137127,8.568655e-06,0.08401938,0.03829451,1.0849552,0.02698616,0.08791731,0.012246895,0.00077838503,0.0853719,0.07963191,0.43308318,1.7343607e-05,0.08666545,0.41991347,0.16757855,1.5840577,0.21072616,22.558027,0.17000426,0.00035201295,1.1552953,0.29206407,0.014994205,0.002379717,0.019769415,0.8460422,0.39375,0.13472922
1942,0.11391139,0.4372626,0.02922176,0.0002216876,0.001066662,1.1800086,0.015191142,0.00015556547,1.2693014,0.0804403,0.053440843,0.044835154,0.51843673,0.029179271,0.06912886,0.4148435,0.16098313,0.019834545,0.0007875497,0.042118285,0.38998118,0.012470283,0.36073568,3.2575524,0.00104725,0.014902679,0.031285934,0.03438513,0.13000603,2.8953547,0.07230093,0.28107974,6.7471538,0.32816768,0.33714154,0.89904785,0.3429807,0.00013632589,1.6880924,0.0010180556,0.00041369797,0.15163082,0.30376086,0.008802106,0.48268995,5.458487,0.0006438753,0.00046047042,0.2192696,0.10642291,0.078993104,0.4165894,0.16184388,0.01670232,0.36418176,0.04073786,0.47115734,0.15890141,0.009474233,1.6246344,0.00030793244,0.07257308,4.529305,0.037719913,0.1526213,0.36697024,0.0075225616,0.020209344,0.010764621,0.09671473,0.00020540108,0.26587048,0.07056799,0.0027521958,0.27237207,0.064623564,0.055084355,0.23122235,2.9397295,4.7652106,0.17722963,0.3751249,0.20996222,0.017357668,0.007151686,0.64476395,0.039878305,0.0031514855,1.6873217,0.5580485,0.18423627,0.044185523,0.27115023,3.7922073e-05,0.0006781052,0.25186452,0.00085453,0.10914457,0.0074654478,0.07691204,0.017395081,0.00031687546,4.159583e-05,0.12367058,0.019173821,0.122959666,0.002626844,0.058315262,0.00018613866,0.119194955,0.044635482,0.8996933,5.9383e-05,1.0462705,0.015288211,0.07595302,0.00026852742,0.41727215,0.013940176,0.12679628,0.15930986,0.02203077,0.0009603588,0.108342946,0.6280473,0.01962228,0.19947147,0.93424374,0.28176436,4.165942e-05,0.38070387,0.08322755,0.15352589,3.7335951e-06,0.35899463,0.0008567911,100.0,0.4281284,0.15422386,0.3013971,0.42968148,0.00017184936,-0.0038017815,1.5184536,0.28132343,0.09198808,0.11457386,0.000420144,0.39279646,6.6660595,0.027691247,0.04923393,0.23413634,0.08678584,0.004871423,0.0019156914,0.17475031,0.05695906,0.075899854,0.08174975,0.08464575,0.00028462018,0.0041258843,0.15997232,0.027184103,0.2344666,0.017469298,4.8931004e-05,0.057881437,8.936314e-06,0.09062685,0.038464222,1.1322145,0.022565287,0.076113656,0.012282749,0.00078383397,0.09100491,0.08332783,0.42724353,1.755477e-05,0.0753204,0.45657113,0.1726953,1.3145701,0.20803598,23.521944,0.13614011,0.00037154145,1.1536566,0.26678073,0.01671164,0.0024402316,0.020193905,0.8937496,0.43724307,0.14822148
1943,0.114235066,0.4552456,0.027822806,0.00024988467,0.0011128321,1.146031,0.01408901,0.00015994173,1.2853743,0.087505616,0.053388212,0.045938473,0.49202374,0.03062578,0.071767636,0.42178503,0.16421543,0.02075393,0.0008214727,0.04441339,0.38693908,0.010367438,0.3482663,3.2550223,0.0010966398,0.016583709,0.031920187,0.038094833,0.1398933,2.7890742,0.07507129,0.28971508,6.691681,0.33620846,0.37359065,0.9444289,0.36022842,0.00013892406,1.7469002,0.0010522968,0.00043736328,0.1537938,0.3171917,0.009127384,0.52702373,5.5037503,0.00068234536,0.00045575318,0.25391743,0.11008758,0.079028964,0.40896192,0.16651513,0.017898811,0.36642867,0.041045338,0.48054937,0.16167702,0.007867159,1.6213741,0.0002885364,0.08521969,4.4686413,0.029276706,0.15162352,0.38571858,0.0083527975,0.022534292,0.016703632,0.09563424,0.00020530795,0.29043865,0.07456202,0.0028263922,0.29063222,0.06796618,0.053185087,0.23480953,3.0547786,4.7121205,0.18094224,0.3805135,0.2617819,0.01761545,0.0070886826,0.41510653,0.039359283,0.0032223973,1.7296249,0.62209934,0.19583616,0.044638555,0.26755887,3.8580954e-05,0.00070653274,0.26499104,0.00088663783,0.11380614,0.005407907,0.08653029,0.017344669,0.0003768928,4.2475946e-05,0.13504545,0.01900655,0.11762031,0.0025942866,0.05648798,0.00019263753,0.119648635,0.044638295,0.93844974,6.112873e-05,1.0843754,0.01567966,0.07887895,0.00027661325,0.39038306,0.014775322,0.12661897,0.16094315,0.022525687,0.0010786223,0.11264539,0.49360198,0.02230831,0.20360728,0.9707759,0.2825547,4.2870925e-05,0.38590854,0.08846126,0.15335499,3.788844e-06,0.35762963,0.0008603964,100.0,0.4429454,0.15103178,0.27000833,0.43550736,0.00017215608,0.03982156,1.6091434,0.27030957,0.091385275,0.11641507,0.00043661246,0.3777296,5.8406878,0.02847471,0.051028688,0.2391538,0.0902889,0.005122404,0.0030499185,0.17580888,0.057310347,0.0793645,0.087974444,0.09387946,4.338152e-05,0.0040968386,0.17242308,0.02797461,0.25324064,0.018611182,5.017869e-05,0.05628892,9.17856e-06,0.095670484,0.041187033,1.1132402,0.022955202,0.075425856,0.0136395665,0.0007852036,0.08777523,0.084132746,0.43442407,1.7707394e-05,0.07612326,0.4779108,0.18228096,1.3812206,0.20995617,23.855112,0.13709234,0.0003878316,1.1482859,0.26022157,0.017245099,0.0024356889,0.020601733,0.90493417,0.46225414,0.16104689
1944,0.11514709,0.47588134,0.025508273,0.00026671498,0.0011627189,1.1055794,0.014646443,0.000164545,1.2757279,0.087755665,0.062937014,0.046938878,0.31087103,0.03156538,0.074133575,0.41659212,0.15424418,0.021063596,0.00084953435,0.040279057,0.4026944,0.009860185,0.3373194,3.2947285,0.0011496741,0.020609444,0.032276403,0.041369423,0.1472476,2.8254797,0.06470264,0.2748509,6.7188416,0.34804168,0.33838704,0.92276466,0.3525326,0.00014147903,1.7191093,0.0010903275,0.0004585481,0.1502634,0.32705876,0.00940832,0.4948575,4.8821445,0.00072850694,0.00046367815,0.24770665,0.11302015,0.08048495,0.38040254,0.1712602,0.01900103,0.37961686,0.046542887,0.5027362,0.15480359,0.0052178684,1.1978387,0.00026525123,0.07873564,4.421298,0.023219548,0.15866947,0.37132645,0.007827713,0.022803588,0.005296308,0.095116906,0.00020565739,0.28737137,0.052156862,0.002902318,0.27867565,0.06615505,0.053104747,0.2056471,2.8496428,4.7311463,0.17974977,0.45449847,0.2916515,0.017502472,0.007230694,0.40680838,0.040185153,0.0032979227,1.611704,0.70661974,0.20312999,0.049023062,0.26908365,3.9263843e-05,0.0007342059,0.27675313,0.0009203924,0.10630341,0.005644292,0.07813503,0.017322542,0.00044017762,4.6325324e-05,0.14275864,0.018043103,0.119548365,0.0026527094,0.059732374,0.00019900544,0.1209155,0.05146793,0.9070404,6.234978e-05,1.1073396,0.015962876,0.08297626,0.0002868507,0.3744409,0.013846779,0.12268666,0.15709776,0.023584522,0.0011585278,0.11927112,0.52754277,0.025205344,0.21108553,1.0031362,0.27452487,4.4205895e-05,0.30619738,0.084951654,0.15335096,3.8412904e-06,0.3752376,0.0008666929,100.0,0.45676565,0.14794907,0.29405966,0.40108854,0.00017243094,0.012267629,1.5174322,0.2651697,0.09469458,0.11659317,0.0004554738,0.31063196,6.116316,0.029383434,0.08007179,0.24465697,0.09354375,0.0053378385,0.0046550883,0.17501351,0.054889936,0.083438404,0.085629255,0.10456397,-0.00013706447,0.004053587,0.16337176,0.028022205,0.22991666,0.019313866,5.157674e-05,0.054830454,9.460043e-06,0.10054661,0.040031765,1.1401892,0.02562071,0.08546728,0.012740829,0.00078541745,0.09056058,0.08543152,0.44059137,1.7863584e-05,0.06264456,0.49783602,0.19012901,1.5242574,0.20944133,24.916399,0.15818222,0.00040604765,1.2131988,0.25064886,0.017232211,0.0024783807,0.021034546,0.95066047,0.482574,0.16642563
1945,0.12415268,0.5257044,0.027955733,0.00030454047,0.0013048828,1.1447387,0.01487473,0.00018472229,1.3642206,0.0610793,0.06778194,0.051374875,0.3741583,0.03495581,0.08222562,0.4520018,0.17225036,0.027227713,0.00096036476,0.050046723,0.4319971,0.0088237105,0.35300267,3.5443625,0.001304323,0.010961169,0.03775364,0.04753401,0.16573408,3.0254724,0.04973329,0.28921777,6.86121,0.3802536,0.4033319,1.0367038,0.39046064,0.000155388,1.8507563,0.001212231,0.00052117795,0.14875257,0.3598543,0.0103239715,0.26651645,1.4254271,0.0008399491,0.0005119719,0.2178454,0.12471732,0.08728593,0.2843123,0.18646556,0.02168076,0.42401674,0.05105481,0.55956954,0.1551393,0.0084397225,1.5112277,0.00025830793,0.07976302,4.417299,0.017357402,0.18148938,0.41956657,0.009261003,0.025371263,0.011718863,0.1019566,0.00022286113,0.30828044,0.04825515,0.0032843812,0.31348994,0.07931868,0.056686334,0.15685788,3.016884,5.1079197,0.19517435,0.56762016,0.35126582,0.018730873,0.007931732,0.4484687,0.045374222,0.003654104,1.2231371,0.80186933,0.22508197,0.053325325,0.2894204,4.273231e-05,0.0007963012,0.29823956,0.0010529829,0.11857694,0.0063454257,0.08397207,0.018528981,0.0005451387,5.209614e-05,0.15099281,0.019058561,0.123230696,0.0029636184,0.06306146,0.00021818896,0.13171373,0.0561199,1.0201726,6.858399e-05,1.2227795,0.02094113,0.092121154,0.0003216876,0.3833356,0.015787471,0.13292348,0.17012352,0.026650066,0.0014087617,0.12799722,0.55739003,0.030336881,0.230028,1.1087577,0.29867646,4.933317e-05,0.26601386,0.08574158,0.16476321,4.183636e-06,0.40260065,0.00094171497,100.0,0.50280464,0.1623968,0.28709885,0.44622815,0.00018635251,-0.029098153,0.60907245,0.14332475,0.10225176,0.12756363,0.000509706,0.369804,6.1028953,0.03341584,0.22002208,0.2679882,0.10452777,0.0059844335,-0.00074491784,0.19091904,0.05854941,0.09402613,0.10836909,0.12400238,7.876827e-05,0.00432827,0.09995484,0.035735313,0.1906663,0.021412993,5.9216596e-05,0.057639223,1.0322249e-05,0.11312379,0.042113636,1.2321892,0.028070321,0.089074574,0.013435251,0.0008446831,0.09873899,0.09234281,0.4722057,1.9342857e-05,0.04792465,0.55019224,0.20719601,1.6851616,0.22476026,25.782068,0.17108966,0.00045570682,1.3075291,0.26543865,0.01917205,0.0026956368,0.023106404,1.0360355,0.53806484,0.18111265
1946,0.12281779,0.5314066,0.031243643,0.00032466926,0.001335917,1.0844731,0.014333208,0.00018975025,1.3880594,0.11930481,0.07014111,0.05121554,0.49585733,0.034999862,0.08270285,0.44013506,0.16838348,0.031926345,0.0009887244,0.057254042,0.43153387,0.01182398,0.3353245,3.5158358,0.0013542058,0.008240941,0.035402924,0.050534546,0.17070435,2.77599,0.0788043,0.27952552,6.6650677,0.38831094,0.40539968,1.0074849,0.37825912,0.00015587341,1.8288524,0.0012290835,0.0005344864,0.16132435,0.36123672,0.010328006,0.3245005,2.4216578,0.0008826887,0.0005219524,0.23467706,0.12645715,0.08684628,0.31857023,0.18429787,0.022234922,0.4162706,0.052356213,0.56425875,0.17216745,0.008363171,1.9759015,0.00022629739,0.09517439,4.3992167,0.0110937,0.17587496,0.39934376,0.008634298,0.025913185,0.016562004,0.101093814,0.0002211525,0.31810153,0.045900114,0.0033918533,0.301546,0.08703553,0.055690598,0.17435807,3.0655184,4.9930367,0.20213468,0.60533714,0.36122134,0.018969342,0.008452603,0.5706652,0.047194686,0.0036930726,1.0461981,0.8506664,0.2303434,0.054459184,0.29489914,4.252304e-05,0.00079457875,0.30864012,0.022219313,0.11380504,0.006410706,0.088808835,0.018023618,0.00060996437,5.4587883e-05,0.15075184,0.019061942,0.11955839,0.0030471943,0.061703492,0.00021838302,0.13141704,0.05773622,0.9867236,6.844241e-05,1.2330021,0.023960194,0.094050184,0.00032957335,0.35538697,0.016340464,0.13157071,0.16828617,0.027658377,0.0015138934,0.132737,0.5084256,0.033034552,0.22965313,1.1394284,0.3035063,5.0511284e-05,0.38048556,0.10623623,0.16154356,4.1667e-06,0.40754923,0.00093591254,100.0,0.51149774,0.15082313,0.29314145,0.47056922,0.00018410872,0.013620024,0.93551975,0.13850623,0.1054542,0.12890397,0.0005204151,0.3487762,5.5049596,0.033309188,0.59445405,0.26793858,0.105272956,0.006142293,0.0009995556,0.18434334,0.060164895,0.09650195,0.12528917,0.13297321,0.00021762462,0.00423043,0.116358645,0.040619507,0.27675158,0.021805136,6.188518e-05,0.055426657,1.03603315e-05,0.1160328,0.0434792,1.1860926,0.028905056,0.091607295,0.013138207,0.0008305709,0.095910504,0.09136998,0.46300837,1.913993e-05,0.053737648,0.5638948,0.21301983,1.7403647,0.21718334,24.182634,0.17684147,0.00047018766,1.2899886,0.256634,0.019525032,0.0026470015,0.023172513,1.0259858,0.538714,0.18145698
1947,0.1195253,0.51884115,0.034042478,0.0003474938,0.0013390563,1.0153552,0.014225365,0.00019102171,1.3806413,0.14930178,0.07465766,0.050214313,0.6531865,0.035157107,0.0811855,0.40390086,0.17004405,0.03802,0.0010166623,0.056994364,0.42811495,0.0107521275,0.3140363,3.4273868,0.0014027602,0.039250515,0.030500257,0.05125571,0.1678712,2.8958821,0.101510204,0.24511395,6.398883,0.37113428,0.34238914,1.0541102,0.37583175,0.00015344191,1.7622606,0.001219561,0.00053773343,0.14579019,0.35770357,0.010108411,0.3521913,2.8122551,0.0009003982,0.0005247757,0.259406,0.12488308,0.082533605,0.2932786,0.18156204,0.022319349,0.4205244,0.05585404,0.5564991,0.18233627,0.0082623325,2.0159802,0.00019068675,0.06725071,4.381128,0.0072354306,0.18167467,0.3937677,0.008802876,0.02528443,-0.0039465544,0.09853831,0.00021529458,0.29500604,0.052077767,0.0035538466,0.27767527,0.08498552,0.05428261,0.18703161,2.9027002,4.770524,0.19836569,0.60166097,0.3610566,0.018890975,0.008598606,0.6363183,0.048505988,0.0036576455,1.1122936,0.8992876,0.23192333,0.056066737,0.27954045,4.141315e-05,0.0007741878,0.3074419,0.05353275,0.103222735,0.0063951476,0.09015657,0.017160822,0.0006623366,5.6481505e-05,0.14748256,0.018486334,0.11767858,0.0029589287,0.06154803,0.0002144366,0.12813117,0.06064279,0.929629,6.727529e-05,1.2468675,0.025483485,0.09346016,0.00033004401,0.33976832,0.015994204,0.124606475,0.16114306,0.027756717,0.001567817,0.12727961,0.5516521,0.034593213,0.2247289,1.1247307,0.26375663,5.0709546e-05,0.4593603,0.12739067,0.15518788,4.072358e-06,0.38084763,0.00091233547,100.0,0.5035006,0.14546382,0.27223188,0.40077147,0.00017851559,-0.048718814,0.8017292,0.12497177,0.113644004,0.1253135,0.0005197716,0.3211507,5.449758,0.03307525,0.5877858,0.2613467,0.10401355,0.006226776,0.0026870416,0.17468657,0.051742688,0.096708156,0.13216396,0.13762611,8.596123e-05,0.0040743016,0.12399455,0.04172387,0.31863317,0.021665657,6.3187945e-05,0.052654915,1.0189254e-05,0.11589312,0.042543635,1.1549135,0.02999754,0.09502742,0.012614436,0.0008054628,0.09903009,0.08791032,0.44859952,1.8590374e-05,0.058692735,0.55874294,0.20909569,1.807826,0.20641935,24.776278,0.18575737,0.0004755667,1.272974,0.2516256,0.018983727,0.0025708007,0.022803374,0.99096966,0.53423893,0.1749972
1948,0.117738,0.5226498,0.032591145,0.00036916748,0.0013755306,0.9974475,0.013791143,0.00019733346,1.3996634,0.19330408,0.0762198,0.05030832,0.6641471,0.035634484,0.081777625,0.3987226,0.17086984,0.045375895,0.0010387207,0.057275105,0.42450252,0.008421562,0.3061539,3.3984904,0.0014608583,0.005750264,0.030673781,0.053723857,0.17179209,2.8829114,0.10599706,0.26562628,6.1821656,0.37593505,0.39848983,1.0762651,0.3774071,0.0001553155,1.7140412,0.0012382487,0.0005528086,0.1376906,0.36311376,0.010117992,0.3737871,3.1989865,0.0009352316,0.00054674526,0.22739477,0.12706834,0.0817568,0.31303963,0.19664313,0.022856815,0.4272486,0.05719419,0.560995,0.201663,0.00822876,2.0623336,0.00016114983,0.09337053,4.4444737,0.0016987314,0.17853011,0.37930384,0.008746357,0.02534135,0.0150571875,0.10740555,0.00021558756,0.2924429,0.059448,0.0037345563,0.27815616,0.08330177,0.055222053,0.19988306,2.9470012,4.721187,0.19767842,0.68732095,0.18142216,0.019526552,0.008201805,0.6092142,0.051232506,0.0037225396,1.2390374,0.9354251,0.23547868,0.05672447,0.27794987,4.1459894e-05,0.0007722379,0.31673285,0.014887097,0.10273559,0.006550367,0.07532683,0.01698993,0.00073161494,5.8373094e-05,0.14309244,0.017938627,0.11447424,0.002988863,0.060521077,0.00021648336,0.12757055,0.06167823,0.92951787,6.7512956e-05,1.250793,0.026638255,0.09462877,0.00033948862,0.32872102,0.0160199,0.123202935,0.16159227,0.028636629,0.0016952778,0.1314336,0.5031845,0.03657596,0.22331929,1.1593318,0.27729183,5.261147e-05,0.47310877,0.127979,0.15406902,4.090818e-06,0.38918278,0.0009137651,100.0,0.50118184,0.14647333,0.2804893,0.41162595,0.00017812118,0.042355075,0.76938635,0.12876049,0.11080935,0.12582856,0.000531584,0.36994475,4.8191295,0.03290125,0.38940275,0.26126736,0.10606831,0.006457891,0.0016774226,0.1759055,0.050075587,0.0987921,0.13733993,0.14377283,0.00011474228,0.0040583746,0.13017716,0.042025454,0.350687,0.021688288,6.6004e-05,0.051569816,1.0283034e-05,0.11793405,0.040134117,1.1456364,0.030551298,0.09579492,0.0124913985,0.00080068037,0.101896994,0.087101415,0.44648463,1.8566181e-05,0.066224985,0.5555103,0.20943111,1.8372029,0.20486942,24.933582,0.18947831,0.00049288204,1.289145,0.25363997,0.018444521,0.0025543226,0.023030654,0.99277794,0.5398726,0.18096432
1949,0.12016788,0.5473088,0.03603165,0.0004123718,0.0014553698,0.9828347,0.014532561,0.00021049962,1.4558288,0.21296398,0.08428183,0.05238225,0.6485149,0.037356474,0.08467417,0.41524687,0.18512529,0.05080313,0.0011014985,0.06188067,0.44523683,0.009221509,0.30696616,3.5458276,0.0015701958,0.07905169,0.032005318,0.056462973,0.18109621,2.7053578,0.09877481,0.2676311,6.500775,0.39894813,0.4317953,1.0685843,0.37370843,0.00016262093,1.7911392,0.0012927229,0.0005858169,0.1480904,0.38058907,0.010477327,0.3980767,3.6589496,0.0009918058,0.00058308506,0.2324931,0.13314508,0.08374572,0.2963993,0.21442339,0.024038278,0.45990646,0.061523464,0.5848273,0.18207592,0.008488138,2.3461742,0.00013547896,0.10158186,4.5676703,-0.0010633719,0.184287,0.40667033,0.0087714335,0.025794968,0.019761594,0.10975991,0.00022310665,0.35329553,0.039429285,0.0040247208,0.2838923,0.092735864,0.055392995,0.23220785,3.1785617,4.8655753,0.20531906,0.24285229,0.19741835,0.020136388,0.008892459,0.6803047,0.05455756,0.0039057636,1.3265762,1.0152918,0.24443726,0.060802512,0.33687103,4.290477e-05,0.00079569384,0.33344287,0.023944097,0.09684987,0.006938708,0.08728869,0.017156111,0.0008272341,6.418329e-05,0.16004641,0.018365292,0.11969686,0.0030825099,0.064190954,0.00022606042,0.1309181,0.06813895,0.9597689,7.03388e-05,1.2384179,0.028756144,0.094971575,0.00035798168,0.32118076,0.01675018,0.12823218,0.16082928,0.029907957,0.0018483369,0.12518787,0.5230022,0.03902553,0.23049816,1.212418,0.2759851,5.6046152e-05,0.5083139,0.12670973,0.1583784,4.24399e-06,0.4052344,0.0009437639,100.0,0.51846766,0.14797726,0.28754953,0.41755584,0.00018400117,0.049913548,0.90677875,0.12898134,0.11614635,0.13328601,0.010573867,0.38193548,4.8496485,0.034925587,0.40098184,0.269144,0.109029725,0.0069259824,0.0042098816,0.17839009,0.053663522,0.10340188,0.14707452,0.15257533,0.00021727876,0.004186181,0.13820298,0.047118556,0.32810485,0.022771621,7.0919574e-05,0.052709043,1.07344995e-05,0.12333419,0.04489275,1.1694939,0.03310941,0.10142576,0.0100877285,0.00082471006,0.11126937,0.08862105,0.45932376,1.9174217e-05,0.06842894,0.5904457,0.2171903,1.9955121,0.20927522,22.023117,0.20630653,0.0005241294,1.2992342,0.25202546,0.018505434,0.0026055952,0.024023084,1.0421821,0.5559685,0.19019563
1950,0.11666228,0.5642722,0.028841631,0.00042634926,0.0013762084,1.0142256,0.014802294,0.0003019004,1.5607063,0.16034257,0.08816739,0.047927197,0.56378967,0.03481308,0.07412207,0.40941378,0.16866311,0.03155424,0.001367423,0.05490832,0.405432,0.007433674,0.2958089,4.0643754,0.0020929761,0.0055227894,0.056048837,0.052531537,0.1487864,2.8164861,0.1024753,0.26023194,7.3044143,0.41772124,0.3275369,1.101829,0.32722345,0.00015300875,1.8092355,0.0013305524,0.0013190167,0.13756943,0.43393075,0.010232422,0.41578656,3.8552022,0.000990936,0.00059745,0.2440638,0.11727564,0.20532982,0.28381112,0.22756816,0.018577691,0.41072714,0.062302236,0.7629637,0.18285641,0.008827346,1.923797,9.583553e-05,0.057353754,4.1239367,-0.002175822,0.16804346,0.32139465,0.00824678,0.02090454,0.009066724,0.11455714,0.00024606736,0.33632237,0.05519774,0.011639278,0.2749908,0.081989594,0.05228446,0.20002954,2.8923292,4.807929,0.19711845,0.26117712,0.18989934,0.020380577,0.029042616,0.6130088,0.04977459,0.007197137,1.2719338,1.0686215,0.21590121,0.06328913,0.36452687,3.9877745e-05,0.00065522274,0.288636,0.021559494,0.10313948,0.015074495,0.064781584,0.05345084,0.0009414661,6.203429e-05,0.13653359,0.017792989,0.11121398,0.047158826,0.061568856,0.0002121561,0.14655335,0.06906133,0.7323323,6.569132e-05,1.1028442,0.031606473,0.08747543,0.0018097503,0.39706177,0.019870842,0.19869499,0.2626644,0.027383849,0.003162618,0.14500652,0.34260735,0.038168885,0.22468935,1.0788956,0.27374458,5.4251686e-05,0.4678674,0.10422662,0.16048895,3.9491783e-06,0.43830577,0.0008505463,100.0,0.47980464,0.14033827,0.2828497,0.60064375,0.00017100664,0.0012397976,0.9289328,0.09899985,0.10260281,0.15783869,0.012925856,0.35011837,5.9410386,0.03263233,0.10587492,0.25879726,0.10117683,0.018649628,0.0015902356,0.11502321,0.05085103,0.09887863,0.15513186,0.14323027,0.00030223353,0.005887346,0.13923174,0.04126262,0.31219485,0.018173506,6.805628e-05,0.058361575,1.00359375e-05,0.109690905,0.041128978,1.0735477,0.04224273,0.1024253,0.008088851,0.0009036188,0.03206819,0.08375779,0.49098274,1.7784647e-05,0.058840945,0.5439507,0.20752683,1.7974133,0.20520318,22.002697,0.22344635,0.0005651327,1.3141537,0.32668304,0.01085893,0.002414577,0.023652216,0.956931,0.45334205,0.17399622
1951,0.11629099,0.5742419,0.029570393,0.0003774114,0.0013252071,0.98810667,0.015554334,0.00033566964,1.5862985,0.16580519,0.09213109,0.04561128,0.6162089,0.03411615,0.06829941,0.4098873,0.16491668,0.03339147,0.001398538,0.0472238,0.39138186,0.012773999,0.2930808,4.2316866,0.0022949376,0.0037550058,0.039299108,0.048824433,0.125501,2.826431,0.11074999,0.24150035,7.9951663,0.45987713,0.3597015,1.1216089,0.31567922,0.00015022742,1.7752231,0.0013173808,0.0011330253,0.12352164,0.42012206,0.009452477,0.3991347,4.066725,0.0010377625,0.0006160609,0.23406605,0.11280888,0.20759344,0.30188382,0.22340201,0.016284415,0.39524886,0.06316526,0.690037,0.18885198,0.009126091,2.008338,6.6747605e-05,0.059390936,4.2003736,-0.0027531672,0.177867,0.30131513,0.0073895664,0.016323928,0.021555834,0.11141395,0.00030969104,0.31096604,0.07095257,0.012639624,0.25658706,0.070893236,0.051305313,0.20922586,2.6741579,4.719905,0.19218749,0.25292233,0.18768261,0.020237988,0.04590505,0.5960142,0.049202614,0.0071259793,1.2978951,1.1420642,0.21476418,0.06578089,0.37127376,3.8848524e-05,0.00060067576,0.2793447,0.022542527,0.100453086,0.014312432,0.058513016,0.05745208,0.0009844961,6.306412e-05,0.12674604,0.016955433,0.11125951,0.053738635,0.062490787,0.0002035334,0.15151761,0.071560934,0.6335087,6.3199965e-05,1.0672432,0.030755814,0.09697261,0.0017767827,0.43549302,0.020019371,0.24327037,0.23222771,0.026092969,0.0025644354,0.117143445,0.30298272,0.037684012,0.22102614,1.0137792,0.25883555,5.406836e-05,0.46643054,0.10527505,0.14994487,3.833537e-06,0.43842202,0.0008091844,100.0,0.45570064,0.13682188,0.28134954,0.673919,0.00016531095,0.044168375,0.9885437,0.093054116,0.09575982,0.1664278,0.013519642,0.35803625,6.361586,0.030222893,0.050285045,0.2536429,0.09399262,0.023593485,0.0016686182,0.09282583,0.04719475,0.09538033,0.14779606,0.13756923,6.407808e-05,0.0057760878,0.14398065,0.037006825,0.3204905,0.017052848,6.770695e-05,0.059890848,9.478598e-06,0.10147041,0.03624125,1.0321412,0.046096224,0.10704767,0.0071647745,0.00093125325,0.031148111,0.076337464,0.503481,1.7268205e-05,0.06438836,0.51595163,0.20379807,1.7348281,0.19352707,20.990946,0.23456784,0.0005782217,1.3732294,0.36727372,0.00847267,0.0021960896,0.02320052,0.94311756,0.38955513,0.15149947
1952,0.12066026,0.59703416,0.031473644,0.00043512406,0.0013698435,0.99230653,0.017246554,0.00030655012,1.6635679,0.16057497,0.10075618,0.04584454,0.5803984,0.034365993,0.06730741,0.4275927,0.17316727,0.038801406,0.0015142974,0.04946313,0.39970002,0.012304068,0.3045135,4.4859633,0.0022128548,0.0051590987,0.035911426,0.047489837,0.11933027,2.615144,0.10561623,0.26001793,6.9324155,0.49349877,0.2979039,1.210329,0.32914215,0.00015452971,1.8214538,0.00133438,0.0008659986,0.12105988,0.54090625,0.009564738,0.42405277,4.260502,0.0010376256,0.00072379794,0.2419052,0.11786307,0.20248356,0.3442583,0.22390313,0.015409662,0.42386097,0.06723334,0.6594899,0.19797258,0.015068484,1.9906515,3.8487273e-05,0.033617724,4.085634,-0.0032999201,0.19292298,0.27951345,0.006334262,0.014570499,0.0049476805,0.15775454,0.00037931933,0.29772052,0.10300821,0.0127583975,0.2596814,0.07504714,0.051958956,0.24111292,2.7613423,4.8274093,0.18909365,0.25353432,0.1869573,0.022236932,0.05894608,0.61499554,0.0510541,0.0075035975,1.3550729,1.242509,0.21734293,0.07088102,0.3961903,3.9737886e-05,0.00056860014,0.28150827,0.025399087,0.10053304,0.012842413,0.04463725,0.05390797,0.0010252111,6.872588e-05,0.12533453,0.017468913,0.11406861,0.05573524,0.06683174,0.00020312246,0.1612029,0.07747052,0.5820434,6.408401e-05,1.0765047,0.031626042,0.09180333,0.0016819894,0.4767271,0.021118619,0.27857128,0.23501426,0.025389003,0.0028384917,0.10360811,0.3003858,0.038208853,0.22444071,1.0431443,0.28141525,5.7251396e-05,0.46649873,0.10542874,0.16258647,3.903867e-06,0.45844626,0.0008058086,100.0,0.45260954,0.14128642,0.31356248,0.7839278,0.00016783059,-0.039080277,1.0663879,0.084006585,0.09507138,0.17795762,0.0070066587,0.39723986,6.795876,0.030188017,0.029543003,0.25844422,0.09263565,0.027805928,0.002537673,0.07226908,0.047314472,0.094977915,0.15343969,0.13502128,0.0002446494,0.005967033,0.15641494,0.038402073,0.3201044,0.016872358,7.043307e-05,0.06416204,9.442536e-06,0.10237406,0.030836372,1.0589854,0.05043112,0.11529867,0.006981319,0.00096510147,0.03253113,0.072508074,0.52401584,1.7602515e-05,0.0753813,0.51449734,0.20399699,1.7718707,0.19548474,20.075012,0.25156692,0.0006531824,1.4499836,0.41393012,0.0075845206,0.0021921336,0.023948627,0.9792815,0.36627373,0.14946751
1953,0.12349869,0.5829618,0.032177113,0.00039743996,0.0014016839,0.9775344,0.018151209,0.00030901103,1.6561947,0.15608235,0.10633725,0.045561884,0.563905,0.034667946,0.06589366,0.42995426,0.17696314,0.032177515,0.0015533055,0.04500067,0.40031043,0.0094496,0.3111403,4.573211,0.0023170507,0.005773709,0.036390454,0.045134153,0.11380388,2.805855,0.09914569,0.26810715,6.5107484,0.52950644,0.2882774,1.2490064,0.32741323,0.00015629311,1.8431156,0.0013149192,0.00071643095,0.13321877,0.41438287,0.009780089,0.43050027,4.2449827,0.0010266621,0.00068954605,0.24038047,0.11927357,0.21545343,0.29761705,0.21576145,0.015222265,0.42750472,0.06942784,0.63480383,0.18856315,0.00087489164,1.8679847,1.1119083e-05,0.030912897,4.0809946,-0.004040737,0.21274409,0.258903,0.0058335373,0.013074409,0.00249899,0.1252288,0.00043893707,0.28488064,0.09035728,0.013903863,0.2614682,0.07046083,0.052245207,0.25925323,2.7101429,4.8196764,0.18088879,0.26089388,0.18879838,0.023799052,0.06669798,0.6221191,0.05068873,0.007473859,1.4216167,1.3539265,0.21705604,0.07443871,0.39553392,4.0004892e-05,0.00055197085,0.2823282,0.04365811,0.10782304,0.012940644,0.046857648,0.07076533,0.0010193805,7.2230934e-05,0.12751065,0.017164856,0.11738598,0.050324135,0.06947021,0.00019806076,0.16588718,0.081642844,0.54298234,6.4113025e-05,1.058957,0.030828718,0.08968451,0.0015827633,0.5058842,0.020819562,0.29693502,0.23091228,0.02404264,0.002863059,0.09337143,0.27651337,0.03762376,0.22276954,1.0581144,0.2945399,5.9034075e-05,0.4631139,0.10245042,0.15280259,3.9096217e-06,0.46394128,0.0007874353,100.0,0.44595724,0.1464863,0.31080097,0.8364036,0.00016772804,0.03482092,1.1507815,0.08704522,0.09705928,0.18255791,0.012499807,0.41852227,7.217295,0.03021429,0.012149608,0.25844634,0.09095318,0.028259147,0.0014501355,0.06436575,0.048976123,0.09288483,0.14749514,0.13040361,5.5342734e-05,0.006089276,0.16070959,0.03692421,0.29144356,0.016265158,7.18618e-05,0.066590905,9.292851e-06,0.10015571,0.026515778,1.0649285,0.052892577,0.12142821,0.006409346,0.0009648082,0.03285003,0.06739565,0.5546764,1.7659542e-05,0.07554245,0.5150074,0.19845547,1.7788826,0.19423528,19.815193,0.26253968,0.000645481,1.389796,0.45152846,0.0067086355,0.002128174,0.024202993,0.96296084,0.35513696,0.14795946
1954,0.12391257,0.5732094,0.0330621,0.00037246099,0.0014127386,0.9639777,0.019283159,0.00027047822,1.6682254,0.16792907,0.11082155,0.04427424,0.5663195,0.03458311,0.063629664,0.42944655,0.17678384,0.035282902,0.001578453,0.04579239,0.40712702,0.010241799,0.317884,4.621034,0.0022761624,0.006496014,0.038456343,0.04203448,0.108381994,2.7150142,0.10851745,0.2762385,7.2192707,0.53769207,0.30592495,1.2556733,0.30895397,0.00015580334,1.7541876,0.0012803471,0.0006898177,0.13297403,0.37795657,0.010106825,0.44469002,4.3147144,0.0010074313,0.00073064305,0.2426859,0.1197731,0.21396977,0.2586982,0.21719025,0.014360185,0.4228483,0.0719263,0.61979693,0.1960052,0.0058440347,1.8905646,-1.661138e-05,0.038243912,4.024098,-0.0043729017,0.22144678,0.2582537,0.005720167,0.012110056,0.010050953,0.11631277,0.00047645965,0.27106473,0.09852301,0.014160459,0.26799276,0.07016623,0.05500792,0.2623373,2.7198167,4.775277,0.16734001,0.25005755,0.18781799,0.023244759,0.07149783,0.6370479,0.05266773,0.0077786753,1.3356481,1.4603579,0.21076459,0.077740245,0.38076708,3.9768554e-05,0.0005090608,0.27387884,0.06798183,0.11047306,0.013232586,0.03967181,0.06807108,0.0009958971,7.64328e-05,0.123418465,0.016441194,0.115807414,0.04933498,0.07252987,0.0003088967,0.1598338,0.086541295,0.5402107,6.3635154e-05,1.0533311,0.03158304,0.08704975,0.0019370753,0.51751894,0.020528635,0.31315547,0.23172994,0.022601306,0.0028141094,0.08540123,0.27873886,0.036244683,0.21687488,1.0636816,0.2852501,5.9427373e-05,0.46678028,0.099005155,0.1494947,3.865311e-06,0.46274096,0.00075385394,100.0,0.43517745,0.14415886,0.32074425,0.93067193,0.00016554237,0.07326023,1.1984671,0.09843791,0.09367388,0.1851237,0.019733684,0.4304296,7.760251,0.029967226,0.023655066,0.25395504,0.08773262,0.029816223,0.0045615174,0.05789967,0.047832213,0.08932446,0.15092735,0.12357159,-0.0003363083,0.0060858014,0.16685726,0.037701275,0.28618932,0.015957449,7.219783e-05,0.06753958,9.061677e-06,0.09736442,0.026824588,1.0536237,0.054747965,0.12551169,0.0066132434,0.00094708474,0.030882346,0.061987236,0.55191314,1.7496532e-05,0.07422701,0.5024199,0.20224191,1.8060616,0.18960182,18.403185,0.27304363,0.0006443931,1.4019417,0.4933179,0.005751333,0.002100424,0.04784097,0.9447948,0.34069157,0.1441348
1955,0.123554125,0.54792845,0.03340593,0.00041012908,0.001393688,0.94687515,0.02044462,0.0003049754,1.6416196,0.18507451,0.1164197,0.042651642,0.5753353,0.03450912,0.06058503,0.42310318,0.17247598,0.04846767,0.0017471394,0.042555925,0.41541067,0.011289021,0.3163899,4.5665364,0.0022429388,0.0048703398,0.040164858,0.038587958,0.1031208,2.597564,0.108568236,0.27988073,6.802661,0.5434565,0.30708778,1.2458798,0.30730018,0.00015264099,1.7766199,0.0012235328,0.000650888,0.13391419,0.33189398,0.009856006,0.43853843,4.458481,0.0009647993,0.00068537676,0.24244238,0.1177947,0.21795736,0.31454033,0.19965102,0.013574119,0.4093272,0.07424942,0.59229743,0.20172262,0.007380675,1.8775473,-3.9551593e-05,0.04006969,3.9784117,-0.0026259553,0.21327788,0.2297817,0.0053822594,0.011134618,0.011675566,0.110809684,0.0005014256,0.25784013,0.09223028,0.01422817,0.25679392,0.06787613,0.053457644,0.25877357,2.715008,4.649034,0.17519745,0.32335925,0.18597595,0.023611367,0.078510314,0.6578543,0.050382048,0.008564995,1.2811695,1.5981873,0.20820843,0.0821934,0.35944724,3.8921637e-05,0.00049568206,0.26600602,0.085044734,0.11948023,0.014452132,0.03487109,0.0629956,0.0009470713,7.815746e-05,0.122921176,0.016176095,0.11925816,0.052483745,0.07610914,0.00029086767,0.15383817,0.09154834,0.5235008,6.204265e-05,1.0141423,0.031272214,0.08283501,0.0020073494,0.5391471,0.01884871,0.3325985,0.22961779,0.020701876,0.0024209898,0.08291064,0.25254562,0.0341891,0.20701966,1.0505117,0.2896455,5.7758432e-05,0.46140668,0.10178041,0.1425279,3.762647e-06,0.44497532,0.0007159852,100.0,0.4197506,0.14359842,0.322113,0.90260065,0.00016132733,-0.010214825,1.207429,0.097326376,0.093138866,0.18056749,0.013058587,0.43599567,8.187179,0.030155638,0.035429616,0.24504977,0.08323844,0.03069663,0.0024819619,0.050775297,0.049203873,0.08455499,0.14945449,0.11434572,6.130544e-05,0.0058341967,0.16556226,0.037827812,0.2892538,0.015278158,7.128613e-05,0.07529401,8.711788e-06,0.09208196,0.024711335,1.0412967,0.05656205,0.13328062,0.008439753,0.0011303319,0.028253535,0.05721124,0.5460306,1.7069318e-05,0.076334976,0.4810517,0.20289844,1.8512795,0.18245654,18.63453,0.28745866,0.000624719,1.5774698,0.5186054,0.0058930996,0.0019917947,0.035961296,0.9487398,0.32509944,0.14113885
1956,0.12441197,0.5230742,0.0344536,0.00037768512,0.001387543,0.9562641,0.021309145,0.00029512745,1.652462,0.17696175,0.121622,0.041956197,0.58270264,0.034424286,0.058448847,0.42842406,0.17205082,0.037767228,0.0017881639,0.042123433,0.42632025,0.0113643,0.3177162,4.6499457,0.0021672433,0.0047468715,0.034172546,0.03556057,0.09962082,2.709495,0.12238798,0.28012264,6.18502,0.5423369,0.27616253,1.2698065,0.3185857,0.00015175487,1.7622645,0.0011866675,0.0006721356,0.13082159,0.30140573,0.010735757,0.45349127,4.5396476,0.0008924296,0.0006915809,0.23059165,0.115614906,0.21983565,0.2961388,0.18868528,0.013044937,0.41311935,0.07789308,0.5815456,0.20576987,0.00935487,1.9939194,-6.0396724e-05,0.034030203,3.8356402,-0.0030527231,0.21472417,0.2223341,0.005050512,0.01037394,0.0041301996,0.1114825,0.0005221682,0.2691369,0.1024155,0.015276718,0.25624835,0.06861022,0.051913977,0.2366285,2.625802,4.573249,0.16357318,0.40496048,0.19306114,0.023771375,0.079104766,0.6791515,0.04887485,0.009191939,1.3350966,1.7117568,0.20393768,0.08608695,0.35996753,3.8698818e-05,0.0004622116,0.2576949,0.047138337,0.12557964,0.01529837,0.039649267,0.05978756,0.00092289416,8.171503e-05,0.11914374,0.015712492,0.123203404,0.05302708,0.07948805,0.00029745162,0.1501384,0.096194796,0.514822,6.148747e-05,0.99391574,0.031794578,0.08035986,0.0017308289,0.5461176,0.018429017,0.36174172,0.23171584,0.019783145,0.0028283456,0.08096079,0.23280837,0.032753553,0.19981259,1.0573478,0.28197393,5.703603e-05,0.46864918,0.09920388,0.14023425,3.7207055e-06,0.44060257,0.00066588237,100.0,0.42007193,0.14084195,0.3203125,0.91124016,0.00015930517,0.016781675,1.2650993,0.08895503,0.09452822,0.18338731,0.015183141,0.45068315,8.553699,0.030238736,0.026470322,0.2404425,0.080386065,0.030303206,0.00091809744,0.044862516,0.050133288,0.08141197,0.15006883,0.10726289,-2.7097634e-05,0.0057622734,0.17107445,0.038899228,0.2902975,0.014991859,7.144523e-05,0.07765734,8.510145e-06,0.08906179,0.024051646,1.0344661,0.058468506,0.13706236,0.007899276,0.0012746347,0.028123952,0.052529972,0.55162865,1.692038e-05,0.07777803,0.4737185,0.19542456,1.8910199,0.17835703,18.580547,0.30027694,0.00060886244,1.5474179,0.5364378,0.004920507,0.0019180181,0.034552757,0.93902725,0.32113436,0.13949978
1957,0.12732694,0.51328564,0.039172947,0.00052843214,0.001392192,0.96911454,0.022199154,0.0002735273,1.6410052,0.17840162,0.12859109,0.04158013,0.5704603,0.035109587,0.05732569,0.4197596,0.17568108,0.028227283,0.0019909863,0.040946875,0.4411254,0.008365576,0.31822658,4.7113853,0.002149988,0.004224211,0.03635831,0.033653174,0.098654956,2.4798892,0.12354348,0.27643085,6.1085534,0.5659765,0.2782476,1.312361,0.31518787,0.00015213955,1.7776461,0.0011617781,0.00063382153,0.13638428,0.3245101,0.011179136,0.46162114,4.503205,0.0009432709,0.0006892602,0.22037572,0.11508481,0.22623579,0.28183612,0.20043758,0.012419749,0.44952554,0.080285884,0.5830048,0.20270488,0.009897276,2.009662,-8.409535e-05,0.02373479,3.7332542,-0.0038628236,0.21049485,0.22801726,0.0047744056,0.009909507,-1.4906417e-05,0.11336604,0.00053508126,0.25377256,0.094272256,0.016436182,0.24704197,0.06976384,0.050424106,0.25856894,2.632606,4.5765123,0.15303487,0.42920014,0.1840777,0.023929758,0.08626129,0.68191206,0.04822496,0.009486468,1.4836942,1.8569502,0.20387565,0.0909361,0.36048242,3.8944858e-05,0.00042716606,0.24997279,0.09620518,0.121127896,0.01577236,0.037264187,0.054939,0.0008946931,8.474737e-05,0.12843384,0.0149433315,0.12521043,0.054016087,0.08311054,0.00030711948,0.14564654,0.101921655,0.5194508,6.170187e-05,1.0067167,0.032195326,0.07812689,0.0017510216,0.5587351,0.018536571,0.37808433,0.22262028,0.019001069,0.0028127353,0.07578764,0.19755162,0.03192721,0.19615804,1.0609397,0.2815388,5.5968805e-05,0.45920718,0.090953365,0.13369194,3.7249924e-06,0.44455472,0.0006167811,100.0,0.42066428,0.14352801,0.34238282,0.93608385,0.00015936665,0.04197086,1.3277434,0.08109814,0.095280625,0.1863285,0.009334979,0.47576,8.9855795,0.029619332,0.03201002,0.23948441,0.07976296,0.018330257,-0.00048605428,0.043155346,0.04956039,0.07948626,0.15165994,0.10163971,-3.881963e-05,0.0057949913,0.17481233,0.039334815,0.24775316,0.01452317,7.249069e-05,0.078012325,8.407525e-06,0.08704628,0.02423241,1.0200027,0.0610337,0.14389314,0.0076431204,0.0010473445,0.024779392,0.049356937,0.56621206,1.6978845e-05,0.08043371,0.47273862,0.19402263,1.9629866,0.17834707,17.903969,0.3173573,0.00059458177,1.5424937,0.55790216,0.0045354525,0.0019071692,0.037344087,0.92674685,0.314319,0.13706782
1958,0.13184352,0.502471,0.03796632,0.00041874533,0.0014151215,0.954928,0.022648709,0.00023108933,1.6710488,0.17351025,0.13487262,0.042091884,0.5205283,0.036294155,0.057566445,0.4265747,0.18049416,0.05050895,0.0020350772,0.035141695,0.45522475,0.011609526,0.32193762,4.9334507,0.00219446,0.0054120794,0.0367879,0.032514904,0.09916024,2.607837,0.11729155,0.26496357,6.743287,0.5956335,0.2893658,1.3471087,0.32048887,0.00015400519,1.868656,0.001151479,0.0006603943,0.13640219,0.34527743,0.010581668,0.49775836,4.350432,0.0009341567,0.0007055808,0.22567654,0.11495992,0.21307158,0.31046233,0.2135363,0.012401084,0.4803738,0.08318397,0.5935122,0.19954422,0.0059341327,1.9283046,-0.000103465616,0.036147997,3.6154623,-0.005310414,0.21031125,0.22111519,0.004520058,0.009485833,0.0071253893,0.112120256,0.00055902614,0.25954664,0.08302673,0.016688379,0.24507299,0.068490595,0.05201908,0.26050922,2.6781788,4.6098537,0.1438174,0.46759737,0.20286886,0.02487426,0.09523471,0.6802595,0.045002542,0.00972076,1.4192635,1.9951241,0.20704426,0.09705863,0.36626732,3.9705123e-05,0.0003811872,0.24414505,0.15953405,0.12465364,0.015498676,0.03195912,0.056342535,0.0008676705,9.108312e-05,0.12745032,0.014030029,0.12721707,0.049897682,0.08741775,0.00030374265,0.14664814,0.10710096,0.53175724,6.275787e-05,1.0421065,0.03190482,0.07787587,0.00181756,0.5869863,0.017679287,0.39052066,0.23239176,0.018726692,0.0028015804,0.073611036,0.20471403,0.031594276,0.19499815,1.1005853,0.28964382,5.5421107e-05,0.46954665,0.08406657,0.1351734,3.779637e-06,0.4491307,0.00054941553,100.0,0.4336367,0.15003558,0.3700564,0.9349093,0.00016124528,0.031174626,1.3211228,0.071883455,0.09355273,0.19124079,0.0052281166,0.49516156,8.432043,0.030217074,0.02961194,0.24187595,0.07858912,0.021489237,0.005278487,0.03934385,0.048360765,0.078592464,0.14922015,0.09950434,-3.1588246e-05,0.005450608,0.18691461,0.038816705,0.2459013,0.014457131,7.463499e-05,0.08064507,8.397551e-06,0.08710154,0.024415515,1.0587447,0.0646014,0.1541727,0.009445663,0.000994993,0.029968478,0.04682007,0.5796547,1.7262651e-05,0.0885005,0.46503234,0.19537285,2.0205784,0.17584199,17.208685,0.33677492,0.00059527624,1.1844954,0.5964453,0.0045218756,0.0018966415,0.032341424,0.9478813,0.30996495,0.13550556
1959,0.12924927,0.4856941,0.043584496,0.0003329494,0.0014330143,0.93994033,0.020902777,-5.8853402e-05,1.655047,0.16742736,0.13349874,0.042143278,0.49921742,0.03525223,0.05463828,0.43214497,0.19265795,0.051479883,0.002357913,0.028903665,0.44800505,0.018151281,0.31300592,4.8879104,0.0020567968,0.0027285055,0.058805257,0.029811487,0.09560971,2.4629052,0.11888108,0.27228448,7.4455013,0.59359586,0.3150143,1.3399447,0.31838956,0.00015279221,1.9424609,0.001067312,0.0007517183,0.15685499,0.28921527,0.009877278,0.50124884,4.1153173,0.00081608526,0.0007295767,0.21638261,0.28196692,0.22501878,0.3104866,0.19850838,0.011713428,0.47269168,0.076003745,0.5780386,0.21541755,0.0066980748,1.7477497,-0.00011795939,0.047911596,3.387371,-0.008522887,0.20050871,0.20995702,0.003998641,0.008516841,0.013724018,0.101957604,0.0005396901,0.26718017,0.11866445,0.017654605,0.26417354,0.06905746,0.054731067,0.26047134,2.5569367,4.4521523,0.15723583,0.44424784,0.21162277,0.024779227,0.0950246,0.6341721,0.043561872,0.009556554,1.4360671,2.0126255,0.20005988,0.098088555,0.38839456,3.872435e-05,0.000449602,0.07256182,0.15620287,0.22714747,0.016404837,0.026506606,0.066783234,0.0009079975,0.00016222784,0.111607425,0.013634438,0.11629481,0.048685964,0.08677791,0.00032100116,0.14136021,0.09847277,0.50797355,6.1110135e-05,1.0030904,0.032094453,0.07494901,0.0019807995,0.67952096,0.017839713,0.34457216,0.22246902,0.018694906,0.0027670763,0.067207836,0.16608016,0.030200569,0.18666366,1.058296,0.2909977,5.1967963e-05,0.45271048,0.05807435,0.12478034,3.6706058e-06,0.42186135,0.0003837738,100.0,0.42088363,0.18416926,0.3728646,0.9602874,0.00015595256,-0.034396786,1.340003,-0.031178882,0.094382934,0.18611363,0.005328847,0.4791562,9.832158,0.029331516,0.025626937,0.23322701,0.07516378,0.01868429,0.0041257986,0.035722062,0.049420595,0.07486721,0.15129073,0.094080694,-0.00015729596,0.0053629046,0.18114981,0.0394966,0.18917054,0.015206035,7.373444e-05,0.07836448,7.996694e-06,0.083877854,0.022203064,0.9699577,0.06491348,0.15256931,0.0003193177,0.00094618095,0.024664149,0.04466047,0.5706311,1.6791586e-05,0.09264873,0.44289815,0.18949682,1.9731472,0.16923036,16.52087,0.335909,0.0005709382,1.4408815,0.6404421,0.003925943,0.0018506628,0.029649891,0.88751006,0.305236,0.13063027
1960,0.13013886,0.506383,0.040508207,0.00032269827,0.0015465014,0.924403,0.021056218,-1.622417e-06,1.6306608,0.18581314,0.13485184,0.045247648,0.52322626,0.033351302,0.052168444,0.44104815,0.20775308,0.024424002,0.0030191417,0.031169008,0.45701844,0.010895428,0.28386474,5.3875465,0.0021432824,0.0025587347,0.038393416,0.030021291,0.08811394,2.333618,0.13289374,0.29104355,7.5050426,0.41309196,0.25786924,1.7382452,0.1986895,0.00015983268,1.3738021,0.0010074107,0.00082595396,0.09740127,0.28053066,0.00923033,0.54199547,4.4815392,0.000837763,0.000662328,0.25262985,0.14710091,0.24348682,0.45043516,0.2220266,0.009701384,0.42410553,0.08076973,0.6029581,0.22180383,0.0062650405,1.9438215,-0.00013917757,0.031972468,3.6237462,-0.0051879752,0.13128622,0.15445705,0.0039351406,0.007891332,0.005949908,0.10991404,0.0004568416,0.22229418,0.08534148,0.019523723,0.18178387,0.07048743,0.045120373,0.2824797,2.4171705,4.087779,0.14741315,0.602477,0.24442892,0.020118706,0.115370505,0.73436093,0.035610694,0.010754683,1.6033021,2.0064662,0.26634032,0.09314293,0.2990076,4.0584786e-05,0.0003787997,0.05902599,0.17908934,0.15296318,0.01805341,0.020940116,0.107638076,0.00075036194,0.00015819617,0.10360429,0.012518297,0.120469816,0.054540075,0.08736849,0.00039510423,0.12154668,0.101163246,0.52859443,6.367149e-05,1.024445,0.032609165,0.082719825,0.0018025633,0.55960965,0.015602246,0.27760145,0.23564477,0.020251412,0.00267032,0.078282766,0.17532949,0.035812505,0.19254164,1.1036843,0.21612294,5.0286828e-05,0.49409148,0.10977464,0.12683697,3.832101e-06,0.37673077,0.0005205433,100.0,0.45505366,0.07864844,0.42297766,0.74782616,0.00016192048,-0.05968346,1.421237,-0.025263665,0.0944109,0.25009784,0.005258369,0.5051036,9.167489,0.027650643,0.035289194,0.24108006,0.06805453,0.017653214,0.0044115246,0.03706633,0.043926723,0.073146805,0.1501435,0.095368125,-0.00014115367,0.006008673,0.1936625,0.041667882,0.23312601,0.012311945,7.858738e-05,0.08651644,8.140739e-06,0.08694015,0.017556239,0.8115957,0.059271634,0.15316544,-0.0005424114,0.00093877094,0.021747764,0.04102781,0.49762392,1.7551512e-05,0.10057078,0.4609749,0.18128443,2.1658905,0.17219993,17.1144,0.33218795,0.0005063834,1.3327789,0.5456839,0.0032652717,0.001740048,0.036703967,0.94017273,0.31331685,0.13356847
1961,0.11714181,0.37267858,0.03712539,0.0003525022,0.0015321833,1.0083324,0.023364125,-1.2324225e-05,1.7048727,0.1894154,0.1404665,0.045387544,0.5283826,0.037627656,0.0515922,0.4000186,0.21172313,0.07755185,0.0035180605,0.032458,0.4903047,0.007735124,0.23040372,5.634559,0.0021511125,0.0034133806,0.04597483,0.039182797,0.08270865,2.3298686,0.13307998,0.26934192,7.6341,0.44719288,0.23766437,1.2077202,0.13210647,0.00015562383,1.7303339,0.00091770565,0.0007466033,0.09359952,0.3446704,0.008390285,0.56159365,4.5454364,0.00091482763,0.0011615952,0.24488845,0.11766525,0.20397368,0.28463247,0.22380738,0.02124968,0.45272473,0.08546216,0.6427464,0.22169256,0.0062842127,2.0204194,-0.00015647514,0.03694952,3.6725316,0.007008694,0.10039858,0.12367534,0.0038759548,0.0076385024,0.0039500953,0.11460677,0.00038500322,0.17972404,0.039029106,0.021648394,0.15020582,0.070709564,0.041774873,0.29856524,2.3542287,4.4589252,0.16840921,0.5515938,0.25119662,0.018293938,0.12868364,0.82469845,0.03400253,0.010126712,1.8348292,2.0035126,0.22003381,0.09834188,0.23974879,7.1509916e-05,0.0003816813,0.059822954,0.1892212,0.11389507,0.018518949,0.018860556,0.17143814,0.00073964195,0.00015609767,0.0972257,0.011810529,0.1264829,0.05431775,0.095894754,0.00047784188,0.117134005,0.100215025,0.39238656,6.50185e-05,0.9094635,0.032712806,0.082102716,0.0015681158,0.5187066,0.014571324,0.26974156,0.20767342,0.017278356,0.0027430328,0.0937313,0.25582728,0.03670343,0.15537353,1.0829185,0.15575345,4.6414854e-05,0.50563973,0.08210429,0.12923512,4.1200547e-06,0.36200362,0.0007383713,100.0,0.4154606,0.07684016,0.38138554,0.67580926,0.0001668022,0.038960036,1.4587057,-0.0047297357,0.097198375,0.1903045,0.004839788,0.5307475,9.741328,0.028715167,0.048965696,0.22319987,0.061773468,0.021681637,0.00030570084,0.037403762,0.04423788,0.07203939,0.15088214,0.15080422,-4.550576e-05,0.0069313794,0.20236085,0.042859707,0.220462,0.012489419,8.500006e-05,0.071328506,8.0228965e-06,0.07465846,0.015443926,0.92006,0.0642914,0.15634258,-0.00035696127,0.0010028786,0.034823053,0.039745007,0.5096469,1.7335722e-05,0.10283279,0.44073215,0.19009614,2.1636305,0.16107021,16.556896,0.33433545,0.00048448026,1.0531031,0.49997553,0.0031794442,0.0016628628,0.03224187,0.8948202,0.27880868,0.12847416
1962,0.11490195,0.3023377,0.03643076,0.00033074312,0.0015880063,1.0264724,0.023065006,0.00025334582,1.5922186,0.20163839,0.14118439,0.045580167,0.5596499,0.04064988,0.051799044,0.38063353,0.23941335,0.0733526,0.0043989345,0.032997604,0.47634688,0.0071269465,0.20577084,5.8997664,0.00247303,0.0036846094,0.034847986,0.038130477,0.08171584,2.3854718,0.15026523,0.287591,7.2085238,0.40757,0.23982091,0.977414,0.110326245,0.00015075057,1.4980055,0.00091349427,0.00071706,0.082388274,0.4532373,0.009029151,0.59236026,4.81258,0.0010014036,0.000803917,0.26231447,0.09838661,0.17914097,0.24156667,0.23476458,0.020624852,0.47065616,0.08764846,0.6036097,0.23770013,0.0056765266,2.1251004,-0.00017488525,0.043403253,3.7097797,0.0056569846,0.08454983,0.11036687,0.004464538,0.0077528227,0.0046372046,0.14574745,0.00039124544,0.16759852,0.03790539,0.023602696,0.13555445,0.07028582,0.039044917,0.3101211,2.3777645,4.0321627,0.16542159,0.5492636,0.26538047,0.018104158,0.15111919,0.92840534,0.031347327,0.010502183,1.8513014,1.9606489,0.19288446,0.09501993,0.22043677,8.8872745e-05,0.00032582413,0.07288819,0.2111799,0.09552997,0.019284401,0.019300606,0.15234344,0.0010554802,0.00015911863,0.33270907,0.011685378,0.12984441,0.054460566,0.09102097,0.0006002427,0.11334488,0.10426036,0.31342462,7.319607e-05,0.85799366,0.032763056,0.0802608,0.0016992387,0.49667364,0.013745398,0.25095698,0.17984559,0.018840782,0.0032382435,0.09732263,0.39125484,0.036157403,0.13882369,1.0444956,0.15146972,4.1620966e-05,0.55010444,0.085489005,0.13274823,4.246719e-06,0.3509034,0.000831342,100.0,0.40045196,0.07124148,0.4413334,0.6924171,0.0001709321,-0.052578673,1.5256616,0.0220483,0.09904056,0.1672098,0.005675617,0.5577122,8.735846,0.03143187,0.08432237,0.21332774,0.07141688,0.024568431,0.0023708022,0.038987592,0.045582227,0.07464557,0.1499221,0.14947487,-0.00010586523,0.0068045985,0.21356131,0.04367043,0.22705734,0.0102944495,8.887688e-05,0.07329273,7.986813e-06,0.0664349,0.014731114,1.1311053,0.059644643,0.16161166,-0.00010597784,0.0010740892,0.052094527,0.037636574,0.6393992,1.755336e-05,0.11222387,0.65097696,0.20216605,2.198527,0.1489857,17.520348,0.342199,0.0008069128,0.876988,0.49000183,0.0029827924,0.0015873393,0.038729705,0.88368964,0.2572276,0.125441
1963,0.11261516,0.26477614,0.031143006,0.00031124588,0.0016289006,0.9752868,0.023554793,0.00018128908,1.7198119,0.21221337,0.14362773,0.044481438,0.585345,0.04162406,0.050154667,0.37784564,0.26195464,0.05653812,0.004199905,0.034826692,0.47984114,0.00707383,0.20780332,5.8961034,0.002052307,0.0067677163,0.036142852,0.036488123,0.0800209,2.2856333,0.16741124,0.27794755,7.3679347,0.37425283,0.21386914,0.7621146,0.094660096,0.00014049215,1.3484385,0.0009484485,0.00067535636,0.1205439,0.596396,0.008564277,0.60447305,5.0138965,0.0011301917,0.00068596896,0.2699437,0.09061403,0.1538109,0.20698436,0.25517872,0.018707,0.44113567,0.09155109,0.54162323,0.24502246,0.004544257,2.095139,-0.0001902317,0.038082633,3.651009,0.0097291125,0.07578251,0.09766745,0.004243941,0.0072946055,-0.0028295058,0.13260084,0.00033455013,0.15562196,0.043436218,0.026109457,0.12389229,0.06984199,0.038770426,0.32859182,2.3266418,3.8992379,0.16786914,0.5585471,0.27374977,0.01756924,0.15853018,0.9819871,0.02873852,0.011147285,1.961884,1.8704395,0.16803116,0.09360837,0.2339393,0.00011972562,0.00032112806,0.10191207,0.22078167,0.08688209,0.02062047,0.017442258,0.19436054,0.0008139779,0.00016300307,0.23857275,0.011459883,0.13510631,0.052827366,0.09207145,0.0006437699,0.11761702,0.10711594,0.28204042,6.8102345e-05,0.83516085,0.032211974,0.0767227,0.001967432,0.52856374,0.012964146,0.2570516,0.16016747,0.019743921,0.0030236691,0.09722674,0.3695621,0.035075843,0.124369234,1.0552608,0.15152326,3.5275512e-05,0.5763465,0.08910623,0.12735723,4.2773354e-06,0.34649533,0.0009345073,100.0,0.44037113,0.065175176,0.4604106,0.87117654,0.00017131022,0.001652032,1.5866661,0.036952686,0.10291099,0.16149166,0.035358395,0.56873447,8.766542,0.03274026,0.09225177,0.20922096,0.06339387,0.02845312,-0.00019123356,0.037840072,0.046397842,0.076332405,0.14959519,0.14746392,-0.00024283369,0.010690288,0.21713254,0.044354927,0.23574625,0.009798045,0.0001251499,0.075114556,7.761767e-06,0.061358333,0.014241057,1.0452605,0.058460042,0.16155525,0.00030826952,0.0010151766,0.022932848,0.04397706,0.550487,1.735444e-05,0.11470232,0.5677581,0.29889667,2.2408314,0.14184864,17.60457,0.3462018,0.0005581031,0.87417763,0.46735373,0.0028097176,0.0015514343,0.03418358,0.87119293,0.23934737,0.11900491
1964,0.105874784,0.23845276,0.03332814,0.00029800634,0.0016426496,1.0223333,0.023787372,0.00016036943,1.8087467,0.21694618,0.14635505,0.0419167,0.56324494,0.041853145,0.05076152,0.3912872,0.29268858,0.07746043,0.0058485363,0.037401922,0.48219818,0.006062448,0.1979409,5.911712,0.0019623747,0.0049801944,0.03860417,0.034963835,0.0778224,2.3994343,0.15995005,0.27345574,7.022906,0.387093,0.27232194,0.66983044,0.09053248,0.0001240257,1.5596904,0.0009572889,0.0007114635,0.1336008,0.41872945,0.008051876,0.61532325,5.051549,0.0012463967,0.00057797995,0.27626714,0.08621646,0.15242153,0.19467059,0.28544933,0.020380132,0.46091247,0.09495825,0.58053654,0.2577759,0.0049863635,2.1808674,-0.00020442219,0.067599624,3.5961595,0.013866473,0.06897329,0.08961459,0.0046595884,0.007525063,0.016206581,0.13062893,0.0003526873,0.14858286,0.033073936,0.025975663,0.11480092,0.07156137,0.036373906,0.35475546,2.2747526,3.824931,0.171592,0.60596097,0.26594552,0.016820204,0.17857161,1.0247576,0.030621665,0.0109569095,2.0661256,1.7869503,0.15959202,0.09194786,0.22245292,0.00012391756,0.00030712105,0.1077548,0.2552042,0.08645809,0.022186816,0.01600539,0.08540581,0.0006913095,0.0003275939,0.20128168,0.010514294,0.1386539,0.055475518,0.09206725,0.0007356621,0.12829328,0.108690016,0.26887304,6.915382e-05,0.84815496,0.0331603,0.07699214,0.0022910947,0.48811182,0.0124348635,0.21705982,0.14943542,0.020726496,0.0034802924,0.12602395,0.49337727,0.03398579,0.11657318,1.0679406,0.13455833,3.089751e-05,0.59635824,0.09566884,0.12529714,0.00013035355,0.3193805,0.001030032,100.0,0.49469772,0.074648894,0.4560718,0.7240161,0.00017268778,0.0006003226,1.6279184,0.052618723,0.10633095,0.15750359,0.034117877,0.5725574,8.681432,0.032255314,0.092178024,0.20964208,0.072974995,0.029876588,0.0019846675,0.036940213,0.04359187,0.07851597,0.15302901,0.1451634,-9.169448e-05,0.009235708,0.22158684,0.046797503,0.25051638,0.010474853,0.0001279153,0.067072764,7.594353e-06,0.059210695,0.014949463,0.98643446,0.057124533,0.16105786,0.00066880183,0.0010807639,0.029058637,0.044958025,0.5429782,1.726589e-05,0.1212613,0.47523922,0.2512005,2.2752776,0.13289115,17.839176,0.34862944,0.00049620494,0.7845429,0.47744328,0.008509998,0.001964538,0.037508167,0.88891137,0.23066327,0.11307281
1965,0.10698137,0.22280857,0.034878466,0.0002874444,0.0016288192,1.1648673,0.02415438,0.00048443166,1.9056276,0.21033554,0.14865631,0.0389208,0.5624061,0.045426965,0.051800445,0.37759003,0.3037904,0.061166164,0.006735624,0.03741308,0.48217556,0.0076532415,0.20233883,5.7336645,0.0020284953,0.0038100185,0.037531037,0.032174684,0.076015346,2.5638826,0.16731721,0.2691314,7.899349,0.33229196,0.22354078,0.62255764,0.08031506,0.00011259574,1.0179052,0.0010374796,0.00068273215,0.14687744,0.33263245,0.008431706,0.5870254,4.928562,0.0014374688,0.0011029126,0.276688,0.080879055,0.16212124,0.16354647,0.29619667,0.019487798,0.46180663,0.09762522,0.5500962,0.26358038,0.003969215,2.1093712,-0.00021497773,0.055876035,3.5943315,0.017334586,0.062364146,0.08162893,0.004273664,0.0071134535,0.0040463177,0.15804897,0.0003457734,0.14308576,0.041101467,0.028327415,0.10987606,0.070369266,0.035655808,0.34486017,2.1979327,3.7557116,0.17370668,0.6292077,0.3153156,0.01641911,0.2563777,1.07732,0.024368882,0.011838686,2.137059,1.7265875,0.150444,0.091801316,0.19605029,9.120206e-05,0.0003116678,0.12171312,0.29527256,0.08692075,0.021331483,0.014636621,0.117606886,0.00076965726,0.00034380658,0.16666181,0.011053936,0.14002311,0.05410763,0.09261157,0.00074508635,0.13174073,0.11090574,0.26727292,6.9976646e-05,0.83414584,0.032880764,0.077186584,0.0021249263,0.5312765,0.011879906,0.22040062,0.14287184,0.021720268,0.0034621404,0.12343755,0.32730567,0.03319853,0.10867217,1.1376874,0.13834462,2.9190145e-05,0.6075227,0.09885832,0.12377933,0.00014348826,0.3071531,0.0011613121,100.0,0.45163035,0.07222466,0.38145652,0.61725235,0.0001740736,-0.063090466,1.6365373,0.099700265,0.1075335,0.15743153,0.033975445,0.5938992,8.804891,0.032646503,0.058265317,0.20673151,0.06695196,0.025293399,0.0008591829,0.036158964,0.040009797,0.07969637,0.15087831,0.14240368,-8.384719e-05,0.008695247,0.21360336,0.04662404,0.2583681,0.011212343,0.00013063702,0.041895207,7.43304e-06,0.057585455,0.014300565,0.96812665,0.056420013,0.16545455,0.0010967174,0.0011817928,0.037100323,0.041319635,0.5634654,1.7143502e-05,0.12352124,0.4151892,0.20239304,2.3062716,0.1256675,18.093042,0.35412002,0.0004437554,0.7518235,0.464236,0.004527455,0.001886219,0.038863435,0.90292585,0.23188598,0.11834072
1966,0.10422133,0.213986,0.036532626,0.0002806286,0.0015990313,1.1788626,0.024861062,0.0013308536,1.7781161,0.21296667,0.15308805,0.03939543,0.554078,0.049572032,0.051390335,0.36602077,0.31419632,0.03332721,0.0057463855,0.036714427,0.49331573,0.0073297247,0.20731466,5.712905,0.0022792045,0.0061490317,0.037809554,0.030739982,0.0753503,2.291794,0.16911557,0.26975507,7.3903065,0.32761365,0.1896945,0.56777173,0.06689777,8.6981396e-05,0.83698606,0.0010896269,0.0006688498,0.0914531,0.3669766,0.00881139,0.57316285,4.815634,0.0015753624,0.00073577516,0.29654118,0.07718753,0.19548208,0.19579048,0.28168297,0.018912354,0.5351658,0.10193215,0.53360647,0.27926353,0.0028164892,2.1406782,-0.00022835279,0.036364466,3.511477,0.020699626,0.05618648,0.07718645,0.004718443,0.009959714,-0.0077682426,0.15876576,0.00037002368,0.14030956,0.058274772,0.029771265,0.10327428,0.06935442,0.03528424,0.3394259,2.1566057,3.9142094,0.17837454,0.6854527,0.5008452,0.016336128,0.27440116,1.1773396,0.024999177,0.012665423,2.237972,1.6750323,0.14827944,0.09260781,0.17784171,8.7192755e-05,0.00030300388,0.14246297,0.29171872,0.084567055,0.02321676,0.016310444,0.27800605,0.0010683538,0.00033360842,0.15045509,0.009995419,0.1449115,0.050851267,0.093510814,0.0008176149,0.12786487,0.11377686,0.25719607,7.086375e-05,0.84773576,0.03242991,0.07622933,0.0018770066,0.48222438,0.011423946,0.20845023,0.1407642,0.022509864,0.0034026885,0.09549932,0.38941145,0.033145733,0.10166917,1.1428242,0.11054291,2.985611e-05,0.61843204,0.11340012,0.12635872,0.00014120576,0.3068379,0.0013179913,100.0,0.42385754,0.049088847,0.35418487,0.74246734,0.00017487141,0.050743233,1.6500901,0.11718237,0.107556984,0.14096853,0.033162367,0.6142957,8.8603525,0.03436672,0.08260665,0.20964175,0.07555622,0.017628783,0.0013836249,0.036928784,0.03868449,0.08114837,0.14886583,0.14220262,-0.00015909369,0.009257109,0.21038412,0.045944538,0.30031002,0.0106878225,0.00013471418,0.052249905,7.306553e-06,0.056102794,0.013971766,0.97861576,0.056981128,0.1704494,0.0031670455,0.0011012139,0.03006385,0.042833675,0.53735024,1.7067121e-05,0.12936912,0.35947683,0.17639276,2.373003,0.11950529,18.524418,0.3637643,0.00042222685,0.6725803,0.4881026,0.0038116947,0.0016339532,0.036077846,0.88930076,0.22694787,0.12158884
1967,0.099220835,0.1985661,0.03471885,0.000266161,0.0051168604,1.2918662,0.025203938,0.0021899808,2.22829,0.21333192,0.15417503,0.037791908,0.5522527,0.050588664,0.05161406,0.36624938,0.33131978,0.051996212,0.007999385,0.035912067,0.492543,0.0058342526,0.2121214,5.480073,0.0025380217,0.0051565375,0.035893314,0.030789299,0.073359355,2.3186426,0.17020488,0.27468705,6.1482034,0.29704386,0.23996583,0.56010014,0.06528502,8.608944e-05,0.71881866,0.0010301521,0.000624521,0.13579454,0.3362263,0.008923715,0.5560987,4.636965,0.0013896748,0.00051932863,0.2853618,0.06970495,0.17444512,0.17484982,0.24278535,0.018562628,0.52964747,0.10379685,0.5241594,0.2591991,0.0030261264,2.1930006,-0.0002339468,0.063615866,3.2969599,0.024075873,0.05172546,0.06866597,0.0046885377,0.00910503,0.008719468,0.1570052,0.00038265318,0.13009876,0.03349744,0.032863565,0.09500014,0.068517156,0.032391816,0.32331693,2.0870843,3.8526556,0.17715694,0.69828576,0.28532767,0.01538487,0.27852333,1.2494911,0.024434462,0.010735124,2.484761,1.6081266,0.14349031,0.09152153,0.162054,0.00012998209,0.00029255956,0.15966435,0.24720241,0.084463075,0.022462966,0.013152608,0.30152607,0.00078700786,0.0003256434,0.14993466,0.011002476,0.14712691,0.048504427,0.09345482,0.0008634641,0.13216867,0.11469039,0.25033006,7.0932554e-05,0.86583704,0.031782847,0.0741259,0.0022730457,0.46073472,0.010518403,0.18926509,0.1589053,0.023324993,0.0042560976,0.09488492,0.4944394,0.03208431,0.15469381,1.3311137,0.105922505,3.270425e-05,0.62275565,0.11081311,0.12261151,0.00019665857,0.30787843,0.0018236518,100.0,0.39033288,0.0645899,0.34220248,0.6056231,0.00017467492,0.05760175,1.6601076,0.13755003,0.107118174,0.131193,0.036450505,0.6565234,8.818194,0.03591232,0.16101003,0.21024354,0.08126643,0.027983513,0.000898249,0.037216958,0.037012912,0.083061464,0.14623171,0.13998456,-0.00015625691,0.010124165,0.207406,0.04637629,0.27689916,0.009423566,0.00013625112,0.042499356,7.1208524e-06,0.054916862,0.013795419,0.91498744,0.0563482,0.17088623,0.0034475455,0.0010542712,0.032849066,0.042560354,0.59541106,1.6815002e-05,0.13735572,0.3313588,0.16626136,2.3833413,0.11131796,19.901804,0.36543897,0.0003791596,0.65102184,0.49150985,0.0034876158,0.0016051482,0.033920884,0.89752185,0.22468364,0.11766445
1968,0.095956564,0.19858205,0.035002157,0.00027073608,0.0062529407,1.1557604,0.02526305,0.003817993,1.7395221,0.21928675,0.15352133,0.045441024,0.58392173,0.0629182,0.051506102,0.35991338,0.3512819,0.057590585,0.0075311013,0.03711713,0.48742786,0.005553458,0.22819065,5.4125714,0.0028984728,0.00543979,0.03385327,0.030184008,0.07151245,2.3221526,0.17988566,0.27012494,6.4441466,0.2907533,0.19232644,0.5218575,0.05433356,7.8603814e-05,0.6220667,0.00095498597,0.0006359558,0.13902232,0.31729823,0.009689166,0.5646879,4.7179017,0.001562378,0.0004309167,0.29185882,0.08561976,0.16762239,0.18353985,0.2575733,0.019221874,0.6279585,0.103692174,0.5298263,0.27312472,0.0073666153,2.1961348,-0.00024088103,0.06958297,3.258398,0.027498806,0.048808288,0.061488334,0.0041706213,0.008009216,2.23672e-05,0.16255918,0.0003879044,0.12076354,0.012009379,0.032922186,0.08687072,0.06873128,0.032202058,0.3292631,2.0459893,3.6003635,0.18028165,0.81871945,0.3415261,0.015232681,0.28305244,1.2732791,0.024010045,0.011073628,2.6865983,1.5287704,0.13952819,0.08970997,0.15323444,0.00017023688,0.00021868071,0.15409143,0.23363918,0.07432123,0.022279402,0.016063306,0.36543345,0.0007083699,0.0003716246,0.12925035,0.009702333,0.14440778,0.050750583,0.0921654,0.00086085737,0.1226206,0.11297202,0.241481,7.0728376e-05,0.85656065,0.032129973,0.070658125,0.0026887038,0.4462352,0.009858873,0.17719533,0.17366864,0.024744,0.0047074733,0.08443406,0.42329863,0.031225212,0.12540264,0.9952657,0.09746086,3.630952e-05,0.63781446,0.118092865,0.12448899,0.00019124188,0.30433723,0.0019164213,100.0,0.35281554,0.061230645,0.32490873,0.5637015,0.00017348613,0.119702205,1.7089887,0.16969343,0.10840982,0.12546693,0.0528091,0.65825814,8.661359,0.037694715,0.18390961,0.20966545,0.05515314,0.036870077,0.0008821142,0.035489816,0.033972356,0.08361027,0.14780368,0.13789485,-0.00010529713,0.012750498,0.2112512,0.04724289,0.3119873,0.008352277,0.00013840069,0.055289682,6.9694233e-06,0.053245116,0.013979999,0.9176933,0.05528598,0.17091113,0.0059804497,0.0010989266,0.028831271,0.058168143,0.7261932,1.653227e-05,0.14274381,0.33029792,0.1565182,2.3599424,0.10274522,20.695084,0.36301082,0.00035788162,0.57500535,0.48357898,0.003161698,0.0014619814,0.06581359,0.88835055,0.21663703,0.11910405
1969,0.08561092,0.1852164,0.03344437,0.0002501618,0.076949015,1.0544189,0.024360279,0.0046180063,1.5479546,0.21804358,0.1483296,0.035505883,0.57092905,0.049835794,0.04932116,0.3465786,0.3472353,0.064807236,0.0075669624,0.034899984,0.46682763,0.0068953275,0.21204916,5.080258,0.002926118,0.0055533657,0.04195881,0.029463809,0.068245865,2.195596,0.1762223,0.2923157,8.110909,0.25773394,0.19207598,0.5083515,0.05287289,0.00011103015,0.60211104,0.0009116404,0.0006264991,0.13173492,0.4038566,0.009209025,0.5621421,4.7169,0.0013895496,0.00034776007,0.29704893,0.06519155,0.17705852,0.16083854,0.22187655,0.016846431,0.5537715,0.10108511,0.46436182,0.27339166,0.0043316297,2.1513352,-0.00023829949,0.06838294,3.1428554,0.027170416,0.043610148,0.056233473,0.0038028464,0.0074661737,0.0069342363,0.16390823,0.0003877851,0.11326655,0.035083644,0.03709047,0.08118605,0.06400252,0.031360127,0.31314778,1.9495316,3.4802704,0.17285338,0.7628034,0.3631722,0.011478954,0.29412284,1.3114417,0.024007982,0.012190334,2.8903458,1.4137652,0.13130017,0.08489709,0.13511555,7.945691e-05,0.00022576128,0.16179831,0.23592015,0.06978019,0.023669591,0.015282867,0.59480435,0.0008072719,0.00040209587,0.117755696,0.009767465,0.13977292,0.051305078,0.08748462,0.00081684487,0.13460323,0.10892626,0.21692078,6.8720525e-05,0.79101,0.03020004,0.074748516,0.0026100238,1.984667,0.008606513,0.16510719,0.17653972,0.020307297,0.0042796265,0.06573956,0.4924791,0.029798042,0.072398424,0.9668369,0.087753244,3.8827453e-05,0.6129813,0.11707004,0.16273746,0.00024785122,0.2849943,0.0022031316,100.0,0.34239376,0.049822934,0.3169524,0.5716833,0.0001747556,0.032948226,1.7151116,0.18888114,0.10960844,0.11560537,0.06344774,0.6580941,8.220718,0.037204534,0.21279292,0.19858007,0.04488311,0.04238753,0.00040993735,0.035712034,0.030385878,0.08003441,0.138309,0.12950738,2.5298668e-06,0.011224526,0.2111051,0.045049593,0.3304627,0.007930027,0.00013594392,0.0616485,6.6691414e-06,0.04957202,0.012621123,0.91942394,0.052378893,0.16354184,0.013769916,0.00088815636,0.02694105,0.06588557,0.578045,1.575947e-05,0.14267865,0.49473956,0.14610282,2.2694163,0.09497386,19.464851,0.3488167,0.00035680793,0.5182405,0.47941005,0.0069042277,0.0013049544,0.035052497,0.8588866,0.20679283,0.12064544
1970,0.085328154,0.21477234,0.033224713,0.0002519378,0.08772179,1.0069137,0.025140662,0.0017477827,1.3887964,0.2286535,0.1501102,0.0318349,0.5522597,0.050232064,0.046615895,0.33396253,0.30584618,0.06278007,0.010087289,0.04354139,0.46613663,0.005427247,0.24128218,5.0166636,0.0026240014,0.034768872,0.03614759,0.03884364,0.06799779,2.2500923,0.17632994,0.2810941,8.156133,0.28674725,0.16461404,0.5172879,0.049987234,0.000102871636,1.4840841,0.00093515305,0.00057749986,0.10550608,0.3516887,0.008905044,0.6099829,4.405162,0.0016330495,0.00032432974,0.29183525,0.061784185,0.20596543,0.18752639,0.21065016,0.017124787,0.6852624,0.10131172,0.46001953,0.2680314,0.0040755644,2.1170967,-0.00024013451,0.06971471,3.0929694,0.03213135,0.04590208,0.05006329,0.004194167,0.007349478,0.00053325086,0.14904198,0.0003602082,0.113616765,0.027580956,0.038400605,0.07983073,0.0707718,0.030509707,0.32820258,1.8470203,3.2063138,0.168222,0.8580033,0.3637138,0.011090734,0.26236984,1.2608364,0.023343762,0.010295867,3.1825435,1.4200705,0.12849621,0.08724585,0.09323641,0.00011589721,0.00021790432,0.20227827,0.21110918,0.0670239,0.021141995,0.015275667,0.4353925,0.0010193773,0.00049184315,0.10848275,0.009472679,0.13811599,0.05117472,0.08814537,0.0009297675,0.12432503,0.10821257,0.20055526,7.484473e-05,0.8241181,0.0336443,0.06924867,0.002541496,1.1680282,0.009355593,0.16017808,0.18178336,0.01914981,0.0037588652,0.07914648,0.4222738,0.037332054,0.06556354,1.0276078,0.089282475,5.285295e-05,0.6790658,0.12913214,0.13767457,0.00023771088,0.2930321,0.024920896,100.0,0.31584337,0.07598984,0.32574677,0.5094095,0.0005543316,0.08002523,1.6473365,0.22571483,0.10714008,0.1119125,0.06042289,0.6508759,8.618893,0.041986722,0.26631814,0.19477297,0.051961906,0.08020125,0.0010170192,0.03221621,0.041333474,0.07912196,0.16512145,0.13815735,0.00022560591,0.013379938,0.22219226,0.051013906,0.34027717,0.007805361,0.00020382096,0.056916628,7.271298e-06,0.04904687,0.011799523,0.8197167,0.05451187,0.16800593,0.010931328,0.00080637855,0.04626498,0.055520467,0.5702308,1.5150489e-05,0.14582622,0.50630856,0.14626533,2.2605581,0.08658458,19.56454,0.34973988,0.0003388083,0.52347225,0.4579827,0.004069386,0.0012484366,0.026175661,0.84530956,0.24699296,0.12511426
1971,0.08349374,0.15166575,0.0347182,0.0002607299,0.10885278,1.0202575,0.026071398,0.0015467608,1.3953563,0.23583028,0.1561477,0.028931232,0.5383564,0.047457285,0.056205053,0.33849964,0.3177071,0.064379916,0.02477648,0.04766381,0.47493333,0.0049384446,0.26184466,4.941319,0.0028410223,0.032032218,0.035568584,0.02513238,0.06656938,2.2721899,0.18238972,0.28912145,7.6409783,0.27566153,0.18516412,0.47873762,0.048979234,0.00010004391,0.8656833,0.00095177296,0.00056261587,0.077325545,0.512217,0.009498314,0.6383014,4.4394913,0.0017850392,0.00028126637,0.27440205,0.07239588,0.22294593,0.20773172,0.21601658,0.017522387,0.668573,0.10610924,0.4683051,0.2648624,0.0074099726,2.2398484,-0.00024778387,0.08045718,3.117116,0.03357998,0.044439744,0.047508385,0.004585886,0.0073422994,0.0034197865,0.16154979,0.00033924426,0.12141762,0.0217602,0.041833445,0.094128124,0.07480114,0.024250304,0.32813713,1.8723735,3.342559,0.1838741,0.9292796,0.39305046,0.011191275,0.2621908,1.3439794,0.026192343,0.011231724,3.2463446,1.431772,0.13103352,0.088800624,0.07750429,0.00014387407,0.00023581914,0.21848257,0.21926501,0.07865729,0.026423885,0.015880557,0.3970125,0.0008235623,0.00051123515,0.106309265,0.008939599,0.14468327,0.049286515,0.089658886,0.0010098037,0.12848608,0.11353437,0.19799152,9.279257e-05,0.878002,0.035321984,0.06838432,0.002546959,0.8102583,0.009631918,0.1534419,0.14023586,0.018812407,0.003537456,0.07646477,0.50477785,0.026115822,0.060709078,1.0524887,0.085073836,5.669792e-05,0.67699087,0.12695259,0.17060545,0.0003154466,0.37095726,0.031618822,100.0,0.3161337,0.073119186,0.4323766,0.60834205,0.00055480166,0.037075985,1.6827773,0.34931985,0.11085998,0.10925805,0.06610314,0.6712151,8.314084,0.04568326,0.3198598,0.1962287,0.047955804,0.07541345,0.0012754629,0.03192563,0.043563414,0.07864954,0.17443107,0.13457857,5.366733e-06,0.012500142,0.23124114,0.054207712,0.31547785,0.0108553795,0.00023051487,0.07079866,7.8430285e-06,0.048592106,0.011773278,1.1771644,0.054802194,0.17406142,0.011854664,0.00068992027,0.04274907,0.063334845,0.62830776,1.5216605e-05,0.1553466,0.4023997,0.14816372,2.363755,0.0842863,19.541529,0.36600614,0.00033108745,0.46367097,0.4509223,0.0034826037,0.0012359434,0.02567055,0.9053461,0.20379215,0.12158327
1972,0.06961507,0.15096906,0.037672605,0.00026108726,0.11642442,0.98258007,0.026115315,0.0012933939,1.3572412,0.23805322,0.15588164,0.030965893,0.548175,0.043485265,0.057209093,0.30035838,0.31204146,0.060424104,0.022990957,0.042433202,0.4692169,0.0050774864,0.24113606,4.9095407,0.0028102365,0.04036529,0.03742836,0.026460424,0.063521996,2.2914956,0.17861165,0.29801512,8.950489,0.3012856,0.1725578,0.47012657,0.04818167,8.659397e-05,0.668836,0.0009294669,0.0005965092,0.18364601,0.4586528,0.010901997,0.6183284,4.266146,0.0018587483,0.00025594982,0.27312618,0.082222186,0.27297947,0.18528868,0.2098973,0.01565104,0.6754378,0.1071358,0.41617864,0.2676219,0.007396603,2.2290516,-0.00024774577,0.08059362,2.913435,0.03506815,0.04355511,0.04279723,0.005199392,0.008086776,0.00096208195,0.16701147,0.0003178661,0.13150619,0.032417748,0.040806852,0.08548906,0.06675684,0.023395145,0.31547835,1.8279904,3.4758286,0.17155209,0.9746292,0.34534332,0.010768878,0.2650395,1.3447957,0.026790403,0.011664926,3.2938378,1.3489962,0.1278862,0.08653685,0.065860406,0.00012733837,0.00022885854,0.2167144,0.22160488,0.08041533,0.027271373,0.015733426,0.30855706,0.0007468737,0.00046155904,0.09919676,0.008428382,0.14381516,0.048376996,0.08837872,0.0009752915,0.12181782,0.11401764,0.1952959,9.348624e-05,0.8865981,0.03203785,0.06006346,0.0030589344,0.5502695,0.008431387,0.15064985,0.13310379,0.016481027,0.0045220423,0.069121726,0.46177414,0.026204102,0.045155205,1.0878916,0.0915502,6.5459884e-05,0.7166171,0.13110563,0.18240508,0.0002658814,0.30000573,0.029871605,100.0,0.35980052,0.08770214,0.4053594,0.6630197,0.00053300004,0.01671953,1.6857624,0.2895721,0.115811996,0.1069428,0.0734683,0.6666734,8.190986,0.044552527,0.36707094,0.19158873,0.048801444,0.090425655,0.0013023082,0.029758781,0.040266488,0.07696312,0.15926996,0.12778026,-9.954825e-05,0.0129626505,0.22396673,0.048806302,0.3039316,0.009850353,0.00026716228,0.05872573,7.762775e-06,0.05047442,0.011576097,1.346504,0.05353791,0.16804905,0.014233393,0.00057833287,0.046158813,0.0635758,0.55565083,1.468926e-05,0.16448559,0.33776665,0.14618123,2.3632495,0.08210848,19.519234,0.36152288,0.00031119317,0.45856392,0.4392623,0.0031289908,0.0011687882,0.022921974,0.87698895,0.18373357,0.108518995
1973,0.06811894,0.15230523,0.03523064,0.0002692728,0.1461292,0.96441466,0.026473803,0.0011069017,1.3207653,0.24514948,0.15708269,0.02899563,0.5596798,0.043674313,0.059390318,0.27949715,0.31302026,0.06705883,0.026806815,0.049247764,0.47051328,0.0068075657,0.2650075,4.8217764,0.0026996767,0.041865215,0.03844689,0.027022647,0.06595609,2.2614136,0.18529248,0.2821662,8.6181755,0.37158147,0.18493173,0.45208108,0.054977775,8.5136926e-05,0.5848054,0.00092062546,0.0006026715,0.090484455,0.3442302,0.007881997,0.60155106,4.293618,0.0018058349,0.00023403324,0.2636965,0.08116367,0.29787642,0.21235487,0.19347222,0.014805903,0.6802613,0.108525336,0.38753757,0.27880907,0.005996544,2.2721024,-0.00025074088,0.09348707,2.8903399,0.03714887,0.046843514,0.04158235,0.0071445853,0.008682538,0.00011224882,0.18270414,0.00033138855,0.13506392,0.031393375,0.039647862,0.07502654,0.07320217,0.021632914,0.32003674,1.8333954,3.3553941,0.17020127,1.0381112,0.4126042,0.011247661,0.2645274,1.4016868,0.032495413,0.012788975,3.3719394,1.3245603,0.13269271,0.08682028,0.07452109,0.00016145095,0.00022126992,0.2596398,0.19545819,0.08237901,0.03079416,0.016375773,0.29266033,0.0007110339,0.00054223055,0.09583458,0.007831279,0.14525552,0.049294736,0.08969336,0.0009231626,0.11936761,0.114125416,0.20528847,9.6830154e-05,0.8944459,0.035013523,0.06271487,0.002866154,0.49864918,0.008766496,0.1482206,0.124832965,0.015111073,0.004286487,0.055783395,0.4052416,0.026525171,0.0023480447,1.1127272,0.077420294,7.7575336e-05,0.7311967,0.13378622,0.16207464,0.0002823756,0.2878479,0.030004473,100.0,0.32188582,0.0671446,0.3817869,0.7857561,0.00051743694,0.06791815,1.6812226,0.30770186,0.11823588,0.14787254,0.083280794,0.6984624,8.467388,0.048609164,0.4675453,0.18761049,0.04983643,0.08466787,0.0012620322,0.02852847,0.037012547,0.07424106,0.17561147,0.13341904,-6.071509e-05,0.013017975,0.2171844,0.053326994,0.31091487,0.008345829,0.0002777438,0.06562635,7.872768e-06,0.05076056,0.011490296,1.3803178,0.05376506,0.1707025,0.012000005,0.0005336559,0.046808906,0.059879057,0.51852846,1.4323196e-05,0.17428532,0.29248965,0.14437841,2.3808267,0.081156306,19.542759,0.3651938,0.00031837833,0.471429,0.43923625,0.0030050455,0.0011381925,0.025937486,0.85740346,0.18112636,0.1105412
1974,0.07034833,0.14071122,0.030687742,0.00028736875,0.15289362,0.9594992,0.027453166,0.0014452355,1.306809,0.23660016,0.16224013,0.027980845,0.5540311,0.04440237,0.06238436,0.273892,0.31297752,0.06891066,0.025142584,0.0499173,0.48144686,0.0054088426,0.27947313,5.0167894,0.0026967453,0.03994544,0.03698624,0.025583562,0.057132404,2.246121,0.17065737,0.2684469,8.697023,0.3634203,0.18952169,0.42151073,0.05298199,8.819845e-05,0.5460058,0.0009478707,0.0005989507,0.13174549,0.37428212,0.0025579256,0.60978144,4.2377934,0.0019383237,0.00027955012,0.25424054,0.090104826,0.2968632,0.28911838,0.20230079,0.014527934,0.73733467,0.11272047,0.37475127,0.26653993,0.010283171,2.2344022,-0.00025736121,0.09715124,2.7499099,0.040334612,0.06837125,0.037602775,0.0055438364,0.0078125745,-0.0014673603,0.1818693,0.0002697703,0.12303313,0.038786575,0.044466186,0.089408755,0.07335992,0.02189168,0.3272222,1.8026713,3.3674598,0.17293334,1.0736945,0.40243357,0.011140452,0.2083145,1.4097627,0.030423906,0.012526479,3.3720913,1.3155304,0.1816218,0.088328116,0.056267645,0.00015132636,0.00025068503,0.2779409,0.16372648,0.08200349,0.02995117,0.016085811,0.20700611,0.00067410484,0.00046184432,0.0928177,0.00959531,0.14999138,0.05038784,0.09212217,0.001070905,0.12716803,0.11819768,0.30447146,0.000102403195,0.94845986,0.03536723,0.059799656,0.002649025,0.47739506,0.008643122,0.15027235,0.11612727,0.012938802,0.0043435227,0.047568444,0.47282976,0.025938481,0.0038909744,1.1805966,0.08735916,8.527436e-05,0.7266033,0.12700137,0.15397693,0.00033189205,0.38098982,0.030830506,100.0,0.34467092,0.07663155,0.35673073,0.910529,0.00051940844,0.07366719,1.7451671,0.32828933,0.119187206,0.17674877,0.07281413,0.72562647,8.571166,0.048635885,0.49864143,0.18946695,0.04356783,0.08334728,0.0012944151,0.027934967,0.037968263,0.074366026,0.17909583,0.110100955,1.5085192e-05,0.0111510325,0.21928538,0.053449064,0.28880557,0.008788844,0.00031047646,0.057292752,8.19467e-06,0.05229557,0.011164735,1.1804045,0.05483899,0.17624713,0.013625225,0.00049917644,0.0481312,0.06418129,0.48916373,1.4441625e-05,0.17247063,0.26068148,0.15394512,2.4554865,0.08441406,18.984266,0.37671924,0.00030321087,0.48549396,0.41572696,0.0060889707,0.0013030936,0.025784858,0.87403446,0.16715218,0.106376715
1975,0.07201706,0.13606097,0.032926645,0.0002893669,0.15225425,0.9510548,0.028672565,0.0023657032,1.4841185,0.2242652,0.16899942,0.026819421,0.49932414,0.044614393,0.06170594,0.27027783,0.34014392,0.062136836,0.027799178,0.05284933,0.49308994,0.0064731752,0.24284334,5.22227,0.0029017525,0.037485365,0.03548178,0.02945575,0.05919044,2.2417195,0.16136564,0.27787107,8.993312,0.3644014,0.21321161,0.44490027,0.05141357,9.9854566e-05,0.5283194,0.0009716786,0.00062533066,0.1481983,0.37222767,0.002196312,0.6331943,4.0056524,0.0020480708,0.00024228788,0.25252372,0.105054624,0.30062094,0.26363194,0.22302398,0.014106061,0.75214374,0.11624582,0.36205736,0.2550381,0.01242864,2.0928333,-0.00026245523,0.11953372,2.7148786,0.042840093,0.05708632,0.037259456,0.0051817694,0.008071703,0.0046214615,0.19031915,0.00029863947,0.13596267,0.0245794,0.045576956,0.10437767,0.07500953,0.021530064,0.32820734,1.813093,3.3864443,0.17098261,0.9857378,0.44179478,0.01053936,0.2778212,1.3380066,0.032071866,0.013479901,3.1843808,1.3318468,0.16652057,0.09118408,0.069571756,0.00015175532,0.00024109309,0.30016667,0.13882035,0.07903442,0.026699912,0.015340951,0.2110704,0.0006085499,0.00055312406,0.10389727,0.008518409,0.15552327,0.04160803,0.093623035,0.0011585249,0.12646653,0.122945845,0.3413485,0.00011960492,0.9960942,0.036310077,0.08180696,0.0023879614,0.46020663,0.008921611,0.14151064,0.11185758,0.013864495,0.003988054,0.040424846,0.49688616,0.024043575,0.0074015125,0.99635625,0.082450375,9.010617e-05,0.7002675,0.13715562,0.14866999,0.00034224289,0.4009367,0.051076636,100.0,0.34151676,0.083993845,0.3511292,1.0839604,0.0005167917,0.085814774,1.8450799,0.34724626,0.1208177,0.19517365,0.070057325,0.76472783,8.684448,0.047433604,0.4244107,0.18920922,0.044333618,0.09355404,0.0012750393,0.028097015,0.03820988,0.07937497,0.18435535,0.11652068,7.5514945e-05,0.012591553,0.22648434,0.054798994,0.29023033,0.0086083915,0.00032926956,0.08560916,8.4507565e-06,0.063147545,0.011361542,1.0717583,0.056624785,0.18514958,0.012943704,0.00047674013,0.046357546,0.06531326,0.49775532,1.4423302e-05,0.18582745,0.2513338,0.16003248,2.53875,0.08976073,18.398333,0.3929016,0.00031752436,0.43760788,0.49116862,0.003854667,0.0017256727,0.025603445,0.89838207,0.16514003,0.10105385
1976,0.06857039,0.11535995,0.037822537,0.0002965214,0.18105154,0.9333159,0.028642844,0.0013218623,1.4967502,0.23161308,0.16850388,0.025743783,0.50609446,0.043332186,0.059710372,0.2605323,0.31979764,0.063871615,0.021075934,0.051732782,0.48574764,0.007866518,0.26216567,5.2219877,0.002676459,0.036520913,0.03238878,0.028905805,0.058477443,2.2229466,0.16027275,0.22995338,8.51787,0.42892388,0.19312617,0.4503593,0.04897553,0.00012075825,0.5712075,0.0009957585,0.00059367093,0.1541208,0.28009877,0.0038779369,0.63468206,4.1450176,0.0020610958,0.000251036,0.25268075,0.0960083,0.30193827,0.31018004,0.23182604,0.013584109,0.77844286,0.11597757,0.344833,0.25703228,0.010998506,2.157962,-0.00025800732,0.111853786,2.6171167,0.044107437,0.054248616,0.036063552,0.0049035656,0.007860231,-0.0014826506,0.19693023,0.00029505594,0.14377949,0.040710665,0.04902182,0.11602134,0.07340042,0.021441026,0.3324398,1.8107823,3.2374318,0.17030486,1.0361133,0.4955494,0.010308019,0.0792505,1.3741198,0.028167976,0.014181786,3.1811233,1.2787155,0.15412477,0.08979532,0.05322313,0.00014759434,0.0002474068,0.32518876,0.14156862,0.07105669,0.02446924,0.016975535,0.27272218,0.0005823024,0.0005260725,0.10668626,0.0064795734,0.15440483,0.040129256,0.09233483,0.0009739063,0.13488856,0.12224182,0.30377275,0.00013180236,1.051305,0.035591196,0.06855083,0.0027073247,0.43263325,0.008276194,0.15183498,0.09946345,0.014228483,0.0040047886,0.039511878,0.567858,0.02117182,0.012019934,1.0442771,0.10981047,8.7399996e-05,0.7316214,0.145115,0.1388295,0.00032981305,0.30790928,0.054624926,100.0,0.3408987,0.08126131,0.34206337,1.0906483,0.00049889134,0.08442516,1.8595307,0.35171673,0.119734354,0.19982912,0.06913842,0.7815786,8.850619,0.04468629,0.4953442,0.18255818,0.033291798,0.106970996,0.0018589316,0.027552696,0.039422765,0.07621592,0.1809775,0.11482181,6.3571056e-06,0.0126328245,0.22590314,0.053871617,0.306031,0.0074107647,0.0003926562,0.08478249,8.414648e-06,0.05811301,0.011536246,1.0540177,0.055806294,0.18481797,0.012222054,0.00045385357,0.06534748,0.059588082,0.525043,1.3972232e-05,0.22138964,0.25474614,0.14124706,2.5165424,0.080123655,18.672161,0.39051738,0.00047695424,0.4473917,0.43720093,0.003607522,0.0018025676,0.025107086,0.8920428,0.14865217,0.103668936
1977,0.06599633,0.12047719,0.036292315,0.00030082394,0.17630853,0.91216236,0.028391983,0.0014818884,1.6326895,0.21762818,0.16736849,0.024564821,0.48242405,0.04146684,0.059231192,0.25956017,0.31439796,0.071641125,0.030325623,0.050582994,0.47501385,0.009650386,0.21943273,5.154905,0.002832242,0.0376857,0.033680096,0.03171827,0.063511014,2.1791718,0.15819938,0.20894624,9.747016,0.41191074,0.1886202,0.45681822,0.044463947,0.00015921365,0.49185458,0.001258253,0.0005971315,0.14476037,0.24408822,0.0044899117,0.6335558,3.8806908,0.0021630123,0.00023762672,0.25444132,0.086746074,0.30334017,0.25678462,0.23955856,0.013261973,0.74631155,0.11618206,0.33554432,0.23899642,0.012829759,2.0397992,-0.0002570722,0.11254212,2.5280397,0.044273593,0.07673986,0.03361255,0.0046524014,0.007873754,0.004767204,0.20909859,0.00026733728,0.13413034,0.034655154,0.053025898,0.09759949,0.0707838,0.024033202,0.33353984,1.8239638,3.4743834,0.16495378,0.9893886,0.46048185,0.010447343,0.07764581,1.2948066,0.02812211,0.014708021,3.156586,1.2389467,0.15168738,0.088487394,0.06284936,0.00011071633,0.0002424785,0.3563455,0.12828943,0.07155272,0.021633253,0.016365532,0.28219232,0.0005333162,0.0005696626,0.10760501,0.0054063057,0.15194042,0.036046036,0.09223394,0.0011083097,0.14138247,0.12137736,0.31933406,0.00014354207,1.060884,0.03361815,0.06470535,0.002738473,0.4188203,0.008220106,0.14321,0.10020835,0.014443809,0.0039457507,0.039665483,0.5546788,0.024173725,0.01886148,0.97060865,0.08816568,7.785769e-05,0.69058365,0.14285742,0.13274854,0.00035262405,0.31659418,0.05175154,100.0,0.3700075,0.0602801,0.32038194,0.8549342,0.00048275728,0.041114155,1.8621451,0.360418,0.119794615,0.20555758,0.06186341,0.766167,8.81536,0.04192261,0.5418752,0.17320196,0.035192147,0.095328584,0.0020924031,0.02873475,0.044015724,0.079129376,0.17184737,0.124459885,0.00012840741,0.011712261,0.22414134,0.051454604,0.28568757,0.011946636,0.00039327246,0.08726048,8.388881e-06,0.06298186,0.024618274,1.0202149,0.05491001,0.18513568,0.014745399,0.00044264656,0.06446224,0.0546534,0.53361267,1.37833995e-05,0.23052019,0.4047282,0.13731217,2.4890118,0.07513272,18.660181,0.3878349,0.0003858312,0.43529773,0.40834814,0.0030031225,0.0018026249,0.02580818,0.88605845,0.13690446,0.096764095
1978,0.063004054,0.12493965,0.03901585,0.00030363668,0.18974902,0.8750853,0.028922776,0.0015579326,1.4783878,0.21698377,0.17024048,0.022721943,0.50123036,0.040616382,0.05946749,0.2710071,0.324253,0.06967077,0.020429937,0.054235492,0.47663763,0.0069991574,0.24289256,5.2242684,0.0029175326,0.04669173,0.0312807,0.031403434,0.055673044,2.1826904,0.1613299,0.18785746,10.529982,0.34189284,0.2068835,0.41883305,0.037105147,0.00015522937,0.48634535,0.001091524,0.000980916,0.15439202,0.22221652,0.005159056,0.62771976,3.9034898,0.002247956,0.00030465555,0.24740988,0.08274721,0.3692148,0.26977548,0.2462438,0.013200313,0.75229937,0.11746375,0.3203869,0.24368964,0.008232706,2.0619078,-0.00025680283,0.09407011,2.4881299,0.046146847,0.061611123,0.031902645,0.0038166002,0.007772809,-0.0013346917,0.20609058,0.0002801895,0.11737389,0.036848094,0.057112917,0.078306615,0.07382794,0.023143204,0.34688506,1.8536397,3.2968814,0.16265471,1.0083373,0.47566688,0.010272968,0.08040343,1.3300283,0.03187252,0.016120864,3.0034754,1.218561,0.15051374,0.088986054,0.050018895,0.00010986658,0.00022816009,0.37707058,0.14434637,0.069033705,0.021985723,0.01682689,0.2728277,0.00071089616,0.0005619034,0.090307325,0.0066187466,0.15407038,0.03830739,0.09217393,0.0014101419,0.12672703,0.12321139,0.27042043,0.00016830096,1.1281824,0.035615746,0.05893552,0.0030813764,0.41678104,0.0080519635,0.13457288,0.10378282,0.015014328,0.0038182167,0.03605744,0.5412719,0.024363134,0.036423422,0.90957886,0.07917391,6.623802e-05,0.698106,0.14698368,0.12813665,0.00034697168,0.26809546,0.04728535,100.0,0.37103236,0.058163986,0.3202964,0.8699933,0.00047497055,0.035905506,1.8943578,0.35054734,0.122001275,0.21105921,0.065328404,0.80092347,8.912014,0.040877078,0.51587486,0.16365348,0.03425177,0.10822931,0.002677825,0.03003847,0.04916953,0.08224198,0.18249026,0.10623934,7.913598e-05,0.013625072,0.22407387,0.054551926,0.2617167,0.009804086,0.00037058,0.09569594,8.491e-06,0.05523811,0.023786856,0.97675073,0.055220995,0.18821973,0.012992398,0.00049367116,0.061623495,0.052657172,0.5950743,1.3707868e-05,0.25722432,0.371038,0.12800156,2.5131853,0.073777944,18.311924,0.39278173,0.0005952477,0.44726694,0.38556468,0.003086171,0.0020184962,0.026047273,0.8777266,0.11387924,0.09273809
1979,0.061941355,0.14899948,0.04178305,0.0003173862,0.165545,0.89045537,0.029163878,0.0013334468,1.5452675,0.23205848,0.17162114,0.022312436,0.5088099,0.041635882,0.061508168,0.27949634,0.3151769,0.07179767,0.021350905,0.06127412,0.47914016,0.008602207,0.21316387,5.2729454,0.002822938,0.0402527,0.034181464,0.037266176,0.061611526,2.169262,0.15285817,0.18705969,9.36053,0.30629086,0.19566226,0.45805147,0.035999887,0.00014066834,0.47751784,0.0010445956,0.0011091728,0.15021674,0.22077419,0.005975714,0.6145085,4.0264325,0.0028020702,0.00024392815,0.2511772,0.089021444,0.32938212,0.33078954,0.25902146,0.012946707,0.7601973,0.118326694,0.31138206,0.25316584,0.008426416,2.0802448,-0.00025950672,0.08193056,2.6193073,0.04682665,0.059905156,0.031610228,0.0036496103,0.0086074965,0.0014425858,0.21366078,0.00021044891,0.11956412,0.043782793,0.057806034,0.06961254,0.07992281,0.025453651,0.34090155,1.8400168,3.2654274,0.17551039,0.80120474,0.6101624,0.010316235,0.0800396,1.368233,0.030588238,0.01677378,3.1377397,1.2056799,0.15592852,0.089381285,0.05690154,0.00012206843,0.00024104284,0.43847457,0.14997916,0.064457364,0.02263852,0.018385123,0.30117384,0.0008882545,0.00049927365,0.085914545,0.006365553,0.15538496,0.038802456,0.09279962,0.0014124985,0.13462503,0.124094315,0.2412825,0.00019512075,1.2320707,0.037655443,0.060397472,0.0029570998,0.3850856,0.009208525,0.13071468,0.11159376,0.016792346,0.0042693294,0.026926178,0.5168526,0.02981655,0.051880363,1.057661,0.07947133,5.849269e-05,0.7530051,0.15287945,0.12485988,0.00034670174,0.2784171,0.04600255,100.0,0.4346385,0.05725223,0.31781703,0.8849335,0.00047412797,0.040665615,1.9270024,0.3698352,0.12977323,0.22368288,0.080069825,0.80282956,8.734991,0.03971282,0.60615885,0.16732065,0.036323395,0.1190835,0.002067906,0.028475258,0.046954736,0.082150616,0.1957464,0.11590303,2.5400275e-05,0.015414846,0.21864271,0.05799322,0.28007486,0.008632675,0.0005084413,0.1115,8.810428e-06,0.05387487,0.022732547,0.9064628,0.055585727,0.19289333,0.0116481865,0.00056946254,0.064983234,0.050969873,0.5254972,1.4161905e-05,0.2711091,0.32954335,0.12977031,2.525716,0.07626927,18.542698,0.39779773,0.0004467314,0.47398266,0.3665121,0.0025182026,0.00198844,0.026582135,0.93604815,0.133326,0.094887584
1980,0.06017774,0.131583,0.033930518,0.00032691789,0.16445851,0.8838948,0.030741194,0.00055491546,1.5784384,0.2002271,0.1790138,0.02108028,0.49232322,0.044665497,0.06481308,0.25550365,0.31146738,0.07012559,0.024443204,0.05901199,0.4953771,0.008601916,0.23506832,5.364344,0.003060322,0.041168615,0.034054525,0.03432759,0.07001799,2.3065763,0.15419497,0.19440351,9.215189,0.33082703,0.1681387,0.4746422,0.04182505,0.00014873972,0.4654965,0.0010966132,0.00072865695,0.16171983,0.20736861,0.0073979897,0.6171513,3.952024,0.0028709597,0.0002565829,0.24490242,0.07541314,0.37585264,0.34854263,0.27165765,0.012632064,0.79382324,0.12301697,0.29912087,0.2668281,0.011281727,2.0109706,-0.0002606697,0.063851364,2.3806121,0.052434694,0.060941923,0.032919742,0.0055260407,0.010272962,-0.004952669,0.21501185,0.00021168428,0.11781115,0.035892013,0.060065404,0.06921407,0.07647752,0.023618964,0.33963868,1.8625715,3.351676,0.16462518,0.58868545,0.4899004,0.009657679,0.08071899,1.36109,0.030437706,0.018929034,3.0899184,1.2157017,0.15804642,0.093410134,0.058054738,0.00013399625,0.00028216664,0.4447335,0.14286646,0.06523307,0.022999628,0.019130833,0.27516752,0.0008032695,0.000577871,0.0831167,0.007018635,0.15998802,0.03533701,0.0974348,0.0017523334,0.14501156,0.12815495,0.21996066,0.00024390942,1.3494933,0.03669237,0.06660303,0.003287816,0.4069714,0.008504232,0.13794397,0.11080932,0.018752387,0.003924258,0.037410807,0.5408892,0.026687391,0.03147012,0.9690862,0.10881295,5.007816e-05,0.71965003,0.14687727,0.12354743,0.00037825794,0.383401,0.040199224,100.0,0.41485283,0.07668523,0.3256341,0.7767817,0.00047142632,0.09803933,1.9548985,0.38270882,0.13282228,0.23082039,0.0745498,0.79590505,9.29423,0.04103535,0.71410894,0.1748734,0.04082515,0.103913955,0.001957473,0.02827707,0.03765618,0.083226,0.19066373,0.13944782,9.3998155e-05,0.01623045,0.21994194,0.056132857,0.23756962,0.004028956,0.00043484196,0.11200183,9.084828e-06,0.056489676,0.01853769,0.95889026,0.058220346,0.20050374,0.011132694,0.0005765512,0.06551123,0.057251055,0.5063036,1.4745499e-05,0.29271993,0.33661228,0.23537022,2.598469,0.08316324,17.949858,0.41105762,0.00042455815,0.51000726,0.36129668,0.003527389,0.0020144668,0.027145151,0.963631,0.12774937,0.096050285
1981,0.06185194,0.12037591,0.040828675,0.00034707482,0.16451725,0.8737213,0.030744111,0.00045948284,1.5959353,0.21553972,0.18016744,0.020352026,0.4700316,0.04420766,0.06726635,0.2696439,0.32848606,0.07259395,0.009140862,0.06618483,0.49465674,0.008809849,0.20849855,5.390044,0.0031327156,0.023634473,0.037131656,0.032847464,0.06200435,2.310148,0.15212391,0.19886105,9.258519,0.3667884,0.19628276,0.4891583,0.05939862,0.00026451988,0.46808752,0.0011133719,0.00048338238,0.16124004,0.2477698,0.007824498,0.6256228,3.881992,0.0027881137,0.00026656117,0.21846971,0.070590824,0.31781983,0.3241894,0.29816082,0.012784822,0.78669745,0.123646006,0.29542908,0.25228015,0.013507709,1.8973881,-0.0002679761,0.06442948,2.38296,0.049929213,0.094809234,0.031074187,0.0060981056,0.012162701,0.0012948996,0.21594621,0.00025791454,0.12330475,0.031846378,0.06792239,0.07010826,0.08266689,0.024729945,0.34790674,1.9621638,3.6015766,0.16430067,0.5936993,0.26806712,0.009610653,0.08264692,1.3563097,0.027289854,0.023934308,3.1006086,1.2147934,0.17991163,0.0933485,0.061860856,0.00013846581,0.00028129402,0.47522753,0.1291633,0.06931662,0.023612935,0.019524036,0.21945088,0.00078104314,0.00056136,0.08502327,0.007297797,0.1613615,0.031365626,0.09710561,0.0018189749,0.14408074,0.12925011,0.21336363,0.00026743935,1.457854,0.040105462,0.065758795,0.00371987,0.42144936,0.009142266,0.144224,0.115048245,0.021557683,0.00367012,0.043306164,0.51330626,0.02238148,0.036413662,0.8357432,0.115638845,4.386857e-05,0.6959373,0.15257178,0.122104965,0.00038757644,0.29164663,0.043987483,100.0,0.50777817,0.08804951,0.31694245,0.7652527,0.0004903739,0.05329362,1.7657704,0.39724752,0.13625683,0.21673872,0.072275825,0.8278395,9.1589985,0.041758344,0.7566229,0.18245262,0.03962821,0.09566321,0.0036560649,0.03172911,0.03372945,0.08696211,0.20915797,0.1251847,0.00010410657,0.015320135,0.22310741,0.061444096,0.23549704,0.006289299,0.00045825966,0.13257,9.925314e-06,0.051766947,0.016873466,1.0045406,0.05819889,0.20743062,0.010483569,0.00062015007,0.06830032,0.06282321,0.48049033,1.4444609e-05,0.2734139,0.2988484,0.2026949,2.6100025,0.0856621,18.032757,0.4176613,0.00040400855,0.5263353,0.36839768,0.0033296729,0.0019249571,0.030988596,1.0833203,0.12726164,0.10070991
1982,0.061354503,0.12797,0.041929204,0.0003648457,0.16070622,0.8752034,0.03156451,0.0010566778,1.5982289,0.20926467,0.18488315,0.020041645,0.4520459,0.04298986,0.06896079,0.2768047,0.36328527,0.07524796,0.0075686937,0.063893996,0.5021653,0.007043925,0.2050253,5.5986195,0.0030307872,0.025866654,0.039665982,0.03573024,0.07869622,2.1388748,0.1460815,0.18335867,9.733928,0.36830208,0.19269407,0.52638054,0.06261751,0.00021894107,0.48093125,0.0011155185,0.00051859603,0.08345624,0.2604857,0.008070725,0.625449,3.7927265,0.0029907115,0.00031391706,0.22790366,0.06640402,0.29609656,0.30514842,0.3245016,0.012769482,0.8120575,0.12710944,0.2966555,0.22353934,0.013877867,1.8598235,-0.00026844876,0.062281817,2.3547487,0.052519042,0.078555085,0.03343198,0.0046878764,0.01342127,-0.0016236819,0.2216612,0.000277539,0.13418615,0.030878615,0.07187074,0.069809,0.07916392,0.024591848,0.3532425,2.0061255,3.5944967,0.16621207,0.73210615,0.26738733,0.009072446,0.091519125,1.3342743,0.023211733,0.026131092,3.0389993,1.2191558,0.19012962,0.09497347,0.06482357,0.0001296151,0.00031926367,0.48070624,0.1069087,0.06746877,0.023466442,0.016202213,0.22888057,0.0008905052,0.00042816292,0.08910926,0.007250041,0.16514277,0.02978983,0.099357225,0.0016798889,0.14512882,0.1324264,0.21901712,0.0002756005,1.6808494,0.037895106,0.06997336,0.0042933263,0.42188683,0.009034743,0.15630533,0.12261309,0.024128666,0.0036034214,0.034694746,0.5568342,0.02375442,0.041235596,0.8512621,0.092692316,3.702346e-05,0.601695,0.14880984,0.11870826,0.00039081837,0.26046857,0.044158537,100.0,0.4553189,0.06939471,0.31883568,0.742449,0.0004912958,0.092260554,1.8603851,0.41327238,0.1447401,0.21399207,0.06726638,0.8299955,9.174019,0.0408842,0.66490173,0.19616373,0.04096188,0.103458,0.002981734,0.029788496,0.032475322,0.09160221,0.19860256,0.14620048,0.0001402044,0.014242242,0.22377782,0.058835883,0.21052788,0.0066453777,0.00043086146,0.120324336,1.0773636e-05,0.05604282,0.01732503,0.8745262,0.059276745,0.21211424,0.010977973,0.0005152142,0.07299275,0.06593951,0.49289137,1.6562442e-05,0.27648208,0.2846342,0.17352109,2.6674056,0.08410462,17.354616,0.42789683,0.00061660074,0.533458,0.37397328,0.003794621,0.0016719269,0.036933925,1.1686797,0.1426887,0.10121236
1983,0.059430365,0.12863961,0.043629125,0.00038611642,0.1504167,0.8807396,0.03169673,0.00036258774,1.703966,0.20025457,0.18525736,0.019180518,0.39972353,0.0406827,0.06857908,0.27704006,0.3588822,0.06765522,0.006757979,0.06858118,0.50041974,0.010700946,0.24038453,5.3825064,0.0030954212,0.026906688,0.04345269,0.034425374,0.07309079,2.1247857,0.15540414,0.17690058,9.928008,0.43705368,0.17993236,0.5106872,0.049807474,0.00021297534,0.4715131,0.0016428388,0.00047646885,0.131588,0.230345,0.0078072865,0.61933345,3.7185133,0.0030834659,0.00031182688,0.22020294,0.06799808,0.36685756,0.33797255,0.3272418,0.012491777,0.78075296,0.1272672,0.27874365,0.21804196,0.013128011,1.812339,-0.00026477556,0.05187139,2.3162,0.053316634,0.10887106,0.03138724,0.0036091048,0.016183825,-0.0029939336,0.23243065,0.00027795357,0.377501,0.021324748,0.0751288,0.09054002,0.08281796,0.025126157,0.3558421,2.0408266,3.9308016,0.16946359,0.7871425,0.2868888,0.008813339,0.09113035,1.2817601,0.024261225,0.025220826,2.9367828,1.1999127,0.21201992,0.09485382,0.06640342,0.00011816694,0.00024822264,0.5058034,0.11603624,0.067939505,0.026911719,0.015623935,0.22079255,0.0008864983,0.0005091544,0.08742076,0.008240349,0.16507664,0.027839256,0.09924807,0.0022736338,0.14969775,0.13279757,0.20426038,0.00029062948,1.4989125,0.039550897,0.062114704,0.0033153791,0.43094927,0.009401002,0.1428569,0.12763041,0.022681044,0.003898059,0.0345198,0.49648276,0.0225802,0.030445559,0.86649734,0.104976095,3.1918273e-05,0.6095578,0.15230529,0.1187598,0.0003858399,0.25622535,0.05296488,100.0,0.48176825,0.08102833,0.30079806,0.6957124,0.0005044514,0.04294469,1.8339723,0.43896037,0.14454623,0.21056971,0.061141077,0.83765984,9.247513,0.039528526,0.6471595,0.19475733,0.037172984,0.117429845,0.0036303208,0.03280116,0.04098501,0.08922389,0.20806693,0.13215306,0.00011180796,0.012878086,0.22140338,0.06174986,0.1975718,0.011791934,0.00046796398,0.13567407,1.1446781e-05,0.05239137,0.02181754,0.828198,0.059260648,0.2155434,0.01056198,0.00046090217,0.06503154,0.06909012,0.5873172,1.5781627e-05,0.29755446,0.27689552,0.15259264,2.6569784,0.07133316,17.01783,0.4299791,0.00049493933,0.51943046,0.36578384,0.0030345155,0.0014937416,0.038015053,1.190975,0.14224726,0.10486357
1984,0.053476594,0.106678836,0.04058181,0.00038236871,0.17751686,0.8503741,0.03057283,0.0005586335,1.4776835,0.1998461,0.17859814,0.018156525,0.39629108,0.040605683,0.06606214,0.27626324,0.3317578,0.066846766,0.0059877564,0.06868221,0.47839043,0.008602404,0.18922439,5.955043,0.0032155046,0.022154663,0.032005467,0.02809805,0.06795727,2.1362038,0.14549999,0.16740875,9.935505,0.44795394,0.1642604,0.49279812,0.052764434,0.000114222166,0.456909,0.001315144,0.0005958205,0.068251215,0.25068006,0.0072847554,0.6097801,3.6067283,0.0030370788,0.00031509282,0.20254326,0.060566332,0.39994606,0.3673435,0.34091163,0.011599115,0.7295015,0.12224983,0.24712835,0.20913953,0.01269661,1.6999949,-0.00024897017,0.050227553,2.0836234,0.051839318,0.09738963,0.030169902,0.003066848,0.01361109,-0.004996815,0.22404891,0.00022185696,0.21902761,0.009349844,0.07564458,0.069606386,0.08244097,0.024201455,0.34417346,3.5038404,3.6622415,0.15745868,0.7479958,0.30222127,0.009172476,0.08646518,1.2458175,0.019510467,0.032502815,2.9842362,1.1445355,0.3027652,0.090645395,0.15257865,0.00011284152,0.00024154279,0.5243676,0.13421328,0.06605771,0.025167057,0.015756365,0.20422696,0.00086865696,0.0005037673,0.08295621,0.007851965,0.15855898,0.028399508,0.09522967,0.001947494,0.13556014,0.12779267,0.19444329,0.00030781343,1.4258754,0.03968156,0.057420164,0.0042758104,0.40417826,0.009241294,0.13374107,0.11368608,0.021730155,0.0038078702,0.03386546,0.61655706,0.018204091,0.014399001,1.0304602,0.11284794,2.7696438e-05,0.604672,0.15266629,0.11347251,0.0003672548,0.23790385,0.05480908,100.0,0.44302633,0.06675791,0.2966373,0.66530865,0.000530478,0.028949378,1.7682046,0.4509125,0.13205835,0.1968042,0.06843563,0.77673286,8.912221,0.03598732,0.6032021,0.1882149,0.036937013,0.107091084,0.00286228,0.04334039,0.032365546,0.08612146,0.20799021,0.122400194,0.00024397671,0.013183414,0.2172943,0.061712455,0.18629153,0.008152558,0.00044252293,0.14189786,1.1759004e-05,0.045032974,0.018414387,0.93899876,0.05687151,0.20970796,0.010552714,0.000398819,0.06590928,0.063350074,0.54659414,1.6977223e-05,0.28908157,0.40019605,0.14003104,2.5463018,0.06455189,16.935102,0.41457766,0.000506931,0.5470569,0.3241177,0.0034563213,0.0013148529,0.03919582,1.2128888,0.12692972,0.09821587
1985,0.051405832,0.10759045,0.039843183,0.0003801443,0.18831973,0.8082519,0.032157563,0.00086716714,1.5245796,0.19747761,0.18811856,0.01818581,0.38863754,0.04208752,0.06825054,0.2816849,0.33274677,0.0707573,0.004945235,0.070244305,0.49634552,0.008265426,0.21607287,4.9564443,0.003377343,0.025687817,0.031374205,0.028842015,0.06332996,2.11033,0.14517273,0.156236,10.151902,0.41397494,0.20906223,0.4791462,0.04853166,0.00011116811,0.4383932,0.0011831725,0.00060980907,0.056431584,0.28861213,0.0071299453,0.5944682,3.5922172,0.0031431806,0.00029230956,0.22472289,0.059584778,0.4056736,0.32707208,0.34409627,0.01177422,0.72767955,0.12982629,0.25023147,0.22909676,0.012122873,1.6507056,-0.00024177146,0.06161784,2.1859076,0.055266727,0.0783102,0.02750094,0.0037865164,0.010343123,0.0033470462,0.23138033,0.00022173907,0.16320956,0.023837281,0.07679615,0.069968835,0.08365858,0.024244184,0.32572207,3.5142956,3.7129,0.15835534,0.78414065,0.33853585,0.008537779,0.08922022,1.2489843,0.019300658,0.03185757,2.8665903,1.1589191,0.2714361,0.094556116,0.2124631,0.000113263275,0.00021946037,0.5463659,0.13185726,0.064627275,0.028089747,0.017968679,0.2080366,0.0008245733,0.00058874954,0.08341347,0.0077482495,0.16596726,0.028755397,0.100036,0.0022966913,0.14151125,0.13487618,0.17960498,0.000332881,1.4499394,0.039818555,0.0512936,0.0037629928,0.4051265,0.009500675,0.14227697,0.11688432,0.022378042,0.004019274,0.043144975,0.804491,0.01840912,0.008315574,1.0988429,0.09433178,2.5062522e-05,0.60588485,0.14815415,0.11322442,0.00036307724,0.2364627,0.061601058,100.0,0.43220058,0.06424078,0.2929582,0.641885,0.00042634795,0.16290103,1.7731011,0.47953552,0.12655786,0.19649799,0.062232785,0.784416,9.291867,0.03487632,0.6293745,0.18941014,0.034833845,0.1062713,0.0043366137,0.036664955,0.03610655,0.08782971,0.20809002,0.112932034,0.0001365513,0.012885929,0.21210167,0.062044267,0.20140466,0.00862541,0.00058793114,0.13106513,1.24793505e-05,0.047517236,0.016612226,0.87189794,0.059125613,0.22003525,0.010150542,0.00042064828,0.0749221,0.061226476,0.54156286,1.8488076e-05,0.2854407,0.36405957,0.13535558,2.6684842,0.06475705,16.617758,0.43450302,0.00067364256,0.61404324,0.3281951,0.00421189,0.0012770147,0.043395232,1.2488459,0.13306625,0.10251569
1986,0.044300232,0.10796547,0.03964407,0.00038824542,0.18325537,0.8010924,0.03059056,0.0008569149,1.3562001,0.19240595,0.19175082,0.018663593,0.37432107,0.03917623,0.071624905,0.29325372,0.3318426,0.0744274,0.004589645,0.07084306,0.52658576,0.013335641,0.18933202,5.1172915,0.0034888769,0.024303246,0.037287686,0.028474724,0.063975945,2.0040429,0.14916323,0.14482538,10.340877,0.37136996,0.15739085,0.47914574,0.049110442,0.00010793611,0.42580643,0.0012590435,0.00055363955,0.051764537,0.30916655,0.008399469,0.58660126,3.526179,0.0032378146,0.0003113214,0.21803041,0.057249416,0.41863233,0.27314997,0.36923423,0.011932786,0.68926793,0.12751071,0.24526595,0.23709974,0.012673761,1.5653914,-0.00023192802,0.04681061,2.1980128,0.05399408,0.08280501,0.025450224,0.0040826313,0.0093412725,-0.00217616,0.2227123,0.00020547869,0.1350405,0.016893486,0.08336926,0.062844664,0.083767086,0.023463864,0.31357893,4.012006,3.843599,0.15601698,0.73290807,0.3713378,0.008783799,0.09259487,1.2103969,0.018031057,0.034538127,2.8126955,1.1458137,0.27231604,0.09308853,0.2851774,0.00010262281,0.00023953851,0.56485105,0.15683654,0.06487477,0.026808107,0.019482814,0.21120489,0.0007507489,0.00064877165,0.08029886,0.010409512,0.15050575,0.027895434,0.09166295,0.0026735843,0.15275027,0.12955052,0.17269209,0.00037331815,1.6155949,0.040173363,0.050800662,0.0045463177,0.3909577,0.009305214,0.14276096,0.11910385,0.022060167,0.004259027,0.039294515,1.0022732,0.018595736,-6.3412015e-05,1.1181555,0.08940685,2.372149e-05,0.5871302,0.15159863,0.11242302,0.00046035746,0.2345488,0.06823973,100.0,0.49668768,0.06362415,0.2759501,0.625623,0.00045712286,0.04859285,1.7609493,0.5069456,0.13510004,0.19678052,0.06483801,0.7870805,9.125755,0.0328554,0.74234825,0.18173176,0.03571168,0.11247402,0.0026866482,0.031763062,0.033050716,0.08727073,0.21012722,0.110797554,6.689758e-05,0.014562175,0.20856693,0.06387497,0.19254293,0.008993168,0.000620746,0.13674885,1.3043712e-05,0.046417452,0.018704515,0.92466563,0.05691109,0.22992864,0.010768938,0.00041741366,0.06393812,0.060406234,0.62003404,1.8283985e-05,0.30751958,0.31298786,0.12892671,2.6151636,0.06501571,16.168684,0.41804707,0.00048859336,0.5774978,0.32652372,0.0038709627,0.0012324272,0.04280606,1.2342412,0.1367667,0.11205906
1987,0.04376701,0.1373525,0.038669206,0.0003819035,0.18818021,0.8218675,0.030311443,0.000924774,1.2613642,0.19878024,0.18219957,0.018253801,0.3674481,0.037192248,0.10679417,0.30507448,0.32729053,0.07330076,0.0046083382,0.069081984,0.49135366,0.021887988,0.18741642,5.091045,0.003480529,0.026737073,0.030459974,0.03554776,0.06472106,2.028178,0.14127193,0.14315763,10.713854,0.42277065,0.15934125,0.49276486,0.050412852,0.00010715015,0.43320686,0.0012016688,0.00074385275,0.04826781,0.28169572,0.010109333,0.573641,3.434075,0.0033778695,0.00030419236,0.21106462,0.059973706,0.43802917,0.23351392,0.37315294,0.01123429,0.6782989,0.12364963,0.23159261,0.24654734,0.013901719,1.5118729,-0.00021972718,0.044805244,2.1826305,0.05416967,0.08796741,0.02773201,0.004776582,0.008921918,0.0018880685,0.23186424,0.00022501423,0.30028743,0.015894325,0.08977292,0.07633129,0.08131231,0.023555243,0.31076103,3.5633993,3.7894497,0.15465288,0.77735656,0.4296754,0.008766245,0.0935537,1.2584296,0.020421445,0.035123657,2.7388568,1.1103498,0.30206275,0.09017253,0.33364028,0.00011339161,0.00022965195,0.58257455,0.14834023,0.06543808,0.027029386,0.021842796,0.19808394,0.00074728846,0.00047273113,0.07716078,0.01063489,0.1482059,0.026787212,0.078778386,0.0029184702,0.15685329,0.12320389,0.17594239,0.00037380654,1.6000037,0.039035864,0.05359907,0.0055407174,0.3798502,0.009064882,0.15543374,0.12539697,0.030755155,0.004630611,0.038692977,0.9824322,0.022746434,0.0007293724,1.0291377,0.103113055,2.4794195e-05,0.5999865,0.1478968,0.115101054,0.00044459853,0.22849643,0.06785471,100.0,0.47250658,0.06480772,0.28628898,0.6167087,0.00047381825,0.08864192,1.7643858,0.554564,0.13528275,0.19324777,0.058160137,0.79650617,9.127297,0.031539474,0.68674856,0.17732282,0.036798798,0.105612844,0.0032752182,0.028234573,0.039543107,0.08942598,0.20340246,0.111746565,0.00026183238,0.013021121,0.20393126,0.060778424,0.18543549,0.0091944225,0.0007182879,0.15264301,1.3596999e-05,0.04918205,0.020933546,0.81096447,0.05524258,0.23284857,0.010830331,0.00045750642,0.06416928,0.058197472,0.6117642,1.6824433e-05,0.31489953,0.29583192,0.11422015,2.5570915,0.06867279,16.48112,0.42180923,0.00045127238,0.56554693,0.32719702,0.0042042676,0.0011374619,0.044294953,1.2252117,0.15360214,0.1213666
1988,0.04281575,0.11530388,0.036481664,0.00037805227,0.18779321,0.84061074,0.032710075,0.0009394833,1.2391708,0.18461485,0.18085043,0.017377624,0.34763068,0.0358307,0.088045724,0.30444375,0.31572914,0.074641295,0.0048394054,0.069174014,0.48327208,0.020219427,0.19228256,4.866182,0.0034181003,0.033287115,0.02610673,0.031168226,0.059525985,2.1211631,0.13948879,0.15382844,11.074722,0.38693655,0.15628654,0.45243934,0.047981955,0.000105346,0.42429554,0.0011344885,0.0006914971,0.03852361,0.25015157,0.010156488,0.5531589,3.3418555,0.0033438802,0.0003203916,0.19602235,0.059095886,0.42846262,0.218935,0.36509642,0.011036212,0.6965617,0.12040478,0.22479276,0.22785601,0.01498724,1.4839811,-0.00020366299,0.04751413,2.105616,0.054618925,0.06724792,0.027390521,0.0038829693,0.014024237,0.0038758228,0.24317625,0.00028790967,0.18786085,0.0075346166,0.09167511,0.095091775,0.08167249,0.023082167,0.29142544,3.1487472,4.007413,0.14680538,0.7805014,0.52466553,0.008560206,0.0987073,1.2354825,0.017809043,0.032082245,2.8996208,1.1209093,0.3363723,0.08818863,0.30484056,0.00011258423,0.00025572325,0.64272165,0.15207645,0.06247868,0.025407156,0.02016806,0.22244433,0.00077103515,0.0005829071,0.07436983,0.009058595,0.14436007,0.026998645,0.07441911,0.0028417038,0.17434646,0.123918064,0.16448909,0.00041251187,1.6539377,0.03912568,0.05336856,0.0058689015,0.3840786,0.009016602,0.15195738,0.10827993,0.031061405,0.004332094,0.040665805,1.0263699,0.018363426,0.018850584,1.0449159,0.115084216,3.0076368e-05,0.5662597,0.15280662,0.1244566,0.00043539086,0.22374436,0.07191232,100.0,0.5002193,0.06554217,0.27934256,0.61310685,0.00044488604,0.10073472,1.6646144,0.61794126,0.13501796,0.17800573,0.061260313,0.7518644,9.195764,0.029692674,0.72031593,0.17598183,0.035511047,0.112202965,0.0031937263,0.025915636,0.030389315,0.09091112,0.20390466,0.10465011,0.00017370432,0.011747713,0.19700754,0.058187615,0.17200205,0.009577793,0.00069820904,0.15899582,1.4156022e-05,0.04774161,0.018862031,0.74203074,0.056280352,0.23372175,0.0102173295,0.00046520118,0.059112832,0.060767088,0.619016,1.6467226e-05,0.34964854,0.2659402,0.110429466,2.463446,0.0730411,16.77961,0.42208287,0.0003904263,0.54835397,0.32467398,0.004125984,0.000606242,0.054560788,1.2506179,0.15086953,0.12587973
1989,0.040474538,0.12483464,0.042361103,0.0003788496,0.2133349,0.83741033,0.03266785,0.00092543446,1.2983904,0.1839198,0.17928411,0.017027546,0.36454684,0.03635372,0.0787209,0.29690292,0.30829975,0.07322304,0.005919599,0.06839373,0.45991677,0.023838116,0.1785201,4.867661,0.0035383813,0.032899063,0.028460767,0.035398975,0.064492024,2.079106,0.13469715,0.16081691,11.24696,0.36103243,0.16991657,0.46259257,0.045218263,0.00010439678,0.4251474,0.0011194191,0.0007564291,0.033649195,0.2263204,0.010964328,0.5270418,3.2681134,0.0035962195,0.00034938788,0.1812334,0.052619856,0.42187497,0.24458134,0.3599345,0.011448138,0.76346624,0.12189259,0.23245259,0.22847159,0.016441295,1.5301389,-0.00018909086,0.057946462,2.113793,0.053699274,0.07582172,0.038085658,0.0040380605,0.012887721,0.004160062,0.2567643,0.00030606292,0.14066704,0.009477746,0.09376452,0.07860534,0.0798586,0.021905676,0.28140038,3.2787716,4.102932,0.1449682,0.8495523,0.55939776,0.0087261945,0.102838226,1.276068,0.023509068,0.027922835,2.967779,1.0822566,0.2955755,0.085360356,0.21846275,0.00011327826,0.00023362058,0.66873556,0.16925965,0.063559905,0.026821781,0.015541376,0.22366916,0.00077084964,0.0005945762,0.071172714,0.00925256,0.14307602,0.028893026,0.071451165,0.003005528,0.18414102,0.1204131,0.1711422,0.00049192464,1.7648461,0.038558938,0.055998642,0.00627236,0.3787375,0.008940059,0.14356554,0.11806492,0.03089833,0.0049766027,0.045101665,0.7856576,0.020636706,0.11802094,0.9993208,0.10520248,3.3344324e-05,0.6064375,0.14954111,0.12668149,0.00043238152,0.21024095,0.07156096,100.0,0.4983986,0.06090657,0.3539479,0.5943874,0.00046095907,0.10447736,1.5632509,0.6433615,0.15654089,0.17065176,0.06994155,0.74224716,8.80671,0.029640136,0.7216679,0.17729944,0.03972526,0.12650405,0.0028641415,0.02530623,0.031090377,0.09104146,0.19967362,0.11251894,6.757324e-05,0.011251717,0.18834971,0.056911904,0.16509679,0.00801586,0.0007930219,0.16905095,1.4919951e-05,0.0533227,0.020455642,0.73154277,0.05519028,0.23424698,0.014697665,0.00044383414,0.061143417,0.06115504,0.6207197,2.0447487e-05,0.37474844,0.2617214,0.106026255,2.3193355,0.068321764,16.887447,0.42586643,0.0003739746,0.52750707,0.30595723,0.0040388526,0.0004305678,0.06177962,1.2463557,0.15004319,0.12815388
1990,0.03720733,0.17612557,0.030538365,0.0014631106,0.20977108,0.83655185,0.03164949,0.0008012644,1.4256854,0.20405307,0.17712428,0.0155378645,0.3913205,0.038545027,0.07007773,0.29557905,0.27401003,0.071521245,0.0060940087,0.069065735,0.43319353,0.01831152,0.21605971,4.955767,0.003584414,0.030428901,0.04438418,0.04380039,0.0745449,2.1217828,0.14578508,0.15751265,11.274238,0.32816535,0.16548796,0.5114259,0.05004129,0.00016023417,0.4246836,0.0012339953,0.0010217988,0.038989216,0.1926598,0.011499994,0.49572816,3.3211234,0.0035220375,0.00034996512,0.18927239,0.04928364,0.43086988,0.22027348,0.37801212,0.011773303,0.76827586,0.11320217,0.2336637,0.25052854,0.014479067,1.5119712,-0.000174233,0.06711259,2.1522355,0.052922796,0.07962855,0.034633897,0.0039574085,0.010913053,0.007509313,0.28029165,0.00029905577,0.12531573,0.01184592,0.08503574,0.0802469,0.081598744,0.02203974,0.2586908,2.8745441,4.0928116,0.15107551,1.0021367,0.41924867,0.009343816,0.11406289,1.3434284,0.027958745,0.032578483,3.2966757,1.0753223,0.2793073,0.0807801,0.17948373,0.00011381774,0.00035179497,0.7337375,0.1473942,0.06776233,0.02698943,0.0206448,0.24003504,0.00076636294,0.0006162509,0.07160845,0.011787916,0.13538311,0.03394389,0.0732204,0.0026326317,0.17536537,0.11542459,0.17054702,0.00061788404,1.7471764,0.03801899,0.0592291,0.0069046575,0.3950222,0.008448591,0.13927062,0.13852993,0.026659891,0.0060363947,0.049359113,0.6742228,0.025609773,0.16149293,1.0805036,0.10259889,4.3180236e-05,0.6023033,0.15439916,0.12592115,0.00033922194,0.20788977,0.078208275,100.0,0.5242059,0.048768196,0.3484596,0.59946156,0.00046141565,0.060819045,1.3509606,0.38931698,0.16674036,0.16748041,0.06283731,0.61747915,9.12347,0.025812067,0.6713556,0.18588622,0.036264155,0.13125095,0.003045832,0.02531978,0.03295278,0.0861079,0.19625379,0.11833726,0.00018893607,0.011236309,0.20348331,0.055496942,0.16877499,0.0075936588,0.0005619848,0.17896555,0.0001831753,0.06072793,0.021531403,0.76101923,0.05384174,0.21857283,0.015659954,0.00045416373,0.06350128,0.06156737,0.6520839,3.0205772e-05,0.3755674,0.27501288,0.10673312,2.382945,0.06397174,16.625742,0.413428,0.0003500411,0.5825324,0.32496995,0.0040630912,0.00030457522,0.060353953,1.172498,0.15228432,0.13342254
1991,0.03755738,0.17980081,0.026059672,0.0014669977,0.22427905,0.91659206,0.026369542,0.0008183524,1.3608078,0.21221378,0.16989999,0.015272552,0.40197074,0.040063847,0.06733642,0.27926707,0.2441112,0.07687017,0.005979351,0.04278183,0.39784423,0.02228963,0.21957615,5.1203146,0.003953429,0.034535106,0.030326763,0.042073,0.0756843,2.0074315,0.14919671,0.15073545,11.406491,0.36040908,0.14395657,0.5159318,0.051514488,0.00015457821,0.46058065,0.0011991257,0.0010321693,0.034409076,0.19260354,0.012860733,0.4408074,3.1666296,0.0035209646,0.0003537572,0.21523625,0.05119784,0.44802764,0.22974087,0.4138043,0.012108393,0.78074765,0.10450956,0.23741889,0.23578937,0.011660051,1.620935,-0.00016183268,0.062388364,2.151347,0.052449077,0.071818024,0.038388614,0.0030819837,0.010309062,0.004445641,0.27749294,0.00031095324,0.119755946,0.017544774,0.08819769,0.07929937,0.0878051,0.02136477,0.22979799,2.940002,4.1602035,0.1509781,1.0836443,0.19555838,0.008877173,0.11804294,1.3161261,0.03023093,0.038568117,3.295876,1.0361273,0.25504792,0.07046926,0.14697519,0.000112861984,0.000351877,0.8023442,1.3231041,0.06509778,0.027295033,0.025244761,0.24573195,0.00080406974,0.00062552106,0.07307801,0.012532108,0.13809268,0.03609632,0.0684046,0.0027885714,0.1899877,0.093973145,0.17605394,0.0005677005,1.6371939,0.08238591,0.07333338,0.0064302995,0.40444764,0.004524123,0.13648614,0.13892291,0.02683815,0.0061087497,0.042253036,0.6245797,0.030057808,0.18318275,1.1503904,0.10193598,4.204145e-05,0.6201723,0.14866133,0.12415965,0.00033565448,0.20772254,0.089100786,100.0,0.52286935,0.051813982,0.30616555,0.54953676,0.00045319292,0.04855001,1.3092439,0.37032694,0.1738734,0.19137692,0.07825398,0.48988646,8.594934,0.023366258,0.85239565,0.18603252,0.042402823,0.13516504,0.0034091063,0.024033597,0.036727443,0.0789359,0.13945499,0.105257764,0.00023726515,0.014587519,0.1735793,0.05003033,0.17015913,0.007177801,0.00062488834,0.20366247,0.00018221673,0.07692148,0.02218358,0.7281579,0.04638386,0.21042989,0.0120967645,0.00045693302,0.061683428,0.069666944,0.6364874,3.202834e-05,0.39694455,0.26174626,0.11082745,2.1383386,0.06878353,16.26078,0.4062204,0.00033818898,0.531919,0.41173,0.0040850886,0.00018349676,0.056921847,1.2140824,0.1620359,0.12973207
1992,0.03347693,0.17716849,0.018934933,0.0015011472,0.2325411,0.9160211,0.022142492,0.00083290826,1.4901525,0.19608718,0.18532982,0.01436527,0.39962223,0.043781936,0.06569443,0.28611887,0.22216578,0.08125302,0.0056915614,0.043851744,0.3611673,0.024597041,0.29251307,5.4163656,0.003947456,0.03408319,0.027102413,0.05257273,0.07623402,2.068548,0.14944088,0.15900189,11.878458,0.40037706,0.13333504,0.508938,0.055204455,0.00015896815,0.48883104,0.0013779795,0.0011234657,0.037809785,0.15607497,0.014168802,0.43166417,3.0534875,0.0035876143,0.00036682238,0.20225905,0.05357515,0.44192916,0.22852567,0.42126343,0.008994704,0.7973846,0.07686741,0.29338172,0.23157705,0.0113461865,1.5589788,0.00021055025,0.06344958,2.0859895,0.048547577,0.08070563,0.03988589,0.0031049382,0.012758185,0.005813159,0.28193614,0.0003420416,0.189506,0.034927376,0.10128911,0.1444193,0.06859814,0.023871845,0.20378652,3.5743728,4.3784876,0.15282898,1.102311,0.26452246,0.009283592,0.13446382,1.3162495,0.040429518,0.042115584,3.352283,0.962367,0.23169376,0.058686875,0.13644904,0.00012430591,0.00037228412,0.87658376,0.12646553,0.06602032,0.032347184,0.028609062,0.21611582,0.00087619544,0.00063185923,0.07712675,0.012203314,0.091956206,0.03559796,0.060770206,0.0028530224,0.18204999,0.06963626,0.20686962,0.0007844571,1.6095204,0.05118832,0.15443271,0.0065883095,0.42990968,0.0048000133,0.1265418,0.1358787,0.027071746,0.006735959,0.03538501,0.6775966,0.034606177,0.1520012,1.1909881,0.11730077,4.114527e-05,0.6243812,0.15453231,0.12167992,0.00032930117,0.20404784,0.08554248,100.0,0.5661352,0.044963744,0.31539053,0.48862222,0.0009525789,0.11310514,1.2851766,0.33901045,0.18908496,0.17236605,0.10616351,0.45843855,7.2111835,0.020762157,0.9499422,0.3169483,0.044931177,0.14858599,0.0032650859,0.023695238,0.036810834,0.076797664,0.14491962,0.15084714,0.00017407785,0.017216166,0.16151336,0.048113175,0.17657676,0.0070179077,0.00062765833,0.203596,0.00019504076,0.081444114,0.023303697,0.73543626,0.040128298,0.18611641,0.013107775,0.0004215938,0.0675652,0.069664516,0.65525234,3.2576387e-05,0.42516777,0.2824167,0.11010912,2.0088692,0.076089844,16.715736,0.42323235,0.0003342003,0.529992,0.39377102,0.00421963,0.00017773247,0.067647025,1.1671505,0.16374972,0.1355866
1993,0.03162184,0.1942165,0.01800601,0.0015499772,0.26312757,0.89824677,0.013402889,0.0008607126,1.5180475,0.19657817,0.16263926,0.013949722,0.40197834,0.055042632,0.06364218,0.29576206,0.2172333,0.100736715,0.0053688986,0.036590435,0.3295479,0.020756384,0.26771683,5.5288715,0.0033046834,0.03431821,0.025897194,0.056411702,0.07434326,2.0397065,0.14254595,0.18169083,12.312025,0.40623075,0.123648256,0.5510069,0.04283338,0.00017614845,0.5259235,0.001426785,0.0011087032,0.035579972,0.14191176,0.015125939,0.41500428,3.009908,0.0036456739,0.0004326243,0.2032599,0.05794767,0.45827153,0.29349995,0.45918062,0.007527672,0.77366525,0.05779954,0.260996,0.24256946,0.009916141,1.4535148,0.00023981152,0.06828302,2.0318794,0.033014793,0.09846991,0.04151255,0.005047831,0.012629329,0.00750944,0.27992097,0.0003600659,0.16540559,0.017308434,0.1067713,0.11649604,0.06926422,0.02708016,0.20648986,3.3689692,4.4150414,0.15433471,1.1137811,0.26971728,0.009718243,0.14048794,1.2930788,0.033210017,0.0417257,3.3291595,0.84319234,0.22157528,0.051159963,0.12896407,0.00013476014,0.00034695698,0.95307356,0.20566893,0.070814416,0.034980215,0.031300154,0.20535962,0.0009321951,0.0006528503,0.07928336,0.011900752,0.06923338,0.036907986,0.05954121,0.003196594,0.18336667,0.05443796,0.2058976,0.0007024507,1.6262138,0.039432824,0.12921466,0.008206971,0.42941758,0.0036284125,0.100291364,0.14479321,0.027869169,0.0068915742,0.028107107,0.743989,0.039408993,0.14342654,1.2659773,0.12648115,3.6781683e-05,0.6242458,0.16415742,0.116258174,0.00031027303,0.199303,0.08627378,100.0,0.5917613,0.04230668,0.38671565,0.4570252,0.00096373283,0.10499695,1.2813214,0.3262109,0.18064012,0.19536851,0.116543464,0.4242066,6.6223598,0.018462108,1.0079967,0.29111007,0.052909754,0.1407066,0.0033511268,0.023561038,0.037077416,0.08469591,0.12908739,0.15981364,0.0002747675,0.014510666,0.1522305,0.048098452,0.18389519,0.006411686,0.0006616385,0.22217911,0.00019691687,0.083433814,0.023159403,0.7977051,0.030991755,0.18815862,0.013126218,0.0004774438,0.06353336,0.07012071,0.6835895,3.2122123e-05,0.45721972,0.28730783,0.10655889,1.7688373,0.07798495,16.999372,0.43924487,0.00038106996,0.58454645,0.39194527,0.0036552742,0.0002483665,0.06319194,1.2143348,0.165984,0.12780835
1994,0.031849172,0.2389503,0.017336123,0.0015026284,0.27765453,0.8759391,0.014578749,0.00087000884,1.4457021,0.18998027,0.1400364,0.014014272,0.39543274,0.06726975,0.06434524,0.2928328,0.20075434,0.09058779,0.0052954857,0.0077045765,0.2889647,0.016192215,0.42434323,6.2548213,0.0032026737,0.03022161,0.04084394,0.051645327,0.074172586,2.0933409,0.13509716,0.18200296,12.700863,0.37707952,0.15385659,0.5686677,0.0573466,0.000170677,0.5567403,0.0014061988,0.0010805173,0.050048076,0.13813771,0.015049141,0.38005918,2.8849971,0.003526136,0.00039917702,0.20949283,0.068522155,0.45391825,0.21449485,0.4373998,0.010307549,0.75262743,0.055010732,0.24788006,0.24751565,0.008986441,1.3511481,0.00026743984,0.07780631,1.9462001,0.019622345,0.11966233,0.045710683,0.0048592454,0.012072059,0.017419875,0.27784595,0.00039176637,0.17335549,0.032645557,0.093894154,0.11383577,0.068177216,0.023653202,0.20122305,3.8218055,4.3717303,0.15327397,1.1491717,0.2971168,0.009329173,0.14534475,1.2340708,0.032076363,0.045258816,3.3831527,0.7028658,0.18587841,0.045106977,0.118304186,0.00013071204,0.00036203896,0.9929807,0.22497621,0.07160122,0.03558826,0.03245597,0.2592417,0.00089421315,0.00059696584,0.084663585,0.011218717,0.08577997,0.03281546,0.02742294,0.003302698,0.16868408,0.044593617,0.22933784,0.0006918873,1.6360865,0.0365887,0.12858336,0.0073187975,0.44602522,0.0045011193,0.09805218,0.14975762,0.025521474,0.006307777,0.04439672,0.67427623,0.040883124,0.1735226,1.5080421,0.19578859,3.108132e-05,0.6040798,0.17616995,0.1124283,0.00029096415,0.20772512,0.09499193,100.0,0.60680574,0.047941096,0.3605072,0.46258345,0.0011422938,0.056365043,1.226824,0.28340155,0.17788914,0.27734083,0.11772046,0.40314218,5.83436,0.019167002,0.9570492,0.32581493,0.046600156,0.16533203,0.003240075,0.02357922,0.038956463,0.08822923,0.12104699,0.15325259,0.00017663564,0.014465804,0.14157957,0.0466055,0.18998331,0.006142878,0.00069083,0.21809332,0.00020157201,0.0852869,0.024100857,0.8159045,0.02378845,0.17090604,0.010628477,0.0005317961,0.057371546,0.070164695,0.61263007,3.1327712e-05,0.46281025,0.28466016,0.101495646,1.4497932,0.07512551,16.822605,0.41905603,0.000406902,0.58086413,0.3907508,0.0048054503,0.00020870505,0.065981105,1.221007,0.16034296,0.12960072
1995,0.034329258,0.2549987,0.01757386,0.0015650134,0.27406254,0.89518464,0.017372433,0.0008806218,1.6642456,0.19518344,0.11741421,0.014426197,0.3960771,0.08543862,0.07365575,0.30768353,0.20582533,0.09120678,0.0055308254,0.008158958,0.2595793,0.014968308,0.3318723,6.209975,0.003413062,0.03069718,0.026559928,0.053295527,0.07447245,2.0476341,0.13580479,0.20067382,13.330998,0.31954017,0.13590854,0.60122865,0.06702179,0.00017124742,0.61585146,0.0014385999,0.0011838813,0.038092874,0.12643504,0.014895737,0.3721614,2.8600848,0.0036635709,0.00042522914,0.19993994,0.073734134,0.49633777,0.21520442,0.46076247,0.009837441,0.8400483,0.05044722,0.24363601,0.23552702,0.008602616,1.3332477,0.00047790696,0.071411185,1.935403,0.008086907,0.13273935,0.054273296,0.0053500244,0.012199647,0.013378522,0.27714977,0.00041622287,0.15322155,0.03993694,0.09394959,0.091694154,0.054216795,0.031506374,0.19558959,3.677002,4.446223,0.1551431,1.1186922,0.306703,0.009479662,0.15047674,1.3007407,0.031757753,0.043214574,3.372832,0.56003964,0.15523686,0.03742149,0.11828324,0.00013095049,0.00034895894,1.0612031,0.2161675,0.07051456,0.039693676,0.032297123,0.28186205,0.00091707293,0.0006037734,0.082987875,0.011417556,0.069140345,0.026256457,0.02645294,0.0031461022,0.17382433,0.04115978,0.2167391,0.00083009305,1.5880666,0.035110917,0.2109457,0.0067321435,0.44660506,0.004041127,0.099177435,0.1580809,0.024955347,0.006925454,0.048628006,0.6685737,0.034932304,0.13652475,1.4454046,0.20396467,2.8550929e-05,0.60216963,0.17531736,0.110329,0.00027971333,0.19294797,0.10367744,100.0,0.6186539,0.04618876,0.315915,0.48966274,0.0010074173,0.09976896,1.2135637,0.2547672,0.17813443,0.23291479,0.11717956,0.40949458,5.4332356,0.019353217,0.9013101,0.3009778,0.05501972,0.11807593,0.0029353015,0.022750165,0.036032006,0.090418465,0.12768555,0.14869742,0.00017881015,0.01454865,0.14108019,0.047742054,0.1968179,0.0061180624,0.000680883,0.21714328,0.00020170813,0.087939814,0.025423713,0.8471393,0.021945808,0.16672198,0.009793758,0.00050677714,0.055171665,0.06971952,0.6448487,3.1156622e-05,0.4832121,0.28043061,0.10075987,1.3331336,0.07627526,16.659729,0.40392035,0.00041870718,0.6205331,0.5482118,0.004158466,0.000253707,0.067469,1.285317,0.15401748,0.14822897
1996,0.039125763,0.2692084,0.015935415,0.0015741683,0.27733245,0.8730091,0.013197415,0.0008999375,1.6149899,0.19697936,0.10912824,0.013992302,0.39251465,0.09371073,0.093091905,0.311922,0.20390444,0.09306177,0.005315106,0.009613076,0.24854162,0.012958881,0.32703215,5.9226327,0.0033622032,0.03084937,0.022815777,0.0505944,0.07751673,2.0991244,0.13220738,0.2046766,13.321988,0.30567178,0.14097102,0.57020324,0.07495319,0.00018111177,0.60479903,0.0014208978,0.001195736,0.039279412,0.14961682,0.015326543,0.3695792,2.80308,0.003562707,0.00040150466,0.22696911,0.065733284,0.48961172,0.24207878,0.44167548,0.012962223,0.77496326,0.051577758,0.24977209,0.24163046,0.007803303,1.3136393,0.00047688946,0.080910884,1.932024,0.014308642,0.15434955,0.055839527,0.005329295,0.014882018,0.019613575,0.272261,0.0004184078,0.1583687,0.02298056,0.084771045,0.07026242,0.053696606,0.045394477,0.19657215,3.7287261,4.5307508,0.15614827,1.1372294,0.27205268,0.00936849,0.15105172,1.2406387,0.03410531,0.04345061,3.291357,0.49577883,0.14768516,0.036458883,0.10801885,0.0001279269,0.00036728824,1.1261302,0.20012462,0.08107009,0.039655887,0.033282395,0.2742934,0.00093082676,0.00059391913,0.081653565,0.011374303,0.06859724,0.025552528,0.022744894,0.003479691,0.15965317,0.03986734,0.2625145,0.0009090923,1.5517646,0.0361398,0.14436707,0.006666413,0.43467155,0.004913212,0.31401795,0.16415112,0.024990084,0.006988743,0.04802124,0.6469388,0.032964427,0.115283586,1.4618317,0.20745696,2.6215279e-05,0.6065024,0.1761993,0.10493563,0.00026089963,0.18726131,0.101461224,100.0,0.64957994,0.04929374,0.31211045,0.5460582,0.0009392443,0.13767317,1.2066458,0.22378673,0.16411664,0.1916421,0.12574352,0.40643856,6.19853,0.019818466,0.8637065,0.25625312,0.03663875,0.134186,0.0028596425,0.021166652,0.03512786,0.08956509,0.14020345,0.14558522,0.0001270014,0.012506211,0.13743976,0.046967402,0.199032,0.0060671065,0.00074849674,0.21526678,0.0001956328,0.10925322,0.028440729,0.8637795,0.02139867,0.15536849,0.008433229,0.00036538125,0.06305055,0.06890729,0.6766025,3.017596e-05,0.4863016,0.29511333,0.09738502,1.153411,0.07781168,16.544977,0.4007523,0.00048413037,0.5732857,0.5172608,0.0035555763,0.000289194,0.065573,1.2471803,0.13873915,0.14299901
1997,0.044609122,0.2711001,0.013498457,0.0015326288,0.26073438,0.8602717,0.013987465,0.0009273359,1.5112745,0.19058517,0.10241425,0.013791036,0.3632371,0.09378968,0.086833745,0.30594268,0.16347817,0.08588493,0.0046463357,0.028286038,0.23932064,0.013296482,0.3346206,5.9356494,0.003506111,0.030761717,0.019756615,0.04694356,0.07378428,1.9728807,0.12439664,0.2308077,12.752781,0.2894678,0.15781447,0.62029165,0.099704616,0.00017789617,0.6962647,0.0013134142,0.0011662749,0.032583285,0.12694986,0.015416023,0.34586236,2.6069412,0.0035261665,0.00041066264,0.19591571,0.07016221,0.43058163,0.22476439,0.46116576,0.02017439,0.7572576,0.050711196,0.23954396,0.23587523,0.0068568927,1.2141931,0.0004917671,0.09116357,1.7866063,0.016381344,0.13064504,0.05649567,0.0052222055,0.011847119,0.031338573,0.2724173,0.00044319115,0.20698312,0.043561067,0.085790925,0.068464465,0.06731951,0.034323793,0.18534215,7.9231763,4.433666,0.15473337,1.056839,0.30801317,0.009140791,0.15316054,1.2351466,0.030796364,0.0423749,3.1523294,0.4427786,0.13427217,0.036422454,0.10667015,0.00012429414,0.00039422323,1.1543968,0.21101415,0.07234801,0.043835428,0.034621492,0.23318486,0.00085435074,0.00059808587,0.074564576,0.011073516,0.06922454,0.023005158,0.019572185,0.0035246778,0.15681835,0.026194055,0.29636756,0.0009784531,1.5930381,0.031406287,0.11354858,0.0064865127,0.4127381,0.00501021,0.19220231,0.15706353,0.024431601,0.006815664,0.057704266,0.629679,0.031412385,0.101271555,1.377101,0.19143015,2.4448642e-05,0.5591032,0.17130674,0.10181773,0.00025164834,0.18628211,0.10438393,100.0,0.6346095,0.053736083,0.29770556,0.4302268,0.0008895052,0.10648128,1.1430845,0.21011683,0.17586498,0.22950047,0.17013496,0.36040062,4.7718244,0.022900974,0.736962,0.22978185,0.03069293,0.15479091,0.0030415435,0.020490194,0.040663917,0.08848391,0.14666484,0.13585146,0.0004776529,0.011611692,0.13189213,0.04790551,0.1835333,0.005748702,0.0008234174,0.20954004,0.00022427298,0.09872028,0.027050897,0.8372026,0.017917134,0.12883815,0.0067048655,0.0004212831,0.06185703,0.07110667,0.7148026,2.932683e-05,0.50044644,0.29170883,0.09597976,1.0681198,0.075196944,16.165995,0.3934111,0.00040656788,0.6112173,0.5273554,0.0041527096,0.00030494033,0.06647259,1.2587991,0.14063072,0.12190748
1998,0.043713164,0.3046679,0.014646587,0.0016180959,0.28631088,0.8956573,0.014119808,0.000993723,1.691465,0.19768408,0.10974473,0.014761152,0.39245543,0.0870547,0.085724026,0.3159466,0.164568,0.09303802,0.005760036,0.032129038,0.24773787,0.014592501,0.39542598,6.648902,0.0037957067,0.032988917,0.023766335,0.051235016,0.08720734,2.1226478,0.13285477,0.23183738,12.880091,0.28318694,0.17913009,0.65882504,0.11742797,0.00017833333,0.71605986,0.001412092,0.0012588566,0.03616628,0.13262622,0.016454,0.34403223,2.6237416,0.0038467706,0.0006377766,0.18913822,0.06919268,0.48737884,0.23194787,0.5037646,0.017007973,0.8321315,0.04702321,0.2716948,0.23653625,0.007044438,1.2643484,0.0005318577,0.10737756,1.8326077,0.016382262,0.13300566,0.055565417,0.00782153,0.017260348,0.038549136,0.29330721,0.0006332283,0.19842821,0.048700243,0.11059007,0.095065504,0.06690146,0.03398568,0.19035998,4.0885515,4.652996,0.16830356,1.109368,0.34584767,0.009490465,0.16171737,1.3345594,0.031858813,0.04459721,3.1603215,0.44920033,0.16380987,0.0395329,0.10938678,0.00012999824,0.0005266655,1.0188675,0.20057228,0.075606145,0.046888623,0.04008412,0.23232901,0.001014926,0.0006449185,0.07563815,0.011214136,0.07474542,0.021630224,0.016530776,0.0038495217,0.15153791,0.023170907,0.38857943,0.0009495336,1.716417,0.03499644,0.09942757,0.0066243503,0.4657547,0.0044287643,0.16275722,0.16883959,0.026159137,0.0074888878,0.0641032,0.6798021,0.03401052,0.09542572,1.3899548,0.2076619,2.4817893e-05,0.5817212,0.17541009,0.114243224,0.00025151606,0.19857481,0.10161732,100.0,0.6698299,0.09044385,0.37467247,0.42665225,0.00087015476,0.11801726,1.086916,0.20284925,0.19527031,0.23165458,0.1634454,0.33888376,4.7203226,0.020904593,0.7404298,0.2343289,0.07953197,0.15109988,0.0034503879,0.022866365,0.04468174,0.09207733,0.14674963,0.14485885,0.0005779315,0.013805837,0.13639434,0.049891602,0.19265437,0.005717624,0.0008902264,0.22678098,0.00024224944,0.10041901,0.029625075,0.8022603,0.019210404,0.1461908,0.0074433936,0.00041126463,0.070117265,0.076913275,0.7383801,4.8620965e-05,0.54275626,0.32953057,0.100858316,1.050134,0.07763189,16.868406,0.43952274,0.0004920488,0.6582915,0.6193868,0.003448179,0.00036747183,0.07051495,1.2855809,0.14718315,0.13921852
1999,0.047245346,0.30780512,0.017016506,0.0016469101,0.2770656,0.92282647,0.012989714,0.0010425525,1.7134873,0.19027914,0.103820466,0.013894556,0.37781557,0.08560506,0.08717448,0.3222456,0.14086404,0.09699997,0.005879347,0.033884745,0.24307469,0.013807251,0.34207404,6.6405644,0.003931679,0.031621467,0.022950342,0.057492033,0.0788142,2.1698048,0.12947686,0.24131583,13.117498,0.2709139,0.17847347,0.65733063,0.1179229,0.00017477931,0.59174603,0.0014335577,0.0013870092,0.03330676,0.119508244,0.017334085,0.31607378,2.5098894,0.003918453,0.00060809747,0.18065113,0.08228908,0.45026144,0.2196934,0.51380056,0.0204343,0.8793437,0.04572273,0.2549612,0.24126281,0.006633658,1.2238226,0.0005040258,0.10141238,1.7516236,0.015338062,0.12504953,0.06261546,0.006883882,0.017786266,0.04192672,0.28742895,0.000597126,0.18988968,0.041022394,0.11890881,0.051028464,0.0477836,0.032060426,0.18211864,4.1721377,4.8202157,0.18264282,1.3266053,0.36823133,0.009918051,0.15740941,1.3153731,0.0549042,0.04438452,3.1915033,0.29553342,0.15512979,0.034133643,0.12870435,0.00012943018,0.0004902,1.0929837,0.20025027,0.08353938,0.04787961,0.048945412,0.21823466,0.0009744728,0.0006282891,0.07527464,0.013089514,0.065441914,0.022976836,0.01662793,0.0037666687,0.15280007,0.017868198,0.36074403,0.0012421635,1.6896719,0.030019829,0.08971408,0.0066856523,0.5021205,0.0028868471,0.14228567,0.16008227,0.027273608,0.008047634,0.06068135,0.62508255,0.033445496,0.08601162,1.2703696,0.2166309,2.413979e-05,0.5566291,0.17597556,0.109989874,0.00023077408,0.19626696,0.11325454,100.0,0.67596453,0.10456221,0.35198683,0.44131666,0.00091304816,0.108877495,1.0365952,0.21819256,0.22048102,0.20642619,0.17057125,0.29580796,4.837711,0.027620614,0.7678101,0.23569135,0.05938975,0.1470979,0.0028690605,0.026854107,0.047150407,0.092549905,0.10334236,0.144181,0.0004988301,0.012424075,0.13236742,0.048210688,0.18128295,0.0058249207,0.0009186699,0.22643773,0.0002681743,0.11093222,0.029576633,0.8153837,0.018688839,0.18031363,0.007713996,0.00043568196,0.07737075,0.07558459,0.7051973,4.8467537e-05,0.5557802,0.31958628,0.10963662,0.9781111,0.079116285,16.94381,0.4358836,0.00054987986,0.6687531,0.6707513,0.00436806,0.00029163942,0.07732605,1.2576953,0.13781288,0.1391873
2000,0.04162477,0.30472773,0.016581073,0.0016690103,0.36585566,0.924661,0.01425376,0.0010660242,1.8290417,0.1882136,0.10547234,0.014936508,0.37558696,0.08137148,0.08748651,0.3281474,0.13524209,0.0992578,0.005736248,0.040682197,0.2143183,0.013477702,0.28230703,6.403364,0.0039806706,0.030919995,0.02429142,0.05109172,0.08547802,2.200654,0.12801728,0.24908394,13.031007,0.25002486,0.16793635,0.67081344,0.111284785,0.00017284437,0.47305554,0.0014513787,0.0014887054,0.039173402,0.15065484,0.017886223,0.34372196,2.4999814,0.003844549,0.00066963705,0.17285231,0.07749852,0.44952878,0.17730436,0.55252117,0.018231528,0.8990621,0.038975753,0.2833167,0.23656426,0.006209607,1.1933274,0.0004791602,0.09508848,1.7536799,0.016386697,0.123268336,0.06964032,0.006701771,0.015286111,0.04361027,0.29996508,0.0007070103,0.18776007,0.019474125,0.11285948,0.046832494,0.044986956,0.031187765,0.17613542,3.4050968,4.9490905,0.18989311,1.3229649,0.38392615,0.010020966,0.16884485,1.3183959,0.03921657,0.04625021,3.2512698,0.36033303,0.15678142,0.033652123,0.13668203,0.00015137512,0.0005050182,1.1649816,0.20795277,0.103288986,0.044636354,0.050387714,0.2314637,0.0009861509,0.00060547335,0.07806309,0.013220858,0.021588435,0.023844907,0.01216092,0.004015333,0.14670484,0.014574306,0.31673798,0.0013467286,1.7206279,0.031297017,0.093116015,0.0064627775,0.5101902,0.0037744553,0.12974055,0.16426551,0.028508008,0.009091499,0.060249507,0.5836241,0.03569124,0.07883158,1.3890971,0.21039183,2.3638406e-05,0.55221313,0.17679404,0.11157219,0.0002120559,0.21288608,0.12389132,100.0,0.70234466,0.06658956,0.37852165,0.43954757,0.00080065435,0.11169479,0.9805821,0.23194936,0.20554782,0.20387472,0.19128901,0.29978225,4.628208,0.027767604,0.9569929,0.25673825,0.049455043,0.117609985,0.0032160077,0.072803214,0.038890198,0.094500914,0.12462129,0.15199578,0.0003763069,0.013517152,0.124070756,0.047533505,0.18787305,0.0062645148,0.0009620499,0.23125806,0.0002973404,0.12297617,0.026817193,0.80644923,0.017366821,0.20142744,0.0077623636,0.0004027419,0.08467966,0.07698841,0.780182,3.942909e-05,0.6019242,0.31567785,0.108179495,0.93832165,0.07394133,17.353832,0.43929824,0.0004622642,0.6663245,0.79185754,0.004083591,0.0003387563,0.082151674,1.2555315,0.13207768,0.12772778
2001,0.03904679,0.33215266,0.017097045,0.0016858735,0.34537986,0.9289447,0.016185606,0.0011144553,1.7976617,0.1994418,0.103388645,0.015278916,0.3742324,0.08076287,0.09239769,0.34278947,0.14149249,0.10245426,0.0055662524,0.038962226,0.20631981,0.015536112,0.28140768,6.3979993,0.0039432216,0.03215215,0.019285088,0.05989434,0.07735341,2.2807317,0.1333621,0.2407781,13.166897,0.23245722,0.16131786,0.59668666,0.09267661,0.00016585775,0.4443653,0.0014945237,0.0016152819,0.040265314,0.12740801,0.01770605,0.33396968,2.5487955,0.0038267889,0.00061319483,0.17692082,0.078841165,0.43344507,0.17278892,0.5212569,0.016722895,0.91938484,0.038720764,0.27707002,0.25706798,0.006449005,1.1963091,0.00045003855,0.097004,1.7814353,0.014285197,0.12244071,0.06851637,0.006533576,0.01292708,0.045804296,0.3056234,0.0006317773,0.20095073,0.014470628,0.10748497,0.06442973,0.046759713,0.030924307,0.1801438,3.4003327,4.9935694,0.19985472,1.3706553,0.4370335,0.009881348,0.17967676,1.3088099,0.036929116,0.04819534,3.2151525,0.3270338,0.15585239,0.03149705,0.13691494,0.00015364321,0.00050602836,1.2151458,0.21582696,0.10474079,0.048208047,0.050931633,0.22469641,0.0009829968,0.0005969951,0.07685802,0.013053088,0.03418258,0.025201187,0.015195948,0.0041490146,0.15945798,0.015926784,0.24806006,0.0013801194,1.7499052,0.032094706,0.12464452,0.007282682,0.49403608,0.0036070242,0.10916592,0.20605603,0.028946837,0.009278461,0.055719115,0.67792535,0.03581154,0.07401683,1.3439069,0.1972115,2.34885e-05,0.56755686,0.18343088,0.11015828,0.00020500737,0.27623284,0.12882344,100.0,0.70674473,0.06227653,0.36783314,0.435423,0.0008310308,0.09985479,0.95759106,0.24174352,0.2038033,0.2158766,0.19748752,0.3162696,4.6009173,0.026585713,1.0015391,0.27285078,0.04244016,0.12407342,0.0037079866,0.11579561,0.03276965,0.09887454,0.1356024,0.12914447,0.00026772317,0.01243079,0.13084668,0.05198357,0.19654919,0.0053740786,0.0010421474,0.20424949,0.00031057774,0.11176335,0.024106437,0.8330091,0.01779964,0.18648118,0.008032517,0.0003900393,0.092500255,0.08097748,0.7540883,4.8876485e-05,0.6214515,0.32242882,0.11380848,0.9815077,0.071963966,16.967566,0.4607583,0.00053778774,0.6265015,0.6692724,0.005008997,0.00039047157,0.08799759,1.2429559,0.1515066,0.128195
2002,0.05016505,0.35488197,0.017828602,0.001668064,0.29191303,1.0601832,0.015623436,0.0011834201,1.6790619,0.19912913,0.10101673,0.014087407,0.3693046,0.080805734,0.08962956,0.34141144,0.13159809,0.09806449,0.0056667565,0.045226183,0.20053548,0.015500594,0.29917774,6.703955,0.003845222,0.029075801,0.022123668,0.0560222,0.06567717,2.1648326,0.124815695,0.23212586,13.703576,0.2186744,0.13593973,0.5683317,0.06535214,0.00013557749,0.54733384,0.0014825054,0.0016222543,0.043654814,0.11432892,0.019554945,0.31555265,2.4496486,0.0037908927,0.00050534814,0.17062461,0.072843865,0.42418852,0.16087869,0.51580644,0.017929683,0.95711917,0.042474184,0.4411576,0.26042864,0.005464942,1.1501914,0.00040711672,0.08208778,1.6840684,0.029936988,0.119301215,0.073113024,0.0064184517,0.011914105,0.030564053,0.29793465,0.00059782027,0.20672514,0.022003673,0.1089763,0.080152944,0.048863627,0.029985923,0.18269992,3.8420403,4.886876,0.18909375,1.3650559,0.40726098,0.009965823,0.16672109,1.2911524,0.036328085,0.049365066,3.1965487,0.41716573,0.15296409,0.033463806,0.13149558,0.00015371911,0.0005417072,1.2267573,0.21398582,0.10670251,0.04721933,0.05080744,0.21629457,0.0009406326,0.00059303496,0.079097755,0.012777383,0.03067802,0.02660242,0.015357579,0.003646605,0.19353375,0.01600873,0.21291502,0.0016881982,1.7125971,0.027176056,0.17654368,0.007153478,0.48620838,0.003885694,0.07231171,0.19338186,0.02777488,0.009049935,0.06065942,0.6644343,0.03245394,0.07313813,1.1425817,0.18026045,2.2681881e-05,0.55134827,0.1789491,0.10512759,0.00019165424,0.21403553,0.13928197,100.0,0.7210249,0.054158445,0.34061626,0.48034003,0.00068443915,0.077704936,0.9003783,0.2271418,0.20272848,0.20747,0.19224912,0.3125674,4.45221,0.023797592,1.0358181,0.35124928,0.038101565,0.1077048,0.004258205,0.16105528,0.029035011,0.10126319,0.13986893,0.13821076,0.0003125966,0.012973461,0.1253277,0.05150535,0.19435449,0.0050537973,0.0010260931,0.16762277,0.00039494238,0.121012844,0.023001146,0.8465893,0.01711311,0.17915101,0.008569554,0.00041858875,0.098384336,0.08060665,0.7181968,4.827163e-05,0.6278109,0.3537495,0.11781095,0.9440058,0.072383925,16.563797,0.4811185,0.0005253657,0.6836439,0.6407592,0.0048380666,0.00037072753,0.08239778,1.1694964,0.18039273,0.112596996
2003,0.048814245,0.3511001,0.019180523,0.001587907,0.3288171,1.1310389,0.016213266,0.0011696488,1.6011307,0.20408948,0.099657,0.013340792,0.34933814,0.06524214,0.096359536,0.32639423,0.13567796,0.091955446,0.005377892,0.042118046,0.19333112,0.012616193,0.47218096,7.8073,0.0036945445,0.030618936,0.022063665,0.035646852,0.07629515,2.0924883,0.11999693,0.23073378,14.712064,0.2191514,0.13463266,0.59434164,0.074356385,0.0001397039,0.7362933,0.0014515746,0.001562006,0.039458852,0.10513654,0.019117918,0.30455416,2.2989364,0.0036631653,0.00046522482,0.17344287,0.071485214,0.42749676,0.2876387,0.5439122,0.01684008,0.9187776,0.040231574,0.51854426,0.2678563,0.0052709915,1.0947355,0.00041107848,0.08271716,1.606455,0.008378332,0.113041475,0.07760488,0.006600319,0.012532315,0.029425293,0.28832972,0.0005809697,0.15803441,0.040444836,0.11125824,0.05993682,0.049022317,0.02830499,0.17570242,2.9384573,4.751222,0.1758607,1.383429,0.3849059,0.009350193,0.16377136,1.2591527,0.0327838,0.049361207,3.0262225,0.442931,0.15316933,0.031937376,0.13302973,0.00015371456,0.0005139534,1.1769879,0.22059184,0.10603918,0.049651302,0.052492443,0.22147496,0.0009272193,0.00057696446,0.07752331,0.013446099,0.03406666,0.026083833,0.021769252,0.0035171183,0.15002258,0.015514486,0.19256696,0.0013944862,1.680031,0.025674656,0.10186108,0.007190835,0.47251755,0.0049164267,0.05664143,0.18622707,0.026525194,0.008944943,0.054584444,0.69366807,0.031817336,0.066697106,1.1594603,0.17257884,1.248767e-05,0.5301926,0.17418423,0.10225155,0.00015553241,0.1952709,0.15691899,100.0,0.6906739,0.050070707,0.43356225,0.51242846,0.0006715314,0.0933105,0.8788971,0.21937923,0.18174626,0.21146122,0.19395597,0.29323018,4.4389424,0.021684423,1.0051928,0.30817813,0.039634865,0.10109664,0.004121587,0.15068765,0.027607733,0.09835135,0.14145428,0.14158934,0.00041724456,0.012315331,0.117233485,0.048881643,0.19548866,0.0047914144,0.0009518016,0.197562,0.00037805238,0.13250455,0.021061044,0.8304864,0.017532688,0.203918,0.008573952,0.00042996978,0.1079472,0.07658965,0.7620592,4.5551107e-05,0.6151986,0.3800135,0.113950394,0.9175381,0.068804555,15.89294,0.437215,0.0005155987,0.6391756,0.6487554,0.0085117165,0.00033473154,0.090387315,1.2047287,0.16361256,0.114484504
2004,0.045202076,0.35936242,0.016887618,0.0016292565,0.3366903,1.2353449,0.019367144,0.001208796,1.6576169,0.19800688,0.103615135,0.01147648,0.34998348,0.062426154,0.09101907,0.3283078,0.12569769,0.09100862,0.005339686,0.043182004,0.20180222,0.010570278,0.35149944,6.860593,0.0037581995,0.028819878,0.022336435,0.034468185,0.06650083,2.0936468,0.11911682,0.23313005,15.649452,0.20253971,0.13947305,0.5599703,0.073842965,0.00014522696,0.5224564,0.0014396305,0.0015668004,0.032646034,0.10636534,0.019982088,0.30309042,2.2295625,0.003647769,0.0004948881,0.1629813,0.06320016,0.4095102,0.18081918,0.5505181,0.017376052,0.93636626,0.048953377,0.5007326,0.265038,0.005829469,1.0842189,0.0003665547,0.07912195,1.5898116,0.010320227,0.10504306,0.07030581,0.0066568702,0.0112500675,0.044379372,0.2874272,0.0004922754,0.13102184,0.032739174,0.10624466,0.04698319,0.051493656,0.043540336,0.17019041,3.1209204,4.874528,0.17133257,1.4680452,0.43656123,0.009544838,0.15473825,1.2488894,0.032936674,0.051920243,2.9722083,0.48385483,0.1581603,0.030987598,0.13299036,0.00015283027,0.0004959738,1.1829036,0.22544312,0.115147,0.04702649,0.04924667,0.22130507,0.0010034051,0.00056934694,0.1179688,0.01502016,0.052108645,0.028877743,0.031850837,0.003854287,0.15810947,0.015487222,0.17781875,0.0017653195,1.653976,0.024838503,0.13352385,0.0068211555,0.5018562,0.0052203513,0.052675217,0.20831174,0.026222935,0.00948645,0.064158455,0.6917213,0.03286026,0.061264507,1.1078132,0.14553474,1.1955735e-05,0.53380775,0.17363045,0.09938728,0.00015378845,0.18305117,0.14060287,100.0,0.71846193,0.047608975,0.35650516,0.44876385,0.0006716375,0.06487306,0.8625183,0.2297971,0.17529759,0.20182449,0.19717482,0.29852298,4.5064173,0.020304449,1.1276052,0.32244882,0.050589893,0.10402568,0.005788163,0.1272942,0.022980029,0.09527962,0.15490727,0.13863727,0.00031249775,0.009879653,0.11998213,0.0490529,0.19780552,0.004848976,0.0010218207,0.17920585,0.00038974202,0.13573287,0.021525174,0.864475,0.0190341,0.22381398,0.009010341,0.0004244774,0.11074759,0.07819736,0.74077505,4.521108e-05,0.6323258,0.40701938,0.10579613,0.90352196,0.07082779,15.809768,0.42595235,0.00057088496,0.5965679,0.6878598,0.0062283543,0.00031825903,0.092627846,1.2912077,0.15875827,0.11410012
2005,0.04616066,0.35695675,0.02221126,0.0016424989,0.34216854,1.2491598,0.023958882,0.0012594686,1.4068652,0.19787453,0.10909947,0.011960388,0.3348452,0.052041344,0.092853956,0.33154428,0.12701301,0.09759425,0.0049387496,0.044431224,0.20114517,0.009897008,0.29931337,6.326162,0.0037896065,0.027848171,0.020115418,0.037020583,0.068688005,2.0126607,0.11873592,0.23597075,17.044834,0.20667015,0.13333341,0.55949503,0.08018048,0.00015785081,0.44402277,0.0014234284,0.0015854784,0.03061653,0.0999199,0.018973395,0.29051676,2.1750748,0.0036727814,0.00048549948,0.15177357,0.063442715,0.448757,0.16362457,0.59108585,0.019291395,0.94819707,0.042823486,0.5034598,0.23245043,0.0053214594,1.0686663,0.00030555826,0.07330069,1.5801858,0.010547737,0.1064492,0.072361596,0.0063396674,0.010951061,0.040765747,0.29213572,0.0005141077,0.13115118,0.012532557,0.10982019,0.043502573,0.050802425,0.04582824,0.1649095,2.9270453,4.9866595,0.17012356,1.5239022,0.4292664,0.009290446,0.14761908,1.2254041,0.029822564,0.0558858,2.9530516,0.51964444,0.16260935,0.02985601,0.109398834,0.00016893256,0.00046566883,1.1862875,0.24730004,0.11848698,0.04495128,0.049170118,0.2247712,0.0009433351,0.0005590017,0.087285474,0.012784943,0.04446146,0.02900634,0.036459874,0.0040255478,0.15961125,0.015836196,0.17316258,0.0015976238,1.6912842,0.024082532,0.103939794,0.006326783,0.53676295,0.0018482357,0.073938996,0.18971395,0.02633096,0.009339685,0.0610602,0.6785143,0.03442037,0.061868396,1.086838,0.12859462,1.2855208e-05,0.51772904,0.16695845,0.10019384,0.0001434243,0.17314573,0.14384162,100.0,0.7357643,0.043750085,0.34103465,0.5269544,0.00074325333,0.092434905,0.8604729,0.23298,0.17951147,0.20222864,0.1916035,0.28217098,4.3652577,0.018642582,1.1358093,0.29550162,0.04055031,0.09940736,0.0055598216,0.15215683,0.022072447,0.09260237,0.109980404,0.14541575,0.00019848181,0.009266537,0.12075504,0.048584253,0.1946991,0.004397101,0.0010304381,0.17896232,0.00045244463,0.12979695,0.025908707,0.8773841,0.020027764,0.21774901,0.008699409,0.00048661066,0.124442264,0.08072364,0.75180525,4.4626006e-05,0.6406697,0.42958996,0.109552,0.90205216,0.072718844,15.760501,0.41933408,0.0005644629,0.5848963,0.64511985,0.004830488,0.000300352,0.10146136,1.1933233,0.1827139,0.119854204
2006,0.045078076,0.33630365,0.01718599,0.0015102539,0.34991127,1.2407581,0.019538695,0.001301083,1.425163,0.18678011,0.10833218,0.012144307,0.31828716,0.050533675,0.10676764,0.33440554,0.12296633,0.09246838,0.0046667685,0.045617238,0.19924764,0.010693284,0.26134685,5.818382,0.003721412,0.032657877,0.01754609,0.041404415,0.06545766,1.8993192,0.11386571,0.22559774,17.920835,0.20283207,0.13560113,0.5373102,0.07492339,0.00015798605,0.47520325,0.0014516284,0.001632071,0.029777944,0.093875684,0.018799532,0.2854016,2.134731,0.0035902555,0.00055293523,0.16138743,0.06504369,0.43010753,0.16094248,0.5993696,0.016199522,0.8921354,0.040130503,0.5228034,0.2519253,0.0033017062,1.0039927,0.0002873791,0.06751148,1.4954128,0.011758553,0.1049213,0.07445657,0.0071504023,0.010614222,0.045775104,0.2781854,0.0005377081,0.15333931,0.027856939,0.102237396,0.0466947,0.051026568,0.036642887,0.15739886,4.062209,5.0713434,0.16119355,1.518061,0.38673848,0.009324092,0.15606794,1.1541345,0.040992975,0.05338089,2.8166943,0.56096977,0.15899113,0.027992291,0.0975707,0.00016435568,0.00046401547,1.1563765,0.24301666,0.108144514,0.039631877,0.04794346,0.21021561,0.0010199877,0.0005418839,0.083027,0.013141504,0.0435394,0.027777264,0.029868728,0.0034158973,0.16035756,0.015313082,0.16332726,0.0018731704,1.6732047,0.02248646,0.0927944,0.0061522983,0.57349885,0.0034184107,0.064088434,0.1923162,0.026917592,0.00969436,0.055122774,0.6770996,0.036103934,0.082040235,0.97284406,0.12398928,1.37190345e-05,0.49022266,0.16165751,0.09397333,9.902793e-05,0.18617769,0.15462308,100.0,0.75076085,0.050846256,0.31674856,0.5031164,0.0007271772,0.13929911,0.84299093,0.23020697,0.16219579,0.19754788,0.2170256,0.26997617,4.510528,0.01870538,1.1750438,0.2958156,0.043700743,0.09836118,0.005207049,0.091589585,0.025435308,0.0869836,0.12768808,0.12822384,0.00038245865,0.008548454,0.118826546,0.048303217,0.19297937,0.004274019,0.001009585,0.18014368,0.000492124,0.12354465,0.02162047,0.8573602,0.019569473,0.21699406,0.011679832,0.00051530654,0.13634934,0.08086029,0.7559806,4.315228e-05,0.6404935,0.46906814,0.107790425,0.90591365,0.07990633,14.915031,0.41830787,0.00054296927,0.5939391,0.6067249,0.0037555203,0.00028697774,0.10898801,1.2185254,0.1599615,0.10255059
2007,0.04670764,0.37002265,0.022799812,0.0014752346,0.37294605,1.0872698,0.019296838,0.0013394933,1.480715,0.18103977,0.1079973,0.012337312,0.30942044,0.07076353,0.104219966,0.34075204,0.1318767,0.09892927,0.00475314,0.047031365,0.19610114,0.010544773,0.25035933,5.577691,0.0036932095,0.034494787,0.018757552,0.043638624,0.0665904,1.9180788,0.10896998,0.24575797,18.911226,0.17631596,0.13964893,0.52469355,0.07783933,0.00015401293,0.45680073,0.0012739026,0.0017154667,0.035321556,0.08955368,0.018973269,0.2881489,2.0343223,0.0037175645,0.0005007509,0.15338217,0.067428306,0.4277387,0.17348453,0.6197749,0.015980845,0.90905786,0.047219295,0.4793966,0.2409265,0.0054779137,0.97971034,0.00032611654,0.062800765,1.4476266,0.011452186,0.10672834,0.07587258,0.011484303,0.010920438,0.046503313,0.28216848,0.0005471894,0.14014821,0.017622162,0.1053873,0.051236067,0.064144745,0.03572223,0.1553342,2.7432675,5.367905,0.17565289,1.5354261,0.2795687,0.009973766,0.15737323,1.1595608,0.040704846,0.056309104,2.8655424,0.58895004,0.20038323,0.030257901,0.096095376,0.00016466787,0.0004955535,1.1902071,0.23901792,0.12106182,0.037129253,0.04676117,0.1844277,0.0009567083,0.00047521933,0.11656469,0.012881117,0.049290888,0.026316553,0.029211273,0.0032016137,0.16546534,0.015113647,0.16733775,0.0019560126,1.6500007,0.023346918,0.105014466,0.0062885317,0.5849325,0.0034829148,0.07547935,0.19702525,0.027126392,0.00973484,0.059531685,0.7114398,0.034082722,0.06801078,0.9120224,0.11401255,1.44695805e-05,0.48145893,0.16526599,0.09374908,9.861573e-05,0.17351085,0.16100414,100.0,0.7744066,0.04607142,0.32350442,0.5418478,0.0007287833,0.11637097,0.8489658,0.2025406,0.16585648,0.19747457,0.22655061,0.28089,4.487655,0.018170407,1.1231545,0.29206854,0.08923343,0.099259384,0.005420097,0.07367348,0.025002103,0.09061361,0.12758166,0.13856341,0.00028365367,0.009109378,0.11780977,0.059836373,0.19061932,0.004463288,0.0010384022,0.20414361,0.00056860124,0.1258531,0.022207906,0.92436665,0.02126722,0.2146621,0.013155207,0.00048502526,0.14316687,0.08533999,0.8191357,4.3067157e-05,0.6464579,0.4644926,0.11690136,0.9211861,0.09777947,14.991902,0.40691692,0.00066822197,0.5954404,0.63910514,0.0026229115,0.00023114202,0.10738043,1.2646084,0.18023832,0.112877734
2008,0.051836725,0.42045718,0.020819785,0.0014338642,0.4096609,1.0252203,0.019436384,0.0013324744,1.5788386,0.17718956,0.11820196,0.012479325,0.3019392,0.06612145,0.104134,0.3525109,0.127348,0.10756892,0.0048115486,0.0510439,0.20221406,0.010402624,0.25239304,5.350601,0.0042285635,0.039611436,0.021966372,0.06262968,0.0779315,1.7755152,0.1096624,0.24833642,19.697004,0.15779746,0.17489281,0.88800293,0.07596027,0.00014997493,0.4103806,0.0013230332,0.0015615971,0.039749287,0.08957794,0.019444823,0.27207968,2.012861,0.0038288226,0.00050559454,0.14326477,0.06969592,0.42918837,0.15434736,0.6342403,0.016322058,0.81799126,0.043793652,0.493048,0.21844006,0.00394577,0.94710875,0.0002712813,0.06379793,1.3723129,0.009081947,0.10474678,0.073661596,0.0115832435,0.010061343,0.04694052,0.26904482,0.0006770327,0.122219905,0.023977555,0.10185513,0.05014739,0.0544398,0.041915152,0.14795923,2.7684984,5.5726266,0.15964119,1.5287162,0.34879538,0.010501701,0.1654398,1.0953403,0.03756782,0.056202773,2.663969,0.6429959,0.20576215,0.03170113,0.094994925,0.00016317514,0.0005136509,1.1857386,0.24790055,0.124682635,0.044775322,0.045954783,0.19485396,0.0009549502,0.00050480163,0.097774446,0.01040992,0.05249771,0.025442578,0.02740394,0.0026557203,0.16883042,0.014698563,0.15665038,0.0020653873,1.6220949,0.021980984,0.10560078,0.0062460685,0.55134404,0.0043356423,0.08296066,0.1936515,0.025844887,0.009705969,0.05856739,0.7511436,0.031725973,0.0635195,0.9361757,0.098590165,2.2544671e-05,0.46720973,0.16041291,0.09456046,9.686518e-05,0.1818241,0.16301388,100.0,0.770334,0.046983663,0.2977562,0.51060754,0.0006221084,0.11244373,0.81033874,0.21655641,0.1518649,0.1920251,0.2394923,0.27575397,4.5168614,0.01860338,1.2069815,0.31651276,0.07051695,0.09475079,0.0056956117,0.06908584,0.022920826,0.08706081,0.10658645,0.13387482,0.00026880315,0.013317911,0.11821361,0.052406542,0.17914338,0.004302272,0.0010455394,0.19876829,0.00058393157,0.13456738,0.022802852,0.90111417,0.022228464,0.23751563,0.013296515,0.00054046186,0.13742094,0.08784992,0.7924227,4.2549585e-05,0.60530376,0.43159962,0.12854247,0.8812055,0.11732728,14.383262,0.42073837,0.0006156361,0.595069,0.6437312,0.0024335266,0.00017736896,0.10356245,1.2948132,0.21937984,0.085698806
2009,0.057720244,0.44786885,0.018002063,0.0013735077,0.44046095,1.2212385,0.016672641,0.0013628103,1.4566194,0.16290294,0.107345596,0.013618391,0.2768284,0.060085606,0.105978824,0.3616907,0.11338486,0.10635904,0.0053871395,0.05382082,0.19987586,0.012526599,0.24444154,4.9908543,0.0040930705,0.034630854,0.01911943,0.038578592,0.059613213,1.6582156,0.1064328,0.23342682,20.657421,0.14970626,0.19899297,1.2588191,0.08563609,0.00014751153,0.42919287,0.0013974424,0.0016761044,0.039468054,0.08859849,0.01826757,0.25587294,1.8674816,0.0036728594,0.00048504584,0.13753188,0.067628436,0.43281385,0.15839851,0.6515626,0.015735064,0.74286604,0.038843688,0.5244668,0.2082621,0.0035928823,0.90856296,0.00035259168,0.05794953,1.2532681,0.010470529,0.100025065,0.07490657,0.01143325,0.01223509,0.040952884,0.25578967,0.000629026,0.11726856,0.024400815,0.099874705,0.06083655,0.050827254,0.05824194,0.13029112,3.584668,5.816842,0.14509724,1.5665542,0.40940014,0.010216134,0.15652812,0.9922881,0.022471497,0.056457344,2.5164332,0.65902984,0.21027523,0.030809611,0.10861422,0.0001641737,0.0005452427,1.2035892,0.25251034,0.14133519,0.051478323,0.049808376,0.1924623,0.00094031496,0.00047038725,0.0923744,0.009371215,0.05051557,0.024395585,0.02511616,0.00427051,0.17043832,0.013524606,0.15259552,0.0021693893,1.5984036,0.024196226,0.10086641,0.0060059703,0.52466655,0.0018364463,0.09056596,0.18413617,0.026909258,0.009700508,0.050486006,0.80765384,0.037958995,0.07189774,0.77523255,0.098984934,1.4986726e-05,0.455703,0.15563849,0.09641357,8.953403e-05,0.167675,0.15680945,100.0,0.7912594,0.06793272,0.31142145,0.47684625,0.0006661022,0.10320894,0.7496199,0.20468085,0.14217,0.2028902,0.2550016,0.26614767,4.458692,0.019518547,1.2762944,0.3055044,0.06549242,0.09604155,0.006751278,0.07338564,0.02305615,0.08761433,0.098486684,0.1343611,0.0002863652,0.010662118,0.1127772,0.049220882,0.17087397,0.004090139,0.0011083022,0.19277428,0.0006104157,0.15241611,0.02461868,0.9230607,0.02126713,0.19309522,0.012398824,0.000552585,0.13899489,0.097614236,0.8307487,4.2922537e-05,0.5785593,0.44819218,0.1317804,0.7787771,0.10360383,13.295303,0.36885187,0.0007567987,0.57699233,0.76477295,0.0022439172,0.0005227519,0.11456654,1.2464985,0.19937126,0.08274487
2010,0.06341413,0.46207157,0.01804975,0.0013065244,0.4591302,1.0683455,0.015139659,0.0012403198,1.7218021,0.16522191,0.100110486,0.015412585,0.27957305,0.056444548,0.10810054,0.35984942,0.115037456,0.10229631,0.005327557,0.05178828,0.19654876,0.012311409,0.24335192,4.7271285,0.0036268586,0.032234825,0.02189223,0.066171564,0.060201306,1.5834538,0.10499442,0.22618301,21.219938,0.14150687,0.14845751,1.3904574,0.0919538,0.0001550888,0.41107383,0.0014340532,0.0017366087,0.03306189,0.09343735,0.017501194,0.2519347,1.8589131,0.0036713164,0.00046670152,0.13795891,0.06802351,0.42330903,0.164054,0.6096478,0.014665595,0.6755984,0.04549314,0.52521795,0.21745476,0.0045020357,0.88530695,0.0002467857,0.054287404,1.2254612,0.010210239,0.09856962,0.07635726,0.009974062,0.010605651,0.037858892,0.2286669,0.00059346214,0.109287895,0.02201497,0.092395365,0.059289813,0.047018994,0.046457108,0.12373729,3.1373057,5.766869,0.13467115,1.5453779,0.43210998,0.0113169765,0.15964696,0.9592411,0.019648248,0.053563945,2.510069,0.7701691,0.21402258,0.029691366,0.11326023,0.0001804304,0.0005366945,1.2649603,0.24602932,0.13669682,0.048946645,0.04933358,0.20418037,0.001073176,0.0004181389,0.10086794,0.008602802,0.0520153,0.024550162,0.02667862,0.0027600315,0.17887717,0.013948643,0.14168745,0.0021923727,1.521914,0.020928862,0.10035614,0.0058572902,0.4925109,0.0034503003,0.094552994,0.16927974,0.026283713,0.009597342,0.047852807,0.8228931,0.03513218,0.08352184,0.826308,0.09252989,1.2918596e-05,0.45823064,0.15256691,0.09523435,9.294083e-05,0.15648045,0.16458793,100.0,0.77273,0.048559833,0.30263272,0.5139128,0.0006299992,0.08272806,0.7804082,0.18361337,0.12789837,0.20295793,0.28072587,0.23065552,4.9034824,0.019117288,1.3333474,0.3407215,0.05357318,0.10129782,0.0062835836,0.070019364,0.021532087,0.08230005,0.09204065,0.12066573,0.0004440164,0.011464549,0.11245505,0.04811884,0.1768557,0.0035276287,0.001062571,0.1804543,0.0005967328,0.15374754,0.024406657,0.9404588,0.021151824,0.20209287,0.011852283,0.0005000205,0.13945946,0.09285617,0.78486556,4.1024825e-05,0.5893335,0.4819514,0.13045177,0.76921046,0.1076806,13.1791,0.3564054,0.00056062284,0.61172915,0.6994347,0.0018727555,0.0009867362,0.109988645,1.1597203,0.20621088,0.09250274
2011,0.069748424,0.42412192,0.018874895,0.0012043691,0.47720468,1.0375508,0.015899371,0.0011981303,1.6196526,0.15678263,0.10236424,0.017461343,0.2538325,0.060842827,0.098186284,0.3577483,0.1273659,0.09887033,0.004948479,0.05661821,0.21441972,0.012064356,0.230896,4.563154,0.0036480832,0.0353639,0.018801643,0.07050813,0.06085168,1.6572996,0.09396685,0.23621787,22.680271,0.14545043,0.13475366,1.5411508,0.09159775,0.00016569937,0.6009989,0.0014125733,0.0017800786,0.029143084,0.07372285,0.016358837,0.24378525,1.7617702,0.003220518,0.00043570893,0.11947994,0.06429955,0.4250924,0.20994736,0.6258591,0.014494284,0.69175845,0.04473428,0.48445517,0.19562493,0.003988953,0.8134984,0.0002662172,0.054251917,1.1083466,0.013798189,0.10031567,0.08340306,0.007979931,0.009837664,0.038650386,0.2163695,0.0005337382,0.09889106,0.016976936,0.09628346,0.06137646,0.046712853,0.04293766,0.117777295,3.4690697,5.810907,0.12242301,1.5325207,0.4515622,0.009218284,0.15811612,0.91549885,0.02165004,0.055569742,2.547084,0.67310774,0.20289199,0.03223208,0.13112573,0.00016942382,0.0005249879,1.2944204,0.240791,0.124072865,0.04799414,0.047990836,0.13984725,0.0010643926,0.00037692735,0.09148059,0.009103689,0.054275542,0.023678409,0.02625697,0.0028117753,0.19045308,0.014086947,0.12973033,0.0022484695,1.5409327,0.027994657,0.098070286,0.005710358,0.46660754,0.00362679,0.112353034,0.16029315,0.026216652,0.009385605,0.044171266,0.8841226,0.043862406,0.10380753,0.825254,0.0824169,1.8114504e-05,0.41710323,0.14455473,0.09193075,8.3422085e-05,0.15465398,0.17450091,100.0,0.76976454,0.038354002,0.3069454,0.5114939,0.00063498697,0.084084965,0.7420318,0.1477774,0.12381621,0.2158631,0.3119166,0.2347356,4.34172,0.019076541,1.2851683,0.3906581,0.051327627,0.10384124,0.006094428,0.05206528,0.020140866,0.08138679,0.09666047,0.1183083,0.00046261304,0.011099673,0.111516126,0.046518072,0.1606865,0.0032295918,0.00096366834,0.16995661,0.0005835298,0.17372496,0.032459777,0.9051502,0.02000865,0.22402322,0.0117807975,0.0004966159,0.13436836,0.08271919,0.8359718,4.005328e-05,0.58549863,0.4415042,0.12327504,0.7938855,0.094422825,12.465735,0.36835322,0.0005291487,0.55971825,0.69160795,0.0010308871,0.001353281,0.099460565,1.13398,0.20748942,0.08279942
2012,0.064547144,0.41247898,0.017901666,0.001174257,0.4908008,0.94584954,0.017544938,0.0011998258,1.4982767,0.14822163,0.10763649,0.016695358,0.24394916,0.070669904,0.100002915,0.36579683,0.115711056,0.09941906,0.0046988614,0.053455997,0.21684748,0.010929981,0.22763066,4.6691146,0.0034118874,0.033625238,0.018769935,0.045225337,0.052428544,1.5745784,0.094658,0.23744729,22.625647,0.19154896,0.12738027,1.4892515,0.086095855,0.00017081977,0.8937214,0.0014555637,0.001541474,0.03159305,0.08131516,0.014733937,0.23292165,1.7481723,0.0031808482,0.00045917687,0.10932163,0.06443293,0.44142145,0.19428976,0.6055396,0.014216351,0.6356761,0.042578965,0.48460338,0.18586135,0.0039012525,0.80936635,0.0002636023,0.05598686,1.1213111,0.018277002,0.09754125,0.088648446,0.007312054,0.009951939,0.041327044,0.20475826,0.00055662304,0.094246976,0.025076257,0.09369954,0.054352485,0.059352815,0.041360963,0.10797283,3.5485306,6.050668,0.120313935,1.5235683,0.49501345,0.009064569,0.16584721,0.8425463,0.01916184,0.05951768,2.5783176,0.6737835,0.18981287,0.0358331,0.1366614,0.00016076851,0.00048151764,1.2791342,0.26916423,0.11453683,0.051067963,0.048553627,0.18985991,0.0010426517,0.00038464463,0.08094854,0.008507546,0.05570439,0.02272668,0.026925446,0.0024562394,0.18820924,0.010994947,0.11967038,0.0024754405,1.5432768,0.02325959,0.09807744,0.00570507,0.43778095,0.0023973705,0.13665085,0.15566504,0.026308078,0.009334349,0.043837663,0.87686723,0.046587095,0.12001348,0.78808445,0.07753311,1.7078255e-05,0.4078524,0.13908331,0.08979064,8.8884466e-05,0.15506412,0.18499967,100.0,0.7625684,0.043326642,0.29061058,0.4698346,0.00068109966,0.05905986,0.7135256,0.14166035,0.12064437,0.20634565,0.33840236,0.22826323,4.8402534,0.018368484,1.3986983,0.33797145,0.046532817,0.10016051,0.0050678737,0.052683238,0.02023737,0.08586009,0.086362235,0.127746,0.0003768946,0.01406527,0.1064849,0.04543521,0.15278256,0.003240554,0.0009858101,0.13078883,0.00057327707,0.18875885,0.025080606,0.90328205,0.023789866,0.22794865,0.012162991,0.0004929682,0.12968093,0.08518619,0.88185716,3.9449358e-05,0.56816214,0.42351684,0.12058834,0.78600323,0.09882586,11.952862,0.37110987,0.000547693,0.5901622,0.6613634,0.0011843967,0.0016766147,0.08834267,1.1050751,0.18974063,0.07576217
2013,0.06363593,0.41843072,0.018641256,0.0011596909,0.5079815,0.89895225,0.017172648,0.001218993,1.3064003,0.15070257,0.109616816,0.018420137,0.24569385,0.059837762,0.097523786,0.38070548,0.10131896,0.11332268,0.0046335296,0.052040484,0.22756205,0.0114006465,0.22099796,4.7295885,0.003377581,0.028754529,0.013796779,0.049197067,0.05659422,1.6193017,0.09745465,0.24034709,23.115147,0.18653232,0.14446345,1.5712615,0.084128775,0.00017343297,0.60048205,0.0015278761,0.001516958,0.03324261,0.07768056,0.013492136,0.22656773,1.794219,0.0034083705,0.00041588582,0.11595141,0.06603802,0.4511654,0.17399749,0.5983643,0.01432132,0.5902168,0.046392914,0.50568205,0.18718714,0.0049751126,0.828672,0.00028681796,0.061359793,1.1014534,0.015265176,0.09871761,0.085384905,0.0070171235,0.009674423,0.047598395,0.17958009,0.00061377196,0.108028024,0.01776299,0.09728904,0.054722507,0.044674568,0.035785645,0.103603445,3.4808307,6.0550056,0.11775137,1.557556,0.5220881,0.009026494,0.14747804,0.7842713,0.020056076,0.060168408,2.6149156,0.68209845,0.18551621,0.036811423,0.14433695,0.00016283616,0.00048425572,1.2983861,0.23646362,0.1073405,0.05255413,0.048859615,0.15669782,0.0010327538,0.00040017982,0.076938964,0.007838628,0.0534522,0.021872493,0.02548269,0.002189587,0.17829657,0.011852982,0.117145,0.0024673224,1.5405,0.020204518,0.10013158,0.005057243,0.43960586,0.002572325,0.15187912,0.15795249,0.026281321,0.010478852,0.04685941,0.9134449,0.033060737,0.105640694,0.7893243,0.07212122,1.6767619e-05,0.40831944,0.14004938,0.09083254,9.6463715e-05,0.15581967,0.19489783,100.0,0.7728305,0.04285447,0.27820036,0.4813954,0.00057297555,0.078432634,0.71068275,0.12167653,0.11493206,0.22502598,0.32610998,0.2020581,4.5394754,0.018643105,1.3711104,0.31122908,0.047800757,0.103760056,0.008989153,0.043564066,0.01893616,0.083306134,0.08949427,0.12111497,0.0004928377,0.015165124,0.11019202,0.043475073,0.14845432,0.003298602,0.00096752355,0.10143012,0.0005844654,0.19191621,0.02229351,0.9036138,0.025502058,0.23341203,0.012051373,0.0005515512,0.12935664,0.081229694,0.89338875,3.9767936e-05,0.57423633,0.43244827,0.11914321,0.7732616,0.097765334,12.166502,0.3615203,0.00065269443,0.6297765,0.70247847,0.00060050166,0.0020100798,0.1061637,1.1083581,0.18217278,0.07449493
2014,0.06432659,0.40427515,0.020006368,0.0011172194,0.49541903,0.92576,0.016769854,0.0012220189,1.2620413,0.14106606,0.11127472,0.018204717,0.23308769,0.05520524,0.09782584,0.38453802,0.10522263,0.11320321,0.0046975594,0.049948066,0.22142641,0.014745954,0.21159023,4.727986,0.0030322457,0.032213017,0.010374934,0.039113298,0.052159242,1.6945682,0.088528685,0.22598818,22.923563,0.25713474,0.109112844,1.4063491,0.07168733,0.00016956087,0.51984316,0.0014936258,0.0014876559,0.03551934,0.07731058,0.015517012,0.22182629,1.6986381,0.003468729,0.00041141067,0.10424558,0.08513641,0.47264162,0.2444159,0.6198452,0.0141133,0.58903366,0.04577187,0.48913556,0.17641841,0.0034692162,0.75957793,0.00028482053,0.046370145,1.0131732,0.017731037,0.09761782,0.08118107,0.00751196,0.009648176,0.037197325,0.1721611,0.0005002966,0.14362644,0.007368865,0.09865921,0.05267406,0.043675598,0.034090172,0.10286538,3.977431,6.201061,0.11506968,1.6088648,0.5101826,0.0089278,0.14102077,0.73243123,0.017650513,0.06386834,2.4913242,0.7208453,0.1798587,0.03841677,0.15564084,0.00017651505,0.0004916413,1.2760141,0.21809648,0.1115448,0.05631968,0.050080556,0.17124611,0.0010107036,0.0003345412,0.07753778,0.0068305517,0.04842809,0.02061863,0.026309298,0.0027552587,0.18092357,0.011894339,0.10888934,0.0029052112,1.4996761,0.019071136,0.100881375,0.004972734,0.4394579,0.0019440486,0.12905625,0.1643615,0.027408306,0.010118522,0.04650822,1.0930294,0.03157045,0.11280293,0.80250096,0.06649384,2.3185805e-05,0.388729,0.13991107,0.0928743,0.00010248307,0.15332836,0.19412233,100.0,0.781614,0.040780127,0.28349864,0.47587842,0.0005490915,0.096527055,0.6703041,0.12713471,0.11257879,0.23189475,0.33683315,0.19958404,4.2971196,0.017852087,1.3645883,0.3099566,0.06596313,0.10456716,0.006351875,0.0392187,0.021077693,0.08140144,0.07272933,0.12006059,0.00046105694,0.013791208,0.109830186,0.038854945,0.14310747,0.003219148,0.0010504574,0.09212247,0.00061794434,0.18092932,0.01975652,0.90682095,0.029472025,0.2296303,0.010507612,0.00056454085,0.13024527,0.082625724,0.92272127,3.949011e-05,0.57306087,0.4352639,0.11607257,0.6779509,0.095169395,12.296701,0.3468261,0.0006128573,0.56558585,1.0049862,0.00094840064,0.002224676,0.10152094,1.1220788,0.17531739,0.07098011
2015,0.06400895,0.41859594,0.01847979,0.0011197869,0.53239816,0.8608548,0.016783293,0.0012462437,1.2126269,0.14389136,0.1148013,0.01756465,0.24132253,0.05268077,0.096386544,0.40904742,0.113338076,0.11575924,0.0050066533,0.050973292,0.21278302,0.017300727,0.2176007,4.689464,0.0029671646,0.026764426,0.008097449,0.034626763,0.053041656,1.635426,0.08748301,0.23291269,22.75324,0.18093048,0.14227019,1.2358071,0.07846876,0.00016256946,0.50455695,0.0015410108,0.0014942419,0.032540634,0.07674912,0.014575575,0.22849114,1.705756,0.0036545817,0.0004218697,0.10091536,0.07719732,0.4902709,0.17108373,0.61026824,0.015172546,0.6179727,0.040595427,0.44459873,0.16826208,0.0041943667,0.77045566,0.00029932655,0.062087063,0.9861497,0.017528104,0.098458365,0.08160485,0.0073881554,0.009692249,0.043630935,0.16091576,0.0005424591,0.13340059,0.01079657,0.092628986,0.06338101,0.04480877,0.032749448,0.10931386,4.766293,6.3411107,0.12072728,1.6133479,0.5346401,0.009168006,0.14715917,0.75869536,0.01732026,0.06357314,2.4099007,0.7042264,0.180796,0.03864837,0.15742373,0.00017101123,0.00049650035,1.2848784,0.25410748,0.10844579,0.059499215,0.047246493,0.15650405,0.001011528,0.00033011954,0.08589303,0.011402092,0.048369892,0.01959736,0.029654786,0.0036839775,0.2176312,0.011518259,0.11252887,0.0028139874,1.4768994,0.017987039,0.10398327,0.0036091383,0.45609862,0.0023385335,0.11702058,0.16148362,0.028704735,0.009981996,0.04643237,0.8945153,0.03182771,0.12609465,0.77559906,0.07548434,1.583461e-05,0.3995122,0.14303827,0.09447949,0.00010932465,0.15714362,0.20001778,100.0,0.7990166,0.04125156,0.2531192,0.47784945,0.00052591827,0.08812532,0.6735691,0.11173181,0.12080266,0.20124932,0.33907828,0.19114234,4.7381454,0.018784959,1.4441799,0.30209425,0.05872851,0.10804859,0.0072046807,0.036164504,0.02030407,0.080961004,0.086490676,0.11888158,0.0006807763,0.012225575,0.11929155,0.039622407,0.14366464,0.0031523206,0.0011307631,0.08560013,0.00062452315,0.18697812,0.020185888,0.8753493,0.032121655,0.23617688,0.010400444,0.0005603144,0.12592804,0.08605747,0.97283983,3.956427e-05,0.5708124,0.426819,0.11721969,0.59532946,0.085320175,11.914627,0.339704,0.00055182626,0.54468507,0.9342759,0.00095081626,0.0021110422,0.061782595,1.0680931,0.17423706,0.07136618
2016,0.06442216,0.40529212,0.017719362,0.0011506398,0.5482814,0.86391443,0.01744681,0.0013052791,1.274283,0.14861089,0.12034286,0.017790407,0.24081737,0.05183705,0.10016478,0.42278782,0.11039734,0.116649315,0.0051506,0.058197986,0.21513358,0.014582535,0.21485962,4.5235515,0.003138229,0.028124504,0.007556953,0.034611586,0.059180103,1.6383494,0.090232044,0.23953041,22.760733,0.18512914,0.13713719,1.3126974,0.07892011,0.00015104075,0.4603176,0.0016363952,0.0016347099,0.03667214,0.08952001,0.016705371,0.23291183,1.7342868,0.0036827966,0.00043153818,0.1070482,0.07907551,0.5074741,0.16486189,0.6562378,0.016632961,0.61058784,0.043494344,0.44270933,0.17410064,0.0036921536,0.79232466,0.00030748127,0.05572968,0.9621357,0.018609587,0.09762225,0.08948243,0.006792316,0.009709114,0.040625945,0.15401478,0.0005924377,0.1277723,0.023884773,0.09661115,0.07064624,0.04392826,0.032825116,0.113253884,3.3774817,6.656841,0.13037579,1.714779,0.6225765,0.009301125,0.15183003,0.7715715,0.018245846,0.06283586,2.4167585,0.71164834,0.19013707,0.03865931,0.16821748,0.00017647598,0.0005216598,1.3198102,0.29184693,0.11626174,0.06272642,0.04835775,0.15443876,0.001036775,0.00031357715,0.09099613,0.013613971,0.0473006,0.019603025,0.027805775,0.003787611,0.20801973,0.012219448,0.11741527,0.0031978474,1.4609305,0.017753126,0.11307063,0.0030595765,0.4698531,0.0017692778,0.13652839,0.15261547,0.029084822,0.010380841,0.04637686,0.84798056,0.033692054,0.12319419,0.7955541,0.078226596,1.6035932e-05,0.41074398,0.14447641,0.10335257,0.00010450588,0.15839975,0.20350243,100.0,0.87768763,0.042473163,0.27034894,0.501653,0.00054939755,0.14160559,0.71694344,0.121641815,0.12283853,0.1927953,0.3405919,0.19338976,4.8056245,0.01880981,1.5143217,0.31787083,0.059216514,0.10926621,0.006889849,0.036375895,0.019883176,0.08287189,0.09128258,0.1208012,0.00061361666,0.013275476,0.110310175,0.042018764,0.14753346,0.003314519,0.0012707578,0.083190106,0.0006709777,0.19186401,0.020584913,0.89944196,0.034216616,0.23434418,0.009809944,0.0005780861,0.11324875,0.08844822,1.045903,4.0501593e-05,0.5911376,0.43066722,0.11626491,0.6320696,0.08469444,11.966851,0.3637002,0.00057229976,0.5189227,0.91133237,0.0008084398,0.0017698468,0.05387224,1.1070844,0.18386494,0.067683235
2017,0.07040255,0.38931754,0.01879847,0.0011417952,0.5089745,0.81151175,0.016921133,0.001313405,1.3199772,0.15195322,0.11513764,0.018099423,0.23651944,0.050686672,0.1052274,0.43672016,0.11331168,0.11672406,0.005595173,0.056478128,0.21471226,0.0138491355,0.2477207,4.366906,0.0030776423,0.03121165,0.008883656,0.042440914,0.057134207,1.6461946,0.08760598,0.23746635,22.97588,0.31133243,0.14105333,1.322012,0.08443473,0.00016360616,0.59727895,0.0017575338,0.0016578992,0.03368416,0.07745084,0.017237015,0.22810736,1.6851748,0.0036542336,0.00039498686,0.102339566,0.07621423,0.5145124,0.14664343,0.6962466,0.016829923,0.6359024,0.04613678,0.43315563,0.16948761,0.0039532725,0.8090056,0.00030217087,0.058523476,0.92539716,0.017728567,0.09638148,0.09186965,0.0065283654,0.009714896,0.038526766,0.15794633,0.00062506134,0.12055269,0.011509237,0.09388021,0.065433785,0.044470523,0.03157747,0.11624054,3.3000798,6.711499,0.12753397,1.8131915,0.6479522,0.00956009,0.14451542,0.75506043,0.017857809,0.06487292,2.3647094,0.75698346,0.18064106,0.03753607,0.16411544,0.00019727163,0.0005208348,1.3384995,0.27391616,0.11331799,0.06626413,0.04994812,0.18541846,0.0010532477,0.0003253316,0.08403282,0.012945896,0.047830842,0.019715229,0.028027724,0.0040344074,0.19622813,0.011833283,0.114687376,0.003323745,1.4224763,0.018338785,0.113344155,0.0033374138,0.46950394,0.0020131024,0.16050889,0.14618723,0.03175974,0.010574429,0.046394635,0.7923829,0.033707384,0.112123184,0.79699135,0.07785642,1.57746e-05,0.397931,0.14354731,0.10899331,0.00011037938,0.16533472,0.20136437,100.0,0.9566399,0.04398346,0.27777717,0.52071357,0.00055631524,0.098929256,0.7369005,0.18181391,0.13381778,0.18797153,0.3597516,0.19690783,4.738858,0.018643526,1.4432926,0.31372562,0.056602206,0.1111216,0.006901015,0.0342236,0.01789731,0.08243727,0.09219454,0.11698846,0.00046319704,0.012191052,0.100819536,0.041881766,0.1461215,0.003218601,0.0013020814,0.08931287,0.0007049342,0.1913478,0.02038008,0.8748389,0.035028357,0.22917259,0.01075522,0.00057901366,0.113220535,0.086956374,1.0914714,4.0188475e-05,0.59531265,0.414157,0.11599732,0.5910082,0.08187451,11.851455,0.3606803,0.00051286246,0.48652673,0.88002115,0.0020157343,0.0015373497,0.05483551,1.0668144,0.18085785,0.06810376
2018,0.07010227,0.36265066,0.017322969,0.0011864798,0.49480563,0.7980297,0.016918141,0.0013170054,1.2634932,0.14509353,0.11433149,0.017843584,0.2364156,0.048811916,0.102897726,0.43907362,0.10308504,0.11508442,0.005451474,0.056946486,0.2172302,0.012699222,0.24013479,4.288284,0.0032125146,0.031202294,0.008755272,0.038720842,0.054926086,1.582134,0.08417546,0.23499535,23.425644,0.22859442,0.12994407,1.1602745,0.07834691,0.00016327124,0.5640186,0.0018037735,0.0016304437,0.032545503,0.080635756,0.016565092,0.22086,1.6123843,0.0037429044,0.00039510368,0.100488715,0.07831001,0.526693,0.14476848,0.67077166,0.017043458,0.6227437,0.044766087,0.41593346,0.17101087,0.0038947973,0.7541157,0.0003010153,0.050153203,0.9056032,0.017310536,0.09817869,0.08657992,0.00650552,0.009543551,0.035178997,0.16619627,0.0006507901,0.12051502,0.019332986,0.09347693,0.0565188,0.042378027,0.027066244,0.11562887,3.4007645,7.024148,0.12173082,1.8478209,0.6814878,0.009561104,0.14527525,0.77067065,0.016868936,0.063377455,2.2615511,0.7603907,0.1816711,0.041073382,0.16582757,0.00019630259,0.0005242083,1.3566734,0.27811006,0.105517246,0.059828617,0.045655366,0.18242972,0.0010674343,0.00029853577,0.07775877,0.010731664,0.04917901,0.02006257,0.030157367,0.0026817648,0.18228509,0.012662181,0.10709682,0.0037475184,1.406105,0.018811058,0.11470336,0.003313179,0.4155073,0.00369732,0.19084467,0.14395079,0.032803047,0.010306451,0.04920627,0.7878261,0.032273687,0.10820691,0.80018216,0.072432764,2.2465325e-05,0.38283014,0.14163531,0.10907849,0.00010940147,0.16712545,0.21051842,100.0,0.94555414,0.038720403,0.27087215,0.5160966,0.0005408371,0.080214955,0.7362221,0.163837,0.12829664,0.17276186,0.34760657,0.21154857,4.8518596,0.018676491,1.4809456,0.294349,0.056653105,0.11072043,0.006150903,0.03298571,0.018097157,0.08202284,0.087559566,0.11520017,0.00052426825,0.011209567,0.08894533,0.03988976,0.14144197,0.0031948816,0.0013341453,0.08042447,0.00071997417,0.19554181,0.02004709,0.85755557,0.0362935,0.22810167,0.009757452,0.00054895476,0.113948055,0.08504506,1.0523247,3.9963496e-05,0.5870982,0.3979878,0.11588153,0.6029199,0.078564174,12.028695,0.35500407,0.0005544487,0.4202624,0.89768946,0.0012943924,0.001307717,0.059063803,1.0455298,0.17400153,0.0681452
2019,0.074143626,0.35393736,0.016419725,0.001161669,0.5162366,0.827606,0.017538814,0.0013525082,1.1884071,0.14663853,0.12273622,0.017135333,0.23407274,0.048340857,0.10204172,0.45349026,0.09968434,0.1258429,0.0055524767,0.05499541,0.21486276,0.015283476,0.22521654,4.314842,0.0031315126,0.03182243,0.008516362,0.032950666,0.05004453,1.5866413,0.082962655,0.2451838,23.891905,0.19692376,0.122071534,1.0630642,0.07281029,0.00016217183,0.5062936,0.0018570555,0.0017331047,0.036482476,0.07494565,0.017386813,0.20935221,1.50346,0.003897883,0.00041395714,0.09289472,0.08261241,0.5312156,0.19033395,0.6774844,0.017307578,0.5829695,0.03318209,0.43532375,0.16546896,0.004046373,0.7287542,0.00030836242,0.046918396,0.8666304,0.019154722,0.10120112,0.087811954,0.0067530223,0.009470092,0.028608803,0.14570326,0.00069812953,0.12184668,0.022715582,0.091596834,0.061315607,0.04402515,0.027195266,0.10860263,3.9850502,6.994211,0.11690497,1.8556535,0.7012914,0.009233092,0.14180987,0.7413206,0.019366514,0.06177382,2.1712883,0.6984058,0.19600573,0.037029333,0.17131536,0.00019650225,0.00053708086,1.3011835,0.28007865,0.09381441,0.058526974,0.042308208,0.20631386,0.0010443851,0.0003086084,0.07852355,0.009726738,0.047325406,0.020338198,0.028805332,0.0026168798,0.22039011,0.012473394,0.10855007,0.004225643,1.4771388,0.018217266,0.11625278,0.0034688828,0.4005243,0.003732013,0.19289224,0.13282119,0.03243371,0.010297841,0.05154078,0.7817914,0.030950433,0.10560356,0.8368746,0.07282903,1.50459955e-05,0.3670012,0.1360537,0.10652517,0.00010861895,0.16288619,0.21192363,100.0,0.946604,0.046014432,0.26639554,0.5157365,0.000555561,0.08120656,0.69844955,0.17677137,0.11870328,0.1642298,0.35575598,0.19980063,4.5834856,0.019136216,1.5060987,0.28815058,0.059389334,0.1078134,0.0058044293,0.029101098,0.019708507,0.082833216,0.08869574,0.10889551,0.00048815543,0.012360332,0.0764306,0.039066438,0.13823657,0.0033185706,0.0013147302,0.07701032,0.0007139464,0.19736262,0.020288067,0.8249373,0.03793817,0.22908983,0.010323748,0.00057748996,0.11423771,0.082318775,1.0302569,3.9877832e-05,0.56527627,0.3914853,0.11922174,0.5816233,0.07721755,11.773936,0.36770958,0.0005108355,0.3695645,1.0303339,0.00061767607,0.0011029143,0.061278425,1.0946395,0.17077564,0.06505704
2020,0.07448613,0.3451908,0.015986389,0.0009824865,0.5294838,0.78003323,0.019189814,0.001359553,1.1975843,0.14090057,0.12582684,0.018031513,0.22624515,0.050425395,0.10814212,0.47495076,0.092093796,0.13057894,0.004854304,0.057005573,0.21607019,0.014563731,0.23427953,4.644126,0.0028720784,0.034202524,0.009970587,0.03729106,0.054390308,1.4953283,0.08134207,0.22836158,25.281862,0.20309785,0.12918097,1.004085,0.08450762,0.00014511592,0.47610667,0.0020663252,0.0015951837,0.04206551,0.07338542,0.017475197,0.19723934,1.4366829,0.0039312863,0.00040606508,0.09115807,0.083364345,0.5201228,0.16462098,0.6530991,0.018173171,0.53205824,0.026095064,0.4634136,0.15967217,0.0030082802,0.6847251,0.0003234862,0.050366614,0.817542,0.020585462,0.10577501,0.091989264,0.007114066,0.010082808,0.032079488,0.12683275,0.0006473198,0.11415874,0.024498332,0.078578494,0.06328983,0.042448644,0.02899423,0.11715079,3.3122873,6.9217024,0.11501488,1.9472489,0.62961674,0.009073488,0.15137966,0.69150704,0.014983222,0.0567435,2.13216,0.68234926,0.22067747,0.037004504,0.17010622,0.00020485598,0.0005157346,1.2647662,0.26443556,0.09748741,0.05703769,0.042265568,0.104010016,0.0010619357,0.00030773564,0.08169939,0.008622035,0.048482157,0.017744556,0.02853631,0.0023528521,0.20718785,0.012905668,0.11116561,0.003759261,1.4338454,0.01759046,0.12674864,0.003496123,0.41746914,0.0036904905,0.17117217,0.12577751,0.03402661,0.009292388,0.053877514,0.77081597,0.038521342,0.10936723,0.8154751,0.073213734,1.5215242e-05,0.34393826,0.1401001,0.11854114,0.00010569508,0.16495095,0.21339987,100.0,1.0445583,0.037961233,0.25706887,0.513474,0.0005660605,0.09160871,0.68940264,0.1743639,0.11114767,0.16556554,0.37140784,0.20156774,4.7323833,0.019979563,1.480662,0.2964791,0.0597188,0.10714547,0.0058135292,0.030102497,0.017729905,0.087265894,0.09642135,0.12592839,0.00050699,0.013003088,0.06797479,0.037185706,0.13598308,0.0031857258,0.0013765191,0.07814281,0.0007333293,0.2150439,0.022217335,0.837506,0.040763818,0.23738001,0.010388483,0.0006310133,0.10314235,0.08156165,1.1152735,4.1571024e-05,0.5831462,0.41012982,0.1250512,0.57566977,0.076075636,11.126651,0.3758286,0.00055925205,0.32499877,1.1042811,0.0007942379,0.0009877365,0.060820546,1.0766907,0.17289595,0.061668318
2021,0.07237255,0.33320412,0.015616954,0.0010016187,0.5066065,0.7869917,0.019631585,0.0013407496,1.1512593,0.14239618,0.12975395,0.017856766,0.22487582,0.04916029,0.106816165,0.4841474,0.099853665,0.12424683,0.0054755355,0.05344008,0.21115181,0.013255992,0.22605798,4.8233085,0.0026341695,0.03319093,0.0099304505,0.053751267,0.052116256,1.4603003,0.08123654,0.22195992,25.364422,0.21694781,0.12797028,0.9914902,0.07629882,0.00014559772,0.47255105,0.0022428469,0.0015999433,0.037182394,0.07472772,0.017477512,0.19793878,1.4337984,0.0039416114,0.0003947571,0.08966004,0.08741524,0.5352491,0.15764427,0.68189025,0.01768138,0.545839,0.027275814,0.44387904,0.15758905,0.0027661617,0.70328295,0.00030715982,0.04898078,0.8191383,0.020707667,0.09917303,0.08911708,0.0068326117,0.009194064,0.033081654,0.12449019,0.00066382973,0.11568604,0.021263063,0.07587986,0.0600608,0.04087644,0.027301036,0.11143205,3.114181,7.14258,0.115573145,1.938054,0.59879816,0.009032428,0.14829847,0.7268615,0.015315815,0.054058727,2.0889096,0.64767987,0.20022145,0.03936772,0.16427971,0.00019788057,0.0004979491,1.2517964,0.25285986,0.09441907,0.047880255,0.042957265,0.17042612,0.0010548752,0.00030431204,0.08245848,0.011365616,0.046899755,0.017673103,0.028026756,0.0022492616,0.20678839,0.013416298,0.10718468,0.0041740923,1.3937362,0.01562956,0.123805635,0.0033718036,0.3840959,0.003120799,0.1670631,0.12845571,0.03295976,0.009224613,0.05210283,0.7538943,0.038178895,0.10865483,0.78236383,0.07395297,1.4417481e-05,0.33405238,0.13643995,0.11326214,0.00010831142,0.1596356,0.22073014,100.0,1.050295,0.04135235,0.25391725,0.50899464,0.0005461082,0.08827385,0.72077686,0.14598325,0.10632832,0.16418941,0.3622354,0.20203717,4.776845,0.020044759,1.5730934,0.28752834,0.060248695,0.10929241,0.0057288692,0.031203475,0.01924377,0.084084734,0.08812003,0.11257408,0.00050878315,0.01197799,0.068230174,0.03568414,0.13617921,0.0031249127,0.0013528324,0.0733308,0.0007160938,0.21367702,0.021605784,0.7953843,0.03925844,0.23103055,0.009495534,0.00061331526,0.09800198,0.084778264,1.1599363,4.0088533e-05,0.581663,0.39352837,0.12119178,0.55202705,0.07883892,11.351134,0.3859584,0.00053605577,0.30322766,0.9767456,0.0011650532,0.0008905044,0.058738574,1.0183215,0.1670853,0.06337392
2022,0.07404294,0.32843962,0.015215643,0.0009938997,0.5253107,0.81265366,0.019006625,0.0012964958,1.136266,0.13273092,0.13458668,0.017852318,0.21028224,0.049218133,0.10817976,0.49189255,0.10771161,0.12278241,0.005308696,0.05228555,0.20568915,0.014044359,0.23113509,4.5725913,0.0025675853,0.03205716,0.00915956,0.052059487,0.053465996,1.5193336,0.07511406,0.21725267,25.135082,0.2236185,0.12106523,1.0298885,0.07882057,0.00014603886,0.47116792,0.002151007,0.0016105691,0.036409397,0.073998034,0.017858932,0.19177239,1.402601,0.0038821984,0.00038900293,0.08681847,0.086291164,0.54442436,0.16774356,0.6962395,0.017608862,0.5534804,0.029438347,0.4562136,0.15509613,0.0044196704,0.66938645,0.0003132688,0.04658636,0.75436914,0.02154828,0.099571615,0.09334273,0.0068403385,0.009284526,0.028904455,0.12447106,0.0006819523,0.115065806,0.021006258,0.07127566,0.061481766,0.040129833,0.025847727,0.101957306,3.4073846,7.4131536,0.112291545,1.9774029,0.6436944,0.009188949,0.15268211,0.7303555,0.014778407,0.053154852,2.017356,0.64204925,0.2005777,0.038913567,0.15285021,0.00020069453,0.0004836697,1.2177151,0.26145,0.089951515,0.046602417,0.043832485,0.17647326,0.0010289283,0.00031649932,0.07562571,0.01181857,0.043779522,0.015354701,0.026921025,0.0022579287,0.20062366,0.012924581,0.107042834,0.0042443424,1.4204428,0.016441356,0.12614995,0.0036531114,0.3768109,0.0029623085,0.1705958,0.13584018,0.033065636,0.009086908,0.05459258,0.776849,0.038963277,0.11106608,0.7710914,0.07518002,1.4451012e-05,0.3055473,0.1358216,0.11284439,0.0001100011,0.15225032,0.22709896,100.0,1.0019032,0.0425397,0.25822297,0.516178,0.0005536522,0.094026625,0.6840601,0.14652213,0.10727341,0.15152653,0.36466372,0.19153216,5.003724,0.019803487,1.6291964,0.278532,0.059822954,0.104179814,0.005714359,0.030485576,0.019617645,0.084362224,0.08738348,0.12423453,0.000526204,0.0117702875,0.05608286,0.03395332,0.13121755,0.0030942247,0.0012365587,0.071274385,0.00068936305,0.22037832,0.021874787,0.799442,0.039055176,0.22995235,0.009124186,0.0006090852,0.098017775,0.08576374,1.1372814,4.0397994e-05,0.5584057,0.3880773,0.120965816,0.4110325,0.07721806,11.377208,0.39334556,0.00051540066,0.30656737,0.93871427,0.0011152345,0.0007841057,0.05853616,0.97037745,0.16557658,0.063330546
2023,0.07447745,0.32464403,0.014258161,0.0009925292,0.52743596,0.78416216,0.019672655,0.001332451,1.0795643,0.12626049,0.14330998,0.017661843,0.1984904,0.04876124,0.108257495,0.48983455,0.08664784,0.12449204,0.005457762,0.049781512,0.1988845,0.01385294,0.26625738,4.4259443,0.0026355872,0.03184278,0.009296249,0.058302633,0.05139954,1.4865347,0.07442862,0.2006576,25.956396,0.22589362,0.12110523,1.0305461,0.07406836,0.0001470212,0.4812653,0.0021506732,0.0015734464,0.036223426,0.07783956,0.018061973,0.17074049,1.2461263,0.0038868512,0.00040149677,0.084022865,0.089153275,0.5251977,0.16836631,0.68294275,0.01750903,0.5251473,0.024856403,0.46712765,0.14717776,0.0043661273,0.62114084,0.00031910173,0.045972537,0.7288518,0.022164479,0.0976281,0.09496422,0.006764951,0.00907987,0.026875453,0.11661809,0.0007129682,0.1191513,0.021181023,0.074988514,0.06380609,0.039388075,0.025727842,0.09161778,3.5711188,7.797648,0.10714029,1.9793471,0.6286172,0.009305546,0.1508987,0.67265016,0.01555032,0.05456368,1.916908,0.63169575,0.20870183,0.038791142,0.15422396,0.00020264316,0.0004994408,1.1649736,0.26078123,0.098869115,0.046539914,0.04416959,0.17724651,0.0010636454,0.00032128135,0.076495044,0.011490265,0.042184345,0.014659672,0.02658182,0.0022738546,0.19794577,0.013005624,0.107464775,0.004293076,1.4454042,0.016572267,0.1262918,0.0037084958,0.38164547,0.0028667394,0.17224717,0.12980254,0.03279974,0.009377982,0.055209335,0.7723124,0.041953105,0.11285213,0.7430392,0.07788326,1.4430949e-05,0.28456482,0.13176554,0.1135983,0.00011127484,0.1473293,0.22838508,100.0,0.9698211,0.047043223,0.26090625,0.5284665,0.0005611462,0.09826713,0.62975883,0.15412737,0.10060405,0.15253438,0.37900802,0.17993037,5.000419,0.019881573,1.6334794,0.27703378,0.05996593,0.10583922,0.0056525487,0.03089941,0.020084413,0.08462894,0.08527075,0.1194764,0.0005391697,0.011680873,0.050649393,0.03064231,0.13050424,0.0031527216,0.0012239316,0.070864215,0.00071024196,0.2261526,0.022094859,0.7745748,0.039397113,0.22744717,0.008960712,0.00060229347,0.090220645,0.08687825,1.1366379,4.0658808e-05,0.53044677,0.38872367,0.12105115,0.39938208,0.077023484,10.953552,0.38780943,0.00052854186,0.3181841,0.9955019,0.0011345854,0.0006994912,0.05794552,0.95315355,0.16398366,0.06309389
