Date,AFG,AGO,ALB,ARE,ARG,ARM,AUS,AUT,AZE,BDI,BEL,BEN,BFA,BGD,BGR,BHR,BIH,BLR,BOL,BRA,BRB,BTN,BWA,CAF,CAN,CHE,CHL,CHN,CIV,CMR,COD,COG,COL,COM,CPV,CRI,CUB,CYP,CZE,DEU,DJI,DNK,DOM,DZA,ECU,EGY,ERI,ESP,EST,ETH,FIN,FJI,FRA,GAB,GBR,GEO,GHA,GIN,GMB,GNB,GNQ,GRC,GTM,GUY,HKG,HND,HRV,HTI,HUN,IDN,IND,IRL,IRN,IRQ,ISL,ISR,ITA,JAM,JOR,JPN,KAZ,KEN,KGZ,KHM,KOR,KWT,LAO,LBN,LBR,LBY,LKA,LSO,LTU,LUX,LVA,MAR,MDA,MDG,MDV,MEX,MKD,MLI,MLT,MMR,MNE,MNG,MOZ,MRT,MUS,MWI,MYS,NAM,NER,NGA,NIC,NLD,NOR,NPL,NZL,OMN,OWID_BAD,OWID_BAV,OWID_GDR,OWID_GFR,OWID_HAN,OWID_HSE,OWID_HSG,OWID_KOS,OWID_MEC,OWID_MOD,OWID_PMA,OWID_RVN,OWID_SAX,OWID_SIC,OWID_SML,OWID_TUS,OWID_WRL,OWID_YAR,OWID_YPR,OWID_ZAN,PAK,PAN,PER,PHL,PNG,POL,PRK,PRT,PRY,PSE,QAT,ROU,RUS,RWA,SAU,SDN,SEN,SGP,SLB,SLE,SLV,SOM,SRB,SSD,STP,SUR,SVK,SVN,SWE,SWZ,SYC,SYR,TCD,TGO,THA,TJK,TKM,TLS,TTO,TUN,TUR,TWN,TZA,UGA,UKR,URY,USA,UZB,VAT,VEN,VNM,VUT,YEM,ZAF,ZMB,ZWE
1789,0.057,,,,0.055,,0.073,0.34,,,0.458,,,0.028,0.073,,0.073,,,0.055,,,,,,,0.04,0.029,,,,,0.043,,,,0.049,,0.34,0.034,,0.517,0.032,,,0.251,,0.124,0.005,0.026,0.665,,0.401,,0.287,,,,,,,0.073,0.062,,,,,0.023,0.139,,0.028,0.287,0.006,0.073,,0.073,,,,0.045,0.005,,,,0.018,0.316,0.029,,,0.106,,,,,0.005,0.033,0.005,,,0.118,0.073,,,0.123,0.452,,,,,,,,,,,0.328,0.386,0.007,,0.072,0.242,0.067,,,0.177,0.023,0.167,,0.35,0.075,0.236,,0.468,0.013,,0.488,0.16014062,,,,,,,,,0.112,0.018,0.036,,,,0.036,0.005,,0.027,,,,,,,,0.073,,,,0.139,,0.665,,,0.073,,,0.029,,,,,0.037,0.073,0.029,,,,,0.428,0.044,0.08,0.11,,,0.014,,,
1790,0.057,,,,0.055,,0.073,0.34,,,0.458,,,0.028,0.073,,0.073,,,0.055,,,,,,,0.04,0.029,,,,,0.043,,,,0.048,,0.34,0.034,,0.517,0.032,,,0.251,,0.124,0.005,0.026,0.665,,0.439,,0.287,,,,,,,0.073,0.062,,,,,0.019,0.139,,0.028,0.287,0.008,0.073,,0.073,,,,0.027,0.005,,,,0.018,0.316,0.029,,,0.106,,,,,0.005,0.025,0.005,,,0.118,0.073,,,0.085,0.452,,,,,,,,,,,0.328,0.386,0.007,,0.072,0.214,0.067,,,0.177,0.023,0.167,,0.467,0.075,0.236,,0.468,0.014,,0.488,0.1625625,,,,,,,,,0.169,0.018,0.036,,,,0.036,0.005,,0.027,,,,,,,,0.073,,,,0.139,,0.665,,,0.073,,,0.029,,,,,0.035,0.073,0.029,,,,,0.428,0.044,0.08,0.11,,,0.014,,,
1791,0.057,,,,0.055,,0.073,0.34,,,0.533,,,0.028,0.073,,0.073,,,0.055,,,,,,,0.04,0.029,,,,,0.043,,,,0.048,,0.34,0.034,,0.517,0.032,,,0.251,,0.124,0.005,0.026,0.665,,0.497,,0.287,,,,,,,0.073,0.062,,,,,0.019,0.139,,0.028,0.287,0.008,0.073,,0.073,,,,0.027,0.005,,,,0.018,0.316,0.029,,,0.106,,,,,0.005,0.025,0.005,,,0.118,0.073,,,0.085,0.452,,,,,,,,,,,0.328,0.386,0.007,,0.072,0.214,0.067,,,0.177,0.023,0.167,,0.467,0.075,0.236,,0.468,0.014,,0.488,0.16420312,,,,,,,,,0.179,0.018,0.036,,,,0.036,0.005,,0.027,,,,,,,,0.073,,,,0.139,,0.665,,,0.073,,,0.029,,,,,0.035,0.073,0.029,,,,,0.428,0.044,0.08,0.11,,,0.014,,,
1792,0.057,,,,0.055,,0.073,0.34,,,0.533,,,0.028,0.073,,0.073,,,0.055,,,,,,,0.04,0.029,,,,,0.043,,,,0.048,,0.34,0.034,,0.564,0.032,,,0.251,,0.124,0.005,0.026,0.665,,0.261,,0.287,,,,,,,0.073,0.062,,,,,0.04,0.139,,0.028,0.287,0.008,0.073,,0.073,,,,0.027,0.005,,,,0.018,0.316,0.029,,,0.106,,,,,0.005,0.025,0.005,,,0.118,0.073,,,0.117,0.452,,,,,,,,,,,0.328,0.386,0.007,,0.072,0.214,0.067,,,0.177,0.023,0.167,,0.467,0.075,0.236,,0.479,0.014,,0.488,0.16278125,,,,,,,,,0.179,0.018,0.036,,,,0.036,0.005,,0.027,,,,,,,,0.073,,,,0.139,,0.665,,,0.073,,,0.029,,,,,0.035,0.073,0.029,,,,,0.428,0.044,0.08,0.11,,,0.014,,,
1793,0.057,,,,0.055,,0.061,0.34,,,0.533,,,0.028,0.073,,0.073,,,0.055,,,,,,,0.04,0.029,,,,,0.043,,,,0.048,,0.34,0.034,,0.564,0.032,,,0.251,,0.124,0.005,0.026,0.665,,0.294,,0.287,,,,,,,0.073,0.062,,,,,0.05,0.139,,0.028,0.287,0.008,0.073,,0.073,,,,0.027,0.005,,,,0.018,0.316,0.029,,,0.106,,,,,0.005,0.038,0.005,,,0.118,0.073,,,0.117,0.452,,,,,,,,,,,0.328,0.386,0.007,,0.072,0.214,0.067,,,0.177,0.023,0.167,,0.467,0.075,0.236,,0.479,0.014,,0.488,0.1624375,,,,,,,,,0.113,0.018,0.036,,,,0.036,0.005,,0.027,,,,,,,,0.073,,,,0.139,,0.665,,,0.073,,,0.029,,,,,0.035,0.073,0.029,,,,,0.428,0.044,0.08,0.11,,,0.014,,,
1794,0.057,,,,0.055,,0.066,0.34,,,0.404,,,0.028,0.073,,0.073,,,0.055,,,,,,,0.04,0.029,,,,,0.043,,,,0.048,,0.34,0.034,,0.564,0.032,,,0.251,,0.124,0.005,0.026,0.665,,0.33,,0.287,,,,,,,0.073,0.062,,,,,0.061,0.139,,0.028,0.287,0.008,0.073,,0.073,,,,0.027,0.005,,,,0.018,0.316,0.029,,,0.106,,,,,0.005,0.038,0.005,,,0.118,0.073,,,0.117,0.452,,,,,,,,,,,0.328,0.386,0.007,,0.072,0.214,0.067,,,0.177,0.023,0.167,,0.467,0.075,0.236,,0.479,0.014,,0.488,0.16089062,,,,,,,,,0.116,0.018,0.036,,,,0.036,0.005,,0.027,,,,,,,,0.073,,,,0.139,,0.665,,,0.073,,,0.029,,,,,0.035,0.073,0.029,,,,,0.428,0.044,0.08,0.11,,,0.014,,,
1795,0.057,,,,0.055,,0.072,0.254,,,0.404,,,0.028,0.073,,0.073,0.005,,0.055,,,,,,,0.04,0.029,,,,,0.043,,,,0.048,,0.254,0.034,,0.564,0.032,,,0.251,,0.124,0.005,0.026,0.665,,0.493,,0.287,,,,,,,0.073,0.062,,,,,0.061,0.139,,0.028,0.287,0.008,0.073,,0.073,,,,0.027,0.005,,,,0.018,0.316,0.029,,,0.106,,,0.005,,0.005,0.038,0.005,,,0.118,0.073,,,0.117,0.452,,,,,,,,,,,0.266,0.386,0.007,,0.072,0.214,0.067,,,0.177,0.023,0.167,,0.358,0.075,0.236,,0.479,0.014,,0.488,0.15942188,,,,,,,,,0.082,0.018,0.036,,,,0.036,0.005,,0.027,,,,,,,,0.073,,,,0.139,,0.665,,,0.073,,,0.029,,,,,0.035,0.073,0.029,,,,,0.428,0.044,0.08,0.11,,,0.014,,,
1796,0.057,,,,0.055,,0.072,0.328,,,0.493,,,0.028,0.073,,0.073,0.005,,0.055,,,,,,,0.04,0.029,,,,,0.043,,,,0.048,,0.328,0.034,,0.564,0.067,,,0.251,,0.124,0.005,0.026,0.665,,0.493,,0.323,,,,,,,0.073,0.062,,,,,0.061,0.139,,0.028,0.323,0.008,0.073,,0.073,,,,0.027,0.005,,,,0.018,0.316,0.029,,,0.106,,,0.005,,0.005,0.038,0.005,,,0.118,0.073,,,0.117,0.452,,,,,,,,,,,0.257,0.386,0.007,,0.072,0.214,0.067,,,0.177,0.023,0.167,,0.358,0.075,0.236,,0.479,0.014,,0.488,0.15891935,,,,,,,,,,0.018,0.036,,,,0.036,0.005,,0.027,,,,,,,,0.073,,,,0.139,,0.665,,,0.073,,,0.029,,,,,0.035,0.073,0.029,,,,,0.428,0.044,0.08,0.11,,,0.014,,,
1797,0.057,,,,0.055,,0.072,0.328,,,0.493,,,0.028,0.073,,0.073,0.005,,0.055,,,,,,,0.04,0.029,,,,,0.043,,,,0.048,,0.328,0.034,,0.564,0.067,,,0.251,,0.124,0.005,0.026,0.665,,0.493,,0.323,,,,,,,0.073,0.062,,,,,0.061,0.139,,0.028,0.323,0.008,0.073,,0.073,,,,0.027,0.005,,,,0.018,0.316,0.029,,,0.106,,,0.005,,0.005,0.038,0.005,,,0.118,0.073,,,0.117,0.452,,,,,,,,,,,0.224,0.386,0.007,,0.072,0.214,0.067,,,0.177,0.034,0.167,,0.358,0.177,0.236,,0.479,0.014,,0.488,0.16020969,,,,,,,,,,0.018,0.036,,,,0.036,0.005,,0.027,,,,,,,,0.073,,,,0.139,,0.665,,,0.073,,,0.029,,,,,0.035,0.073,0.029,,,,,0.428,0.044,0.08,0.11,,,0.014,,,
1798,0.057,,,,0.055,,0.072,0.328,,,0.493,,,0.028,0.073,,0.073,0.006,,0.055,,,,,,0.853,0.04,0.029,,,,,0.043,,,,0.048,,0.328,0.034,,0.564,0.067,,,0.251,,0.124,0.006,0.026,0.665,,0.493,,0.323,,,,,,,0.073,0.062,,,,,0.038,0.139,,0.028,0.323,0.008,0.073,,0.073,,,,0.027,0.006,,,,0.018,0.316,0.029,,,0.106,,,0.006,,0.006,0.038,0.006,,,0.118,0.073,,,0.117,0.452,,,,,,,,,,,0.293,0.386,0.007,,0.072,0.214,0.067,,,0.177,0.034,0.167,,0.358,,0.236,,0.479,0.014,,0.488,0.17391935,,,,,,,,,,0.018,0.036,,,,0.036,0.006,,0.027,,,,,,,,0.073,,,,0.139,,0.665,,,0.073,,,0.029,,,,,0.035,0.073,0.029,,,,,0.428,0.044,0.207,0.11,,,0.014,,,
1799,0.057,,,,0.055,,0.072,0.328,,,0.493,,,0.028,0.073,,0.073,0.006,,0.055,,,,,,0.853,0.04,0.029,,,,,0.043,,,,0.048,,0.328,0.034,,0.564,0.067,,,0.251,,0.124,0.006,0.026,0.665,,0.493,,0.323,,,,,,,0.073,0.062,,,,,0.022,0.139,,0.028,0.323,0.008,0.073,,0.073,,,,0.027,0.006,,,,0.018,0.316,0.029,,,0.106,,,0.006,,0.006,0.027,0.006,,,0.118,0.073,,,0.117,0.452,,,,,,,,,,,0.325,0.386,0.007,,0.072,0.214,0.067,,,0.177,0.034,0.167,,0.358,,0.236,,0.479,0.014,,0.51,0.17648387,,,,,,,,,,0.018,0.036,,,,0.036,0.006,,0.027,,,,,,,,0.073,,,,0.139,,0.665,,,0.073,,,0.029,,,,,0.035,0.073,0.029,,,,,0.428,0.044,0.207,0.11,,,0.014,,,
1800,0.057,,,,0.055,,0.072,0.328,,,0.484,,,0.028,0.073,,0.073,0.006,,0.055,,,,,,0.853,0.04,0.029,,,,,0.043,,,,0.048,,0.328,0.034,,0.635,0.067,,,0.251,,0.124,0.006,0.026,0.665,,0.484,,0.323,,,,,,,0.073,0.054,,,,,0.022,0.139,0.009,0.028,0.323,0.008,0.073,,0.073,,,,0.027,0.006,,,,0.013,0.316,0.029,,,0.106,,,0.006,,0.006,0.027,0.006,,,0.118,0.073,,,0.117,0.452,,,,,,,,,,,0.325,0.386,0.007,,0.072,0.214,0.067,,,0.177,0.034,0.167,,0.358,,0.236,,0.479,0.014,,0.496,0.17071429,,,,,,,,,,0.013,0.036,,,,0.036,0.006,,0.027,,,,,,,,0.073,,,,0.139,,0.665,,,0.073,,,0.029,,,,,0.035,0.073,0.029,,,,,0.428,0.044,0.101,0.11,,,0.014,,,
1801,0.057,,,,0.055,,0.072,0.328,,,0.541,,,0.028,0.073,,0.073,0.008,,0.055,,,,,,0.853,0.04,0.029,,,,,0.043,,,,0.048,,0.328,0.034,,0.635,0.067,,,0.251,,0.124,0.008,0.026,0.665,,0.541,,0.316,0.008,,,,,,0.073,0.054,,,,,0.016,0.139,0.009,0.028,0.316,0.008,0.073,,0.073,,,,0.027,0.008,,,,0.013,0.316,0.029,,,0.106,,,0.008,,0.008,0.027,0.008,,,0.118,0.073,,,0.117,0.452,,,,,,,,,,,0.374,0.386,0.007,,0.072,0.214,0.075,,,0.177,0.034,0.167,,0.358,,0.236,,0.479,0.014,,0.496,0.17420635,,,,,,,,,,0.013,0.036,,,,0.036,0.008,,0.027,,,,,,,,0.073,,,,0.139,,0.665,,,0.073,,,0.029,,,,,0.035,0.073,0.029,,,,,0.428,0.044,0.101,0.11,,,0.014,,,
1802,0.057,,,,0.055,,0.072,0.328,,,0.541,,,0.028,0.073,,0.073,0.008,,0.055,,,,,,0.853,0.04,0.029,,,,,0.043,,,,0.048,,0.328,0.034,,0.635,0.052,,,0.251,,0.124,0.008,0.026,0.665,,0.541,,0.316,0.008,,,,,,0.073,0.054,,,,,0.014,0.139,0.009,0.028,0.316,0.008,0.073,,0.073,,,,0.027,0.008,,,,0.013,0.316,0.029,,,0.106,,,0.008,,0.008,0.027,0.008,,,0.118,0.073,,,0.117,0.452,,,,,,,,,,,0.401,0.386,0.007,,0.072,0.214,0.075,,,0.177,0.034,0.167,,0.358,,0.236,0.181,0.479,0.014,,0.496,0.1741875,,,,,,,,,,0.013,0.036,,,,0.036,0.008,,0.027,,,,,,,,0.073,,,,0.139,,0.665,,,0.073,,,0.029,,,,,0.035,0.073,0.029,,,,,0.428,0.044,0.101,0.11,,,0.014,,,
1803,0.057,,,,0.055,,0.072,0.328,,,0.541,,,0.028,0.073,,0.073,0.008,,0.055,,,,,,0.853,0.04,0.029,,,,,0.043,,,,0.048,,0.328,0.034,,0.635,0.059,,,0.251,,0.124,0.008,0.026,0.665,,0.541,,0.316,0.008,,,,,,0.073,0.054,,,,,0.004,0.139,0.009,0.028,0.316,0.008,0.073,,0.073,,,,0.027,0.008,,,,0.018,0.316,0.029,,,0.106,,,0.008,,0.008,0.027,0.008,,,0.118,0.073,,,0.117,0.452,,,,,,,,,,,0.401,0.386,0.007,,0.072,0.226,0.075,,,0.205,0.034,0.205,,0.358,,,0.181,0.479,0.014,,0.496,0.17246032,,,,,,,,,,0.018,0.036,,,,0.036,0.008,,0.027,,,,,,,,0.073,,,,0.139,,0.665,,,0.073,,,0.029,,,,,0.035,0.073,0.029,,,,,0.428,0.044,0.101,0.11,,,0.014,,,
1804,0.057,,,,0.055,,0.072,0.328,,,0.541,,,0.028,0.073,,0.073,0.008,,0.055,,,,,,0.853,0.04,0.029,,,,,0.043,,,,0.048,,0.328,0.034,,0.635,0.059,,,0.251,,0.124,0.008,0.026,0.665,,0.541,,0.316,0.008,,,,,,0.073,0.054,,,,,0.007,0.139,0.009,0.028,0.316,0.008,0.073,,0.073,,,,0.027,0.008,,,,0.014,0.316,0.029,,,0.106,,,0.008,,0.008,0.027,0.008,,,0.118,0.073,,,0.117,0.452,,,,,,,,,,,0.401,0.386,0.007,,0.072,0.226,0.075,,,0.205,0.034,0.205,,0.358,,,0.181,0.479,0.014,,0.496,0.17059375,,,,,,,,,,0.014,0.036,,,,0.036,0.008,,0.027,,,,,,,,0.054,,,,0.139,0.328,0.665,,,0.073,,,0.029,,,,,0.035,0.073,0.029,,,,,0.428,0.044,0.101,0.11,,,0.014,,,
1805,0.057,,,,0.055,,0.072,0.328,,,0.541,,,0.028,0.073,,0.073,0.008,,0.055,,,,,,0.853,0.04,0.029,,,,,0.043,,,,0.048,,0.328,0.034,,0.635,0.065,,,0.251,,0.124,0.008,0.026,0.665,,0.541,,0.316,0.008,,,,,,0.073,0.054,,,,,0.007,0.139,0.009,0.028,0.316,0.008,0.073,,0.073,,,,0.027,0.008,,,,0.014,0.316,0.029,,,0.106,,,0.008,,0.008,0.027,0.008,,,0.118,0.073,,,0.117,0.452,,,,,,,,,,,0.401,0.386,0.007,,0.072,0.226,0.095,,,0.205,0.034,0.205,,0.358,,,0.181,0.479,0.014,,0.496,0.1715,,,,,,,,,,0.014,0.036,,,,0.036,0.008,,0.027,,,,,,,,0.054,,,,0.139,0.328,0.665,,,0.073,,,0.029,,,,,0.035,0.073,0.029,,,,,0.428,0.044,0.133,0.11,,,0.014,,,
1806,0.057,,,,0.055,,0.072,0.328,,,0.541,,,0.028,0.073,,0.073,0.008,,0.055,,,,,,0.853,0.04,0.029,,,,,0.043,,,,0.048,,0.328,0.034,,0.635,0.071,,,0.251,,0.124,0.008,0.026,0.665,,0.541,,0.316,0.008,,,,,,0.073,0.054,,,,,0.007,0.139,0.009,0.028,0.316,0.008,0.073,,0.073,,,,0.027,0.008,,,,0.014,0.316,0.029,,,0.106,,,0.008,,0.008,0.027,0.008,,,0.118,0.073,,,0.117,0.452,,,,,,,,,,,0.401,0.386,0.007,,0.072,0.226,0.095,,,0.205,0.034,0.205,,0.358,,,0.181,0.479,0.049,,0.496,0.17387693,,,,,,,,,,0.014,0.036,,,,0.036,0.008,,0.027,,,,,,,,0.054,,,,0.139,0.328,0.665,,,0.073,,,0.029,,,,,0.035,0.073,0.029,,,,,0.428,0.044,0.133,0.11,,,0.014,,,
1807,0.057,,,,0.055,,0.072,0.328,,,0.541,,,0.028,0.073,,0.073,0.008,,0.055,,,,,,0.853,0.048,0.029,,,,,0.043,,,,0.048,,0.328,0.034,,0.635,0.071,,,0.251,,0.124,0.008,0.026,0.665,,0.541,,0.316,0.008,,,,,,0.073,0.054,,,,,0.019,0.139,0.009,0.028,0.316,0.008,0.073,,0.073,,,,0.027,0.008,,,,0.014,0.316,0.029,,,0.106,,,0.008,,0.008,0.027,0.008,,,0.118,0.073,,,0.117,0.452,,,,,,,,,,,0.401,0.386,0.007,,0.072,0.226,0.095,,,0.205,0.07,0.205,,0.358,,,0.181,0.479,0.089,,0.496,0.1765303,,,,,,,,,0.267,0.014,0.029,,,,0.036,0.008,,0.027,,,,,,,,0.054,,,,0.139,0.328,0.665,,,0.073,,,0.029,,,,,0.035,0.073,0.029,,,,,0.428,0.044,0.126,0.11,,,0.014,,,
1808,0.057,,,,0.055,,0.072,0.328,,,0.541,,,0.028,0.057,,0.057,0.008,,0.055,,,,,,0.853,0.048,0.029,,,,,0.043,,,,0.048,,0.328,0.059,,0.635,0.071,,,0.251,,0.114,0.008,0.026,0.665,,0.541,,0.316,0.008,,,,,,0.057,0.054,,,,,0.033,0.139,0.009,0.028,0.316,0.008,0.057,,0.057,,,,0.027,0.008,,,,0.014,0.316,0.029,,,0.106,,,0.008,,0.008,0.027,0.008,,,0.118,0.057,,,0.117,0.452,,,,,,,,,,,0.401,0.386,0.007,,0.072,0.226,0.108,,,0.205,0.181,0.205,,0.358,,,0.181,0.479,0.089,,,0.17376563,,,,,,,,,0.267,0.014,0.029,,,,0.036,0.008,,0.027,,,,,,,,0.054,,,,0.139,0.328,0.665,,,0.057,,,0.029,,,,,0.035,0.057,0.029,,,,,0.428,0.044,0.138,0.11,,,0.014,,,
1809,0.057,,,,0.055,,0.072,0.328,,,0.541,,,0.028,0.057,,0.057,0.008,,0.055,,,,,,0.853,0.048,0.029,,,,,0.043,,,,0.048,,0.328,0.076,,0.635,0.108,,,0.251,,0.114,0.008,0.026,0.519,,0.541,,0.316,0.008,,,,,,0.057,0.054,,,,,0.033,0.139,0.009,0.028,0.316,0.008,0.057,,0.057,,,,0.027,0.008,,,,0.014,0.316,0.029,,,0.106,,,0.008,,0.008,0.027,0.008,,,0.165,0.057,,,0.117,0.452,,,,,,,,,,,0.401,0.386,0.007,,0.072,0.226,0.23,,,0.205,0.181,0.205,,0.358,,,0.181,0.479,0.089,,,0.18495454,,,,,,,,,0.267,0.014,0.029,,,,0.036,0.008,,0.027,,,,,,,,0.054,,,,0.139,0.328,0.665,,,0.057,,,0.029,,,,,0.035,0.057,0.029,,,,,0.428,0.044,0.138,0.107,,,0.014,,,
1810,0.057,,,,0.055,,0.102,0.328,,,0.541,,,0.028,0.057,,0.057,0.008,,0.055,,,,,,0.853,0.084,0.029,,,,,0.048,,,,0.048,,0.328,0.076,,0.635,0.093,,,0.251,,0.142,0.008,0.026,0.519,,0.541,,0.316,0.008,,,,,,0.057,0.054,,,,,0.033,0.139,0.009,0.028,0.316,0.008,0.057,,0.057,,,,0.027,0.008,,,,0.014,0.316,0.029,,,0.106,,,0.008,,0.008,0.027,0.008,,,0.146,0.057,,,0.117,0.452,,,,,,,,,,,0.401,0.386,0.007,,0.072,0.277,0.23,,,0.205,0.181,0.205,,0.358,,,0.184,0.508,0.089,,,0.1889077,,,,,,,,,0.245,0.014,0.029,,,,0.036,0.008,,0.027,,,,,,,,0.054,,,,0.139,0.328,0.665,,,0.057,,,0.029,,,,,0.035,0.057,0.029,,,,,0.428,0.044,,0.191,,,0.014,,,
1811,0.057,,,,0.121,,0.102,0.328,,,0.541,,,0.028,0.057,,0.057,0.008,,0.055,,,,,,0.853,0.089,0.029,,,,,0.048,,,,0.048,,0.328,0.076,,0.635,0.093,,,0.251,,0.142,0.008,0.026,0.519,,0.541,,0.316,0.008,,,,,,0.057,0.052,,,,,0.033,0.139,0.012,0.028,0.316,0.008,0.057,,0.057,,,,0.027,0.008,,,,0.014,0.316,0.029,,,0.106,,,0.008,,0.008,0.027,0.008,,,0.146,0.057,,,0.117,0.452,,,,,,,,,,,0.541,0.386,0.007,,0.072,0.277,0.23,,,,0.181,0.303,,0.358,,,0.184,0.508,0.089,,,0.1795873,,,,,,,,,0.245,0.014,0.029,0.021,,,0.036,0.008,,0.027,,,,,,,,0.054,,,,0.139,0.328,0.665,,,0.057,,,0.029,,,,,0.035,0.057,0.029,,,,,0.428,0.044,,0.184,,,0.014,,,
1812,0.057,,,,0.121,,0.102,0.328,,,0.541,,,0.028,0.057,,0.057,0.008,,0.055,,,,,,0.853,0.089,0.029,,,,,0.048,,,,0.048,,0.328,0.076,,0.635,0.093,,,0.251,,0.142,0.008,0.026,0.519,,0.541,,0.316,0.008,,,,,,0.057,0.052,,,,,0.033,0.139,0.012,0.028,0.316,0.008,0.057,,0.057,,,,0.027,0.008,,,,0.014,0.316,0.029,,,0.106,,,0.008,,0.008,0.027,0.008,,,0.146,0.057,,,0.117,0.452,,,,,,,,,,,0.541,0.386,0.007,,0.072,0.277,0.23,,,,0.181,0.303,,0.358,,,0.184,0.508,0.089,,,0.17793651,,,,,,,,,0.245,0.014,0.029,0.021,,,0.036,0.008,,0.027,,,,,,,,0.054,,,,0.139,0.328,0.665,,,0.057,,,0.029,,,,,0.035,0.057,0.029,,,,,0.428,0.044,,0.08,,,0.014,,,
1813,0.057,,,,0.121,,0.102,0.328,0.008,,0.541,,,0.028,0.057,,0.057,0.008,,0.055,,,,,,0.853,0.089,0.029,,,,,0.048,,,,0.048,,0.328,0.076,,0.635,0.093,,,0.251,,0.142,0.008,0.026,0.519,,0.541,,0.316,0.008,,,,,,0.057,0.052,,,,,0.033,0.139,0.012,0.028,0.316,0.008,0.057,,0.057,,,,0.027,0.008,,,,0.014,0.316,0.029,,,0.106,,,0.008,,0.008,0.027,0.008,,,0.124,0.057,,,0.117,0.452,,,,,,,,,,,0.385,0.386,0.007,,0.072,0.277,0.307,,,0.243,0.181,0.303,,0.358,,,0.184,0.439,0.089,,,0.18746269,,,,,,,,,0.205,0.014,0.029,0.021,,,0.036,0.008,,0.027,,,,,,,,0.054,,,,0.139,0.328,0.665,,,0.057,,,0.029,,,,,0.035,0.057,0.029,,,,,0.428,0.044,,0.025,,,0.014,,,
1814,0.057,,,,0.121,,0.102,0.328,0.008,,0.385,,,0.028,0.057,,0.057,0.008,,0.055,,,,,,0.853,0.024,0.029,,,,,0.048,,,,0.048,,0.328,0.076,,0.635,0.093,,,0.251,,0.142,0.008,0.026,0.519,,0.541,,0.316,0.008,,,,,,0.057,0.052,,,,,0.033,0.139,0.012,0.028,0.316,0.008,0.057,,0.057,,,,0.027,0.008,,,,0.014,0.316,0.029,,,0.106,,,0.008,,0.008,0.027,0.008,,,0.124,0.057,,,0.117,0.452,,,,,,,,,,,0.385,0.386,0.007,,0.072,0.277,0.307,,,0.233,0.173,0.303,,0.358,0.122,0.644,0.184,0.439,0.089,,0.515,0.19992857,,,,,,,,,0.205,0.014,0.029,0.009,,,0.036,0.008,,0.027,,,,,,,,0.057,,,,0.139,0.328,0.665,,,0.057,,,0.029,,,,,0.035,0.057,0.029,,,,,0.428,0.044,0.122,0.025,,,0.014,,,
1815,0.057,,,,0.121,,0.102,0.396,0.008,,0.739,,,0.028,0.057,,0.057,0.008,,0.055,,,,,,0.853,0.024,0.029,,,,,0.048,,,,0.048,,0.396,0.076,,0.635,0.093,,,0.251,,0.119,0.008,0.026,0.519,,0.678,,0.316,0.008,,,,,,0.057,0.052,,,,,0.033,0.139,0.012,0.028,0.316,0.008,0.057,,0.057,0.189,,,0.027,0.008,,,,0.014,0.316,0.029,,,0.106,,,0.008,0.808,0.008,0.027,0.008,,,0.124,0.057,,,0.117,0.452,,,,,,,,,,,0.739,0.615,0.007,,0.072,0.277,0.307,,,0.267,0.173,0.303,,0.358,0.122,0.644,0.184,0.439,0.089,,0.515,0.21834722,,,,,,,,,0.205,0.014,0.029,0.008,,,0.036,0.008,,0.027,,,,,,,,0.094,,,,0.139,0.396,0.665,,,0.057,,,0.029,,,,,0.035,0.057,0.029,,,,,0.428,0.044,0.122,0.021,,,0.014,,,
1816,0.057,,,,0.121,,0.102,0.396,0.008,,0.761,,,0.028,0.057,,0.057,0.008,,0.055,,,,,,0.853,0.024,0.029,,,,,0.048,,,,0.048,,0.396,0.076,,0.635,0.093,,,0.251,,0.119,0.008,0.026,0.519,,0.678,,0.316,0.008,,,,,,0.057,0.052,,,,,0.033,0.139,0.012,0.028,0.316,0.008,0.057,,0.057,0.189,,,0.027,0.008,,,,0.014,0.316,0.029,,,0.106,,,0.008,0.808,0.008,0.027,0.008,,,0.135,0.057,,,0.117,0.452,,,,,,,,,,,0.761,0.615,0.007,,0.072,0.277,0.307,,,0.258,0.173,0.303,,0.358,0.122,0.644,0.184,0.489,0.075,,0.515,0.21918055,,,,,,,,,0.205,0.014,0.029,0.008,,,0.036,0.008,,0.027,,,,,,,,0.094,,,,0.139,0.396,0.665,,,0.057,,,0.029,,,,,0.035,0.057,0.029,,,,,0.428,0.044,0.122,0.021,,,0.014,,,
1817,0.057,,,,0.121,,0.102,0.396,0.008,,0.761,,,0.028,0.057,,0.057,0.008,,0.055,,,,,,0.853,0.051,0.029,,,,,0.048,,,,0.048,,0.396,0.076,,0.635,0.093,,,0.251,,0.119,0.008,0.026,0.519,,0.678,,0.316,0.008,,,,,,0.057,0.052,,,,,0.033,0.139,0.012,0.028,0.316,0.008,0.057,,0.057,0.189,,,0.027,0.008,,,,0.014,0.316,0.029,,,0.106,,,0.008,0.808,0.008,0.027,0.008,0.069,,0.135,0.057,,,0.117,0.452,,,,,,,,,,,0.761,0.615,0.007,,0.072,0.277,0.307,,,0.251,0.173,0.303,,0.358,0.122,0.644,0.184,0.489,0.075,,0.515,0.21875343,,,,,,,,,0.205,0.014,0.029,0.008,,,0.036,0.008,,0.027,,,,,,,,0.094,,,,0.139,0.396,0.665,,,0.057,,,0.029,,,,,0.035,0.057,0.029,,,,,0.428,0.044,0.102,0.03,,,0.014,,,
1818,0.057,,,,0.121,,0.102,0.396,0.008,,0.761,,,0.022,0.057,,0.057,0.008,,0.055,,,,,,0.853,0.065,0.029,,,,,0.048,,,,0.048,,0.396,0.076,,0.635,0.093,,,0.251,,0.119,0.008,0.026,0.519,,0.678,,0.316,0.008,,,,,,0.057,0.052,,,,,0.033,0.139,0.012,0.022,0.316,0.008,0.057,,0.057,0.189,,,0.027,0.008,,,,0.014,0.316,0.029,,,0.106,,,0.008,0.808,0.008,0.027,0.008,0.069,,0.135,0.057,,,0.117,0.452,,,,,,,,,,,0.761,0.615,0.007,,0.072,0.277,0.315,,,0.251,0.173,0.303,,0.358,0.122,0.644,0.184,0.489,0.075,,0.515,0.21897261,,,,,,,,,0.205,0.014,0.029,0.008,,,0.036,0.008,,0.027,,,,,,,,0.094,,,,0.139,0.396,0.665,,,0.057,,,0.029,,,,,0.035,0.057,0.029,,,,,0.428,0.044,0.102,0.03,,,0.014,,,
1819,0.057,,,,0.121,,0.102,0.396,0.008,,0.761,,,0.022,0.057,,0.057,0.008,,0.055,,,,,,0.853,0.109,0.029,,,,,0.048,,,,0.048,,0.396,0.076,,0.635,0.093,,,0.251,,0.119,0.008,0.026,0.519,,0.678,,0.316,0.008,,,,,,0.057,0.052,,,,,0.033,0.139,0.012,0.022,0.316,0.008,0.057,,0.057,0.189,,,0.027,0.008,,,,0.014,0.316,0.029,,,0.106,,,0.008,0.808,0.008,0.027,0.008,0.069,,0.135,0.057,,,0.117,0.452,,,,,,,,,,,0.761,0.615,0.007,,0.072,0.275,0.39,,,0.283,0.173,0.303,,0.358,0.122,0.644,0.184,0.489,0.075,,0.515,0.22506945,,,,,,,,,0.205,0.014,0.029,0.008,,,0.036,0.008,,0.057,,,,,,,,0.094,,,,0.139,0.396,0.665,,,0.057,,,0.029,,,,,0.035,0.057,0.029,,,,,0.428,0.044,0.102,0.03,,,0.014,,,
1820,0.057,,,,0.121,,0.118,0.396,0.008,,0.761,,,0.022,0.057,,0.057,0.008,,0.055,,,,,,0.853,0.153,0.029,,,,,0.081,,,,0.048,,0.396,0.076,,0.635,0.093,,,0.251,,0.119,0.008,0.026,0.519,,0.678,,0.316,0.008,,,,,,0.057,0.052,,,,,0.033,0.151,0.012,0.022,0.316,0.008,0.057,,0.057,0.189,,,0.027,0.008,,,,0.014,0.316,0.029,,,0.123,,,0.008,0.808,0.008,0.027,0.008,0.069,,0.125,0.057,,,0.117,0.452,,,,,,,,,,,0.761,0.615,0.007,,0.072,0.275,0.39,,,0.283,0.173,0.567,,0.358,0.122,0.644,0.214,0.489,0.075,,0.515,0.23612677,,,,,,,,,0.205,0.014,0.104,0.008,,,0.036,0.008,,0.057,,,,,,,,0.094,,,,0.151,0.396,0.665,,,0.057,,,0.029,,,,,0.035,0.057,0.029,,,,,0.428,0.044,0.102,,,,0.014,,,
1821,0.057,,,,0.121,,0.118,0.396,0.008,,0.761,,,0.022,0.057,,0.057,0.008,,0.055,,,,,,0.853,0.153,0.029,,,,,0.094,,,,0.048,,0.396,0.076,,0.635,0.093,,,0.251,,0.161,0.008,0.026,0.519,,0.648,,0.316,0.008,,,,,,0.057,0.052,,,,,0.222,0.151,0.012,0.022,0.316,0.008,0.057,,0.057,0.189,,,0.027,0.008,,,,0.014,0.316,0.029,,0.276,0.116,,,0.008,0.808,0.008,0.027,0.008,0.069,,0.121,0.057,,,0.117,0.452,,,,,,,,,,,0.761,0.615,0.007,,0.072,0.275,0.39,,,0.283,0.173,0.567,,0.659,0.122,0.644,0.212,0.489,0.075,,0.515,0.24213699,,,,,,0.133,,,0.205,0.014,0.104,0.008,,,0.036,0.008,,0.057,0.251,,,,,,,0.094,0.251,,,0.151,0.396,0.665,,,0.057,,,0.029,,,,,0.035,0.057,0.029,,,,,0.428,0.044,0.102,,,,0.014,,,
1822,0.057,,,,0.121,,0.118,0.396,0.008,,0.761,,,0.022,0.057,,0.057,0.008,,0.055,,,,,,0.853,0.181,0.029,,,,,0.094,,,,0.048,,0.396,0.076,,0.635,0.137,,,0.251,,0.161,0.008,0.026,0.519,,0.648,,0.316,0.008,,,,,,0.275,,,,,,0.222,0.151,0.012,0.022,0.316,0.008,0.057,,0.057,0.189,,,0.027,0.008,,,,0.014,0.316,0.029,,0.276,0.116,,,0.008,0.808,0.008,0.027,0.008,0.069,,0.121,0.057,,,0.117,0.452,,,,,,,,,,,0.761,0.615,0.007,,0.072,0.275,0.39,,,0.283,0.173,0.567,,0.659,0.122,0.644,0.212,0.489,0.075,,0.515,0.24375676,,,,,,0.138,,,0.205,0.014,0.147,0.008,,,0.036,0.008,,0.019,0.251,,,,,,,0.094,0.251,,,0.151,0.396,0.665,,,0.057,,,0.029,,,,,0.035,0.057,0.029,,,,,0.428,0.044,0.102,,,,0.014,,,
1823,0.057,,,,0.121,,0.284,0.396,0.008,,0.761,,,0.022,0.057,,0.057,0.008,,0.087,,,,,,0.853,0.3,0.029,,,,,0.094,,,,0.048,,0.396,0.076,,0.635,,,,0.251,,0.161,0.008,0.026,0.519,,0.648,,0.316,0.008,,,,,,0.275,0.075,,,,,0.222,0.151,0.012,0.022,0.316,0.008,0.057,,0.057,0.189,,,0.027,0.008,,,,0.014,0.316,0.029,,0.276,0.116,,,0.008,0.808,0.008,0.031,0.008,0.069,,0.121,0.057,,,0.117,0.452,,,,,,,,,,,0.761,0.615,0.007,,0.072,0.275,0.39,,,0.283,0.173,0.567,,0.659,0.122,0.644,0.212,0.489,0.075,,0.515,0.24725676,,,,,,0.138,,,0.205,0.014,0.147,0.008,,,0.036,0.008,,0.019,0.251,,,,,,,0.094,0.251,,,0.151,0.396,0.665,,,0.057,,,0.029,,,,,0.035,0.057,0.029,,,,,0.428,0.044,0.102,,,,0.014,,,
1824,0.057,,,,0.121,,0.284,0.396,0.008,,0.761,,,0.022,0.057,,0.057,0.008,,0.125,,,,,,0.853,0.306,0.029,,,,,0.094,,,,0.048,,0.396,0.076,,0.635,,,,0.251,,0.118,0.008,0.026,0.519,,0.648,,0.316,0.008,,,,,,0.275,0.075,,,,,0.222,0.151,0.012,0.022,0.316,0.008,0.057,,0.057,0.189,,,0.027,0.008,,,,0.014,0.316,0.029,,0.276,0.116,,,0.008,0.808,0.008,0.031,0.008,0.069,,0.121,0.057,,,0.117,0.452,,,,,,,,,,,0.761,0.615,0.007,,0.072,0.275,0.39,,,0.283,0.173,0.567,,0.659,0.122,0.644,0.212,0.489,0.075,,0.515,0.24727027,,,,,,0.138,,,0.205,0.014,0.147,0.008,,,0.036,0.008,,0.019,0.251,,,,,,,0.094,0.251,,,0.151,0.396,0.665,,,0.057,,,0.029,,,,,0.035,0.057,0.029,,,,,0.428,0.044,0.102,,,,0.014,,,
1825,0.057,,,,0.121,,0.284,0.396,0.008,,0.761,,,0.022,0.057,,0.057,0.008,0.153,0.125,,,,,,0.853,0.306,0.029,,,,,0.094,,,,0.048,,0.396,0.076,,0.635,,,,0.251,,0.118,0.008,0.026,0.519,,0.648,,0.316,0.008,,,,,,0.275,0.075,,,,,0.222,0.151,0.012,0.022,0.316,0.008,0.057,,0.057,0.189,,,0.027,0.008,,,,0.014,0.316,0.029,,0.276,0.116,,,0.008,0.808,0.008,0.031,0.008,0.069,,0.171,0.057,,,0.117,0.452,,,,,,,,,,,0.761,0.615,0.007,,0.072,0.275,0.39,,,0.283,0.173,0.567,,0.659,0.122,0.644,0.212,0.489,0.075,,0.515,0.24526316,,,,,,0.138,,,0.205,0.014,0.147,0.008,,,0.036,0.008,,0.019,0.251,,,,,,,0.094,0.251,,,0.151,0.396,0.665,,,0.057,,,0.029,,,,,0.035,0.057,0.029,,,,0.15,0.428,0.044,0.091,,,,0.014,,,
1826,0.057,,,,0.121,,0.284,0.396,0.008,,0.761,,,0.022,0.057,,0.057,0.008,0.153,0.125,,,,,,0.853,0.306,0.029,,,,,0.094,,,,0.048,,0.396,0.076,,0.635,,,,0.251,,0.118,0.008,0.026,0.519,,0.648,,0.316,0.008,,,,,,0.275,0.075,,,,,0.222,0.151,0.012,0.022,0.316,0.008,0.057,,0.057,0.189,,,0.027,0.008,,,,0.014,0.316,0.029,,0.276,0.116,,,0.008,0.808,0.008,0.031,0.008,0.069,,0.171,0.057,,,0.117,0.452,,,,,,,,,,,0.761,0.615,0.007,,0.072,0.275,0.39,,,0.283,0.173,0.567,,0.659,0.122,0.644,0.212,0.489,0.075,,0.515,0.24382895,,,,,,0.138,,,0.205,0.014,0.063,0.008,,,0.036,0.008,,0.019,0.251,,,,,,,0.094,0.251,,,0.151,0.396,0.665,,,0.057,,,0.029,,,,,0.035,0.057,0.029,,,,0.15,0.428,0.025,0.085,,,,0.014,,,
1827,0.057,,,,0.121,,0.284,0.396,0.008,,0.761,,,0.022,0.057,,0.057,0.008,0.153,0.125,,,,,,0.853,0.32,0.029,,,,,0.094,,,,0.048,,0.396,0.076,,0.635,,,,0.251,,0.118,0.008,0.026,0.519,,0.648,,0.316,0.008,,,,,,0.275,0.075,,,,,0.222,0.151,0.012,0.022,0.316,0.008,0.057,,0.057,0.189,,,0.027,0.008,,,,0.014,0.316,0.029,,0.276,0.116,,,0.008,0.808,0.008,0.031,0.008,0.069,,0.171,0.057,,,0.117,0.452,,,,,,,,,,,0.761,0.615,0.007,,0.072,0.275,0.39,,,0.283,0.173,0.567,,0.659,0.122,0.644,0.212,0.489,0.075,,0.515,0.24435526,,,,,,0.138,,,0.205,0.014,0.037,0.008,,,0.036,0.008,,0.019,0.251,,,,,,,0.122,0.251,,,0.151,0.396,0.665,,,0.057,,,0.029,,,,,0.035,0.057,0.029,,,,0.15,0.428,0.025,0.085,,,,0.014,,,
1828,0.057,,,,0.121,,0.284,0.396,0.008,,0.761,,,0.022,0.057,,0.057,0.008,0.153,0.125,,,,,,0.853,0.32,0.029,,,,,0.094,,,,0.048,,0.396,0.076,,0.635,,,,0.251,,0.118,0.008,0.026,0.519,,0.648,,0.316,0.008,,,,,,0.275,0.075,,,,,0.222,0.151,0.012,0.022,0.316,0.008,0.057,,0.057,0.189,,,0.027,0.008,,,,0.014,0.316,0.029,,0.276,0.116,,,0.008,0.808,0.008,0.031,0.008,0.05,,0.171,0.057,,,0.117,0.452,,,,,,,,,,,0.761,0.615,0.007,,0.072,0.275,0.39,,,0.283,0.173,0.567,,0.659,0.122,0.644,0.212,0.489,0.075,,0.515,0.24363157,,,,,,0.138,,,0.178,0.014,0.028,0.008,,,0.036,0.008,,0.019,0.251,,,,,,,0.122,0.251,,,0.151,0.396,0.665,,,0.057,,,0.029,,,,,0.035,0.057,0.029,,,,0.15,0.428,0.025,0.085,,,,0.014,,,
1829,0.057,,,,0.121,,0.284,0.396,0.008,,0.761,,,0.022,0.057,,0.057,0.008,0.153,0.125,,,,,,0.853,0.32,0.029,,,,,0.094,,,,0.048,,0.396,0.076,,0.635,,,,0.251,,0.118,0.008,0.026,0.519,,0.648,,0.317,0.008,,,,,,0.275,0.075,,,,,0.222,0.151,0.012,0.022,0.317,0.008,0.057,,0.057,0.189,,,0.027,0.008,,,,0.014,0.316,0.029,,0.276,0.116,,,0.008,0.808,0.008,0.031,0.008,0.018,,0.171,0.057,,,0.117,0.452,,,,,,,,,,,0.761,0.615,0.007,,0.072,0.275,0.39,,,0.283,0.173,0.567,,0.659,0.122,0.644,0.212,0.489,0.075,,0.515,0.24322368,,,,,,0.138,,,0.178,0.014,0.028,0.008,,,0.036,0.008,,0.019,0.251,,,,,,,0.122,0.251,,,0.151,0.396,0.665,,,0.057,,,0.029,,,,,0.035,0.057,0.029,,,,0.15,0.428,0.025,0.085,,,,0.014,,,
1830,0.057,,,,0.178,,0.284,0.396,0.006,,0.525,,,0.022,0.064,,0.064,0.006,0.153,0.125,,,,,,0.853,0.276,0.029,,,,,0.094,,,,0.048,,0.396,0.076,,0.635,,,0.036,0.251,,0.118,0.006,0.026,0.519,,0.716,,0.4,0.006,,,,,,0.275,0.075,,,,,0.222,0.151,0.012,0.022,0.4,0.008,0.064,,0.064,0.189,,,0.027,0.006,,,,0.014,0.316,0.029,,0.276,0.116,,,0.006,0.808,0.006,0.031,0.006,0.018,,0.171,0.064,,,0.117,0.302,,,,,,,,,,,0.732,0.615,0.007,,0.072,0.356,0.39,,,0.283,0.173,0.567,,0.659,0.122,0.644,0.205,0.489,0.075,,0.515,0.25082278,,,,,,0.138,,,0.222,0.014,0.028,0.008,,,0.042,0.006,,0.019,0.251,,,,,,,0.122,0.251,,,0.151,0.396,0.665,,,0.064,,,0.029,,,,,0.035,0.064,0.029,,,,0.408,0.428,0.025,0.085,0.365,,,0.014,,,
1831,0.057,,,,0.178,,0.284,0.396,0.006,,0.525,,,0.022,0.064,,0.064,0.006,0.153,0.125,,,,,,0.853,0.281,0.029,,,,,0.094,,,,0.048,,0.396,0.076,,0.635,,,0.04,0.251,,0.118,0.006,0.026,0.519,,0.716,,0.4,0.006,,,,,,0.223,0.075,,,,,0.222,0.151,0.012,0.022,0.4,0.008,0.064,,0.064,0.238,,,0.027,0.006,,,,0.014,0.316,0.029,,0.276,0.116,,,0.006,0.808,0.006,0.031,0.006,0.018,,0.171,0.064,,,0.117,0.302,,,,,,,,,,,0.732,0.615,0.007,,0.072,0.356,0.39,,,0.283,0.173,0.567,,0.659,0.122,0.644,0.205,0.521,0.075,,0.515,0.25235444,,,,,,0.138,,,0.222,0.014,0.028,0.008,,,0.101,0.006,,0.019,0.251,,,,,,,0.113,0.251,,,0.151,0.396,0.665,,,0.251,,,0.029,,,,,0.035,0.064,0.029,,,,0.408,0.428,0.025,0.04,0.365,,,0.014,,,
1832,0.057,,,,0.178,,0.284,0.396,0.008,,0.789,,,0.022,0.064,,0.064,0.008,0.153,0.125,,,,,,0.853,0.261,0.029,,,,,0.109,,,,0.048,,0.396,0.076,,0.635,,,0.04,0.251,,0.118,0.008,0.026,0.519,,0.716,,0.4,0.008,,,,,,0.249,0.075,,,,,0.222,0.151,0.012,0.022,0.4,0.008,0.064,,0.064,0.238,,,0.027,0.008,,,,0.014,0.316,0.029,,0.276,0.116,,,0.008,0.808,0.008,0.031,0.008,0.018,,0.171,0.064,,,0.117,0.302,,,,,,,,,,,0.732,0.615,0.007,,0.072,0.356,0.39,,,0.283,0.173,0.567,,0.659,0.122,0.644,0.205,0.521,0.075,,0.515,0.25694937,,,,,,0.138,,,0.086,0.014,0.028,0.008,,,0.101,0.008,,0.019,0.251,,,,,,,0.113,0.251,,,0.151,0.396,0.665,,,0.251,,,0.029,,,,,0.035,0.064,0.029,,,,0.408,0.428,0.025,0.04,0.365,,,0.014,,,
1833,0.057,,,,0.178,,0.284,0.396,0.011,,0.789,,,0.022,0.064,,0.064,0.011,0.153,0.125,,,,,,0.853,0.258,0.029,,,,,0.109,,,,0.048,,0.396,0.076,,0.635,,,0.04,0.251,,0.118,0.011,0.026,0.519,,0.716,,0.406,0.011,,,,,,0.265,0.075,,,,,0.222,0.151,0.012,0.022,0.406,0.008,0.064,,0.064,0.238,,,0.027,0.011,,,,0.014,0.316,0.029,,0.276,0.116,,,0.011,0.808,0.011,0.031,0.011,0.018,,0.171,0.064,,,0.117,0.302,,,,,,,,,,,0.732,0.615,0.007,,0.072,0.356,0.39,,,0.283,0.173,0.567,,0.659,0.122,0.644,0.205,0.521,0.075,,0.515,0.25622785,,,,,,0.138,,,0.086,0.014,0.028,0.008,,,0.101,0.011,,0.019,0.251,,,,,,,0.113,0.251,,,0.151,0.396,0.665,,,0.251,,,0.029,,,,,0.035,0.064,0.029,,,,0.408,0.428,0.025,0.04,0.365,,,0.014,,,
1834,0.057,,,,0.178,,0.284,0.396,0.008,,0.789,,,0.022,0.064,,0.064,0.008,0.153,0.125,,,,,,0.853,0.258,0.029,,,,,0.121,,,,0.048,,0.396,0.076,,0.635,,,0.04,0.251,,0.118,0.008,0.026,0.519,,0.716,,0.46,0.008,,,,,,0.301,0.075,,,,,0.222,0.151,0.012,0.022,0.46,0.008,0.064,,0.064,0.238,,,0.027,0.008,,,,0.014,0.316,0.029,,0.276,0.116,,,0.008,0.808,0.008,0.031,0.008,0.018,,0.171,0.064,,,0.117,0.302,,,,,,,,,,,0.732,0.615,0.007,,0.072,0.356,0.39,,,0.283,0.173,0.567,,0.659,0.122,0.644,0.205,0.521,0.075,,0.515,0.25936708,,,,,,0.138,,,0.086,0.014,0.045,0.008,,,0.101,0.008,,0.019,0.251,,,,,,,0.113,0.251,,,0.151,0.396,0.665,,,0.251,,,0.029,,,,,0.035,0.064,0.029,,,,0.408,0.428,0.025,0.04,0.351,,,0.014,,,
1835,0.057,,,,0.178,,0.284,0.396,0.01,,0.789,,,0.022,0.064,,0.064,0.01,0.153,0.125,,,,,,0.853,0.258,0.029,,,,,0.121,,,,0.045,,0.396,0.076,,0.635,,,0.04,0.251,,0.193,0.01,0.026,0.519,,0.716,,0.525,0.01,,,,,,0.301,0.075,,,,,0.222,0.151,0.012,0.022,0.525,0.008,0.064,,0.064,0.238,,,0.027,0.01,,,,0.014,0.316,0.029,,0.276,,,,0.01,0.808,0.01,0.031,0.01,0.018,,0.171,0.064,,,0.117,0.302,,,,,,,,,,,0.732,0.615,0.007,,0.072,0.356,0.39,,,0.283,0.173,0.567,,0.659,0.122,0.644,0.205,0.521,0.075,,0.515,0.2685,,,,,,0.138,,,0.086,0.014,0.252,0.008,,,0.101,0.01,,0.019,0.251,,,,,,,0.336,0.251,,,0.151,0.396,0.665,,,0.251,,,0.029,,,,,0.035,0.064,0.029,,,,0.408,0.428,0.025,0.04,0.351,,,0.014,,,
1836,0.057,,,,0.178,,0.284,0.396,0.01,,0.789,,,0.022,0.064,,0.064,0.01,0.153,0.125,,,,,,0.853,0.258,0.029,,,,,0.121,,,,0.045,,0.396,0.076,,0.635,,,0.04,0.251,,0.193,0.01,0.026,0.519,,0.716,,0.525,0.01,,,,,,0.301,0.075,,,,,0.222,0.151,0.012,0.022,0.525,0.008,0.064,,0.064,0.238,,,0.027,0.01,,,,0.014,0.316,0.029,,0.276,,,,0.01,0.808,0.01,0.031,0.01,0.018,,0.171,0.064,,,0.117,0.302,,,,,,,,,,,0.732,0.615,0.007,,0.072,0.356,0.39,,,0.283,0.173,0.567,,0.659,0.122,0.644,0.205,0.521,0.075,,0.515,0.26852563,,,,,,0.138,,,0.086,0.014,0.252,0.008,,,0.101,0.01,,0.019,0.251,,,,,,,0.338,0.251,,,0.151,0.396,0.665,,,0.251,,,0.029,,,,,0.035,0.064,0.029,,,,0.408,0.428,0.025,0.04,0.351,,,0.014,,,
1837,0.057,,,,0.178,,0.284,0.396,0.01,,0.789,,,0.022,0.064,,0.064,0.01,0.153,0.125,,,,,,0.853,0.258,0.029,,,,,0.101,,,,0.045,,0.396,0.076,,0.636,,,0.04,0.251,,0.193,0.01,0.026,0.519,,0.716,,0.525,0.01,,,,,,0.301,0.075,,,,,0.222,0.151,0.012,0.022,0.525,0.008,0.064,,0.064,0.238,,,0.027,0.01,,,,0.014,0.316,0.029,,0.276,,,,0.01,0.808,0.01,0.031,0.01,0.018,,0.171,0.064,,,0.117,0.302,,,,,,,,,,,0.732,0.615,0.007,,0.072,0.356,0.39,,,0.283,0.173,0.567,,0.659,0.122,0.644,0.205,0.521,0.075,,0.515,0.26828206,,,,,,0.138,,,0.086,0.014,0.252,0.008,,,0.101,0.01,,0.019,0.251,,,,,,,0.338,0.251,,,0.151,0.396,0.665,,,0.251,,,0.029,,,,,0.035,0.064,0.029,,,,0.408,0.428,0.025,0.04,0.351,,,0.014,,,
1838,0.057,,,,0.178,,0.284,0.396,0.01,,0.789,,,0.022,0.064,,0.064,0.01,0.153,0.125,,,,,,0.853,0.31,0.029,,,,,0.101,,,0.394,0.045,,0.396,0.076,,0.772,,,0.04,0.251,,0.193,0.01,0.026,0.519,,0.716,,0.532,0.01,,,,,,0.301,0.04,,,0.127,,0.222,0.151,0.012,0.022,0.532,0.008,0.064,,0.064,0.238,,,0.027,0.01,,,,0.014,0.316,0.029,,0.276,,,,0.01,0.808,0.01,0.031,0.01,0.018,,0.171,0.064,,,0.117,0.302,,,,,,,,,,0.05,0.732,0.615,0.007,,0.072,0.356,0.39,,,0.283,0.173,0.567,,0.659,0.122,0.644,0.205,0.521,0.075,,0.515,0.26457316,,,,,,0.138,,,0.086,0.014,0.252,0.008,,,0.101,0.01,,0.019,0.251,,,,,0.041,,0.347,0.251,,,0.151,0.396,0.665,,,0.251,,,0.029,,,,,0.035,0.064,0.029,,,,0.408,0.416,0.025,0.04,0.351,,,0.014,,,
1839,0.057,,,,0.178,,0.284,0.396,0.01,,0.789,,,0.022,0.158,,0.158,0.01,0.153,0.125,,,,,,0.853,0.31,0.029,,,,,0.086,,,0.394,0.045,,0.396,0.076,,0.772,,,0.04,0.251,,0.193,0.01,0.026,0.519,,0.716,,0.532,0.01,,,,,,0.301,0.033,,,0.127,,0.222,0.151,0.012,0.022,0.532,0.008,0.158,,0.158,0.238,,,0.027,0.01,,,,0.014,0.316,0.029,,0.276,,,,0.01,0.808,0.01,0.031,0.01,0.018,,0.171,0.158,,,0.117,0.302,,,,,,,,,,0.05,0.732,0.615,0.007,,0.072,0.356,0.39,,,0.283,0.173,0.567,,0.659,0.122,0.644,0.205,0.521,0.075,,0.515,0.26587805,,,,0.022,,0.138,,,0.086,0.014,0.252,0.008,,,0.101,0.01,,0.019,0.251,,,,,0.041,,0.347,0.251,,,0.151,0.396,0.665,,,0.251,,,0.029,,,,,0.035,0.158,0.029,,,,0.408,0.416,0.025,0.04,0.351,,,0.014,,,
1840,0.057,,,,0.178,,0.284,0.396,0.01,,0.845,,,0.022,0.207,,0.207,0.01,0.108,0.125,,,,,,0.853,0.392,0.029,,,,,0.086,,,0.394,0.045,,0.396,0.076,,0.772,,,0.04,0.26,,0.193,0.01,0.026,0.519,,0.716,,0.532,0.01,,,,,,0.301,0.046,,,0.127,,0.222,0.165,0.012,0.022,0.532,0.01,0.207,,0.207,0.238,,,0.027,0.01,,,,0.014,0.316,0.029,,0.276,,,,0.01,0.808,0.01,0.031,0.01,0.018,,0.171,0.207,,,0.117,0.302,,,,,,,,,,0.05,0.771,0.615,0.007,,0.072,0.356,0.39,,,0.283,0.173,0.567,,0.659,0.122,0.644,0.167,0.521,0.075,,0.515,0.26834145,,,,0.022,,0.138,,,0.086,0.014,0.252,0.017,,,0.101,0.01,,0.019,0.26,,,,,0.041,,0.395,0.26,,,0.165,0.396,0.665,,,0.207,,,0.029,,,,,0.035,0.207,0.029,,,,0.354,0.416,0.025,0.04,0.34,,,0.014,,,
1841,0.057,,,,0.178,,0.676,0.396,0.01,,0.845,,,0.022,0.207,,0.207,0.01,0.154,0.125,,,,,0.788,0.853,0.392,0.029,,,,,0.086,,,0.435,0.045,,0.396,0.076,,0.772,,,0.04,0.26,,0.231,0.01,0.026,0.519,,0.716,,0.532,0.01,,,,,,0.301,0.046,,,0.127,,0.222,0.165,0.012,0.022,0.532,0.01,0.207,,0.207,0.238,,,0.027,0.01,,,,0.014,0.316,0.029,,0.276,,,,0.01,0.808,0.01,0.031,0.01,0.018,,0.171,0.207,,,0.117,0.302,,,,,,,,,,0.05,0.771,0.615,0.007,0.882,0.072,0.356,0.39,,,0.283,0.173,0.567,,0.659,0.122,0.644,0.167,0.521,0.075,,0.515,0.2884524,,,,0.022,,0.138,,,0.086,0.014,0.252,0.022,,,0.101,0.01,,0.019,0.26,,,,,0.041,,0.395,0.26,,,0.165,0.396,0.665,,,0.207,,,0.029,,,,,0.035,0.207,0.029,,,,0.354,0.416,0.025,0.04,0.34,,,0.014,,,
1842,0.057,,,,0.178,,0.676,0.396,0.01,,0.845,,,0.022,0.207,,0.207,0.01,0.154,0.125,,,,,0.788,0.853,0.392,0.029,,,,,0.086,,,0.411,0.045,,0.396,0.076,,0.772,,,0.04,0.271,,0.231,0.01,0.026,0.519,,0.716,,0.532,0.01,,,,,,0.301,0.046,,,0.127,,0.222,0.165,0.012,0.022,0.532,0.01,0.207,,0.207,0.238,,,0.027,0.01,,,,0.014,0.316,0.029,,0.276,,,,0.01,0.808,0.01,0.031,0.01,0.018,,0.171,0.207,,,0.117,0.302,,,,,,,,,,0.05,0.771,0.649,0.007,0.882,0.072,0.356,0.39,,,0.283,0.173,0.567,,0.659,0.122,0.644,0.167,0.521,0.075,,0.515,0.2887143,,,,0.022,,0.138,,,0.086,0.014,0.252,0.023,,,0.101,0.01,,0.019,0.271,,,,,0.041,,0.395,0.271,,,0.165,0.396,0.665,,,0.207,,,0.029,,,,,0.035,0.207,0.029,,,,0.354,0.416,0.025,0.04,0.34,,,0.014,,,
1843,0.057,,,,0.178,,0.676,0.396,0.01,,0.845,,,0.022,0.207,,0.207,0.01,0.154,0.125,,,,,0.788,0.853,0.392,0.029,,,,,0.134,,,0.548,0.045,,0.396,0.076,,0.772,,,0.04,0.271,,0.231,0.01,0.026,0.519,,0.716,,0.532,0.01,,,,,,0.301,0.046,,,0.127,,0.222,0.165,0.012,0.022,0.532,0.01,0.207,,0.207,0.238,,,0.027,0.01,,,,0.014,0.316,0.029,,0.276,,,,0.01,0.808,0.01,0.031,0.01,0.018,,0.171,0.207,,,0.117,0.302,,,,,,,,,,0.05,0.771,0.649,0.007,0.882,0.072,0.356,0.39,,,0.283,0.173,0.567,,0.659,0.122,0.644,0.167,0.521,0.075,,0.515,0.29091668,,,,0.022,,0.138,,,0.086,0.014,0.252,0.023,,,0.101,0.01,,0.019,0.271,,,,,0.041,,0.395,0.271,,,0.165,0.396,0.665,,,0.207,,,0.029,,,,,0.035,0.207,0.029,,,,0.354,0.416,0.025,0.04,0.34,,,0.014,,,
1844,0.057,,,,0.178,,0.676,0.396,0.01,,0.845,,,0.022,0.207,,0.207,0.01,0.154,0.125,,,,,0.788,0.853,0.384,0.029,,,,,0.138,,,0.548,0.036,,0.396,0.076,,0.772,0.105,,0.04,0.271,,0.231,0.01,0.026,0.519,,0.716,,0.566,0.01,,,,,,0.321,0.046,,,0.127,,0.222,0.182,0.012,0.022,0.566,0.01,0.207,,0.207,0.238,,,0.027,0.01,,,,0.014,0.316,0.029,,0.276,,,,0.01,0.808,0.01,0.031,0.01,0.018,,0.171,0.207,,,0.117,0.302,,,,,,,,,,0.05,0.771,0.649,0.007,0.882,0.072,0.356,0.39,,,0.283,0.173,0.567,,0.659,0.122,0.644,0.167,0.521,0.075,,0.515,0.28941175,,,,0.022,,0.138,,,0.086,0.014,0.252,0.023,,,0.101,0.01,,0.019,0.271,,,,,0.041,,0.395,0.271,,,0.182,0.396,0.665,,,0.207,,,0.029,,,,,0.035,0.207,0.029,,,,0.354,0.416,0.025,0.04,0.34,,,0.014,,,
1845,0.057,,,,0.178,,0.676,0.396,0.01,,0.845,,,0.022,0.207,,0.207,0.01,0.154,0.125,,,,,0.788,0.853,0.384,0.029,,,,,0.138,,,0.548,0.044,,0.396,0.076,,0.772,0.105,,0.055,0.271,,0.231,0.01,0.026,0.519,,0.716,,0.566,0.01,,,,,,0.321,0.046,,,0.127,,0.222,0.182,0.012,0.022,0.566,0.01,0.207,,0.207,0.238,,,0.027,0.01,,,,0.014,0.316,0.029,,0.276,,,,0.01,0.808,0.01,0.031,0.01,0.018,,0.171,0.207,,,0.117,0.302,,,,,,,,,,0.023,0.771,0.649,0.007,0.882,0.072,0.356,0.39,,,0.283,0.173,0.567,,0.659,0.122,0.644,0.167,0.521,0.064,,0.515,0.2899647,,,,0.022,,0.195,,,0.086,0.014,0.257,0.023,,,0.101,0.01,,0.019,0.271,,,,,0.041,,0.395,0.271,,,0.182,0.396,0.665,,,0.207,,,0.029,,,,,0.035,0.207,0.029,,,,0.354,0.416,0.025,0.04,0.34,,,0.014,,,
1846,0.057,,,,0.178,,0.676,0.396,0.01,,0.845,,,0.022,0.207,,0.207,0.01,0.154,0.125,,,,,0.788,0.853,0.384,0.029,,,,,0.138,,,0.548,0.044,,0.396,0.076,,0.772,0.105,,0.075,0.271,,0.231,0.01,0.026,0.519,,0.716,,0.566,0.01,,,,,,0.321,0.046,,,0.127,,0.222,0.182,0.012,0.022,0.566,0.01,0.207,,0.207,0.238,,,0.027,0.01,,,,0.014,0.316,0.029,,0.276,,,,0.01,0.808,0.01,0.031,0.01,0.018,,0.171,0.207,,,0.117,0.302,,,,,,,,,,0.054,0.771,0.649,0.003,0.882,0.072,0.356,0.39,,,0.283,0.173,0.567,,0.659,0.122,0.644,0.167,0.521,0.064,,0.515,0.29002354,,,,0.022,,0.195,,,0.086,0.014,0.099,0.023,,,0.101,0.01,,0.019,0.271,,,,,0.041,,0.395,0.271,,,0.182,0.396,0.665,,,0.207,,,0.029,,,,,0.045,0.207,0.029,,,,0.402,0.416,0.025,0.098,0.34,,,0.014,,,
1847,0.057,,,,0.178,,0.676,0.396,0.01,,0.845,,,0.022,0.207,,0.207,0.01,0.154,0.125,,,,,0.788,0.853,0.384,0.029,,,,,0.138,,,0.548,0.044,,0.396,0.076,,0.772,0.105,,0.075,0.271,,0.231,0.01,0.026,0.519,,0.716,,0.566,0.01,,,,,,0.321,0.046,,,0.127,,0.2,0.182,0.012,0.022,0.566,0.01,0.207,,0.207,0.238,,,0.027,0.01,,,,0.014,0.316,0.029,,0.276,,,,0.01,0.808,0.01,0.031,0.01,0.018,,0.171,0.207,,,0.117,0.302,,,,,,,,,,0.054,0.771,0.649,0.003,0.882,0.072,0.356,0.39,,,0.283,0.173,0.567,,0.659,0.122,0.644,0.167,0.521,0.064,,0.515,0.28972942,,,,0.022,,0.195,,,0.086,0.014,0.099,0.032,,,0.101,0.01,,0.019,0.271,,,,,0.041,,0.395,0.271,,,0.182,0.396,0.665,,,0.207,,,0.029,,,,,0.045,0.207,0.029,,,,0.402,0.416,0.025,0.161,0.325,,,0.014,,,
1848,0.057,,,,0.178,,0.676,0.307,0.014,,0.845,,,0.022,0.207,,0.207,0.014,0.097,0.125,,,,,0.788,0.853,0.384,0.029,,,,,0.161,,,0.546,0.044,,0.307,0.124,,0.818,0.105,,0.075,0.271,,0.231,0.014,0.026,0.519,,0.725,,0.566,0.014,,,,,,0.321,0.046,,,0.127,,0.083,0.619,0.012,0.022,0.566,0.012,0.207,,0.207,0.29,,,0.027,0.014,,,,0.014,0.316,0.029,,0.271,,,,0.014,0.808,0.014,0.031,0.014,0.018,,0.171,0.207,,,0.117,0.302,,,,,,,,,,0.054,0.771,0.649,0.003,0.882,0.072,0.356,0.39,,,0.283,0.173,0.446,,0.659,0.122,0.644,0.167,0.521,0.044,,0.586,0.29271764,,,,0.022,,0.195,,,0.086,0.014,0.099,0.032,,,0.101,0.014,,0.019,0.271,,,,,0.041,,0.395,0.271,,,0.619,0.307,0.665,,,0.207,,,0.029,,,,,0.045,0.207,0.029,,,,0.402,0.416,0.025,0.154,0.153,,,0.014,,,
1849,0.057,,,,0.178,,0.676,0.232,0.014,,0.845,,,0.022,0.207,,0.207,0.014,0.097,0.125,,,,,0.788,0.875,0.394,0.029,,,,,0.19,,,0.546,0.044,,0.232,0.181,,0.893,0.105,,0.075,0.353,,0.231,0.014,0.026,0.519,,0.725,,0.566,0.014,,,,,,0.321,0.046,,,0.127,,0.083,0.401,0.012,0.022,0.566,0.012,0.207,,0.207,0.367,,,0.027,0.014,,,,0.012,0.316,0.029,,0.271,,,,0.014,0.808,0.014,0.031,0.014,0.018,,0.171,0.207,,,0.117,0.302,,,,,,,,,,0.054,0.869,0.649,0.003,0.882,0.072,0.356,0.39,,,0.482,0.187,0.56,,0.659,0.122,0.452,0.167,0.521,0.044,,0.586,0.29784706,,,,0.022,,0.195,,,0.086,0.012,0.223,0.032,,,0.101,0.014,,0.019,0.353,,,,,0.041,,0.395,0.353,,,0.401,0.232,0.665,,,0.207,,,0.029,,,,,0.045,0.207,0.029,,,,0.402,0.416,0.025,0.152,0.177,,,0.014,,,
1850,0.057,,,,0.201,,0.676,0.296,0.014,,0.845,,,0.022,0.207,,0.207,0.014,0.097,0.125,,,,,0.788,0.875,0.382,0.029,,,,,0.203,,,0.546,0.044,,0.296,0.181,,0.901,0.105,,0.055,0.317,,0.231,0.014,0.026,0.519,,0.725,,0.566,0.014,,,,,,0.321,0.046,,,0.127,,0.083,0.153,0.012,0.022,0.566,0.012,0.207,,0.207,0.395,,,0.029,0.014,,,,0.012,0.316,0.029,,0.271,,,,0.014,0.808,0.014,0.031,0.014,0.018,,0.171,0.207,,,0.117,0.313,,,,,,,,,,0.036,0.869,0.649,0.003,0.882,0.072,0.494,0.39,,,0.482,0.187,0.636,,0.659,0.122,0.452,0.198,0.521,0.044,,0.519,0.2990941,,,,0.022,,0.195,,,0.086,0.012,0.357,0.032,,,0.114,0.014,,0.019,0.317,,,,,0.041,,0.395,0.317,,,0.153,0.296,0.665,,,0.207,,,0.029,,,,,0.045,0.207,0.029,,,,0.402,0.416,0.025,0.085,0.186,,,0.014,,,
1851,0.057,,,,0.201,,0.676,0.296,0.014,,0.845,,,0.022,0.207,,0.207,0.014,0.097,0.125,,,,,0.788,0.875,0.358,0.023,,,,,0.206,,,0.546,0.044,,0.296,0.181,,0.901,0.105,,0.057,0.33,,0.231,0.014,0.026,0.519,,0.578,,0.566,0.014,,,,,,0.321,0.046,,,0.127,,0.083,0.153,0.012,0.022,0.566,0.012,0.207,,0.207,0.395,,,0.029,0.014,,,,0.012,0.316,0.029,,0.271,,,,0.014,0.808,0.014,0.031,0.014,0.018,,0.171,0.207,,,0.117,0.313,,,,,,,,,,0.027,0.869,0.649,0.003,0.882,0.072,0.494,0.39,,,0.482,0.159,0.636,,0.659,0.122,0.452,0.198,0.521,0.044,,0.519,0.29983333,,,,0.022,,0.195,,,0.086,0.012,0.357,0.032,,,0.114,0.014,,0.019,0.33,,,,,0.041,,0.395,0.33,,,0.153,0.296,0.665,,,0.207,,,0.029,,,,,0.045,0.207,0.023,,,,0.402,0.416,0.025,0.085,0.186,,,0.207,,,
1852,0.057,,,,0.248,,0.676,0.296,0.014,,0.845,,,0.022,0.207,,0.207,0.014,0.097,0.125,,,,,0.788,0.875,0.359,0.023,,,,,0.213,,,0.546,0.044,,0.296,0.181,,0.901,0.105,,0.057,0.33,,0.237,0.014,0.026,0.519,,0.578,,0.566,0.014,,,,,,0.321,0.046,,,0.127,,0.083,0.153,0.014,0.022,0.566,0.012,0.207,,0.207,0.395,,,0.029,0.014,,,,0.012,0.316,0.029,,0.271,,,,0.014,0.808,0.014,0.031,0.014,0.018,,0.171,0.207,,,0.117,0.313,,,,,,,,,,0.027,0.869,0.678,0.003,0.882,0.072,0.494,0.39,,,0.482,0.159,0.636,,0.659,0.122,0.452,0.198,0.521,0.044,,0.519,0.30339286,,,,0.022,,0.195,,,0.086,0.012,0.422,0.032,,,0.114,0.014,,0.019,0.33,,,,,0.041,,0.395,0.33,,,0.153,0.296,0.665,,,0.207,,,0.029,,,,,0.045,0.207,0.023,,,,0.557,0.416,0.025,0.108,0.186,,,0.207,,,
1853,0.057,,,,0.248,,0.676,0.296,0.014,,0.845,,,0.022,0.207,,0.207,0.014,0.097,0.125,,,,,0.788,0.875,0.359,0.023,,,,,0.213,,,0.546,0.044,,0.296,0.181,,0.901,0.105,,0.057,0.33,,0.237,0.014,0.026,0.519,,0.578,,0.566,0.014,,,,,,0.321,0.046,,,0.127,,0.083,0.153,0.014,0.022,0.566,0.012,0.207,,0.207,0.395,,,0.029,0.014,,,,0.012,0.316,0.029,,0.271,,,,0.014,0.808,0.014,0.031,0.014,0.018,,0.171,0.207,,,0.117,0.313,,,,,,,,,,0.027,0.869,0.678,0.002,0.918,0.072,0.494,0.39,,,0.482,0.159,0.636,,0.659,0.122,0.452,0.198,0.521,0.044,,0.519,0.30488095,,,,0.022,,0.195,,,0.086,0.012,0.492,0.032,,,0.114,0.014,,0.019,0.33,,,,,0.041,,0.395,0.33,,,0.153,0.296,0.665,,,0.207,,,0.029,,,,,0.045,0.207,0.023,,,,0.557,0.416,0.025,0.108,0.186,,,0.207,,,
1854,0.057,,,,0.248,,0.676,0.296,0.014,,0.845,,,0.022,0.207,,0.207,0.014,0.097,0.125,,,,,0.788,0.875,0.359,0.023,,,,,0.194,,,0.546,0.044,,0.296,0.181,,0.901,0.105,,0.057,0.33,,0.237,0.014,0.026,0.519,,0.578,,0.566,0.014,,,,,,0.321,0.046,,,0.127,,0.083,0.153,0.026,0.022,0.566,0.012,0.207,,0.207,0.395,,,0.037,0.014,,,,0.012,0.316,0.029,,0.271,,,,0.014,0.808,0.014,0.031,0.014,0.018,,0.171,0.207,,,0.117,0.313,,,,,,,,,,0.027,0.869,0.721,0.002,0.918,0.072,0.494,0.39,,,0.482,0.159,0.636,,0.659,0.122,0.4,0.198,0.521,0.044,,0.519,0.30478573,,,,0.022,,0.195,,,0.086,0.012,0.492,0.032,,,0.114,0.014,,0.019,0.33,,,,,0.041,,0.395,0.33,,,0.153,0.296,0.665,,,0.207,,,0.029,,,,,0.045,0.207,0.023,,,,0.557,0.416,0.025,0.108,0.186,,,0.207,,,
1855,0.057,,,,0.248,,0.676,0.296,0.03,,0.845,,,0.022,0.207,,0.207,0.03,0.097,0.125,,,,,0.788,0.875,0.359,0.023,,,,,0.184,,,0.546,0.044,,0.296,0.181,,0.901,0.105,,0.057,0.33,,0.237,0.03,0.022,0.519,,0.578,,0.566,0.03,,,,,,0.321,0.046,,,0.127,,0.083,0.179,0.026,0.022,0.566,0.012,0.207,,0.207,0.395,,,0.037,0.03,,,,0.012,0.316,0.029,,0.271,,,,0.03,0.808,0.03,0.031,0.03,0.018,,0.171,0.207,,,0.117,0.313,,,,,,,,,,0.027,0.869,0.688,0.002,0.918,0.072,0.494,0.39,,,0.482,0.159,0.636,,0.659,0.122,0.4,0.198,0.521,0.044,,0.519,0.30689287,,,,0.022,,0.302,,,0.086,0.012,0.492,0.027,,,0.114,0.03,,0.019,0.33,,,,,0.041,,0.395,0.33,,,0.179,0.296,0.665,,,0.207,,,0.029,,,,,0.045,0.207,0.023,,,,0.557,0.416,0.025,0.108,0.266,,,0.207,,,
1856,0.057,,,,0.248,,0.825,0.296,0.03,,0.845,,,0.039,0.207,,0.207,0.03,0.097,0.125,,,,,0.788,0.875,0.359,0.023,,,,,0.205,,,0.546,0.044,,0.296,0.181,,0.901,0.105,,0.057,0.33,,0.237,0.03,0.022,0.519,,0.578,,0.566,0.03,,,,,,0.321,0.046,,,0.127,,0.083,0.179,0.026,0.039,0.566,0.012,0.207,,0.207,0.395,,,0.037,0.03,,,,0.012,0.316,0.029,,0.271,,,,0.03,0.808,0.03,0.041,0.03,0.018,,0.171,0.207,,,0.117,0.313,,,,,,,,,,0.027,0.869,0.688,0.002,0.918,0.072,0.494,0.39,,,0.482,0.159,0.636,,0.659,0.122,0.4,0.198,0.521,0.044,,0.519,0.30542353,,,0.002,0.039,,0.302,,,0.116,0.012,0.492,0.027,,,0.114,0.03,,0.019,0.33,,,,,0.052,,0.395,0.33,,,0.179,0.296,0.665,,,0.207,,,0.029,,,,,0.045,0.207,0.023,,,,0.557,0.416,0.025,0.108,0.266,,,0.207,,,
1857,0.057,,,,0.248,,0.825,0.296,0.03,,0.845,,,0.036,0.235,,0.235,0.03,0.097,0.125,,,,,0.788,0.875,0.4,0.023,,,,,0.205,,,0.546,0.044,,0.296,0.181,,0.912,0.105,,0.06,0.33,,0.237,0.03,0.022,0.519,,0.578,,0.566,0.03,,,,,,0.321,0.046,,,0.127,,0.083,0.179,0.026,0.036,0.566,0.012,0.235,,0.235,0.395,,,0.037,0.03,,,,0.012,0.316,0.029,,0.271,,,,0.03,0.808,0.03,0.041,0.03,0.018,,0.205,0.235,,,0.117,0.313,,,,,,,,,,0.027,0.869,0.688,0.002,0.918,0.072,0.494,0.39,,,0.482,0.159,0.636,,0.659,0.16,0.598,0.198,0.521,0.044,,0.519,0.31176472,,,0.002,0.036,,0.302,,,0.116,0.012,0.492,0.027,,,0.108,0.03,,0.019,0.33,,,,,0.052,,0.395,0.33,,,0.179,0.296,0.665,,,0.235,,,0.029,,,,,0.14,0.235,0.023,,,,0.557,0.416,0.025,0.108,0.296,,,0.235,,,
1858,0.057,,,,0.248,,0.825,0.296,0.03,,0.845,,,0.043,0.229,,0.229,0.03,0.097,0.125,,,,,0.788,0.875,0.4,0.023,,,,,0.205,,,0.546,0.044,,0.296,0.181,,0.912,0.105,,0.06,0.33,,0.237,0.03,0.022,0.519,,0.578,,0.566,0.03,,,,,,0.321,0.046,,,0.127,,0.083,0.229,0.026,0.043,0.566,0.012,0.229,,0.229,0.395,,,0.042,0.03,,,,0.012,0.316,0.029,,0.271,,,,0.03,0.808,0.03,0.041,0.03,0.018,,0.141,0.229,,,0.117,0.313,,,,,,,,,,0.115,0.869,0.688,0.002,0.918,0.072,0.494,0.39,,,0.482,0.159,0.636,,0.659,0.16,0.598,0.198,0.521,0.044,,0.519,0.31270587,,,0.002,0.043,,0.302,,,0.116,0.012,0.492,0.027,,,0.108,0.03,,0.019,0.33,,,,,0.052,,0.395,0.33,,,0.229,0.296,0.665,,,0.229,,,0.029,,,,,0.14,0.229,0.023,,,,0.557,0.416,0.025,0.108,0.296,,,0.229,,,
1859,0.057,,,,0.248,,0.825,0.296,0.03,,0.845,,,0.068,0.229,,0.229,0.03,0.097,0.125,,,,,0.788,0.875,0.378,0.023,,,,,0.205,,,0.531,0.044,,0.296,0.181,,0.912,0.105,,0.049,0.33,,0.237,0.03,0.022,0.519,,0.578,,0.566,0.03,,,,,,0.321,0.046,,,0.127,,0.083,0.229,0.026,0.068,0.566,0.012,0.229,,0.229,0.395,,,0.042,0.03,,,,0.012,0.316,0.029,,0.271,,,,0.03,0.808,0.03,0.041,0.03,0.018,,0.141,0.229,,,0.117,0.313,,,,,,,,,,0.115,0.869,0.688,0.002,0.918,0.072,0.494,0.39,,,0.482,0.159,0.636,,0.659,0.16,0.598,0.198,0.521,0.044,,0.519,0.31143528,,,0.002,0.068,,0.302,,,0.116,0.012,0.492,0.027,,,0.108,0.03,,0.019,0.33,,,,,0.052,,0.395,0.33,,,0.229,0.296,0.665,,,0.229,,,0.029,,,,,0.14,0.229,0.023,,,,0.557,0.416,0.025,0.108,0.211,,,0.229,,,
1860,0.057,,,,0.415,,0.825,0.296,0.023,,0.845,,,0.085,0.229,,0.229,0.023,0.097,0.125,,,,,0.788,0.875,0.524,0.023,,,,,0.177,,,0.532,0.044,,0.296,0.181,,0.912,0.105,,0.043,0.303,,0.237,0.023,0.022,0.519,,0.578,,0.566,0.023,,,,,,0.321,0.046,,,0.127,,0.22,0.236,0.026,0.085,0.566,0.008,0.229,,0.229,0.395,,,0.043,0.023,,,,0.012,0.316,0.029,,0.271,,,,0.023,0.808,0.023,0.041,0.023,0.042,,0.178,0.229,,,0.117,0.43,,,,,,,,,,0.118,0.869,0.688,0.002,0.918,0.072,0.494,0.39,,,0.482,0.159,0.636,,0.659,,,0.198,0.521,0.044,,0.473,0.31959036,,,0.002,0.085,,0.302,,,0.116,0.012,0.492,0.027,,,0.268,0.023,,0.019,0.303,,,,,0.052,,0.41,0.303,,,0.236,0.296,0.691,,,0.229,,,0.029,,,,,0.14,0.229,0.023,,,,0.696,0.435,0.025,0.082,0.201,,,0.229,,,
1861,0.057,,,,0.415,,0.825,0.296,0.055,,0.845,,,0.085,0.229,,0.229,0.055,0.097,0.125,,,,,0.788,0.875,0.524,0.023,,,,,0.165,,,0.548,0.044,,0.296,0.181,,0.912,0.035,,0.031,0.303,,0.237,0.055,0.022,0.519,,0.578,,0.62,0.055,,,,,,0.321,0.046,,,0.127,,0.22,0.25,0.026,0.085,0.62,0.008,0.229,,0.229,0.395,,,0.043,0.055,,,,0.012,0.316,0.029,,0.271,,,,0.055,0.808,0.055,0.041,0.055,0.193,,0.19,0.229,,,0.117,0.43,,,,,,,,,,0.118,0.869,0.762,0.002,0.918,0.072,0.494,0.39,,,0.482,0.159,0.636,,0.659,,,0.198,0.521,,,0.473,0.32745123,,,0.002,0.085,,0.302,,,0.109,0.012,0.492,0.027,,,0.268,0.055,,0.019,0.303,,,,,0.052,,0.41,0.303,,,0.25,0.296,0.742,,,0.229,,,0.029,,,,,0.14,0.229,0.023,,,,0.696,0.493,0.034,0.081,0.201,,,0.229,,,
1862,0.057,,,,0.415,,0.825,0.296,0.055,,0.845,,,0.138,0.229,,0.229,0.055,0.097,0.125,,,,,0.788,0.875,0.524,0.023,,,,,0.165,,,0.548,0.044,,0.296,0.181,,0.912,0.035,,0.031,0.303,,0.237,0.055,0.022,0.519,,0.578,,0.62,0.055,,,,,,0.321,0.046,,,0.127,,0.22,0.25,0.026,0.138,0.62,0.008,0.229,,0.229,0.523,,,0.043,0.055,,,,0.012,0.316,0.029,,0.271,,,,0.055,0.808,0.055,0.041,0.055,0.311,,0.19,0.229,,,0.117,0.43,,,,,,,,,,0.19,0.869,0.762,0.002,0.918,0.072,0.494,0.39,,,0.482,0.159,0.636,,0.659,,,0.198,0.521,,,,0.3302963,,,0.002,0.138,,0.302,,,0.109,0.012,0.492,0.027,,,0.268,0.055,,0.019,0.303,,,,,0.052,,0.41,0.303,,,0.25,0.296,0.742,,,0.229,,,0.029,,,,,0.14,0.229,0.023,,,,0.696,0.498,0.034,0.081,0.201,,,0.229,,,
1863,0.057,,,,0.534,,0.825,0.296,0.059,,0.845,,,0.138,0.229,,0.229,0.059,0.097,0.125,,,,,0.788,0.875,0.524,0.023,,,,,0.225,,,0.548,0.044,,0.296,0.181,,0.912,0.035,,0.031,0.261,,0.237,0.059,0.022,0.519,,0.578,,0.62,0.059,,,,,,0.321,0.046,,,0.127,,0.22,0.25,0.026,0.138,0.62,0.008,0.229,,0.229,0.523,,,0.043,0.059,,,,0.012,0.316,0.029,,0.271,,,,0.059,0.808,0.059,0.041,0.059,0.311,,0.19,0.229,,,0.117,0.43,,,,,,,,,,0.125,0.869,0.762,0.002,0.918,0.072,0.494,0.39,,,0.482,0.159,0.636,,0.659,,,0.198,0.521,,,,0.33265433,,,0.002,0.138,,0.302,,,0.068,0.012,0.492,0.027,,,0.268,0.059,,0.019,0.261,,,,,0.052,,0.41,0.261,,,0.25,0.296,0.742,,,0.229,,,0.029,,,,,0.13,0.229,0.023,,,,0.696,0.498,0.034,0.081,0.286,,,0.229,,,
1864,0.057,,,,0.534,,0.825,0.296,0.059,,0.845,,,0.138,0.229,,0.229,0.059,0.062,0.125,,,,,0.788,0.875,0.504,0.023,,,,,0.225,,,0.548,0.044,,0.296,0.181,,0.912,0.035,,0.031,0.261,,0.237,0.059,0.022,0.519,,0.578,,0.62,0.059,,,,,,0.321,0.046,,,0.127,,0.22,0.25,0.026,0.138,0.62,0.008,0.229,,0.229,0.523,,,0.043,0.059,,,,0.015,0.316,0.029,,0.271,,,,0.059,0.808,0.059,0.037,0.059,0.049,,0.19,0.229,,,0.117,0.43,,,,,,,,,,0.207,0.869,0.762,0.002,0.918,0.072,0.494,0.39,,,0.482,0.159,0.636,,0.659,,,0.198,0.521,,,,0.32988888,,,0.002,0.138,,0.302,,,0.112,0.015,0.492,0.008,,,0.268,0.059,,0.019,0.261,,,,,0.052,,0.41,0.261,,,0.25,0.296,0.742,,,0.229,,,0.029,,,,,0.054,0.229,0.023,,,,0.696,0.498,0.034,0.081,0.349,,,0.229,,,
1865,0.057,,,,0.534,,0.825,0.296,0.109,,0.845,,,0.138,0.229,,0.229,0.109,0.062,0.125,,,,,0.788,0.875,0.552,0.024,,,,,0.225,,,0.548,0.044,,0.296,0.181,,0.912,0.035,,0.031,0.261,,0.237,0.109,0.022,0.519,,0.578,,0.62,0.109,,,,,,0.343,0.046,,,0.127,,0.22,0.25,0.026,0.138,0.62,0.008,0.229,,0.229,0.523,,,0.043,0.109,,,,0.015,0.316,0.029,,0.271,,,,0.109,0.808,0.109,0.037,0.109,0.049,,0.19,0.229,,,0.117,0.43,,,,,,,,,,0.207,0.869,0.762,0.002,0.918,0.072,0.494,0.39,,,0.482,0.159,0.636,,0.659,,,0.198,0.521,,,,0.33204937,,,0.002,0.138,,0.302,,,0.112,0.015,0.492,0.008,,,0.345,0.109,,0.019,0.261,,,,,0.052,,0.41,0.261,,,0.25,0.296,0.742,,,0.229,,,0.029,,,,,0.031,0.229,0.024,,,,0.696,0.498,0.034,0.081,0.349,,,0.229,,,
1866,0.057,,,,0.534,,0.825,0.296,0.114,,0.845,,,0.138,0.229,,0.229,0.114,0.062,0.125,,,,,0.788,0.875,0.552,0.024,,,,,0.225,,,0.548,0.044,,0.296,0.181,,0.912,0.396,,0.057,0.261,,0.237,0.114,0.022,0.519,,0.578,,0.62,0.114,,,,,,0.343,0.046,,,0.127,,0.22,0.278,0.026,0.138,0.62,0.008,0.229,,0.229,0.523,,,0.043,0.114,,,,0.015,0.316,0.029,,0.271,,,,0.114,0.808,0.114,0.037,0.114,0.049,,0.19,0.229,,,0.135,0.43,,,,,,,,,,0.162,0.869,0.762,0.002,0.918,0.072,0.494,0.39,,,0.413,0.159,0.636,,0.659,,,0.198,0.521,,,,0.33714816,,,0.002,0.138,,0.302,,,0.112,0.015,0.492,0.008,,,0.345,0.114,,0.019,0.261,,,,,0.052,,0.41,0.261,,,0.278,0.296,0.742,,,0.229,,,0.029,,,,,0.031,0.229,0.024,,,,0.696,0.587,0.034,0.081,0.349,,,0.229,,,
1867,0.057,,,,0.534,,0.825,0.499,0.131,,0.845,,,0.138,0.229,,0.229,0.131,0.062,0.125,,,,,0.788,0.875,0.552,0.024,,,,,0.201,,,0.548,0.044,,0.499,0.234,,0.912,0.396,,0.057,0.261,,0.237,0.131,0.022,0.519,,0.578,,0.62,0.131,,,,,,0.343,0.046,,,0.127,,0.22,0.474,0.026,0.138,0.62,0.008,0.229,,0.229,0.523,,,0.043,0.131,,,,0.015,0.316,0.029,,0.271,,,,0.131,0.808,0.131,0.037,0.131,0.049,,0.178,0.229,,,0.135,0.43,,,,,,,,,,0.204,0.869,0.762,0.002,0.918,0.072,0.494,0.39,,,,,0.636,,0.659,,,0.198,0.535,,,,0.34243038,,,0.002,0.138,,0.302,,,0.112,0.015,0.492,0.008,,,0.345,0.131,,0.019,0.261,,0.318,,,0.052,,0.41,0.261,,,0.474,0.499,0.742,,,0.229,,,0.029,,,,,0.031,0.229,0.024,,,,0.696,0.587,0.034,0.081,0.349,,,0.229,,,
1868,0.057,,,,0.534,,0.825,0.731,0.131,,0.845,,,0.138,0.229,,0.229,0.131,0.062,0.125,,,,,0.788,0.875,0.552,0.024,,,,,0.211,,,0.548,0.033,,0.731,0.271,,0.912,0.396,,0.057,0.261,,0.237,0.131,0.022,0.519,,0.578,,0.648,0.131,,,,,,0.343,0.046,,,0.127,,0.22,0.482,0.026,0.138,0.648,0.008,0.229,,0.229,0.523,,,0.043,0.131,,,,0.015,0.316,0.029,,0.271,,,,0.131,0.808,0.131,0.037,0.131,0.066,,0.201,0.229,,,0.135,0.43,,,,,,,,,,0.204,0.869,0.762,0.002,0.918,0.072,0.494,0.45,,,,,0.636,,,,,0.198,,,,,0.32975343,,,0.002,0.138,,0.25,,,,0.015,0.492,0.008,,,0.345,0.131,,0.019,0.261,,0.318,,,0.052,,0.41,0.261,,,0.482,0.731,0.742,,,0.229,,,0.029,0.131,,,,0.031,0.229,0.024,,,,0.66,0.587,0.023,0.081,0.272,,,0.229,,,
1869,0.057,,,,0.534,,0.825,0.731,0.131,,0.845,,,0.138,0.229,,0.229,0.131,0.062,0.125,,,,,0.788,0.875,0.552,0.024,,,,,0.211,,,0.548,0.033,,0.731,0.271,,0.912,0.396,,0.024,0.261,,0.245,0.131,0.022,0.517,,0.578,,0.617,0.131,,,,,,0.343,0.04,,,0.127,,0.22,0.479,0.026,0.138,0.617,0.008,0.229,,0.229,0.523,,,0.147,0.131,,,,0.015,0.316,0.029,,0.247,,,,0.131,0.808,0.131,0.037,0.131,0.08,,0.201,0.229,,,0.135,0.43,,,,,,,,,,0.152,0.869,0.762,0.002,0.918,0.072,0.494,0.45,,,,,0.636,,,,,0.198,,,,,0.33064383,,,0.002,0.138,,0.282,,,,0.015,0.492,0.008,,,0.345,0.131,,0.019,0.261,,0.318,,,0.052,,0.41,0.261,,,0.479,0.731,0.764,,,0.229,,,0.029,0.131,,,,0.031,0.229,0.024,,,,0.707,0.587,0.023,0.081,0.261,,,0.229,,,
1870,0.057,,,,0.534,,0.825,0.731,0.132,,0.845,,,0.138,0.229,,0.229,0.132,0.072,0.125,,,,,0.788,0.896,0.552,0.024,,,,,0.211,,,0.447,0.033,,0.731,0.271,,0.912,0.396,,0.024,0.275,,0.311,0.132,0.022,0.517,,0.433,,0.663,0.132,,,,,,0.343,0.05,,,0.127,,0.22,0.482,0.03,0.138,0.663,0.008,0.229,,0.229,0.523,,,0.412,0.132,,,,0.015,0.316,0.029,,0.247,,,,0.132,0.808,0.132,0.037,0.132,0.08,,0.204,0.229,,,0.135,0.43,,,,,,,,,,0.204,0.869,0.762,0.002,0.918,0.072,0.494,0.45,,,,,0.636,,,,,0.198,,,,,0.3341781,,,0.002,0.138,,0.282,,,,0.015,0.492,0.015,,,0.345,0.132,,0.019,0.275,,0.343,,,0.052,,0.41,0.275,,,0.482,0.731,0.764,,,0.229,,,0.029,0.132,,,,0.055,0.229,0.024,,,,0.645,0.587,0.023,0.081,0.276,,,0.229,,,
1871,0.057,,,,0.534,,0.825,0.731,0.132,,0.845,,,0.138,0.229,,0.229,0.132,0.072,0.125,,,,,0.788,0.896,0.552,0.024,,,,,0.211,,,0.447,0.033,,0.731,0.538,,0.912,0.396,,0.024,0.275,,0.311,0.132,0.022,0.517,,0.474,,0.684,0.132,,,,,,0.343,0.028,,,0.127,,0.22,0.463,0.03,0.138,0.684,0.008,0.229,,0.229,0.628,,,0.412,0.132,,,,0.015,0.316,0.029,,0.247,,,,0.132,0.808,0.132,0.037,0.132,0.08,,0.204,0.229,,,0.135,0.43,,,,,,,,,,0.204,0.869,0.762,0.002,0.918,0.072,0.494,0.45,,,,,0.636,,,,,0.198,,,,,0.34494445,,,0.002,0.138,,0.282,,,,0.015,0.492,0.129,,,0.345,0.132,,0.019,0.275,,0.343,,,0.067,,0.41,0.275,,,0.463,0.731,0.764,,,0.229,,,0.029,0.132,,,,0.055,0.229,0.024,,,,0.645,0.587,0.023,,0.276,,,0.229,,,
1872,0.057,,,,0.534,,0.825,0.731,0.132,,0.845,,,0.138,0.229,,0.229,0.132,0.072,0.125,,,,,0.788,0.896,0.552,0.024,,,,,0.211,,,0.447,0.033,,0.731,0.538,,0.912,0.396,,0.024,0.275,,0.311,0.132,0.022,0.517,,0.755,,0.684,0.132,,,,,,0.343,0.028,,,0.127,,0.217,0.463,0.03,0.138,0.684,0.008,0.229,,0.229,0.628,,,0.412,0.132,,,,0.015,0.316,0.029,,0.247,,,,0.132,0.808,0.132,0.037,0.132,0.08,,0.204,0.229,,,0.135,0.43,,,,,,,,,,0.204,0.869,0.762,0.002,0.918,0.072,,,,,,,,,,,,0.198,,,,,0.33961764,,,0.002,0.138,,0.282,,,,0.015,0.492,0.129,,,0.345,0.132,,0.019,0.275,,0.343,,,0.067,,0.41,0.275,,,0.463,0.731,0.764,,,0.229,,,0.029,0.132,,,,0.055,0.229,0.024,,,,0.645,0.587,0.023,,0.276,,,0.229,,,
1873,0.057,,,,0.534,,0.825,0.731,0.132,,0.845,,,0.138,0.229,,0.229,0.132,0.072,0.125,,,,,0.788,0.896,0.552,0.024,,,,,0.211,,,0.447,0.033,,0.731,0.538,,0.912,0.396,,0.024,0.275,,0.311,0.132,0.022,0.517,,0.755,,0.684,0.132,,,,,,0.343,0.028,,,0.127,,0.217,0.463,0.03,0.138,0.684,0.008,0.229,,0.229,0.628,,,0.412,0.132,,,,0.015,0.316,0.032,,0.247,,,,0.132,0.808,0.132,0.037,0.132,0.08,,0.204,0.229,,,0.135,0.43,,,,,,,,,,0.204,0.869,0.762,0.002,0.918,0.072,,,,,,,,,,,,0.198,,,,,0.34051472,,,0.002,0.138,,0.282,,,,0.015,0.492,0.129,,,0.345,0.132,,0.019,0.275,,0.343,,,0.067,,0.41,0.275,,,0.463,0.731,0.764,,,0.229,,,0.032,0.132,,,,0.055,0.229,0.024,,,,0.703,0.587,0.023,,0.276,,,0.229,,,
1874,0.057,,,,0.534,,0.825,0.731,0.181,,0.845,,,0.157,0.229,,0.229,0.181,0.072,0.125,,,,,0.788,0.896,0.552,0.024,,,,,0.211,,,0.447,0.033,,0.731,0.538,,0.912,0.396,,0.024,0.275,,0.311,0.181,0.022,0.517,,0.755,,0.684,0.181,,,,,,0.343,0.028,,,0.127,,0.217,0.463,0.03,0.157,0.684,0.008,0.229,,0.229,0.628,,,0.469,0.181,,,,0.016,0.316,0.071,,0.247,,,,0.181,0.808,0.181,0.037,0.181,0.08,,0.204,0.229,,,0.135,0.43,,,,,,,,,,0.204,0.869,0.762,0.002,0.918,0.072,,,,,,,,,,,,0.21,,,,,0.34311765,,,0.002,0.157,,0.282,,,,0.016,0.492,0.129,,,0.345,0.181,,0.019,0.275,,0.343,,,0.067,,0.41,0.275,,,0.463,0.731,0.764,,,0.229,,,0.071,0.181,,,,0.055,0.229,0.024,,,,0.703,0.587,0.023,,0.276,,,0.229,,,
1875,0.057,,,,0.534,,0.825,0.731,0.181,,0.845,,,0.157,0.229,,0.229,0.181,0.072,0.125,,,,,0.788,0.896,0.552,0.024,,,,,0.194,,,0.447,0.033,,0.731,0.538,,0.912,0.396,,0.034,0.275,,0.311,0.181,0.022,0.517,,0.755,,0.684,0.181,,,,,,0.343,0.028,,,0.127,,0.217,0.448,0.03,0.157,0.684,0.008,0.229,,0.229,0.628,,,0.469,0.181,,,,0.016,0.316,0.071,,0.247,,,,0.181,0.808,0.181,0.037,0.181,0.08,,0.204,0.229,,,0.135,0.43,,,,,,,,,,0.152,0.869,0.762,0.002,0.918,0.072,,,,,,,,,,,,0.194,,,,,0.34179413,,,0.002,0.157,,0.282,,,,0.016,0.492,0.129,,,0.345,0.181,,0.019,0.275,,0.343,,,0.067,,0.41,0.275,,,0.448,0.731,0.764,,,0.229,,,0.071,0.181,,,,0.055,0.229,0.024,,,,0.703,0.587,0.023,,0.276,,,0.229,,,
1876,0.057,,,,0.534,,0.825,0.731,0.181,,0.845,,,0.157,0.206,,0.206,0.181,0.072,0.125,,,,,0.788,0.896,0.552,0.024,,,,,0.219,,,0.447,0.033,,0.731,0.538,,0.912,0.435,,0.035,0.275,,0.311,0.181,0.022,0.517,,0.755,,0.684,0.181,,,,,,0.343,0.028,,,0.132,,0.217,0.448,0.03,0.157,0.684,0.008,0.206,,0.206,0.628,,,0.469,0.181,,0.181,,0.016,0.316,0.071,,0.247,,,,0.181,0.808,0.181,0.037,0.181,0.08,,0.223,0.206,,,0.135,0.43,,,,,,,,,,0.196,0.869,0.762,0.002,0.918,0.072,,,,,,,,,,,,0.194,,,,,0.343,,,0.002,0.157,,0.282,,,,0.016,0.492,0.129,,,0.345,0.181,,0.019,0.275,,0.343,,,0.067,,0.41,0.275,,,0.448,0.731,0.764,,,0.206,,,0.071,0.181,,,,0.055,0.206,0.024,,,,0.675,0.587,0.023,,0.276,,,0.206,,,
1877,0.057,,,,0.534,,0.825,0.731,0.181,,0.845,,,0.157,0.11,,0.11,0.181,0.072,0.125,,,,,0.788,0.896,0.552,0.024,,,,,0.219,,,0.447,0.033,,0.731,0.538,,0.912,0.264,,0.035,0.286,,0.311,0.181,0.022,0.517,,0.755,,0.684,0.181,,,,,,0.343,0.028,,,0.132,,0.217,0.448,0.03,0.157,0.684,0.008,0.11,,0.11,0.628,,,0.469,0.181,,0.181,,0.016,0.316,0.071,,0.247,,,,0.181,0.808,0.181,0.037,0.181,0.08,,0.178,0.11,,,0.135,0.43,,,,,,,,,,0.205,0.869,0.762,0.002,0.918,0.072,,,,,,,,,,,,0.194,,,,,0.33738235,,,0.002,0.157,,0.282,,,,0.016,0.492,0.129,,,0.345,0.181,,0.019,0.286,,0.343,,,0.067,,0.41,0.286,,,0.448,0.731,0.764,,,0.11,,,0.071,0.181,,,,0.055,0.11,0.024,,,,0.585,0.587,0.023,,0.276,,,0.11,,,
1878,0.057,,,,0.534,,0.825,0.731,0.139,,0.845,,,0.157,0.349,,0.121,0.139,0.072,0.125,,,,,0.788,0.896,0.552,0.024,,,,,0.219,,,0.447,0.033,,0.731,0.538,,0.912,0.333,,0.035,0.286,,0.311,0.139,0.022,0.517,,0.755,,0.684,0.139,,,,,,0.343,0.028,,,0.132,,0.217,0.448,0.03,0.157,0.684,0.008,0.121,,0.121,0.628,,,0.469,0.139,,0.139,,0.016,0.316,0.071,,0.247,,,,0.139,0.808,0.139,0.037,0.139,0.08,,0.178,0.121,,,0.135,0.43,,,,,,,,,,0.205,0.869,0.762,0.002,0.918,0.072,,,,,,,,,,,,0.194,,,,,0.33769566,,,0.002,0.157,,0.282,,,,0.016,0.492,0.129,,,0.345,0.139,,0.019,0.286,,0.343,,,0.067,,0.401,0.286,,,0.448,0.731,0.764,,,0.121,,,0.071,0.139,,,,0.036,0.121,0.024,,,,0.585,0.587,0.023,,0.276,,,0.121,,,
1879,0.057,,,,0.534,,0.825,0.731,0.139,,0.845,,,0.157,0.349,,,0.139,0.072,0.125,,,,,0.788,0.896,0.552,0.024,,,,,0.219,,,0.447,0.04,,0.731,0.538,,0.912,0.407,,0.035,0.286,,0.311,0.139,0.022,0.517,,0.755,,0.684,0.139,,,,,,0.343,0.028,,,0.132,,0.217,0.448,0.03,0.157,0.684,0.008,0.121,,0.121,0.628,,,0.469,0.139,,0.139,,0.016,0.316,0.071,,0.247,,,,0.139,0.808,0.139,0.037,0.139,0.08,,0.178,0.121,,,0.135,0.359,,,,,,,,,,0.205,0.869,0.762,0.002,0.918,0.072,,,,,,,,,,,,0.194,,,,,0.33689857,,,0.002,0.157,,0.217,,,,0.016,0.492,0.129,,,0.345,0.139,,0.019,0.286,,0.343,,,0.067,,0.401,0.286,,,0.448,0.731,0.764,,,0.121,,,0.071,0.139,,,,0.036,0.121,0.024,,,,0.585,0.587,0.023,,0.276,,,0.121,,,
1880,0.05,,,,0.534,,0.825,0.731,0.139,,0.845,,,0.157,0.349,,,0.139,0.122,0.125,,,,,0.788,0.896,0.531,0.024,,,,,0.219,,,0.447,0.04,,0.731,0.538,,0.919,0.407,,0.034,0.337,,0.311,0.139,0.022,0.517,,0.773,,0.705,0.139,,,,,,0.343,0.028,,,0.132,,0.217,0.448,0.03,0.157,0.705,0.008,0.084,,0.084,0.628,,,0.469,0.139,,0.139,,0.013,0.316,0.071,,0.247,,,,0.139,0.808,0.139,0.046,0.139,0.08,,0.178,0.084,,,0.135,0.359,,,,,,,,,,0.205,0.869,0.778,0.002,0.918,0.072,,,,,,,,,,,,0.194,,,,,0.3385797,,,0.002,0.157,,0.177,,,,0.013,0.492,0.129,,,0.345,0.139,,0.019,0.337,,0.343,,,0.067,,0.401,0.337,,,0.448,0.731,0.789,,,0.084,,,0.071,0.139,,,,0.037,0.084,0.024,,,,0.585,0.587,0.03,,0.296,,,0.084,,,
1881,0.05,,,,0.534,,0.825,0.731,0.106,,0.845,,,0.157,0.193,,,0.106,0.122,0.125,,,,,0.788,0.896,0.528,0.024,,,,,0.219,,,0.447,0.05,,0.731,0.538,,0.919,0.407,,0.034,0.337,,0.311,0.106,0.022,0.517,,0.773,,0.705,0.106,,,,,,0.343,0.028,,,0.132,,0.217,0.448,0.03,0.157,0.705,0.008,0.084,,0.084,0.628,,,0.469,0.106,,0.106,,0.016,0.316,0.071,,0.247,,,,0.106,0.808,0.106,0.046,0.106,0.064,,0.178,0.084,,,0.135,0.359,,,,,,,,,,0.131,0.869,0.778,0.002,0.918,0.072,,,,,,,,,,,,0.194,,,,,0.33473912,,,0.002,0.157,,0.177,,,,0.016,0.492,0.129,,,0.345,0.106,,0.019,0.337,,0.343,,,0.071,,0.401,0.337,,,0.448,0.731,0.789,,,0.084,,,0.071,0.106,,,,0.037,0.084,0.024,,,,0.585,0.587,0.03,,0.296,,,0.084,,,
1882,0.05,,,,0.534,,0.825,0.731,0.106,,0.845,,,0.157,0.193,,,0.106,0.122,0.125,,,,,0.788,0.896,0.528,0.024,,,,,0.219,,,0.566,0.05,,0.731,0.538,,0.919,0.174,,0.034,0.338,,0.311,0.106,0.022,0.517,,0.773,,0.705,0.106,,,,,,0.343,0.028,,,0.132,,0.217,0.448,0.03,0.157,0.705,0.008,0.084,,0.084,0.628,,,0.469,0.106,,0.106,,0.019,0.316,0.071,,0.247,,,,0.106,0.808,0.106,0.046,0.106,0.064,,0.178,0.084,,,0.135,0.359,,,,,,,,,,0.21,0.869,0.778,0.002,0.918,0.072,,,,,,,,,,,,0.194,,,,,0.33494204,,,0.002,0.157,,0.177,,,,0.019,0.492,0.129,,,0.345,0.106,,0.019,0.338,,0.343,,,0.071,,0.401,0.338,,,0.448,0.731,0.789,,,0.084,,,0.071,0.106,,,,0.082,0.084,0.024,,,,0.585,0.587,0.03,,0.296,,,0.084,,,
1883,0.05,,,,0.534,,0.825,0.731,0.106,,0.845,,,0.157,0.193,,,0.106,0.122,0.125,,,,,0.788,0.896,0.528,0.024,,,,,0.219,,,0.566,0.05,,0.731,0.538,,0.919,0.137,,0.034,0.338,,0.311,0.106,0.022,0.517,,0.773,,0.799,0.106,,,,,,0.374,0.028,,,0.132,,0.217,0.448,0.03,0.157,0.799,0.008,0.084,,0.084,0.628,,,0.469,0.106,,0.106,,0.019,0.316,0.071,,0.247,,,,0.106,0.808,0.106,0.046,0.106,0.064,,0.178,0.084,,,0.135,0.359,,,,,,,,,,0.21,0.869,0.778,0.002,0.918,0.072,,,,,,,,,,,,0.194,,,,,0.3362174,,,0.002,0.157,,0.177,,,,0.019,0.492,0.129,,,0.345,0.106,,0.019,0.338,,0.343,,,0.071,,0.401,0.338,,,0.448,0.731,0.789,,,0.084,,,0.071,0.106,,,,0.082,0.084,0.024,,,,0.585,0.587,0.03,,0.296,,,0.084,,,
1884,0.05,,,,0.534,,0.825,0.731,0.106,,0.845,,,0.157,0.22,,,0.106,0.122,0.125,,,,,0.788,0.896,0.546,0.024,,,,,0.219,,,0.558,0.05,,0.731,0.538,,0.919,0.066,,0.034,0.338,,0.311,0.106,0.022,0.517,,0.773,,0.799,0.106,,,,,,0.374,0.028,,,0.132,,0.217,0.448,0.03,0.157,0.799,0.008,0.084,,0.084,0.628,,,0.469,0.106,,0.106,,0.019,0.316,0.071,,0.247,,,,0.106,0.808,0.106,0.046,0.106,0.064,,0.178,0.084,,,0.135,0.359,,,,,,,,,,0.21,0.869,0.778,0.002,0.936,0.072,,,,,,,,,,,,0.194,,,,,0.3370435,,,0.002,0.157,,0.227,,,,0.019,0.492,0.129,,,0.345,0.106,,0.019,0.338,,0.343,,,0.071,,0.424,0.338,,,0.448,0.731,0.789,,,0.084,,,0.071,0.106,,,,0.082,0.084,0.024,,,,0.585,0.587,0.03,,0.296,,,0.084,,,
1885,0.05,,,,0.534,,0.825,0.731,0.106,,0.845,,,0.157,0.22,,,0.106,0.122,0.125,,,,,0.788,0.896,0.533,0.024,,,,,0.219,,,0.558,0.05,,0.731,0.538,,0.919,0.066,,0.034,0.338,,0.311,0.106,0.022,0.517,,0.773,,0.799,0.106,,,,,,0.374,0.028,,,0.132,,0.217,0.448,0.03,0.157,0.799,0.008,0.084,,0.084,0.628,,,0.469,0.106,,0.106,,0.024,0.316,0.071,,0.247,,,,0.106,0.808,0.106,0.046,0.106,0.064,,0.178,0.084,,,0.135,0.359,,,,,,,,,,0.21,0.869,0.778,0.002,0.936,0.072,,,,,,,,,,,,0.194,,,,,0.33714494,,,0.002,0.157,,0.227,,,,0.024,0.492,0.134,,,0.345,0.106,,0.019,,,0.343,,,0.081,,0.424,,,,0.448,0.731,0.789,,,0.084,,,0.071,0.106,,,,0.082,0.084,0.024,,,,0.585,0.587,0.03,,0.296,,,0.084,,,
1886,0.05,,,,0.534,,0.825,0.731,0.106,,0.845,,,0.157,0.158,,,0.106,0.122,0.125,,,,,0.788,0.896,0.533,0.024,,,,,0.215,,,0.558,0.05,,0.731,0.538,,0.897,0.066,,0.034,0.338,,0.311,0.106,0.022,0.517,,0.773,,0.799,0.106,,,,,,0.374,0.028,,,0.132,,0.217,0.448,0.03,0.157,0.799,0.008,0.084,,0.084,0.628,,,0.469,0.106,,0.106,,0.024,0.316,0.071,,0.247,,,,0.106,0.808,0.106,0.046,0.106,0.064,,0.178,0.084,,,0.312,0.359,,,,,,,,,,0.21,0.869,0.778,0.002,0.936,0.072,,,,,,,,,,,,0.064,,,,,0.33742028,,,0.002,0.157,,0.263,,,,0.024,0.492,0.134,,,0.345,0.106,,0.019,,,0.343,,,0.081,,0.424,,,,0.448,0.731,0.789,,,0.084,,,0.071,0.106,,,,0.082,0.084,0.024,,,,0.609,0.587,0.03,,0.296,,,0.084,,,
1887,0.05,,,,0.534,,0.825,0.731,0.106,,0.845,,,0.157,0.158,,,0.106,0.122,0.155,,,,,0.788,0.896,0.533,0.024,,,,,0.215,,,0.558,0.1,,0.731,0.538,,0.897,0.066,,0.034,0.338,,0.311,0.106,0.032,0.517,,0.773,,0.799,0.106,,,,,,0.374,0.028,,,0.132,,0.217,0.448,0.03,0.157,0.799,0.008,0.084,,0.084,0.628,,,0.469,0.106,,0.106,,0.024,0.316,0.071,,0.247,,,,0.106,0.808,0.106,0.046,0.106,0.064,,0.178,0.084,,,0.312,0.359,,,,,,,,,,0.226,0.869,0.778,0.002,0.936,0.072,,,,,,,,,,,,0.071,,,,,0.33992755,,,0.002,0.157,,0.263,,,,0.024,0.492,0.134,,,0.345,0.106,,0.019,,,0.343,,,0.081,,0.424,,,,0.448,0.731,0.789,,,0.084,,,0.071,0.106,,,,0.082,0.084,0.024,,,,0.669,0.587,0.03,,0.296,,,0.084,,,
1888,0.05,,,,0.534,,0.825,0.731,0.106,,0.845,,,0.157,0.158,,,0.106,0.122,0.225,,,,,0.788,0.896,0.533,0.024,,,,,0.215,,,0.625,0.104,,0.731,0.538,,0.897,0.066,,0.046,0.338,,0.311,0.106,0.032,0.517,,0.773,,0.799,0.106,,,,,,0.374,0.028,,,0.132,,0.217,0.448,0.03,0.157,0.799,0.008,0.084,,0.084,0.599,,,0.469,0.106,,0.106,,0.024,0.316,0.071,,0.247,,,,0.106,0.808,0.106,0.046,0.106,0.064,,0.178,0.084,,,0.312,0.359,,,,,,,,,,0.226,0.869,0.833,0.002,0.936,0.072,,,,,,,,,,,,0.071,,,,,0.34311596,,,0.002,0.157,,0.263,,,,0.024,0.492,0.134,,,0.345,0.106,,0.019,,,0.343,,,0.081,,0.453,,,,0.448,0.731,0.789,,,0.084,,,0.071,0.106,,,,0.082,0.084,0.024,,,,0.669,0.599,0.03,,0.296,,,0.084,,,
1889,0.05,,,,0.534,,0.825,0.731,0.106,,0.845,,,0.157,0.158,,,0.106,0.122,0.254,,,,,0.788,0.896,0.533,0.024,,,,,0.215,,,0.625,0.104,,0.731,0.538,,0.897,0.066,,0.057,0.338,,0.311,0.106,0.032,0.552,,0.773,,0.799,0.106,,,,,,0.374,0.028,,,0.132,,0.217,0.448,0.03,0.157,0.799,0.008,0.084,,0.084,0.599,,,0.469,0.106,,0.106,,0.024,0.316,0.071,,0.247,,,,0.106,0.808,0.106,0.046,0.106,0.064,,0.178,0.084,,,0.312,0.359,,,,,,,,,,0.226,0.869,0.849,0.002,0.936,0.072,,,,,,,,,,,,0.071,,,,,0.34537682,,,0.002,0.157,,0.263,,,,0.024,0.492,0.134,,,0.345,0.106,,0.019,,,0.343,,,0.081,,0.467,,,,0.448,0.731,0.789,,,0.084,,,0.071,0.106,,,,0.082,0.084,0.024,,,,0.72,0.599,0.03,,0.296,,,0.084,,,
1890,0.05,,,,0.534,,0.825,0.731,0.106,,0.845,,,0.157,0.158,,,0.106,0.122,0.254,,,,,0.788,0.896,0.375,0.025,,,,,0.215,,,0.625,0.108,,0.731,0.591,,0.897,0.066,,0.088,0.338,,0.35,0.106,0.039,0.552,,0.773,,0.799,0.106,,,,,,0.374,0.028,,,0.132,,0.217,0.448,0.038,0.157,0.799,0.009,0.095,,0.095,0.613,,,0.494,0.106,,0.106,,0.024,0.316,0.078,,0.247,,,,0.106,0.808,0.106,0.046,0.106,0.064,,0.178,0.095,,,0.312,0.359,,,,,,,,,,0.11,0.869,0.849,0.002,0.936,0.072,,,,,,,,,,,,0.071,,,,,0.34369564,,,0.002,0.157,,0.261,,,,0.024,0.492,0.134,,,0.345,0.106,,0.019,,,0.306,,,0.081,,0.467,,,,0.448,0.731,0.82,,,0.095,,,0.078,0.106,,,,0.082,0.095,0.025,,,,0.685,0.599,0.03,,0.296,,,0.095,,,
1891,0.037,,,,0.534,,0.825,0.731,0.106,,0.845,,,0.157,0.158,,,0.106,0.122,0.269,,,,,0.788,0.896,0.335,0.025,,,,,0.215,,,0.625,0.108,,0.731,0.591,,0.897,0.066,,0.088,0.338,,0.35,0.106,0.039,0.552,,0.773,,0.799,0.106,,,,,,0.374,0.028,,,0.132,,0.217,0.448,0.038,0.157,0.799,0.009,0.095,,0.095,0.613,,,0.494,0.106,,0.106,,0.024,0.316,0.078,,0.247,,,,0.106,0.808,0.106,0.046,0.106,0.064,,0.178,0.095,,,0.408,0.359,,,,,,,,,,0.177,0.869,0.849,0.002,0.936,0.072,,,,,,,,,,,,0.071,,,,,0.34817392,,,0.186,0.157,,0.261,,,,0.024,0.492,0.134,,,0.345,0.106,,0.019,,,0.306,,,0.081,,0.467,,,,0.448,0.731,0.82,,,0.095,,,0.078,0.106,,,,0.082,0.095,0.025,,,,0.685,0.599,0.03,,0.296,,,0.095,,,
1892,0.037,,,,0.534,,0.825,0.731,0.106,,0.845,,,0.157,0.158,,,0.106,0.122,0.269,,,,,0.788,0.896,0.495,0.025,,,,,0.215,,,0.533,0.108,,0.731,0.591,,0.897,0.066,,0.088,0.338,,0.35,0.106,0.039,0.552,,0.773,,0.799,0.106,,,,,,0.374,0.033,,,0.132,,0.217,0.448,0.038,0.157,0.799,0.013,0.095,,0.095,0.613,,,0.494,0.106,,0.106,,0.024,0.316,0.078,,0.247,,,,0.106,0.808,0.106,0.046,0.106,0.064,,0.178,0.095,,,0.408,0.359,,,,,,,,,,0.177,0.869,0.849,0.002,0.936,0.072,,,,,,,,,,,,0.071,,,,,0.34928986,,,0.186,0.157,,0.261,,,,0.024,0.492,0.134,,,0.345,0.106,,0.019,,,0.306,,,0.081,,0.467,,,,0.448,0.731,0.82,,,0.095,,,0.078,0.106,,,,0.082,0.095,0.025,,,,0.685,0.599,0.03,,0.296,,,0.095,,,
1893,0.037,,,,0.534,,0.825,0.731,0.106,,0.845,,,0.157,0.158,,,0.106,0.122,0.269,,,,,0.788,0.896,0.515,0.025,,,,,0.215,,,0.533,0.108,,0.731,0.591,,0.897,0.066,,0.088,0.338,,0.35,0.106,0.039,0.552,,0.773,,0.799,0.106,,,,,,0.374,0.044,,,0.132,,0.217,0.448,0.038,0.157,0.799,0.012,0.095,,0.095,0.613,,,0.494,0.106,,0.106,,0.024,0.316,,,0.247,,,,0.106,0.808,0.106,0.046,0.106,0.064,,0.178,0.095,,,0.408,0.359,,,,,,,,,,0.19,0.869,0.849,0.002,0.936,0.072,,,,,,,,,,,,0.071,,,,,0.3493623,,,0.186,0.157,,0.261,,,,0.024,0.492,0.134,,,0.345,0.106,,0.019,,,0.306,,,0.081,,0.467,,,,0.448,0.731,0.82,,,0.095,,,0.078,0.106,,,,0.082,0.095,0.025,,,,0.685,0.599,0.03,,0.258,,,0.095,,,
1894,0.037,,,,0.534,,0.825,0.731,0.179,,0.845,,,0.157,0.133,,,0.179,0.122,0.269,,,,,0.788,0.896,0.515,0.025,,,,,0.215,,,0.533,0.108,,0.731,0.591,,0.897,0.066,,0.088,0.338,,0.35,0.179,0.039,0.483,,0.773,,0.799,0.179,,,,,,0.374,0.044,,,0.132,,0.217,0.442,0.038,0.157,0.799,0.012,0.095,,0.095,0.613,,,0.494,0.179,,0.179,,0.039,0.316,,,0.247,,,,0.179,0.808,0.179,0.046,0.179,0.064,,0.178,0.095,,,0.408,0.359,,,,,,,,,,0.245,0.869,0.849,0.002,0.936,0.072,,,,,,,,,,,,0.071,,,,,0.3499855,,,0.186,0.157,,0.261,,,,0.039,0.492,0.134,,,0.345,0.179,,0.019,,,0.306,,,0.081,,0.467,,,,0.442,0.731,0.82,,,0.095,,,0.078,0.179,,,,0.082,0.095,0.025,,,,0.685,0.599,0.03,,0.258,,,0.095,,,
1895,0.037,,,,0.534,,0.825,0.731,0.179,,0.845,,,0.157,0.466,,,0.179,0.122,0.269,,,,,0.788,0.896,0.515,0.025,,,,,0.215,,,0.533,0.058,,0.731,0.591,,0.918,0.066,,0.222,0.338,,0.35,0.179,0.039,0.483,,0.773,,0.799,0.179,,,,,,0.374,0.044,,,0.132,,0.217,0.449,0.038,0.157,0.799,0.01,0.095,,0.095,0.613,,,0.494,0.179,,0.179,,0.06,0.316,,,0.247,,,,0.179,0.808,0.179,0.046,0.179,0.064,,0.178,0.095,,,0.408,0.359,,,,,,,,,,0.245,0.869,0.849,0.002,0.936,0.072,,,,,,,,,,,,0.071,,,,,0.35779712,,,0.186,0.157,,0.336,,,,0.06,0.492,0.134,,,0.345,0.179,,0.019,,,0.306,,,0.081,,0.467,,,,0.449,0.731,0.82,,,0.095,,,0.078,0.179,,,,0.082,0.095,,,,,0.685,0.599,0.03,,0.258,,,0.095,,,
1896,0.037,,,,0.534,,0.825,0.731,0.179,,0.845,,,0.157,0.466,,,0.179,0.122,0.269,,,,,0.788,0.896,0.515,0.025,,,,,0.215,,,0.533,0.064,,0.731,0.591,,0.918,0.066,,0.239,0.338,,0.35,0.179,0.039,0.483,,0.773,,0.799,0.179,,,,,,0.374,0.044,,,0.132,,0.217,0.449,0.038,0.157,0.799,0.01,0.095,,0.095,0.613,,,0.494,0.179,,0.179,,0.076,0.358,,,0.247,,,,0.179,0.808,0.179,0.046,0.179,0.069,,0.178,0.095,,,0.408,0.359,,,,,,,,,,0.19,0.869,0.849,0.002,0.936,0.072,,,,,,,,,,,,0.071,,,,,0.35805798,,,0.186,0.157,,0.318,,,,0.076,0.492,0.134,,,0.345,0.179,,0.019,,,0.306,,,0.081,,0.467,,,,0.449,0.731,0.82,,,0.095,,,0.078,0.179,0.179,,,0.082,0.095,,,,,0.685,0.604,0.03,,0.258,,,0.095,,,
1897,0.037,,,,0.534,,0.825,0.731,0.169,,0.845,,,0.157,0.466,,,0.169,0.122,0.269,,,,,0.788,0.896,0.515,0.025,,,,,0.215,,,0.533,0.064,,0.731,0.591,,0.918,0.066,,0.239,0.338,,0.35,0.169,0.039,0.483,,0.773,,0.799,0.169,,,,,,0.374,0.044,,,0.132,,0.217,0.449,0.038,0.157,0.799,0.01,0.095,,0.095,0.613,,,0.494,0.169,,0.169,,0.148,0.358,,,0.247,,,,0.169,0.808,0.169,0.046,0.169,0.057,,0.178,0.095,,,0.408,0.359,,,,,,,,,,0.24,0.869,0.849,0.002,0.936,0.072,,,,,,,,,,,,0.071,,,,,0.35871014,,,0.186,0.157,,0.318,,,,0.148,0.492,0.134,,,0.345,0.169,,0.019,,,0.306,,,0.081,,0.467,,,,0.449,0.731,0.82,,,0.095,,,0.078,0.169,0.169,,,0.082,0.095,,,,,0.63,0.604,0.03,,0.258,,,0.095,,,
1898,0.037,,,,0.534,,0.825,0.731,0.169,,0.845,,,0.157,0.466,,,0.169,0.122,0.269,,,,,0.788,0.896,0.515,0.025,,,,,0.215,,,0.533,0.3,,0.731,0.591,,0.918,0.066,,0.239,0.338,,0.35,0.169,0.039,0.473,,0.773,,0.799,0.169,,,,,,0.374,0.044,,,0.132,,0.217,0.449,0.038,0.157,0.799,0.01,0.095,,0.095,0.535,,,0.576,0.169,,0.169,,0.148,0.358,,,0.247,,,,0.169,0.808,0.169,0.046,0.169,0.057,,0.178,0.095,,,0.408,0.359,,,,,,,,,,0.24,0.869,0.849,0.002,0.936,0.072,,,,,,,,,,,,0.071,,,,,0.36333334,,,0.186,0.157,,0.318,,,,0.148,0.492,0.134,,,0.345,0.169,,0.019,,,0.306,,,0.081,,0.467,,,,0.449,0.731,0.82,,,0.095,,,0.078,0.169,0.169,,,0.082,0.095,,,,,0.719,0.604,0.03,,0.258,,,0.095,,,
1899,0.037,,,,0.534,,0.825,0.731,0.174,,0.845,,,0.157,0.466,,,0.174,0.125,0.269,,,,,0.788,0.896,0.515,0.025,,,,,0.176,,,0.533,0.476,,0.731,0.591,,0.93,0.066,,0.239,0.338,,0.35,0.174,0.039,0.473,,0.773,,0.799,0.174,,,,,,0.374,0.012,,,0.132,,0.217,0.449,0.038,0.157,0.799,0.01,0.095,,0.095,0.535,,,0.576,0.174,,0.174,,0.145,0.358,,,0.247,,,,0.174,0.808,0.174,0.046,0.174,0.057,,0.178,0.095,,,0.408,0.359,,,,,,,,,,0.24,0.869,0.849,0.002,0.936,0.072,,,,,,,,,,,,0.087,,,,,0.36533332,,,0.186,0.157,,0.318,,,,0.145,0.492,0.134,,,0.345,0.174,,0.019,,,0.306,,,0.081,,0.467,,,,0.449,0.731,0.82,,,0.095,,,0.078,0.174,0.174,,,0.082,0.095,,,,,0.719,0.604,0.03,,0.258,,,0.095,,,
1900,0.037,0.001,,,0.534,,0.825,0.731,0.174,,0.845,0.106,,0.157,0.466,0.026,,0.174,0.11,0.269,0.475,0.126,0.204,,0.788,0.896,0.515,0.025,0.015,,0.01,,0.176,0.037,0.041,0.533,0.476,0.266,0.731,0.634,0.015,0.93,0.227,0.037,0.239,0.338,0.081,0.35,0.174,0.039,0.473,0.467,0.773,,0.832,0.174,,0.158,0.416,0.002,0.01,0.374,0.006,0.592,0.716,0.132,,0.217,0.449,0.038,0.157,0.832,0.01,0.095,0.825,0.095,0.627,0.332,,0.658,0.174,0.011,0.174,0.194,0.145,0.388,0.097,,0.247,,0.642,0.103,0.174,0.804,0.174,0.046,0.174,0.057,0.208,0.178,0.095,0.021,0.681,0.408,0.359,,0.019,,0.432,0.012,0.541,0.048,,,0.24,0.869,0.87,0.002,0.936,0.072,,,,,,,,,,,,0.114,,,0.531,,0.30768293,,0.663,0.186,0.157,,0.383,0.091,0.113,,0.145,0.492,0.134,,0.103,0.345,0.174,,0.019,0.105,,0.354,0.234,0.094,0.081,0.187,0.467,0.105,0.158,0.651,0.449,0.731,0.82,0.182,,0.095,,,0.08,0.174,0.174,0.028,0.524,0.082,0.095,0.111,,0.183,,0.719,0.604,0.03,,0.235,,,0.095,0.09,,0.066
1901,0.037,0.001,,,0.534,,0.825,0.731,0.169,,0.845,0.106,,0.157,0.47,0.026,,0.169,0.11,0.269,0.475,0.126,0.204,,0.788,0.896,0.515,0.025,0.015,,0.01,,0.176,0.037,0.041,0.533,0.476,0.266,0.731,0.633,0.015,0.933,0.227,0.037,0.239,0.338,0.081,0.35,0.169,0.041,0.473,0.467,0.773,,0.832,0.169,,0.158,0.417,0.002,0.01,0.374,0.006,0.592,0.716,0.132,,0.217,0.449,0.038,0.157,0.832,0.01,0.095,0.825,0.095,0.638,0.332,,0.658,0.169,0.011,0.169,0.194,0.145,0.388,0.097,,0.247,,0.642,0.103,0.169,0.804,0.169,0.046,0.169,0.057,0.208,0.178,0.095,0.021,0.681,0.408,0.359,,0.019,,0.432,0.012,0.541,0.048,,,0.24,0.869,0.87,0.002,0.936,0.072,,,,,,,,,,,,0.114,,,0.531,,0.30776423,,0.663,0.186,0.157,,0.383,0.091,0.113,,0.145,0.492,0.134,,0.103,0.345,0.169,,0.019,0.103,,0.354,0.234,0.094,0.081,0.187,0.467,0.103,0.158,0.651,0.449,0.731,0.82,0.182,,0.095,,,0.077,0.169,0.169,0.028,0.524,0.082,0.095,0.111,,0.183,,0.719,0.604,0.03,,0.235,,,0.095,0.09,,0.066
1902,0.082,0.001,,,0.525,,0.825,0.731,0.186,,0.845,0.106,,0.157,0.47,0.026,,0.186,0.11,0.271,0.475,0.126,0.204,,0.788,0.896,0.515,0.028,0.015,,0.01,,0.176,0.037,0.041,0.57,0.476,0.266,0.731,0.627,0.015,0.933,0.227,0.037,0.239,0.338,0.081,0.35,0.186,0.041,0.473,0.467,0.775,,0.832,0.186,0.288,0.158,0.417,0.002,0.01,0.374,0.006,0.592,0.716,0.132,,0.217,0.449,0.038,0.157,0.832,0.01,0.095,0.825,0.095,0.638,0.332,,0.658,0.186,0.011,0.186,0.194,0.145,0.388,0.097,,0.247,,0.642,0.103,0.186,0.804,0.186,0.046,0.186,0.057,0.208,0.178,0.095,0.021,0.681,0.408,0.359,,0.019,,0.432,0.012,0.541,0.048,,,0.24,0.869,0.87,0.002,0.936,0.072,,,,,,,,,,,,0.114,,,0.531,,0.3081613,,0.663,0.186,0.157,,0.383,0.093,0.113,,0.145,0.492,0.134,,0.103,0.345,0.186,,0.019,0.103,,0.354,0.234,0.094,0.081,0.187,0.443,0.103,0.158,0.651,0.449,0.731,0.82,0.182,,0.095,,,0.077,0.186,0.186,0.028,0.524,0.082,0.095,0.111,,0.183,,0.719,0.604,0.03,,0.235,,,0.095,0.09,,0.066
1903,0.086,0.001,,,0.525,,0.825,0.731,0.179,,0.845,0.106,,0.157,0.47,0.026,,0.179,0.11,0.271,0.475,0.126,0.204,,0.788,0.896,0.515,0.028,0.015,,0.01,0.031,0.29,0.037,0.041,0.57,0.472,0.266,0.731,0.629,0.015,0.933,0.227,0.037,0.239,0.338,0.081,0.35,0.179,0.041,0.473,0.467,0.775,,0.832,0.179,0.288,0.158,0.417,0.002,0.01,0.374,0.006,0.592,0.716,0.132,,0.217,0.449,0.038,0.157,0.832,0.01,0.095,0.825,0.095,0.638,0.332,,0.658,0.179,0.011,0.179,0.194,0.145,0.388,0.097,,0.247,,0.642,0.103,0.179,0.804,0.179,0.046,0.179,0.057,0.208,0.178,0.095,0.021,0.681,0.408,0.359,,0.019,,0.432,0.012,0.541,0.043,,,0.244,0.869,0.87,0.002,0.936,0.072,,,,,,,,,,,,0.114,,,0.568,,0.3093937,,0.663,0.186,0.157,0.35,0.383,0.101,0.113,,0.145,0.492,0.134,,0.103,0.345,0.179,,0.035,0.103,,0.354,0.234,0.094,0.081,0.187,0.443,0.103,0.158,0.651,0.449,0.731,0.82,0.182,0.531,0.095,,,0.077,0.179,0.179,0.028,0.524,0.082,0.095,0.111,,0.183,,0.719,0.604,0.03,,0.235,,,0.095,0.09,,0.066
1904,0.086,0.001,,,0.525,,0.825,0.731,0.188,,0.845,0.106,,0.157,0.47,0.026,,0.188,0.11,0.271,0.475,0.126,0.204,,0.788,0.896,0.515,0.03,0.015,,0.01,0.031,0.29,0.042,0.041,0.57,0.472,0.266,0.731,0.629,0.015,0.933,0.227,0.037,0.232,0.338,0.081,0.35,0.188,0.041,0.426,0.467,0.775,,0.832,0.188,0.288,0.158,0.429,0.002,0.01,0.374,0.006,0.634,0.716,0.132,,0.217,0.449,0.038,0.157,0.832,0.01,0.095,0.825,0.095,0.638,0.332,,0.658,0.188,0.011,0.188,0.194,0.149,0.388,0.097,,0.247,,0.642,0.103,0.188,0.804,0.188,0.046,0.188,0.057,0.208,0.178,0.095,0.021,0.681,0.408,0.359,,0.019,0.153,0.432,0.012,0.541,0.036,,,0.247,0.869,0.87,0.002,0.936,0.072,,,,,,,,,,,,0.114,,,0.568,,0.30688372,,0.663,0.186,0.157,0.336,0.383,0.101,0.113,,0.149,0.492,0.134,,0.103,0.345,0.188,,0.035,0.103,0.129,0.354,0.234,0.094,0.081,0.187,0.471,0.103,0.158,0.651,0.449,0.731,0.82,0.182,0.531,0.095,,,0.077,0.188,0.188,0.028,0.524,0.082,0.095,0.111,,0.183,,0.702,0.604,0.03,,0.235,,,0.095,0.09,,0.066
1905,0.086,0.001,,,0.521,,0.834,0.731,0.148,,0.845,0.106,,0.157,0.47,0.026,,0.148,0.11,0.27,0.475,0.126,0.204,,0.788,0.896,0.515,0.03,0.015,,0.01,0.031,0.283,0.042,0.041,0.57,0.472,0.266,0.731,0.629,0.015,0.933,0.227,0.037,0.232,0.338,0.081,0.35,0.148,0.041,0.492,0.467,0.783,,0.832,0.148,0.288,0.158,0.429,0.002,0.01,0.374,0.006,0.634,0.716,0.132,,0.217,0.449,0.038,0.157,0.832,0.011,0.095,0.834,0.095,0.631,0.332,,0.658,0.148,0.014,0.148,0.194,0.149,0.388,0.097,,0.247,,0.642,0.103,0.148,0.804,0.148,0.046,0.148,0.057,0.208,0.178,0.095,0.021,0.681,0.408,0.359,,0.019,0.153,0.432,0.012,0.541,0.036,,,0.247,0.869,0.87,0.002,0.936,0.072,,,,,,,,,,,,0.114,,,0.568,,0.30802324,,0.663,0.186,0.157,0.336,0.383,0.101,0.113,,0.149,0.492,0.127,,0.103,0.345,0.148,,0.035,0.103,0.129,0.354,0.234,0.094,0.096,0.187,0.471,0.103,0.158,0.651,0.449,0.731,0.82,0.182,0.531,0.095,,,0.124,0.148,0.148,0.028,0.524,0.082,0.095,0.111,,0.183,,0.757,0.604,0.03,,0.235,,,0.095,0.09,,0.066
1906,0.086,0.001,,,0.521,,0.834,0.731,0.175,,0.845,0.106,,0.157,0.47,0.026,,0.175,0.11,0.27,0.475,0.126,0.204,,0.788,0.896,0.515,0.03,0.015,,0.01,0.031,0.283,0.042,0.041,0.57,0.463,0.266,0.731,0.629,0.015,0.933,0.271,0.037,0.238,0.338,0.081,0.35,0.175,0.041,0.532,0.467,0.8,,0.832,0.175,0.288,0.158,0.429,0.002,0.012,0.374,0.006,0.634,0.716,0.126,,0.217,0.449,0.038,0.157,0.832,0.012,0.095,0.834,0.095,0.631,0.332,,0.658,0.175,0.018,0.175,0.194,0.149,0.388,0.097,,0.247,,0.642,0.103,0.175,0.804,0.175,0.054,0.175,0.064,0.208,0.178,0.095,0.021,0.681,0.408,0.373,,0.019,0.153,0.432,0.012,0.541,0.036,,,0.247,0.869,0.87,0.002,0.936,0.069,,,,,,,,,,,,0.114,,,0.568,,0.31289232,,0.663,0.186,0.157,0.336,0.383,0.101,0.113,,0.149,0.492,0.127,,0.103,0.345,0.175,,0.035,0.103,0.129,0.363,0.234,0.094,0.077,0.187,0.471,0.103,0.158,0.651,0.449,0.731,0.82,0.182,0.531,0.095,,,0.131,0.175,0.175,0.028,0.524,0.082,0.095,0.111,,0.183,,0.757,0.604,0.03,,0.235,,0.792,0.095,0.09,,0.066
1907,0.086,0.001,,,0.521,,0.834,0.731,0.19,,0.845,0.106,,0.157,0.47,0.026,,0.19,0.104,0.27,0.475,0.205,0.204,,0.788,0.896,0.515,0.03,0.015,,0.01,0.031,0.283,0.042,0.041,0.57,0.456,0.266,0.731,0.629,0.015,0.933,0.271,0.037,0.238,0.338,0.081,0.35,0.19,0.041,0.563,0.467,0.81,,0.832,0.19,0.288,0.158,0.429,0.002,0.012,0.374,0.006,0.634,0.716,0.126,,0.217,0.449,0.038,0.157,0.832,0.017,0.112,0.834,0.112,0.631,0.332,,0.658,0.19,0.016,0.19,0.194,0.149,0.388,0.097,,0.247,,0.642,0.103,0.19,0.804,0.19,0.046,0.19,0.068,0.208,0.178,0.112,0.021,0.681,0.408,0.373,,0.019,0.153,0.432,0.012,0.541,0.036,,,0.247,0.869,0.87,0.002,0.936,0.069,,,,,,,,,,,,0.114,,,0.568,,0.31404614,,0.663,0.186,0.157,0.336,0.383,0.109,0.113,,0.149,0.478,0.127,,0.103,0.345,0.19,,0.035,0.103,0.129,0.363,0.234,0.094,0.077,0.187,0.471,0.103,0.158,0.651,0.449,0.731,0.82,0.182,0.531,0.112,,,0.131,0.19,0.19,0.028,0.524,0.082,0.112,0.111,,0.183,,0.775,0.604,0.03,,0.235,,0.792,0.112,0.09,,0.066
1908,0.086,0.001,,,0.521,,0.834,0.731,0.211,,0.813,0.106,,0.157,0.47,0.026,,0.211,0.104,0.27,0.475,0.233,0.204,,0.804,0.896,0.515,0.03,0.015,,0.01,0.031,0.283,0.042,0.041,0.57,0.456,0.266,0.731,0.629,0.015,0.933,0.271,0.037,0.238,0.33,0.081,0.346,0.211,0.041,0.525,0.467,0.81,,0.832,0.211,0.288,0.158,0.429,0.002,0.012,0.374,0.006,0.634,0.716,0.126,,0.217,0.449,0.038,0.157,0.832,0.017,0.163,0.834,0.163,0.631,0.332,,0.658,0.211,0.016,0.211,0.194,0.149,0.388,0.097,,0.247,,0.642,0.103,0.211,0.804,0.211,0.046,0.211,0.068,0.208,0.178,0.163,0.021,0.681,0.408,0.373,,0.019,0.153,0.432,0.012,0.541,0.049,,,0.247,0.869,0.87,0.002,0.936,0.069,,,,,,,,,,,,0.114,,,0.568,,0.31456923,,0.663,0.186,0.157,0.336,0.383,0.109,0.113,,0.149,0.496,0.127,,0.103,0.345,0.211,,0.035,0.103,0.129,0.363,0.234,0.094,0.077,0.187,0.471,0.103,0.158,0.651,0.449,0.731,0.82,0.172,0.531,0.163,,,0.135,0.211,0.211,0.028,0.524,0.082,0.163,0.111,,0.194,,0.775,0.604,0.03,,0.233,,0.792,0.163,0.09,,0.066
1909,0.086,0.001,,,0.521,,0.834,0.731,0.226,,0.813,0.106,,0.157,0.47,0.026,,0.226,0.102,0.27,0.475,0.233,0.204,,0.804,0.896,0.515,0.03,0.015,,0.01,0.031,0.283,0.042,0.041,0.57,0.456,0.266,0.731,0.629,0.015,0.933,0.271,0.037,0.246,0.33,0.081,0.346,0.226,0.041,0.511,0.467,0.81,,0.832,0.226,0.288,0.158,0.429,0.002,0.012,0.374,0.006,0.634,0.716,0.14,,0.217,0.449,0.038,0.157,0.832,0.017,0.232,0.834,0.232,0.631,0.332,,0.648,0.226,0.016,0.226,0.194,0.149,0.388,0.097,,0.247,,0.642,0.103,0.226,0.804,0.226,0.042,0.226,0.068,0.208,0.178,0.232,0.021,0.681,0.408,0.373,,0.019,0.153,0.432,0.012,0.541,0.058,,,0.234,0.869,0.87,0.002,0.936,0.069,,,,,,,,,,,,0.114,,,0.568,,0.31496155,,0.663,0.186,0.157,0.336,0.383,0.109,0.113,,0.149,0.499,0.127,,0.103,0.345,0.226,,0.035,0.103,0.136,0.355,0.234,0.094,0.077,0.187,0.471,0.103,0.158,0.651,0.449,0.731,0.82,0.196,0.531,0.232,,,0.135,0.226,0.226,0.028,0.524,0.082,0.232,0.111,,0.194,,0.775,0.604,0.03,,0.186,,0.792,0.232,0.09,,0.066
1910,0.083,0.001,,,0.522,,0.84,0.731,0.234,,0.833,0.106,,0.157,0.47,0.026,,0.234,0.102,0.27,0.475,0.233,0.204,,0.804,0.896,0.515,0.032,0.015,,0.01,0.031,0.289,0.042,0.047,0.57,0.456,0.251,0.731,0.629,0.015,0.933,0.271,0.037,0.246,0.33,0.071,0.346,0.234,0.041,0.505,0.467,0.81,0.02,0.837,0.234,0.278,0.158,0.429,0.002,0.011,0.392,0.007,0.634,0.716,0.117,,0.217,0.449,0.038,0.157,0.837,0.033,0.229,0.834,0.229,0.631,0.332,,0.644,0.234,0.016,0.234,0.194,0.069,0.394,0.097,,0.247,,0.642,0.111,0.234,0.804,0.234,0.05,0.234,0.068,0.208,0.155,0.229,0.021,0.681,0.408,0.373,,0.019,0.153,0.432,0.012,0.541,0.06,,,0.162,0.869,0.87,0.002,0.936,0.069,,,,,,,,,,,,0.128,,,0.568,,0.31205344,,0.663,0.186,0.157,0.336,0.396,0.108,0.113,,0.069,0.544,0.127,,0.103,0.345,0.234,,0.035,0.099,0.128,0.342,0.234,0.098,0.077,0.166,0.471,0.099,0.158,0.651,0.449,0.731,0.82,0.196,0.531,0.229,,,0.153,0.234,0.234,0.028,0.524,0.084,0.229,0.111,,0.194,,0.775,0.604,0.03,,0.188,,0.792,0.229,0.09,,0.066
1911,0.083,0.001,,,0.522,,0.84,0.731,0.247,,0.833,0.106,,0.157,0.47,0.026,,0.247,0.102,0.27,0.475,0.233,0.204,,0.8,0.896,0.515,0.031,0.015,,0.01,0.031,0.313,0.042,0.047,0.57,0.456,0.251,0.731,0.637,0.015,0.933,0.271,0.037,0.263,0.33,0.074,0.346,0.247,0.041,0.505,0.467,0.81,0.02,0.841,0.247,0.278,0.158,0.429,0.002,0.012,0.427,0.007,0.634,0.716,0.117,,0.217,0.449,0.038,0.157,0.841,0.033,0.2,0.834,0.2,0.631,0.332,,0.654,0.247,0.016,0.247,0.194,0.065,0.404,0.097,,0.247,0.006,0.642,0.111,0.247,0.804,0.247,0.065,0.247,0.076,0.208,0.14,0.2,0.021,0.681,0.408,0.373,0.015,0.019,0.153,0.432,0.012,0.541,0.06,,,0.173,0.869,0.87,0.002,0.936,0.069,,,,,,,,,,,,0.128,,,0.568,,0.30705222,,0.663,0.186,0.157,0.336,0.396,0.108,0.113,,,0.57,0.127,,0.103,0.345,0.247,,0.035,0.099,0.128,0.342,0.234,0.098,0.086,0.166,0.471,0.099,0.158,0.651,0.449,0.731,0.824,0.196,0.531,0.2,,,0.149,0.247,0.247,0.028,0.524,0.084,0.2,0.111,,0.194,,0.775,0.604,0.03,,0.188,,0.792,0.2,0.09,0.104,0.066
1912,0.083,0.001,0.251,,0.522,,0.84,0.731,0.24,,0.833,0.106,,0.157,0.462,0.026,,0.24,0.102,0.27,0.475,0.233,0.204,,0.8,0.896,0.515,0.06,0.015,,0.01,0.031,0.313,0.042,0.047,0.57,0.451,0.251,0.731,0.633,0.015,0.933,0.228,0.037,0.252,0.33,0.074,0.346,0.24,0.039,0.505,0.467,0.81,0.02,0.837,0.24,0.278,0.158,0.429,0.002,0.012,0.418,0.007,0.634,0.716,0.128,,0.165,0.449,0.038,0.157,0.837,0.033,0.172,0.834,0.172,0.631,0.332,,0.651,0.24,0.016,0.24,0.194,0.065,0.404,0.097,,0.242,0.006,0.642,0.111,0.24,0.804,0.24,0.111,0.24,0.076,0.208,0.142,0.172,0.021,0.681,0.408,0.382,0.015,0.019,0.153,0.432,0.014,0.541,0.06,,,0.148,0.869,0.87,0.002,0.936,0.069,,,,,,,,,,,,0.128,,,0.568,,0.3057185,,0.663,0.186,0.157,0.336,0.396,0.108,0.113,,,0.57,0.129,,0.103,0.345,0.24,,0.035,0.099,0.128,0.342,0.234,0.098,0.086,0.166,0.452,0.099,0.158,0.651,0.449,0.731,0.824,0.196,0.531,0.172,,,0.149,0.24,0.24,0.028,0.524,0.084,0.172,0.111,,0.194,,0.775,0.604,0.03,,0.188,,0.792,0.172,0.09,0.104,0.066
1913,0.083,0.001,0.251,,0.522,,0.84,0.711,0.221,,0.833,0.106,,0.157,0.462,0.026,,0.221,0.101,0.27,0.475,0.233,0.204,,0.8,0.896,0.515,0.109,0.015,,0.01,0.031,0.313,0.042,0.047,0.57,0.452,0.251,0.711,0.633,0.015,0.933,0.228,0.037,0.252,0.33,0.074,0.346,0.221,0.045,0.505,0.467,0.81,0.02,0.837,0.221,0.278,0.176,0.429,0.002,0.012,0.418,0.007,0.634,0.716,0.128,,0.165,0.449,0.038,0.157,0.837,0.033,0.138,0.834,0.138,0.631,0.332,,0.651,0.221,0.016,0.221,0.194,0.065,0.404,0.097,,0.242,0.006,0.642,0.111,0.221,0.786,0.221,0.128,0.221,0.076,0.208,0.104,0.138,0.021,0.681,0.408,0.359,0.015,0.019,0.153,0.432,0.014,0.541,0.06,,,0.154,0.869,0.87,0.002,0.947,0.067,,,,,,,,,,,,0.128,,,0.568,,0.30526668,,0.663,0.186,0.157,0.336,0.396,0.108,0.113,,,0.57,0.127,,0.103,0.345,0.221,,0.035,0.099,0.128,0.342,0.215,0.098,0.086,0.166,0.441,0.099,0.158,0.651,0.449,0.711,0.824,0.196,0.531,0.138,,,0.149,0.221,0.221,0.048,0.524,0.084,0.138,0.111,,0.194,,0.773,0.604,0.03,,0.188,,0.792,0.138,0.09,0.104,0.066
1914,0.083,0.001,0.283,,0.522,,0.84,0.7,0.224,,0.529,0.106,,0.157,0.462,0.026,,0.224,0.101,0.27,0.475,0.233,0.204,,0.783,0.891,0.515,0.109,0.015,,0.01,0.031,0.313,,0.047,0.57,0.452,0.251,0.7,0.573,0.015,0.933,0.228,0.037,0.252,0.33,0.074,0.346,0.224,0.041,0.495,0.467,0.774,0.02,0.82,0.224,0.278,0.176,0.429,0.002,0.012,0.418,0.007,0.634,0.716,0.128,,0.165,0.403,0.038,0.157,0.82,0.035,0.087,0.834,0.087,0.625,0.332,,0.651,0.224,0.016,0.224,0.194,0.065,0.404,0.097,,0.242,0.006,0.642,0.111,0.224,0.223,0.224,0.125,0.224,0.076,0.208,0.104,0.387,0.021,0.681,0.408,0.365,0.015,0.019,0.153,0.432,0.014,0.541,0.056,,0.199,0.154,0.869,0.87,0.002,0.943,0.067,,,,,,,,,,,,0.128,,,0.568,,0.29681617,,0.663,0.186,0.157,0.336,0.396,0.115,0.113,,,0.554,0.127,,0.103,0.353,0.224,,0.035,0.096,0.128,0.342,0.184,0.098,0.086,0.166,0.387,0.096,0.158,0.651,0.403,0.7,0.823,0.196,0.531,0.087,,,0.149,0.224,0.224,0.048,0.524,0.084,0.087,0.111,0.187,0.194,,0.773,0.604,0.03,,0.188,,0.792,0.087,0.09,0.104,0.066
1915,0.083,0.001,0.108,,0.522,,0.824,0.7,0.196,,0.529,0.106,,0.157,0.462,0.026,,0.196,0.101,0.27,0.475,0.233,0.204,,0.783,0.891,0.515,0.109,0.015,,0.01,0.031,0.313,,0.047,0.57,0.452,0.256,0.7,0.558,0.015,0.933,0.228,0.037,0.252,0.33,0.074,0.346,0.196,0.041,0.495,0.467,0.767,0.02,0.82,0.196,0.278,0.176,0.429,0.002,0.012,0.404,0.007,0.634,0.716,0.128,,0.186,0.403,0.038,0.157,0.82,0.035,0.071,0.834,0.071,0.589,0.332,,0.651,0.196,0.015,0.196,0.194,0.065,0.404,0.097,,0.242,0.006,0.642,0.111,0.196,0.223,0.196,0.128,0.196,0.076,0.208,0.118,0.228,0.021,0.681,0.408,0.358,0.015,0.019,0.153,0.432,0.013,0.535,0.063,,0.199,0.154,0.869,0.87,0.002,0.943,0.067,,,,,,,,,,,,0.128,,,0.568,,0.29255146,,0.663,0.186,0.157,0.351,0.273,0.115,0.113,,,0.543,0.127,,0.103,0.353,0.196,,0.035,0.096,0.128,0.342,0.184,0.098,0.086,0.166,0.228,0.096,0.158,0.651,0.403,0.7,0.823,0.196,0.531,0.071,,,0.149,0.196,0.196,0.048,0.524,0.084,0.071,0.111,0.187,0.194,,0.773,0.604,0.03,,0.158,,0.792,0.071,0.09,0.104,0.066
1916,0.083,0.001,0.197,,0.589,,0.795,0.7,0.179,0.033,0.529,0.106,,0.157,0.462,0.026,,0.179,0.101,0.27,0.475,0.233,0.204,,0.783,0.891,0.515,0.114,0.015,,0.01,0.031,0.313,,0.047,0.57,0.459,0.256,0.7,0.558,0.015,0.935,0.106,0.037,0.252,0.33,0.074,0.346,0.179,0.041,0.495,0.467,0.774,0.02,0.808,0.179,0.278,0.176,0.429,0.002,0.012,0.404,0.007,0.634,0.716,0.128,,0.191,0.403,0.038,0.157,0.808,0.035,0.077,0.846,0.077,0.588,0.332,,0.651,0.179,0.015,0.179,0.194,0.065,0.404,0.097,,0.242,0.006,0.642,0.111,0.179,0.223,0.179,0.137,0.179,0.076,0.208,0.127,0.228,0.021,0.681,0.408,0.32,0.015,0.019,0.153,0.432,0.016,0.543,0.068,,0.199,0.154,0.869,0.867,0.002,0.943,0.067,,,,,,,,,,,,0.128,,,0.568,,0.28783453,,0.663,0.186,0.157,0.351,0.29,0.115,0.113,,,0.544,0.127,,0.103,0.343,0.179,0.057,0.035,0.096,0.128,0.342,0.184,0.098,0.086,0.166,0.228,0.096,0.158,0.651,0.403,0.7,0.823,0.196,0.531,0.077,,0.055,0.149,0.179,0.179,0.048,0.524,0.084,0.077,0.159,0.187,0.194,,0.782,0.604,0.03,,0.158,,0.792,0.077,0.09,0.104,0.066
1917,0.083,0.001,0.197,,0.589,,0.795,0.7,0.185,0.033,0.529,0.106,,0.157,0.462,0.026,,0.185,0.107,0.27,0.475,0.233,0.204,,0.783,0.891,0.515,0.114,0.015,,0.01,0.031,0.313,,0.047,0.474,0.459,0.256,0.7,0.543,0.015,0.935,0.106,0.037,0.252,0.33,0.074,0.346,0.185,0.051,0.561,0.467,0.774,0.02,0.808,0.185,0.278,0.176,0.429,0.002,0.012,0.383,0.008,0.634,0.716,0.121,,0.191,0.403,0.038,0.157,0.808,0.035,0.077,0.846,0.077,0.587,0.332,,0.651,0.185,0.015,0.185,0.194,0.065,0.404,0.097,,0.242,0.006,0.642,0.111,0.185,0.238,0.185,0.137,0.185,0.073,0.208,0.139,0.228,0.021,0.681,0.408,0.252,0.015,0.019,0.153,0.432,0.016,0.543,0.067,,0.199,0.145,0.869,0.867,0.002,0.943,0.067,,,,,,,,,,,,0.128,,,0.568,,0.287518,,0.663,0.186,0.157,0.351,0.29,0.115,0.113,,,0.542,0.127,,0.105,0.313,0.185,0.057,0.035,0.096,0.128,0.342,0.184,0.098,0.086,0.166,0.228,0.096,0.158,0.651,0.403,0.7,0.833,0.196,0.531,0.077,,0.055,0.149,0.185,0.185,0.048,0.657,0.084,0.077,0.159,0.187,0.194,,0.782,0.575,0.023,,0.142,,0.792,0.077,0.09,0.104,0.066
1918,0.083,0.001,0.2,,0.589,0.01,0.825,0.692,0.01,0.033,0.589,0.106,,0.157,0.462,0.026,,0.01,0.107,0.27,0.475,0.233,0.204,,0.8,0.898,0.515,0.114,0.015,,0.01,0.031,0.313,,0.047,0.473,0.459,0.256,0.888,0.555,0.015,0.935,0.106,0.037,0.252,0.326,0.074,0.346,0.79,0.051,0.489,0.467,0.774,0.02,0.808,0.01,0.278,0.176,0.429,0.002,0.012,0.383,0.008,0.622,0.716,0.121,,0.191,0.386,0.038,0.157,0.808,0.035,0.098,0.846,0.098,0.567,0.332,,0.651,0.01,0.015,0.01,0.194,0.065,0.404,0.097,0.527,0.242,0.006,0.642,0.111,0.439,0.402,0.01,0.137,0.01,0.073,0.208,0.189,0.231,0.021,0.681,0.408,0.286,0.015,0.019,0.153,0.432,0.016,0.543,0.066,,0.199,0.145,0.873,0.867,0.002,0.943,0.069,,,,,,,,,,,,0.128,,,0.568,,0.29991838,0.013,0.663,0.186,0.157,0.351,0.29,0.115,0.113,0.811,,0.512,0.127,0.372,0.145,0.313,0.01,0.057,0.035,0.096,0.128,0.342,0.184,0.098,0.086,0.166,0.231,0.096,0.158,0.651,0.386,0.692,0.841,0.196,0.531,0.152,,0.055,0.149,0.01,0.01,0.048,0.657,0.084,0.098,0.159,0.187,0.194,,0.799,0.573,0.021,,0.145,,0.792,,0.09,0.104,0.066
1919,0.095,0.001,0.195,,0.589,0.007,0.839,0.821,0.007,0.033,0.82,0.106,0.23,0.157,0.462,0.026,0.381,0.007,0.107,0.27,0.475,0.233,0.204,,0.798,0.899,0.515,0.114,0.015,,0.01,0.031,0.313,,0.047,0.473,0.459,0.263,0.888,0.69,0.015,0.942,0.106,0.037,0.252,0.328,0.074,0.346,0.803,0.051,0.631,0.467,0.792,0.02,0.838,0.007,0.278,0.176,0.429,0.002,0.012,0.383,0.008,0.622,0.716,0.158,,0.191,0.115,0.038,0.157,0.612,0.035,0.136,0.857,0.136,0.62,0.332,,0.651,0.007,0.014,0.007,0.194,0.065,0.403,0.097,0.527,0.242,0.006,0.642,0.111,0.533,0.678,0.007,0.137,0.007,0.073,0.208,0.189,0.381,0.021,0.681,0.408,,0.016,0.019,0.153,0.432,0.016,0.543,0.066,,0.199,0.145,0.873,0.867,0.002,0.95,0.069,,,,,,,,,,,,0.128,,,0.568,,0.30977026,0.013,0.663,0.186,0.157,0.363,0.229,0.115,0.113,0.813,,0.556,0.127,0.372,0.145,0.347,0.007,0.057,0.035,0.096,0.128,0.342,0.184,0.098,0.086,0.166,0.381,0.096,0.158,0.651,0.888,0.381,0.843,0.196,0.531,0.161,,0.055,0.149,0.007,0.007,0.048,0.657,0.084,0.136,0.159,0.208,0.194,,0.812,0.573,0.021,,0.146,,0.792,,0.09,0.104,0.066
1920,0.176,0.001,0.298,,0.573,0.006,0.839,0.837,0.006,0.033,0.861,0.106,0.226,0.157,0.459,0.026,0.381,0.006,0.107,0.27,0.475,0.233,0.204,0.014,0.798,0.899,0.524,0.114,0.017,,0.001,0.031,0.313,,0.047,0.599,0.441,0.263,0.888,0.717,0.015,0.943,0.106,0.037,0.252,0.328,0.074,0.346,0.856,0.051,0.67,0.467,0.799,0.02,0.846,0.006,0.281,0.176,0.429,0.002,0.012,0.385,0.009,0.622,0.722,0.132,,0.191,0.349,0.038,0.157,0.612,0.032,0.372,0.871,,0.634,0.333,,0.667,0.006,0.013,0.006,0.194,0.065,0.403,0.097,0.527,0.242,0.006,0.669,0.111,0.602,0.695,0.792,0.141,,0.073,0.208,0.168,0.381,0.021,0.681,0.408,,0.016,0.019,0.153,0.432,0.016,0.543,0.07,,0.199,0.142,0.873,0.867,0.002,0.953,0.069,,,,,,,,,,,,0.115,,,0.575,,0.31774834,0.013,0.663,0.186,0.157,0.363,0.143,0.115,0.113,0.808,,0.558,0.127,0.372,0.145,0.386,0.006,0.057,0.035,0.11,0.128,0.342,0.294,0.098,0.089,0.166,0.381,0.11,0.158,0.651,0.888,0.381,0.861,0.209,0.531,,0.108,0.055,0.149,0.006,0.006,0.052,0.657,0.084,0.181,0.178,0.208,0.194,,0.812,0.585,0.025,,0.146,,0.792,,0.09,0.104,0.066
1921,0.176,0.001,0.298,,0.573,0.007,0.839,0.839,0.007,0.033,0.861,0.106,0.226,0.157,0.459,0.026,0.381,0.007,0.12,0.27,0.475,0.233,0.204,0.014,0.806,0.899,0.524,0.114,0.016,,0.001,0.031,0.313,,0.047,0.599,0.426,0.263,0.888,0.717,0.015,0.943,0.106,0.037,0.252,0.328,0.074,0.346,0.86,0.051,0.67,0.467,0.799,0.02,0.846,0.007,0.281,0.176,0.429,0.002,0.012,0.365,0.011,0.622,0.728,0.132,,0.191,0.471,0.038,0.157,0.625,0.03,0.372,0.871,,0.634,0.333,,0.667,0.007,0.013,0.007,0.194,0.065,0.405,0.097,0.527,0.253,0.006,0.669,0.111,0.678,0.695,0.802,0.141,,0.058,0.208,0.222,0.381,0.027,0.681,0.408,,0.017,0.019,0.153,0.432,0.016,0.543,0.07,,0.199,0.142,0.873,0.867,0.002,0.953,0.069,,,,,,,,,,,,0.128,,,0.575,,0.32181334,0.013,0.663,0.186,0.157,0.363,0.143,0.115,0.113,0.815,,0.562,0.127,0.372,0.145,0.383,0.007,0.057,0.035,0.109,0.128,0.342,0.316,0.098,0.089,0.166,0.381,0.109,0.158,0.651,0.888,0.381,0.859,0.209,0.531,,0.108,0.055,0.149,0.007,0.007,0.052,0.657,0.084,0.159,0.205,0.208,0.194,,0.806,0.585,0.007,,0.146,,0.792,,0.09,0.104,0.066
1922,0.176,0.001,0.298,,0.592,0.012,0.839,0.839,0.012,0.034,0.861,0.106,0.226,0.157,0.459,0.026,0.39,0.012,0.12,0.27,0.475,0.233,0.204,0.017,0.806,0.899,0.524,0.114,0.016,,0.001,0.031,0.313,,0.047,0.599,0.433,0.263,0.888,0.717,0.015,0.943,0.106,0.037,0.251,0.328,0.074,0.335,0.867,0.051,0.683,0.467,0.799,0.02,0.846,0.012,0.288,0.176,0.429,0.002,0.012,0.388,0.013,0.622,0.728,0.129,,0.191,0.486,0.038,0.157,0.644,0.03,0.372,0.871,,0.555,0.333,0.405,0.667,0.012,0.013,0.012,0.194,0.065,0.409,0.097,0.527,0.253,0.006,0.669,0.111,0.684,0.695,0.802,0.141,,0.058,0.208,0.222,0.39,0.027,0.756,0.408,,0.016,0.019,0.153,0.432,0.016,0.543,0.061,0.085,0.199,0.142,0.873,0.867,0.002,0.953,0.076,,,,,,,,,,,,0.128,,,0.602,,0.32059476,0.013,0.663,0.186,0.157,0.363,0.143,0.115,0.113,0.819,,0.551,0.127,0.372,0.145,0.383,0.012,0.057,0.035,0.109,0.128,0.342,0.316,0.098,0.089,0.166,0.39,0.109,0.158,0.651,0.888,0.39,0.879,0.209,0.531,0.104,0.108,0.055,0.149,0.012,0.012,0.052,0.657,0.084,0.172,0.205,0.208,0.194,,0.814,0.591,0.012,,0.146,,0.792,,0.09,0.104,0.066
1923,0.177,0.001,0.298,,0.614,0.01,0.839,0.839,0.01,0.033,0.861,0.106,0.226,0.157,0.42,0.041,0.422,0.01,0.12,0.27,0.475,0.233,0.204,0.017,0.806,0.899,0.524,0.114,0.016,,0.001,0.031,0.313,,0.047,0.599,0.433,0.263,0.888,0.717,0.015,0.943,0.106,0.037,0.271,0.328,0.074,0.291,0.867,0.045,0.702,0.467,0.799,0.02,0.846,0.01,0.288,0.188,0.429,0.002,0.012,0.363,0.013,0.641,0.728,0.139,,0.191,0.488,0.038,0.157,0.675,0.029,0.372,0.877,,0.278,0.333,0.405,0.667,0.01,0.013,0.01,0.194,0.068,0.409,0.097,0.527,0.253,0.006,0.669,0.111,0.701,0.695,0.802,0.141,,0.058,0.208,0.203,0.422,0.027,0.756,0.408,,0.019,0.019,0.153,0.432,0.016,0.543,0.073,0.085,0.199,0.142,0.873,0.867,0.002,0.953,0.076,,,,,,,,,,,,0.128,,,0.609,,0.31945753,0.013,0.663,0.186,0.157,0.363,0.143,0.115,0.113,0.819,,0.565,0.134,0.372,0.145,0.386,0.01,0.057,0.035,0.109,0.128,0.342,0.316,0.098,0.089,0.134,0.422,0.109,0.158,0.651,0.888,0.422,0.879,0.209,0.531,0.105,0.108,0.055,0.149,0.01,0.01,0.056,0.657,0.084,0.17,0.205,0.208,0.194,,0.814,0.591,0.01,,0.146,,0.792,,0.09,0.104,0.08
1924,0.178,0.001,0.246,,0.64,0.007,0.839,0.839,0.007,0.033,0.861,0.106,0.226,0.157,0.4,0.282,0.422,0.007,0.12,0.27,0.475,0.233,0.204,0.017,0.806,0.899,0.502,0.114,0.016,,0.001,0.031,0.313,,0.047,0.599,0.433,0.263,0.888,0.729,0.015,0.943,0.106,0.037,0.271,0.328,0.074,0.248,0.867,0.045,0.715,0.467,0.799,0.02,0.864,0.007,0.288,0.188,0.429,0.002,0.012,0.387,0.013,0.641,0.728,0.131,,0.191,0.495,0.038,0.157,0.809,0.045,0.372,0.877,,0.274,0.333,0.405,0.667,0.007,0.013,0.007,0.194,0.068,0.409,0.097,0.527,0.253,0.006,0.669,0.111,0.694,0.695,0.802,0.141,,0.058,0.208,0.203,0.422,0.027,0.756,0.408,,0.021,0.019,0.153,0.43,0.015,0.543,0.073,0.085,0.2,0.142,0.873,0.867,0.002,0.953,0.074,,,,,,,,,,,,0.128,,,0.609,,0.3226405,0.013,0.663,0.186,0.157,0.363,0.143,0.115,0.113,0.819,,0.565,0.216,0.372,0.145,0.399,0.007,0.057,0.035,0.113,0.128,0.342,0.316,0.098,0.089,0.134,0.422,0.113,0.158,0.651,0.888,0.422,0.889,0.209,0.531,0.103,0.108,0.055,0.149,0.007,0.007,0.056,0.657,0.084,0.244,0.203,0.208,0.194,,0.814,0.591,0.007,,0.146,,0.792,,0.09,0.092,0.069
1925,0.178,0.001,0.212,,0.64,0.007,0.839,0.839,0.007,0.033,0.861,0.106,0.226,0.157,0.393,0.282,0.422,0.007,0.12,0.27,0.475,0.233,0.204,0.017,0.806,0.899,0.475,0.114,0.016,,0.001,0.031,0.313,,0.047,0.599,0.409,0.273,0.888,0.729,0.015,0.948,0.152,0.037,0.271,0.335,0.074,0.248,0.867,0.045,0.716,0.467,0.799,0.02,0.864,0.007,0.288,0.188,0.429,0.002,0.011,0.361,0.013,0.641,0.728,0.14,,0.191,0.495,0.038,0.157,0.841,0.028,0.372,0.877,,0.172,0.333,0.405,0.667,0.007,0.013,0.007,0.194,0.068,0.409,0.097,0.527,0.253,0.006,0.669,0.111,0.697,0.695,0.802,0.141,,0.058,0.208,0.191,0.422,0.027,0.756,0.408,,0.021,0.019,0.153,0.43,0.015,0.543,0.072,0.085,0.2,0.142,0.873,0.867,0.002,0.953,0.074,,,,,,,,,,,,0.128,,,0.609,,0.32178432,0.013,0.663,0.186,0.157,0.402,0.143,0.115,0.113,0.808,,0.574,0.216,0.372,0.145,0.399,0.007,0.057,0.035,0.113,0.128,0.342,0.316,0.098,0.089,0.134,0.422,0.113,0.158,0.651,0.888,0.422,0.889,0.209,0.531,0.094,0.108,0.055,0.149,0.007,0.007,0.056,0.657,0.084,0.221,0.203,0.208,0.194,,0.814,0.591,0.007,,0.148,,0.792,,0.09,0.092,0.069
1926,0.178,0.001,0.233,,0.64,0.006,0.839,0.839,0.006,0.033,0.861,0.106,0.226,0.157,0.459,0.282,0.422,0.006,0.12,0.27,0.475,0.233,0.204,0.017,0.806,0.899,0.463,0.108,0.016,,0.001,0.031,0.313,,0.039,0.599,0.409,0.265,0.888,0.729,0.015,0.948,0.152,0.037,0.276,0.335,0.074,0.248,0.867,0.045,0.729,0.467,0.799,0.02,0.873,0.006,0.288,0.188,0.429,0.002,0.011,0.348,0.013,0.641,0.728,0.126,,0.191,0.495,0.038,0.157,0.87,0.038,0.372,0.877,,0.158,0.333,0.405,0.641,0.006,0.013,0.006,0.194,0.068,0.409,0.097,0.527,0.253,0.006,0.669,0.111,0.701,0.695,0.802,0.141,,0.058,0.208,0.188,0.422,0.027,0.756,0.408,,0.021,0.019,0.153,0.438,0.015,0.543,0.072,0.085,0.2,0.142,0.873,0.867,0.002,0.953,0.074,,,,,,,,,,,,0.128,,,0.609,,0.3207451,0.013,0.663,0.186,0.157,0.402,0.143,0.115,0.113,0.81,,0.329,0.216,0.372,0.145,0.399,0.006,0.057,0.035,0.11,0.128,0.342,0.316,0.098,0.089,0.134,0.422,0.11,0.158,0.651,0.888,0.422,0.889,0.209,0.531,0.101,0.108,0.055,0.149,0.006,0.006,0.053,0.657,0.084,0.244,0.203,0.208,0.194,,0.814,0.591,0.006,,0.148,,0.792,,0.09,0.092,0.069
1927,0.178,0.001,0.236,,0.64,0.006,0.839,0.819,0.006,0.033,0.861,0.106,0.226,0.157,0.459,0.282,0.414,0.006,0.12,0.244,0.475,0.261,0.204,0.017,0.806,0.899,0.422,0.081,0.016,,0.001,0.031,0.313,,0.039,0.599,0.417,0.265,0.888,0.729,0.015,0.948,0.152,0.037,0.276,0.335,0.074,0.248,0.867,0.045,0.729,0.467,0.799,0.02,0.873,0.006,0.288,0.188,0.429,0.002,0.011,0.362,0.013,0.641,0.728,0.126,,0.191,0.503,0.038,0.157,0.87,0.042,0.372,0.877,,0.14,0.333,0.405,0.641,0.006,0.013,0.006,0.194,0.068,0.409,0.097,0.534,0.253,0.006,0.669,0.111,0.498,0.695,0.802,0.141,,0.058,0.208,0.188,0.414,0.027,0.756,0.408,,0.021,0.019,0.153,0.438,0.015,0.543,0.072,0.085,0.2,0.142,0.873,0.867,0.002,0.953,0.074,,,,,,,,,,,,0.128,,,0.609,,0.31831372,0.013,0.663,0.186,0.157,0.402,0.143,0.115,0.113,0.759,,0.268,0.216,0.372,0.145,0.399,0.006,0.057,0.035,0.11,0.128,0.342,0.316,0.098,0.1,0.134,0.414,0.11,0.158,0.651,0.888,0.414,0.889,0.209,0.531,0.101,0.108,0.055,0.149,0.006,0.006,0.053,0.657,0.084,0.244,0.203,0.208,0.194,,0.814,0.591,0.006,,0.148,,0.792,,0.09,0.092,0.069
1928,0.178,0.001,0.225,,0.636,0.006,0.839,0.823,0.006,0.033,0.861,0.106,0.226,0.157,0.459,0.282,0.364,0.006,0.12,0.244,0.499,0.281,0.204,0.017,0.806,0.899,0.422,0.096,0.016,,0.001,0.031,0.313,,0.039,0.599,0.407,0.265,0.883,0.729,0.015,0.948,0.152,0.037,0.276,0.335,0.074,0.248,0.867,0.045,0.734,0.467,0.799,0.02,0.878,0.006,0.288,0.188,0.429,0.002,0.011,0.38,0.013,0.641,0.728,0.126,,0.191,0.503,0.038,0.157,0.87,0.042,0.372,0.877,,0.151,0.333,0.405,0.641,0.006,0.013,0.006,0.194,0.068,0.409,0.097,0.534,0.265,0.006,0.669,0.111,0.498,0.695,0.802,0.141,,0.058,0.208,0.188,0.364,0.027,0.756,0.408,,0.019,0.019,0.153,0.438,0.015,0.543,0.072,0.085,0.2,0.127,0.873,0.867,0.002,0.953,0.074,,,,,,,,,,,,0.128,,,0.609,,0.31855556,0.013,0.663,0.186,0.157,0.402,0.143,0.115,0.113,0.779,,0.268,0.216,0.372,0.145,0.391,0.006,0.057,0.035,0.107,0.128,0.342,0.298,0.1,0.1,0.134,0.364,0.107,0.158,0.651,0.883,0.364,0.889,0.209,0.531,0.111,0.108,0.055,0.149,0.006,0.006,0.053,0.657,0.084,0.25,0.203,0.208,0.194,,0.814,0.591,0.006,,0.159,,0.792,,0.09,0.092,0.069
1929,0.174,0.001,0.225,,0.636,0.004,0.839,0.823,0.004,0.033,0.861,0.106,0.22,0.157,0.459,0.274,0.363,0.004,0.12,0.244,0.499,0.281,0.204,0.017,0.806,0.899,0.422,0.096,0.016,,0.001,0.031,0.294,,0.039,0.599,0.285,0.265,0.883,0.729,0.015,0.948,0.152,0.037,0.276,0.335,0.074,0.248,0.867,0.048,0.734,0.467,0.799,0.02,0.878,0.004,0.288,0.188,0.429,0.002,0.011,0.402,0.013,0.641,0.728,0.188,,0.191,0.503,0.038,0.157,0.87,0.042,0.372,0.877,,0.145,0.333,0.379,0.641,0.004,0.013,0.004,0.194,0.068,0.409,0.097,0.534,0.265,0.006,0.669,0.111,0.524,0.695,0.802,0.141,,0.058,0.208,0.208,0.363,0.027,0.756,0.408,,0.01,0.019,0.153,0.438,0.015,0.543,0.072,0.085,0.2,0.14,0.873,0.867,0.002,0.953,0.074,,,,,,,,,,,,0.128,,,0.609,,0.3185621,0.013,0.663,0.186,0.157,0.402,0.143,0.115,0.113,0.779,,0.268,0.216,0.372,0.145,0.391,0.004,0.057,0.042,0.119,0.128,0.342,0.334,0.1,0.1,0.134,0.363,0.119,0.158,0.651,0.883,0.363,0.889,0.209,0.531,0.111,0.108,0.055,0.149,0.004,0.004,0.053,0.657,0.084,0.253,0.203,0.208,0.194,,0.814,0.591,0.004,,0.159,,0.792,,0.09,0.092,0.069
1930,0.137,0.001,0.225,,0.611,0.003,0.839,0.823,0.003,0.033,0.861,0.106,0.213,0.157,0.459,0.274,0.363,0.003,0.12,0.247,0.499,0.281,0.201,0.017,0.803,0.899,0.422,0.096,0.016,,0.001,0.031,0.333,,0.039,0.599,0.285,0.265,0.883,0.707,0.015,0.948,0.042,0.037,0.276,0.347,0.065,0.248,0.867,0.048,0.718,0.467,0.799,0.02,0.878,0.003,0.297,0.188,0.429,0.002,0.011,0.402,0.01,0.641,0.728,0.187,,0.191,0.504,0.038,0.157,0.87,0.049,0.372,0.865,,0.15,0.374,0.449,0.641,0.003,0.013,0.003,0.194,0.068,0.406,0.097,0.534,0.261,0.006,0.68,0.111,0.542,0.695,0.802,0.141,,0.058,0.208,0.29,0.363,0.026,0.756,0.408,,0.01,0.015,0.153,0.438,0.015,0.543,0.072,0.091,0.2,0.14,0.873,0.867,0.002,0.953,0.074,,,,,,,,,,,,0.128,,,0.615,,0.3194183,0.013,0.663,0.211,0.157,0.402,0.15,0.133,0.113,0.755,,0.26,0.216,0.372,0.155,0.364,0.003,0.052,0.042,0.11,0.128,0.342,0.356,0.1,0.117,0.134,0.363,0.11,0.158,0.651,0.883,0.363,0.889,0.209,0.531,0.207,0.108,0.055,0.149,0.003,0.003,0.053,0.657,0.084,0.232,0.184,0.208,0.194,,0.814,0.591,0.003,,0.159,,0.792,,0.09,0.092,0.069
1931,0.127,0.001,0.225,,0.326,0.003,0.839,0.823,0.003,0.033,0.861,0.106,0.213,0.157,0.459,0.274,0.363,0.003,0.113,0.247,0.499,0.281,0.201,0.017,0.793,0.899,0.422,0.098,0.016,,0.001,0.031,0.337,,0.039,0.599,0.301,0.223,0.883,0.707,0.015,0.948,0.033,0.037,0.276,0.347,0.08,0.478,0.867,0.052,0.724,0.467,0.799,0.02,0.878,0.003,0.31,0.19,0.429,0.002,0.011,0.402,0.01,0.641,0.728,0.187,,0.191,0.504,0.038,0.157,0.87,0.049,0.372,0.865,,0.15,0.374,0.449,0.641,0.003,0.013,0.003,0.194,0.068,0.406,0.097,0.534,0.263,0.006,0.68,0.111,0.542,0.695,0.802,0.141,,0.058,0.208,0.29,0.363,0.026,0.756,0.408,,0.01,0.015,0.153,0.438,0.015,0.543,0.072,0.091,0.2,0.14,0.873,0.867,0.002,0.953,0.074,,,,,,,,,,,,0.134,,,0.615,,0.31859478,0.013,0.663,0.211,0.157,0.379,0.135,0.133,0.113,0.766,,0.26,0.216,0.372,0.155,0.364,0.003,0.064,0.042,0.11,0.128,0.342,0.356,0.1,0.094,0.134,0.363,0.11,0.158,0.651,0.883,0.363,0.878,0.209,0.531,0.203,0.108,0.055,0.149,0.003,0.003,0.053,0.657,0.084,0.254,0.167,0.208,0.194,,0.801,0.591,0.003,,0.159,,0.792,,0.088,0.092,0.069
1932,0.127,0.001,0.225,,0.366,0.003,0.839,0.81,0.003,0.033,0.861,0.106,,0.157,0.459,0.305,0.382,0.003,0.113,0.241,0.499,0.293,0.201,0.017,0.793,0.893,0.486,0.098,0.016,,0.001,0.031,0.337,,0.039,0.599,0.316,0.223,0.884,0.703,0.015,0.948,0.033,0.037,0.276,0.347,0.08,0.623,0.867,0.052,0.732,0.467,0.799,0.02,0.878,0.003,0.31,0.19,0.429,0.002,0.011,0.402,0.012,0.641,0.728,0.187,,0.191,0.504,0.038,0.157,0.87,0.049,0.358,0.865,,0.15,0.374,0.449,0.632,0.003,0.018,0.003,0.194,0.068,0.406,0.097,0.534,0.274,0.006,0.68,0.111,0.542,0.695,0.802,0.141,,0.058,0.251,0.296,0.382,0.026,0.756,0.408,,0.01,0.015,0.153,0.438,0.015,0.543,0.072,0.091,0.2,0.14,0.873,0.867,0.002,0.953,0.087,,,,,,,,,,,,0.134,,,0.615,,0.3215,0.013,0.663,0.211,0.157,0.412,0.135,0.133,0.113,0.766,,0.26,0.216,0.372,0.155,0.364,0.003,0.067,0.042,0.11,0.128,0.342,0.356,0.1,0.02,0.134,0.382,0.11,0.158,0.651,0.884,0.382,0.892,0.209,0.531,0.203,0.108,0.055,0.157,0.003,0.003,0.053,0.657,0.084,0.254,0.167,0.208,0.194,,0.775,0.606,0.003,,0.159,,0.792,,0.088,0.092,0.069
1933,0.158,0.001,0.208,,0.509,0.002,0.839,0.595,0.002,0.033,0.87,0.106,,0.157,0.467,0.305,0.382,0.002,0.113,0.241,0.499,0.293,0.201,0.02,0.793,0.907,0.52,0.098,0.016,,0.001,0.031,0.337,,0.039,0.599,0.316,0.223,0.877,0.108,0.015,0.948,0.033,0.037,0.276,0.347,0.08,0.623,0.871,0.052,0.74,0.467,0.799,0.02,0.878,0.002,0.31,0.19,0.429,0.002,0.011,0.369,0.012,0.641,0.728,0.133,,0.191,0.504,0.034,0.157,0.87,0.049,0.358,0.865,,0.165,0.374,0.422,0.632,0.002,0.018,0.002,0.194,0.068,0.406,0.097,0.534,0.274,0.006,0.68,0.111,0.542,0.695,0.802,0.141,,0.058,0.259,0.296,0.382,0.026,0.756,0.408,,0.01,0.012,0.153,0.438,0.015,0.543,0.072,0.091,0.2,0.079,0.873,0.867,0.002,0.953,0.087,,,,,,,,,,,,0.134,,,0.615,,0.3155658,0.013,0.663,0.211,0.157,0.412,0.152,0.133,0.113,0.766,,0.204,0.216,0.372,0.155,0.364,0.002,0.067,0.05,0.11,0.128,0.342,0.356,0.1,0.021,0.134,0.382,0.11,0.158,0.651,0.877,0.382,0.892,0.209,0.531,0.203,0.108,0.055,0.147,0.002,0.002,0.053,0.657,0.084,0.254,0.167,0.208,0.194,,0.634,0.625,0.002,,0.159,,0.792,,0.088,0.092,0.069
1934,0.168,0.004,0.221,,0.509,0.001,0.839,0.352,0.001,0.033,0.87,0.106,,0.157,0.292,0.305,0.382,0.001,0.103,0.25,0.499,0.293,0.201,0.02,0.82,0.907,0.52,0.098,0.023,,0.001,0.031,0.337,,0.039,0.599,0.492,0.223,0.877,0.021,0.015,0.948,0.033,0.037,0.281,0.347,0.08,0.623,0.824,0.052,0.765,0.467,0.799,0.02,0.878,0.001,0.292,0.19,0.429,0.002,0.011,0.375,0.012,0.641,0.728,0.093,,0.197,0.504,0.034,0.157,0.87,0.046,0.34,0.865,,0.165,0.374,0.436,0.617,0.001,0.018,0.001,0.194,0.068,0.406,0.097,0.534,0.274,0.006,0.68,0.111,0.542,0.695,0.707,0.141,,0.058,0.259,0.287,0.382,0.026,0.756,0.408,,0.01,0.012,0.153,0.438,0.015,0.543,0.072,0.091,0.2,0.06,0.873,0.867,0.002,0.953,0.087,,,,,,,,,,,,0.126,,,0.615,,0.31274343,0.013,0.663,0.211,0.157,0.412,0.184,0.133,0.113,0.759,,0.201,0.211,0.372,0.155,0.364,0.001,0.067,0.05,0.11,0.128,0.342,0.356,0.1,0.021,0.134,0.382,0.11,0.158,0.651,0.877,0.382,0.892,0.209,0.531,0.203,0.108,0.055,0.2,0.001,0.001,0.053,0.657,0.084,0.254,0.168,0.208,0.194,,0.634,0.612,0.001,,0.159,,0.792,,0.088,0.092,0.069
1935,0.168,0.004,0.221,,0.509,0.001,0.839,0.358,0.001,0.033,0.87,0.106,,0.155,0.314,0.305,0.382,0.001,0.098,0.25,0.499,0.293,0.201,0.02,0.82,0.907,0.52,0.098,0.023,,0.001,0.031,0.337,,0.039,0.599,0.508,0.223,0.871,0.022,0.015,0.948,0.033,0.037,0.259,0.347,0.08,0.623,0.813,0.052,0.765,0.467,0.799,0.02,0.878,0.001,0.292,0.19,0.429,0.002,0.011,0.364,0.012,0.641,0.728,0.093,,0.175,0.506,0.034,0.155,0.894,0.046,0.34,0.865,,0.165,0.374,0.453,0.617,0.001,0.018,0.001,0.194,0.068,0.406,0.097,0.534,0.274,0.006,0.68,0.111,0.545,0.695,0.653,0.141,,0.058,0.259,0.311,0.382,0.026,0.756,0.408,,0.01,0.012,0.153,0.438,0.015,0.543,0.072,0.091,0.2,0.062,0.873,0.867,0.002,0.953,0.087,,,,,,,,,,,,0.126,,,0.615,,0.31255263,0.013,0.663,0.211,0.155,0.412,0.184,0.141,0.113,0.736,,0.201,0.211,0.372,0.155,0.364,0.001,0.067,0.05,0.11,0.128,0.342,0.356,0.1,0.021,0.134,0.382,0.11,0.158,0.651,0.871,0.382,0.909,0.209,0.531,0.197,0.108,0.055,0.2,0.001,0.001,0.053,0.657,0.084,0.254,0.168,0.208,0.194,,0.619,0.614,0.001,,0.163,,0.792,,0.088,0.092,0.069
1936,0.168,0.004,0.221,,0.509,0.001,0.839,0.358,0.001,0.033,0.87,0.106,,0.155,0.314,0.305,0.382,0.001,0.098,0.25,0.499,0.293,0.201,0.022,0.82,0.907,0.52,0.098,0.031,,0.001,0.031,0.356,,0.039,0.599,0.521,0.223,0.88,0.021,0.015,0.948,0.033,0.037,0.241,0.347,0.08,0.441,0.813,0.042,0.77,0.467,0.799,0.02,0.878,0.001,0.292,0.19,0.429,0.002,0.011,0.188,0.011,0.641,0.728,0.086,,0.185,0.494,0.034,0.155,0.894,0.046,0.34,0.865,,0.157,0.369,0.453,0.621,0.001,0.018,0.001,0.194,0.068,0.406,0.097,0.534,0.274,0.006,0.68,0.111,0.549,0.695,0.653,0.141,,0.058,0.259,0.311,0.382,0.026,0.756,0.408,,0.005,0.012,0.153,0.438,0.015,0.543,0.072,0.091,0.2,0.062,0.873,0.867,0.002,0.953,0.087,,,,,,,,,,,,0.126,,,0.615,,0.31182894,0.013,0.663,0.211,0.155,0.412,0.184,0.16,0.113,0.736,,0.201,0.172,0.344,0.155,0.364,0.001,0.067,0.05,0.11,0.128,0.342,0.356,0.1,0.021,0.134,0.382,0.11,0.158,0.651,0.88,0.382,0.912,0.209,0.531,0.197,0.108,0.055,0.198,0.001,0.001,0.053,0.657,0.084,0.254,0.168,0.208,0.194,,0.619,0.613,0.001,,0.452,,0.792,,0.088,0.092,0.069
1937,0.168,0.004,0.221,,0.509,0.001,0.839,0.356,0.001,0.033,0.87,0.106,,0.155,0.314,0.305,0.382,0.001,0.098,0.143,0.486,0.293,0.201,0.022,0.82,0.907,0.52,0.107,0.031,,0.001,0.031,0.356,,0.039,0.599,0.51,0.223,0.88,0.021,0.015,0.948,0.033,0.037,0.241,0.347,0.08,0.195,0.811,0.042,0.808,0.467,0.799,0.02,0.878,0.001,0.299,0.19,0.429,0.003,0.011,0.19,0.011,0.641,0.728,0.086,,0.185,0.451,0.034,0.155,0.894,0.046,0.34,0.865,,0.157,0.369,0.453,0.621,0.001,0.018,0.001,0.194,0.067,0.406,0.097,0.534,0.274,0.006,0.68,0.111,0.56,0.695,0.653,0.141,,0.058,0.259,0.304,0.382,0.026,0.756,0.408,,0.004,0.012,0.153,0.407,0.015,0.543,0.072,0.091,0.2,0.054,0.873,0.867,0.002,0.953,0.087,,,,,,,,,,,,0.126,,,0.615,,0.30953288,0.013,0.663,0.211,0.155,0.412,0.184,0.164,0.113,0.729,,0.201,0.142,0.344,0.155,0.347,0.001,0.067,0.053,0.11,0.128,0.342,0.356,0.1,0.021,0.179,0.382,0.11,0.158,0.651,0.88,0.382,0.912,0.209,0.531,0.197,0.108,0.055,0.198,0.001,0.001,0.053,0.649,0.084,0.254,0.142,0.208,0.194,,0.619,0.613,0.001,,0.543,,0.792,,0.088,0.092,0.069
1938,0.168,0.004,0.221,,0.509,0.001,0.839,0.356,0.001,0.033,0.87,0.106,,0.155,0.314,0.305,0.382,0.001,0.106,0.133,0.505,0.293,0.201,0.022,0.82,0.907,0.586,0.095,0.031,,0.001,0.031,0.356,,0.039,0.599,0.51,0.223,0.826,0.015,0.015,0.948,0.033,0.037,0.291,0.347,0.08,0.186,0.815,0.042,0.829,0.467,0.813,0.021,0.878,0.001,0.304,0.19,0.429,0.003,0.011,0.19,0.011,0.641,0.728,0.086,,0.185,0.458,0.034,0.155,0.894,0.046,0.34,0.865,,0.143,0.357,0.453,0.619,0.001,0.018,0.001,0.194,0.061,0.389,0.097,0.534,0.274,0.006,0.68,0.111,0.563,0.695,0.653,0.141,,0.058,0.259,0.304,0.382,0.026,0.756,0.408,,0.004,0.012,0.153,0.447,0.015,0.543,0.072,0.091,0.2,0.054,0.873,0.867,0.002,0.953,0.087,,,,,,,,,,,,0.126,,,0.615,,0.3090592,0.013,0.663,0.211,0.155,0.412,0.184,0.164,0.113,0.723,,0.201,0.142,0.344,0.155,0.219,0.001,0.067,0.053,0.11,0.128,0.342,0.356,0.1,0.021,0.179,0.382,0.11,0.158,0.651,0.826,0.382,0.894,0.209,0.531,0.197,0.108,0.055,0.198,0.001,0.001,0.053,0.643,0.084,0.254,0.123,0.208,0.194,,0.628,0.613,0.001,,0.543,,0.792,,0.088,0.092,0.069
1939,0.168,0.004,0.166,,0.509,0.001,0.835,,0.001,0.033,0.87,0.106,,0.155,0.316,0.305,0.382,0.001,0.097,0.134,0.515,0.293,0.201,0.022,0.811,0.907,0.613,0.095,0.031,,0.001,0.031,0.356,,0.039,0.599,0.51,0.223,0.118,0.01,0.015,0.948,0.033,0.037,0.291,0.347,0.08,0.169,0.808,0.042,0.802,0.467,0.795,0.018,0.851,0.001,0.292,0.19,0.429,0.003,0.011,0.19,0.011,0.641,0.728,0.086,,0.185,0.427,0.034,0.155,0.894,0.046,0.34,0.865,,0.138,0.357,0.453,0.627,0.001,0.018,0.001,0.194,0.049,0.401,0.093,0.534,0.274,0.006,0.68,0.111,0.563,0.695,0.653,0.141,,0.058,0.259,0.332,0.382,0.026,0.756,0.408,,0.004,0.012,0.153,0.457,0.015,0.543,0.072,0.091,0.2,0.054,0.873,0.867,0.002,0.949,0.087,,,,,,,,,,,,0.126,,,0.615,,0.29898676,0.013,0.663,0.211,0.155,0.412,0.228,0.166,0.113,,,0.201,0.142,0.344,0.155,0.184,0.001,0.067,0.052,0.11,0.128,0.342,0.262,0.1,0.021,0.179,0.382,0.11,0.158,0.651,0.107,0.382,0.894,0.209,0.531,0.168,0.108,0.055,0.198,0.001,0.001,0.053,0.643,0.084,0.254,0.123,0.208,0.194,,0.748,0.607,0.001,,0.543,,0.792,,0.088,0.092,0.069
1940,0.175,0.004,0.121,,0.476,0.001,0.828,,0.001,0.033,0.609,0.106,,0.155,0.33,0.305,0.297,0.001,0.09,0.134,0.549,0.293,0.201,0.022,0.811,0.907,0.613,0.095,0.031,,0.001,0.031,0.356,,0.039,0.599,0.578,0.228,0.002,0.009,0.015,0.657,0.033,0.037,0.256,0.347,0.167,0.096,0.001,0.042,0.759,0.467,0.282,0.018,0.851,0.001,0.292,0.19,0.451,0.004,0.011,0.106,0.01,0.641,0.695,0.096,,0.185,0.337,0.033,0.155,0.894,0.05,0.352,0.865,,0.138,0.357,0.453,0.627,0.001,0.014,0.001,0.194,0.056,0.408,0.04,0.504,0.28,0.009,0.68,0.111,0.001,0.129,0.001,0.141,0.001,0.058,0.259,0.351,0.297,0.025,0.756,0.408,,0.027,0.012,0.153,0.46,0.015,0.467,0.072,0.091,0.201,0.054,0.328,0.247,0.001,0.949,0.085,,,,,,,,,,,,0.126,,,0.644,,0.27150676,0.013,0.663,0.211,0.155,0.412,0.524,0.166,0.113,,,0.201,0.139,0.379,0.155,0.188,0.001,0.07,0.052,0.11,0.128,0.327,0.262,0.1,0.021,0.178,0.297,0.11,0.158,0.651,0.103,0.297,0.911,0.209,0.531,0.167,0.108,0.055,0.191,0.001,0.001,0.053,0.643,0.084,0.254,0.128,0.208,0.194,,0.748,0.595,0.001,,0.543,,0.792,,0.086,0.092,0.069
1941,0.175,0.004,0.119,,0.476,0.001,0.828,,0.001,0.033,0.482,0.106,,0.155,0.301,0.305,0.016,0.001,0.09,0.134,0.549,0.293,0.209,0.022,0.82,0.907,0.613,0.095,0.031,,0.001,0.031,0.356,,0.039,0.599,0.578,0.228,0.002,0.009,0.015,0.638,0.03,0.037,0.256,0.347,0.233,0.105,0.001,0.049,0.771,0.467,0.284,0.018,0.851,0.001,0.292,0.19,0.451,0.004,0.011,0.077,0.01,0.641,0.566,0.093,0.022,0.185,0.326,0.033,0.155,0.894,0.086,0.352,0.865,,0.138,0.357,0.453,0.624,0.001,0.014,0.001,0.194,0.037,0.408,0.04,0.504,0.28,0.011,0.68,0.111,0.001,0.129,0.001,0.141,0.001,0.058,0.259,0.351,0.016,0.025,0.756,0.408,,0.027,0.012,0.153,0.46,0.015,0.258,0.072,0.091,0.201,0.054,0.292,0.247,0.002,0.949,0.095,,,,,,,,,,,,0.126,,,0.648,,0.26297316,0.013,0.663,0.211,0.155,0.312,0.524,0.067,0.113,,,0.201,0.126,0.379,0.155,0.166,0.001,0.07,0.052,0.11,0.128,0.327,0.205,0.1,0.021,0.187,0.016,0.11,0.158,0.651,0.099,0.016,0.911,0.209,0.531,0.167,0.108,0.055,0.191,0.001,0.001,0.053,0.643,0.084,0.225,0.128,0.208,0.194,,0.748,0.599,0.001,,0.566,,0.792,,0.086,0.092,0.069
1942,0.175,0.004,0.119,,0.476,0.001,0.828,,0.001,0.033,0.489,0.106,,0.155,0.278,0.305,0.016,0.001,0.09,0.134,0.549,0.293,0.209,0.022,0.82,0.907,0.606,0.095,0.031,,0.001,0.031,0.348,,0.039,0.599,0.578,0.308,0.002,0.01,0.015,0.629,0.038,0.037,0.256,0.347,0.399,0.105,0.001,0.08,0.778,0.467,0.284,0.018,0.851,0.001,0.292,0.19,0.451,0.004,0.013,0.091,0.01,0.641,0.566,0.093,0.016,0.185,0.302,0.006,0.155,0.894,0.163,0.352,0.865,,0.138,0.357,0.453,0.571,0.001,0.014,0.001,0.194,0.037,0.408,0.04,0.504,0.28,,0.691,0.111,0.001,0.129,0.001,0.141,0.001,0.058,0.259,0.351,0.016,0.025,0.756,0.183,,0.027,0.012,0.153,0.46,0.015,0.179,0.072,0.091,0.201,0.054,0.292,0.247,0.001,0.949,0.095,,,,,,,,,,,,0.126,,,0.648,,0.2619865,0.013,0.663,0.211,0.155,0.368,0.524,0.007,0.113,,,0.201,0.126,0.379,0.155,0.166,0.001,0.07,0.052,0.11,0.128,0.022,0.205,0.1,0.021,0.187,0.016,0.11,0.158,0.651,0.099,0.016,0.911,0.209,0.531,0.155,0.108,0.055,0.191,0.001,0.001,0.01,0.643,0.084,0.225,0.128,0.208,0.194,,0.776,0.595,0.001,,0.566,,0.792,,0.086,0.092,0.069
1943,0.175,0.004,0.118,,0.29,0.001,0.828,,0.001,0.033,0.489,0.106,,0.155,0.278,0.305,0.016,0.001,0.09,0.134,0.549,0.293,0.209,0.022,0.82,0.907,0.606,0.095,0.031,,0.001,0.031,0.348,,0.039,0.599,0.578,0.308,0.002,0.01,0.015,0.589,0.038,0.037,0.256,0.347,0.399,0.127,0.001,0.079,0.778,0.467,0.284,0.018,0.851,0.001,0.292,0.19,0.451,0.004,0.013,0.096,0.006,0.641,0.566,0.083,0.016,0.19,0.277,0.007,0.155,0.894,0.163,0.352,0.865,,0.134,0.357,0.453,0.571,0.001,0.014,0.001,0.194,0.037,0.408,0.04,0.54,0.28,,0.691,0.111,0.001,0.129,0.001,0.141,0.001,0.058,0.259,0.351,0.016,0.025,0.756,0.183,,0.027,0.012,0.153,0.496,0.015,0.179,0.072,0.091,0.201,0.054,0.292,0.247,0.002,0.949,0.095,,,,,,,,,,,,0.126,,,0.655,,0.2615473,0.013,0.663,0.211,0.155,0.368,0.524,0.007,0.113,,,0.201,0.126,0.379,0.155,0.181,0.001,0.07,0.052,0.11,0.128,0.022,0.205,0.1,0.021,0.187,0.016,0.11,0.158,0.651,0.099,0.016,0.911,0.209,0.531,0.161,0.108,0.055,0.191,0.001,0.001,0.006,0.643,0.084,0.254,0.128,0.208,0.194,,0.823,0.595,0.001,,0.566,,0.792,,0.086,0.092,0.069
1944,0.175,0.004,0.046,,0.222,0.001,0.828,,0.001,0.033,0.489,0.106,,0.155,0.268,0.305,0.017,0.001,0.094,0.134,0.549,0.293,0.209,0.022,0.82,0.907,0.606,0.095,0.029,,0.001,0.031,0.348,,0.039,0.599,0.578,0.301,0.002,0.01,0.015,0.593,0.038,0.037,0.289,0.347,0.399,0.127,0.001,0.079,0.767,0.467,0.284,0.018,0.851,0.001,0.292,0.19,0.451,0.004,0.015,0.091,0.063,0.641,0.566,0.087,0.016,0.19,0.074,0.007,0.155,0.894,0.163,0.352,0.895,,0.355,0.413,0.453,0.571,0.001,0.014,0.001,0.194,0.037,0.408,0.04,0.54,0.21,,0.691,0.111,0.001,0.129,0.001,0.141,0.001,0.058,0.259,0.351,0.017,0.025,0.756,0.183,,0.027,0.012,0.153,0.512,0.016,0.179,0.072,0.091,0.201,0.054,0.292,0.24,0.002,0.949,0.095,,,,,,,,,,,,0.126,,,0.655,,0.26026845,0.013,0.663,0.211,0.155,0.368,0.524,0.007,0.113,0.182,,0.191,0.126,0.379,0.155,0.13,0.001,0.068,0.052,0.127,0.128,0.022,0.179,0.1,0.021,0.187,0.017,0.127,0.158,0.651,0.086,0.017,0.911,0.209,0.531,0.161,0.108,0.055,0.191,0.001,0.001,0.006,0.643,0.084,0.254,0.128,0.208,0.194,,0.823,0.595,0.001,,0.566,,0.792,,0.086,0.092,0.069
1945,0.175,0.004,0.001,,0.326,0.002,0.828,0.746,0.002,0.033,0.93,0.106,,0.155,0.142,0.305,0.093,0.002,0.095,0.219,0.549,0.293,0.229,0.02,0.82,0.917,0.606,0.089,0.029,,0.001,0.031,0.348,,0.047,0.599,0.578,0.299,0.24,,0.015,0.644,0.038,0.037,0.309,0.347,0.399,0.16,0.002,0.079,0.812,0.467,0.772,0.018,0.877,0.002,0.292,0.19,0.43,0.004,0.016,0.206,0.345,0.641,0.625,0.087,0.093,0.19,0.08,0.06,0.155,0.894,0.163,0.353,0.895,,0.338,0.426,0.453,0.567,0.002,0.014,0.002,0.194,0.118,0.408,0.054,0.54,0.178,,0.691,0.111,0.002,0.291,0.002,0.141,0.002,0.056,0.269,0.351,0.093,0.025,0.756,0.183,,0.027,0.012,0.153,0.512,0.016,0.2,0.072,0.11,0.209,0.054,0.34,0.264,0.002,0.949,0.095,,,,,,,,,,,,0.126,,,0.655,,0.28428188,0.013,0.663,0.211,0.155,0.368,0.539,0.01,0.198,0.171,0.085,0.191,0.126,0.355,0.155,0.138,0.002,0.068,0.052,0.113,0.128,0.022,0.185,0.1,0.058,0.187,0.093,0.113,0.158,0.657,0.24,0.093,0.911,0.209,0.531,0.178,0.108,0.055,0.202,0.002,0.002,0.006,0.643,0.084,0.292,0.128,0.208,0.194,,0.823,0.606,0.002,,0.587,,0.792,,0.086,0.092,0.088
1946,0.175,0.004,0.001,,0.457,0.002,0.878,0.773,0.002,0.033,0.93,0.106,,0.155,0.143,0.305,0.14,0.002,0.099,0.411,0.549,0.293,0.249,0.039,0.817,0.917,0.523,0.097,0.033,,0.001,0.032,0.18,0.047,0.047,0.599,0.583,0.299,0.378,,0.015,0.961,0.038,0.034,0.26,0.347,0.399,0.156,0.002,0.079,0.884,0.467,0.889,0.06,0.898,0.002,0.307,0.2,0.462,0.004,0.016,0.229,0.348,0.641,0.792,0.087,0.14,0.206,0.212,0.18,0.155,0.894,0.163,0.361,0.9,,0.621,0.436,0.46,0.8,0.002,0.014,0.002,0.206,0.375,0.408,0.12,0.54,0.178,,0.691,0.111,0.002,0.884,0.002,0.141,0.002,0.054,0.269,0.351,0.14,0.025,0.756,0.473,,0.035,0.012,0.153,0.545,0.016,0.472,0.072,0.119,0.209,0.054,0.907,0.87,0.002,0.949,0.078,,,,,,,,,,,,0.148,,,0.655,,0.32270667,0.013,0.673,0.211,0.155,0.368,0.564,0.294,0.411,0.188,0.003,0.191,0.131,0.355,0.155,0.096,0.002,0.068,0.052,0.113,0.163,0.392,0.335,0.1,0.061,0.187,0.14,0.113,0.158,0.649,0.378,0.14,0.932,0.209,0.531,0.249,0.108,0.065,0.208,0.002,0.002,0.054,0.643,0.084,0.334,0.206,0.208,0.194,0.002,0.839,0.643,0.002,,0.581,,0.792,,0.086,0.092,0.1
1947,0.175,0.004,0.001,,0.485,0.001,0.878,0.773,0.001,0.033,0.93,0.106,0.266,0.382,0.076,0.305,0.148,0.001,0.09,0.406,0.582,0.293,0.249,0.059,0.817,0.917,0.48,0.094,0.044,,0.001,0.032,0.18,0.055,0.047,0.599,0.583,0.299,0.386,,0.015,0.969,0.038,0.034,0.26,0.347,0.399,0.156,0.001,0.079,0.884,0.467,0.882,0.06,0.898,0.001,0.297,0.186,0.462,0.004,0.016,0.251,0.34,0.641,0.792,0.087,0.148,0.216,0.258,0.18,0.17,0.894,0.163,0.361,0.9,,0.771,0.436,0.478,0.801,0.001,0.014,0.001,0.206,0.381,0.408,0.137,0.524,0.175,,0.691,0.111,0.001,0.924,0.001,0.141,0.001,0.068,0.269,0.351,0.148,0.042,0.785,0.443,,0.032,0.012,0.153,0.545,0.016,0.515,0.072,0.134,0.209,0.054,0.907,0.87,0.002,0.953,0.086,,,,,,,,,,,,0.148,,,0.655,,0.32633552,0.013,0.673,0.211,0.382,0.433,0.564,0.353,0.411,0.188,0.003,0.191,0.093,0.355,0.155,0.074,0.001,0.068,0.052,0.129,0.18,0.392,0.362,0.1,0.061,0.187,0.148,0.129,0.158,0.649,0.386,0.148,0.932,0.209,0.531,0.335,0.119,0.065,0.183,0.001,0.001,0.054,0.643,0.084,0.334,0.172,0.208,0.194,0.001,0.839,0.663,0.001,,0.581,,0.792,,0.086,0.092,0.1
1948,0.175,0.004,0.001,,0.485,0.001,0.883,0.773,0.001,0.033,0.93,0.128,0.276,0.395,0.065,0.305,0.164,0.001,0.09,0.406,0.576,0.293,0.249,0.059,0.825,0.917,0.48,0.094,0.044,,0.001,0.032,0.118,0.078,0.047,0.461,0.583,0.299,0.057,,0.015,0.97,0.038,0.034,0.318,0.347,0.399,0.156,0.001,0.079,0.887,0.467,0.882,0.06,0.898,0.001,0.297,0.186,0.462,0.004,0.016,0.231,0.311,0.641,0.792,0.087,0.164,0.216,0.105,0.199,0.573,0.894,0.163,0.361,0.9,0.663,0.791,0.436,0.483,0.829,0.001,0.014,0.001,0.206,0.384,0.408,0.144,0.524,0.196,,0.762,0.111,0.001,0.924,0.001,0.141,0.001,0.071,0.269,0.351,0.164,0.051,0.797,0.452,,0.032,0.012,0.153,0.578,0.016,0.5,0.063,0.133,0.209,0.054,0.911,0.88,0.002,0.953,0.086,,,,,,,,,,,,0.148,,,0.655,,0.32556775,0.013,0.673,0.211,0.395,0.456,0.524,0.353,0.411,0.21,0.003,0.191,0.105,0.355,0.155,0.027,0.001,0.068,0.052,0.129,0.18,0.392,0.362,0.126,0.061,0.187,0.164,0.129,0.158,0.649,0.057,0.164,0.932,0.209,0.531,0.335,0.119,0.065,0.172,0.001,0.001,0.054,0.643,0.084,0.334,0.176,0.208,0.194,0.001,0.839,0.663,0.001,,0.53,,0.792,,0.071,0.092,0.1
1949,0.175,0.004,0.001,,0.485,0.001,0.883,0.773,0.001,0.033,0.93,0.128,0.276,0.395,0.049,0.305,0.242,0.001,0.09,0.406,0.576,0.293,0.249,0.059,0.825,0.917,0.48,0.048,0.044,,0.001,0.032,0.103,0.078,0.047,0.71,0.59,0.299,0.025,,0.015,0.97,0.038,0.034,0.345,0.361,0.399,0.156,0.001,0.079,0.967,0.467,0.882,0.06,0.898,0.001,0.297,0.186,0.462,0.004,0.016,0.249,0.306,0.641,0.792,0.088,0.242,0.216,0.047,0.312,0.573,0.894,0.163,0.361,0.9,0.674,0.799,0.436,0.483,0.829,0.001,0.014,0.001,0.206,0.384,0.408,0.134,0.532,0.196,,0.795,0.111,0.001,0.924,0.001,0.141,0.001,0.085,0.269,0.351,0.242,0.051,0.797,0.452,,0.032,0.012,0.153,0.647,0.016,0.5,0.06,0.133,0.209,0.054,0.941,0.88,0.002,0.953,0.086,,,0.218,0.95,,,,,,,,0.215,,,0.655,,0.3281923,0.016,0.673,0.211,0.395,0.42,0.137,0.353,0.411,0.202,0.003,0.191,0.092,,0.155,0.025,0.001,0.068,0.052,0.129,0.18,0.392,0.362,0.126,0.089,0.187,0.242,0.129,0.158,0.649,0.025,0.242,0.932,0.209,0.531,0.287,0.119,0.065,0.172,0.001,0.001,0.054,0.643,0.084,0.342,0.176,0.208,0.194,0.001,0.839,0.675,0.001,,0.243,,0.792,,0.075,0.092,0.1
1950,0.175,0.004,0.001,,0.447,0.001,0.953,0.795,0.001,0.033,0.922,0.128,0.288,0.429,0.059,0.305,0.313,0.001,0.09,0.423,0.579,0.287,0.249,0.059,0.853,0.919,0.477,0.022,0.044,,0.002,0.032,0.103,0.086,0.047,0.83,0.59,0.298,0.025,,0.015,0.97,0.038,0.034,0.345,0.366,0.363,0.175,0.001,0.079,0.974,0.509,0.882,0.072,0.898,0.001,0.367,0.186,0.477,0.004,0.026,0.4,0.298,0.641,0.812,0.272,0.313,0.217,0.017,0.397,0.587,0.894,0.252,0.367,0.903,0.69,0.799,0.483,0.524,0.829,0.001,0.008,0.001,0.206,0.32,0.435,0.134,0.532,0.176,,0.77,0.111,0.001,0.955,0.001,0.141,0.001,0.093,0.269,0.351,0.313,0.055,0.797,0.452,,0.035,0.012,0.153,0.677,0.018,0.5,0.06,0.127,0.209,0.055,0.941,0.88,0.01,0.953,0.085,,,0.226,0.956,,,,,,,,0.215,,,0.655,,0.33711612,0.016,0.673,0.211,0.429,0.489,0.161,0.353,0.411,0.211,0.002,0.191,0.092,,0.165,0.024,0.001,0.068,0.052,0.129,0.18,0.392,0.382,0.117,0.089,0.157,0.313,0.129,0.158,0.649,0.025,0.313,0.943,0.209,0.531,0.285,0.119,0.065,0.176,0.001,0.001,0.054,0.743,0.084,0.368,0.17,0.208,0.194,0.001,0.839,0.669,0.001,,0.243,,0.75,,0.058,0.092,0.1
1951,0.175,0.004,0.001,,0.447,0.001,0.953,0.795,0.001,0.033,0.931,0.128,0.288,0.41,0.059,0.305,0.357,0.001,0.088,0.423,0.579,0.287,0.249,0.072,0.853,0.919,0.477,0.022,0.044,,0.002,0.032,0.103,0.086,0.047,0.829,0.568,0.301,0.025,,0.015,0.975,0.038,0.034,0.345,0.366,0.363,0.175,0.001,0.079,0.974,0.509,0.882,0.072,0.898,0.001,0.355,0.195,0.477,0.004,0.026,0.456,0.298,0.641,0.812,0.272,0.357,0.199,0.021,0.407,0.587,0.894,0.286,0.367,0.903,0.69,0.799,0.483,0.49,0.829,0.001,0.008,0.001,0.206,0.311,0.433,0.134,0.532,0.173,0.216,0.77,0.111,0.001,0.955,0.001,0.141,0.001,0.093,0.269,0.351,0.357,0.055,0.797,0.452,,0.035,0.012,0.153,0.677,0.018,0.5,0.06,0.132,0.209,0.055,0.941,0.89,0.094,0.953,0.085,,,0.226,0.958,,,,,,,,0.215,,,0.655,,0.33825,0.016,0.703,0.211,0.41,0.452,0.161,0.353,0.411,0.207,0.002,0.191,0.092,,0.165,0.024,0.001,0.068,0.052,0.129,0.18,0.392,0.453,0.12,0.089,0.157,0.357,0.129,0.158,0.649,0.025,0.357,0.943,0.209,0.531,0.294,0.119,0.065,0.176,0.001,0.001,0.054,0.743,0.084,0.368,0.202,0.208,0.194,0.001,0.843,0.669,0.001,,0.243,,0.793,,0.058,0.092,0.107
1952,0.175,0.004,0.001,,0.447,0.001,0.953,0.795,0.001,0.033,0.931,0.123,0.288,0.373,0.059,0.305,0.371,0.001,0.196,0.423,0.579,0.314,0.249,0.072,0.853,0.919,0.484,0.022,0.044,,0.002,0.032,0.103,0.086,0.047,0.829,0.349,0.301,0.025,,0.015,0.975,0.038,0.033,0.345,0.418,0.254,0.175,0.001,0.079,0.974,0.509,0.882,0.072,0.899,0.001,0.355,0.195,0.477,0.004,0.026,0.484,0.294,0.641,0.812,0.272,0.371,0.199,0.021,0.407,0.587,0.894,0.286,0.367,0.903,0.69,0.799,0.483,0.515,0.829,0.001,0.004,0.001,0.206,0.311,0.433,0.134,0.532,0.173,0.216,0.77,0.111,0.001,0.955,0.001,0.141,0.001,0.093,0.269,0.351,0.371,0.055,0.797,0.452,,0.035,0.012,0.153,0.677,0.018,0.5,0.06,0.132,0.209,0.055,0.941,0.89,0.121,0.953,0.088,,,0.227,0.963,,,,,,,,0.215,,,0.655,,0.33896154,0.016,0.703,0.211,0.373,0.496,0.161,0.353,0.411,0.207,0.002,0.191,0.092,,0.165,0.024,0.001,0.068,0.053,0.129,0.18,0.392,0.493,0.145,0.089,0.157,0.371,0.129,0.158,0.649,0.025,0.371,0.952,0.209,0.531,0.304,0.119,0.065,0.176,0.001,0.001,0.054,0.726,0.084,0.363,0.223,0.208,0.256,0.001,0.843,0.669,0.001,,0.238,,0.793,,0.058,0.092,0.107
1953,0.175,0.004,0.001,,0.439,0.002,0.953,0.795,0.002,0.033,0.931,0.123,0.288,0.373,0.067,0.305,0.405,0.002,0.216,0.423,0.579,0.369,0.249,0.072,0.853,0.919,0.497,0.022,0.044,,0.002,0.036,0.12,0.086,0.047,0.829,0.259,0.299,0.025,,0.015,0.975,0.038,0.03,0.345,0.388,0.133,0.175,0.002,0.079,0.974,0.509,0.882,0.072,0.899,0.002,0.355,0.195,0.482,0.004,0.026,0.472,0.308,0.64,0.812,0.272,0.405,0.199,0.021,0.404,0.587,0.894,0.208,0.367,0.903,0.69,0.799,0.483,0.515,0.936,0.002,0.004,0.002,0.194,0.353,0.433,0.202,0.532,0.173,0.224,0.77,0.111,0.002,0.955,0.002,0.142,0.002,0.093,0.292,0.347,0.405,0.055,0.797,0.452,,0.035,0.012,0.153,0.677,0.018,0.5,0.06,0.132,0.209,0.055,0.947,0.89,0.135,0.953,0.088,,,0.228,0.963,,,,,,,,0.215,,,0.655,,0.33964744,0.016,0.703,0.211,0.373,0.496,0.158,0.353,0.411,0.207,0.002,0.191,0.092,,0.165,0.024,0.002,0.068,0.052,0.223,0.18,0.392,0.495,0.145,0.089,0.157,0.405,0.223,0.125,0.649,0.025,0.405,0.952,0.209,0.531,0.29,0.119,0.071,0.176,0.002,0.002,0.054,0.726,0.084,0.368,0.229,0.208,0.242,0.002,0.843,0.669,0.002,,0.232,,0.793,,0.058,0.092,0.131
1954,0.175,0.004,0.001,,0.439,0.025,0.953,0.795,0.025,0.033,0.931,0.123,0.288,0.373,0.067,0.305,0.434,0.025,0.216,0.423,0.579,0.38,0.249,0.086,0.853,0.919,0.497,0.022,0.044,,0.002,0.031,0.172,0.086,0.047,0.837,0.258,0.299,0.044,,0.015,0.975,0.038,0.027,0.345,0.364,0.133,0.175,0.025,0.079,0.974,0.509,0.846,0.072,0.899,0.025,0.437,0.195,0.482,0.004,0.026,0.472,0.23,0.645,0.812,0.274,0.434,0.199,0.03,0.413,0.587,0.894,0.152,0.373,0.903,0.69,0.799,0.483,0.515,0.936,0.025,0.004,0.025,0.415,0.478,0.433,0.202,0.532,0.173,0.216,0.77,0.111,0.025,0.955,0.025,0.142,0.025,0.093,0.292,0.377,0.434,0.055,0.797,0.452,,0.035,0.012,0.153,0.724,0.017,0.5,0.06,0.132,0.209,0.055,0.947,0.89,0.135,0.953,0.088,,,0.235,0.963,,,,,,,,0.189,,,0.655,,0.34301922,0.016,0.703,0.211,0.373,0.496,0.158,0.353,0.411,0.207,0.003,0.191,0.047,,0.165,0.024,0.025,0.068,0.055,0.223,0.18,0.392,0.496,0.159,0.089,0.157,0.434,0.223,0.171,0.649,0.044,0.434,0.952,0.209,0.531,0.327,0.119,0.071,0.176,0.025,0.025,0.054,0.726,0.084,0.382,0.236,0.2,0.256,0.025,0.843,0.669,0.025,,0.232,,0.793,,0.058,0.098,0.142
1955,0.175,0.004,0.002,,0.326,0.021,0.953,0.82,0.021,0.033,0.931,0.123,0.288,0.38,0.054,0.305,0.432,0.021,0.216,0.467,0.579,0.4,0.249,0.086,0.853,0.919,0.497,0.021,0.044,,0.002,0.031,0.181,0.086,0.047,0.837,0.258,0.234,0.047,,0.015,0.975,0.038,0.02,0.345,0.348,0.133,0.175,0.021,0.085,0.974,0.509,0.846,0.085,0.899,0.021,0.435,0.201,0.482,0.004,0.026,0.472,0.019,0.645,0.812,0.238,0.432,0.199,0.03,0.415,0.587,0.894,0.146,0.373,0.903,0.69,0.799,0.483,0.515,0.936,0.021,0.004,0.021,0.424,0.496,0.429,0.202,0.532,0.173,0.216,0.779,0.111,0.021,0.955,0.021,0.129,0.021,0.093,0.292,0.377,0.432,0.055,0.797,0.452,,0.035,0.012,0.153,0.724,0.019,0.525,0.06,0.132,0.224,0.057,0.947,0.89,0.135,0.953,0.088,,,0.235,0.963,,,,,,,,0.154,,,0.655,,0.3408141,0.016,0.703,0.122,0.38,0.496,0.158,0.363,0.411,0.207,0.003,0.191,0.062,,0.155,0.024,0.021,0.068,0.06,0.24,0.18,0.392,0.496,0.159,0.089,0.158,0.432,0.24,0.173,0.69,0.047,0.432,0.952,0.209,0.531,0.338,0.119,0.071,0.176,0.021,0.021,0.054,0.726,0.084,0.337,0.236,0.2,0.263,0.021,0.843,0.669,0.021,,0.232,,0.793,,0.058,0.098,0.142
1956,0.175,0.004,0.002,,0.326,0.028,0.953,0.91,0.028,0.033,0.931,0.123,0.288,0.39,0.053,0.305,0.432,0.028,0.22,0.467,0.579,0.412,0.249,0.086,0.853,0.919,0.497,0.017,0.044,,0.002,0.031,0.181,0.086,0.047,0.837,0.258,0.22,0.07,,0.015,0.975,0.038,0.02,0.345,0.348,0.133,0.169,0.028,0.085,0.974,0.509,0.846,0.085,0.899,0.028,0.471,0.201,0.499,0.004,0.026,0.49,0.019,0.645,0.812,0.238,0.432,0.199,0.03,0.415,0.588,0.894,0.146,0.373,0.903,0.69,0.8,0.483,0.49,0.936,0.028,0.005,0.028,0.431,0.496,0.429,0.202,0.532,0.173,0.216,0.731,0.111,0.028,0.961,0.028,0.167,0.028,0.093,0.292,0.377,0.432,0.047,0.797,0.452,,0.035,0.012,0.153,0.724,0.019,0.525,0.06,0.132,0.224,0.057,0.947,0.894,0.135,0.953,0.088,,,0.235,0.963,,,,,,,,0.138,,,0.655,,0.34309617,0.016,0.703,0.122,0.39,0.496,0.197,0.363,0.411,0.23,0.002,0.191,0.062,,0.155,0.027,0.028,0.068,0.06,0.187,0.18,0.392,0.496,0.159,0.089,0.16,0.432,0.187,0.173,0.69,0.07,0.432,0.952,0.209,0.531,0.333,0.119,0.129,0.176,0.028,0.028,0.054,0.726,0.186,0.36,0.236,0.2,0.29,0.028,0.843,0.669,0.028,,0.232,,0.793,,0.058,0.098,0.142
1957,0.175,0.004,0.002,,0.387,0.037,0.953,0.91,0.037,0.033,0.938,0.123,0.288,0.363,0.053,0.291,0.432,0.037,0.236,0.467,0.598,0.427,0.249,0.097,0.853,0.919,0.497,0.01,0.044,,0.002,0.031,0.181,0.089,0.047,0.837,0.258,0.222,0.075,,0.015,0.975,0.038,0.02,0.345,0.348,0.133,0.169,0.037,0.085,0.974,0.509,0.846,0.085,0.899,0.037,0.59,0.199,0.499,0.004,0.026,0.497,0.019,0.645,0.812,0.273,0.432,0.073,0.025,0.418,0.588,0.904,0.146,0.373,0.903,0.69,0.8,0.483,0.49,0.936,0.037,0.012,0.037,0.45,0.496,0.429,0.186,0.532,0.173,0.216,0.728,0.111,0.037,0.965,0.037,0.22,0.037,0.094,0.291,0.377,0.432,0.047,0.797,0.452,,0.035,0.012,0.153,0.724,0.019,0.554,0.06,0.132,0.224,0.055,0.95,0.934,0.135,0.953,0.088,,,0.243,0.963,,,,,,,,0.138,,,0.655,,0.34917948,0.016,0.703,0.122,0.363,0.496,0.474,0.363,0.411,0.406,0.002,0.191,0.062,,0.155,0.03,0.037,0.087,0.06,0.195,0.18,0.392,0.496,0.159,0.089,0.171,0.432,0.195,0.173,0.69,0.075,0.432,0.952,0.209,0.531,0.323,0.119,0.129,0.156,0.037,0.037,0.054,0.726,0.363,0.36,0.236,0.2,0.29,0.037,0.845,0.678,0.037,,0.24,,0.793,,0.058,0.098,0.142
1958,0.175,0.004,0.002,,0.499,0.036,0.953,0.91,0.036,0.033,0.938,0.129,0.311,0.337,0.053,0.359,0.432,0.036,0.236,0.467,0.684,0.446,0.249,0.119,0.853,0.919,0.516,0.009,0.044,,0.002,0.033,0.303,0.089,0.047,0.837,0.258,0.206,0.075,,0.015,0.975,0.038,0.02,0.345,0.348,0.133,0.2,0.036,0.085,0.974,0.509,0.836,0.167,0.899,0.036,0.645,0.14,0.499,0.004,0.026,0.497,0.021,0.645,0.812,0.312,0.432,0.03,0.054,0.366,0.588,0.902,0.146,0.312,0.903,0.69,0.8,0.483,0.437,0.936,0.036,0.01,0.036,0.45,0.498,0.429,0.186,0.532,0.173,0.216,0.713,0.111,0.036,0.965,0.036,0.218,0.036,0.103,0.291,0.365,0.432,0.059,0.797,0.452,,0.035,0.012,0.144,0.724,0.019,0.6,0.06,0.136,0.224,0.055,0.95,0.934,0.14,0.953,0.088,,,0.287,0.963,,,,,,,,0.138,,,0.655,,0.35618588,0.016,0.703,0.122,0.337,0.496,0.545,0.363,0.411,0.406,0.001,0.191,0.062,,0.155,0.03,0.036,0.083,0.06,0.206,0.18,0.526,0.496,0.159,0.089,0.171,0.432,0.206,0.173,0.69,0.075,0.432,0.952,0.209,0.531,0.247,0.12,0.129,0.161,0.036,0.036,0.054,0.726,0.494,0.36,0.236,0.2,0.29,0.036,0.845,0.678,0.036,,0.598,,0.793,,0.058,0.098,0.142
1959,0.175,0.004,0.002,,0.644,0.04,0.953,0.91,0.04,0.032,0.944,0.139,0.325,0.36,0.053,0.359,0.432,0.04,0.236,0.451,0.684,0.446,0.249,0.128,0.853,0.919,0.633,0.008,0.044,,0.002,0.036,0.42,0.089,0.047,0.839,0.318,0.267,0.075,,0.015,0.975,0.038,0.02,0.345,0.348,0.133,0.2,0.04,0.085,0.974,0.509,0.857,0.167,0.899,0.04,0.645,0.121,0.499,0.004,0.043,0.497,0.021,0.645,0.812,0.309,0.432,0.03,0.062,0.342,0.588,0.902,0.153,0.323,0.903,0.69,0.796,0.483,0.437,0.936,0.04,0.01,0.04,0.45,0.498,0.429,0.186,0.545,0.173,0.216,0.728,0.111,0.04,0.965,0.04,0.239,0.04,0.131,0.291,0.363,0.432,0.059,0.797,0.457,,0.035,0.012,0.155,0.748,0.019,0.6,0.059,0.142,0.229,0.055,0.95,0.934,0.164,0.953,0.088,,,0.287,0.963,,,,,,,,0.138,,,0.655,,0.36160898,0.016,0.703,0.122,0.36,0.496,0.545,0.363,0.411,0.406,0.001,0.191,0.062,,0.155,0.03,0.04,0.056,0.06,0.129,0.252,0.553,0.496,0.159,0.089,0.171,0.432,0.129,0.173,0.69,0.075,0.432,0.952,0.209,0.531,0.246,0.128,0.129,0.161,0.04,0.04,0.054,0.726,0.494,0.36,0.236,0.2,0.29,0.04,0.845,0.678,0.04,,0.746,,0.793,,0.058,0.098,0.132
1960,0.175,0.004,0.002,,0.654,0.044,0.953,0.91,0.044,0.032,0.944,0.415,0.489,0.339,0.064,0.359,0.432,0.044,0.227,0.463,0.65,0.474,0.295,0.246,0.871,0.923,0.658,0.01,0.46,,0.025,0.275,0.416,0.089,0.047,0.856,0.1,0.395,0.096,,0.015,0.975,0.038,0.02,0.345,0.31,0.126,0.233,0.044,0.085,0.982,0.519,0.865,0.29,0.899,0.044,0.678,0.066,0.509,0.002,0.097,0.497,0.016,0.645,0.813,0.319,0.432,0.03,0.093,0.316,0.588,0.902,0.17,0.323,0.903,0.69,0.8,0.56,0.412,0.936,0.044,0.021,0.044,0.437,0.602,0.508,0.145,0.545,0.163,0.216,0.728,0.171,0.044,0.965,0.044,0.239,0.044,0.272,0.309,0.372,0.432,0.492,0.797,0.457,,0.052,0.015,0.388,0.747,0.019,0.594,0.067,0.288,0.374,0.056,0.964,0.948,0.119,0.953,0.088,,,0.264,0.963,,,,,,,,0.138,,,,,0.3819742,0.017,0.703,0.112,0.339,0.496,0.545,0.376,0.411,0.406,0.001,0.191,0.047,,0.212,0.034,0.044,0.08,0.06,0.12,0.6,0.562,0.542,0.22,0.063,0.199,0.432,0.12,0.173,0.69,0.096,0.432,0.959,0.217,0.531,0.247,0.193,0.225,0.162,0.044,0.044,0.051,0.746,0.494,0.275,0.246,0.191,0.29,0.044,0.845,0.678,0.044,,0.739,,0.793,,0.056,0.098,0.104
1961,0.175,0.004,0.002,,0.654,0.045,0.953,0.91,0.045,0.032,0.937,0.446,0.512,0.339,0.054,0.359,0.432,0.045,0.227,0.465,0.65,0.479,0.314,0.284,0.877,0.923,0.658,0.01,0.461,0.173,0.045,0.275,0.416,0.089,0.047,0.856,0.091,0.505,0.121,,0.015,0.975,0.038,0.02,0.345,0.31,0.099,0.233,0.045,0.098,0.982,0.519,0.865,0.29,0.901,0.045,0.591,0.056,0.523,0.003,0.097,0.495,0.016,0.645,0.813,0.309,0.432,0.03,0.096,0.309,0.588,0.902,0.173,0.307,0.914,0.69,0.8,0.56,0.412,0.936,0.045,0.021,0.045,0.437,0.497,0.584,0.145,0.545,0.163,0.216,0.728,0.18,0.045,0.965,0.045,0.269,0.045,0.32,0.309,0.372,0.432,0.492,0.797,0.426,,0.055,0.014,0.341,0.74,0.027,0.616,0.063,0.256,0.385,0.056,0.964,0.948,0.092,0.953,0.088,,,0.209,0.963,,,,,,,,0.138,,,,,0.3853782,0.017,0.703,0.101,0.339,0.496,0.545,0.376,0.411,0.406,0.001,0.191,0.047,,0.212,0.046,0.045,0.17,0.06,0.12,0.6,0.562,0.542,0.295,0.063,0.286,0.432,0.12,0.186,0.69,0.121,0.432,0.966,0.217,0.531,0.247,0.193,0.264,0.162,0.045,0.045,0.051,0.746,0.494,0.27,0.259,0.58,0.29,0.045,0.845,0.678,0.045,,0.739,,0.793,,0.056,0.098,0.104
1962,0.175,0.004,0.002,,0.63,0.05,0.953,0.91,0.05,0.102,0.943,0.446,0.513,0.339,0.054,0.359,0.432,0.05,0.227,0.471,0.65,0.479,0.318,0.278,0.877,0.923,0.658,0.011,0.47,0.173,0.05,0.275,0.416,0.09,0.047,0.874,0.066,0.488,0.121,,0.015,0.976,0.127,0.052,0.348,0.31,0.082,0.233,0.05,0.091,0.982,0.519,0.876,0.302,0.901,0.05,0.533,0.056,0.532,0.002,0.097,0.506,0.016,0.621,0.813,0.316,0.432,0.03,0.116,0.302,0.588,0.902,0.204,0.292,0.914,0.69,0.809,0.609,0.514,0.936,0.05,0.021,0.05,0.437,0.477,0.622,0.145,0.545,0.163,0.216,0.728,0.18,0.05,0.965,0.05,0.315,0.05,0.32,0.309,0.372,0.432,0.487,0.797,0.113,,0.055,0.012,0.399,0.74,0.027,0.616,0.063,0.256,0.385,0.056,0.964,0.948,0.083,0.953,0.088,,,0.209,0.963,,,,,,,,0.138,,,,,0.38864103,0.018,0.703,0.101,0.339,0.496,0.552,0.376,0.411,0.406,0.001,0.191,0.047,,0.212,0.046,0.05,0.233,0.063,0.115,0.653,0.562,0.542,0.324,0.066,0.286,0.432,0.115,0.19,0.69,0.121,0.432,0.969,0.217,0.531,0.29,0.193,0.264,0.162,0.05,0.05,0.051,0.834,0.507,0.337,0.248,0.592,0.322,0.05,0.845,0.678,0.05,,0.739,,0.793,,0.056,0.098,0.104
1963,0.157,0.004,0.002,,0.633,0.043,0.953,0.91,0.043,0.128,0.968,0.446,0.513,0.367,0.054,0.359,0.448,0.043,0.227,0.471,0.645,0.476,0.331,0.278,0.895,0.923,0.675,0.011,0.467,0.173,0.05,0.275,0.416,0.09,0.047,0.874,0.08,0.472,0.119,,0.015,0.978,0.611,0.268,0.236,0.31,0.066,0.233,0.043,0.091,0.982,0.519,0.912,0.302,0.901,0.043,0.53,0.056,0.523,0.002,0.102,0.498,0.009,0.621,0.813,0.241,0.448,0.03,0.13,0.306,0.588,0.902,0.23,0.185,0.914,0.69,0.843,0.636,0.514,0.936,0.043,0.097,0.043,0.437,0.482,0.64,0.14,0.545,0.163,0.216,0.728,0.18,0.043,0.965,0.043,0.281,0.043,0.32,0.271,0.372,0.448,0.462,0.797,0.045,,0.055,0.012,0.399,0.712,0.027,0.616,0.063,0.256,0.385,0.056,0.964,0.948,0.094,0.955,0.086,,,0.209,0.963,,,,,,,,0.137,,,,,0.39402565,0.061,0.607,0.101,0.367,0.496,0.548,0.376,0.411,0.406,0.001,0.191,0.047,,0.212,0.045,0.043,0.372,0.083,0.115,0.664,0.66,0.542,0.324,0.075,0.286,0.448,0.115,0.19,0.718,0.119,0.448,0.969,0.217,0.531,0.179,0.193,0.236,0.162,0.043,0.043,0.051,0.832,0.522,0.455,0.248,0.592,0.388,0.043,0.845,0.685,0.043,,0.739,,0.793,,0.056,0.098,0.104
1964,0.167,0.004,0.002,,0.743,0.043,0.953,0.91,0.043,0.128,0.968,0.41,0.513,0.367,0.054,0.359,0.448,0.043,0.108,0.198,0.645,0.476,0.331,0.278,0.895,0.923,0.719,0.011,0.467,0.173,0.05,0.239,0.416,0.086,0.047,0.874,0.08,0.472,0.119,,0.015,0.978,0.226,0.278,0.264,0.31,0.066,0.233,0.043,0.091,0.982,0.519,0.912,0.302,0.901,0.043,0.51,0.057,0.522,0.002,0.133,0.519,0.008,0.621,0.813,0.154,0.448,0.03,0.176,0.306,0.588,0.909,0.231,0.236,0.914,0.691,0.843,0.636,0.5,0.939,0.043,0.182,0.043,0.43,0.483,0.64,0.141,0.545,0.171,0.227,0.728,0.193,0.043,0.965,0.043,0.254,0.043,0.32,0.307,0.357,0.448,0.487,0.876,0.038,,0.055,0.012,0.399,0.712,0.079,0.593,0.058,0.256,0.378,0.056,0.964,0.959,0.106,0.955,0.086,,,0.209,0.963,,,,,,,,0.212,,,,,0.39403847,0.074,0.574,0.152,0.367,0.496,0.589,0.376,0.411,0.406,0.001,0.191,0.047,,0.212,0.045,0.043,0.381,0.083,0.152,0.664,0.66,0.542,0.299,0.075,0.286,0.448,0.152,0.201,0.718,0.119,0.448,0.969,0.217,0.531,0.162,0.189,0.227,0.17,0.043,0.043,0.051,0.832,0.542,0.443,0.265,0.592,0.384,0.043,0.845,0.71,0.043,,0.738,,0.793,,0.056,0.308,0.063
1965,0.191,0.004,0.002,,0.743,0.041,0.953,0.9,0.041,0.128,0.968,0.41,0.513,0.373,0.054,0.359,0.505,0.041,0.055,0.083,0.645,0.484,0.331,0.266,0.887,0.923,0.719,0.007,0.467,0.173,0.05,0.239,0.416,0.085,0.047,0.874,0.072,0.488,0.119,,0.015,0.978,0.226,0.306,0.264,0.304,0.066,0.233,0.041,0.091,0.982,0.519,0.912,0.302,0.905,0.041,0.524,0.057,0.672,0.002,0.133,0.519,0.011,0.621,0.795,0.164,0.505,0.03,0.179,0.174,0.588,0.909,0.231,0.259,0.914,0.691,0.843,0.622,0.517,0.941,0.041,0.172,0.041,0.43,0.454,0.64,0.141,0.545,0.171,0.224,0.728,0.193,0.041,0.965,0.041,0.254,0.041,0.32,0.307,0.357,0.505,0.487,0.857,0.031,,0.055,0.012,0.399,0.712,0.099,0.593,0.061,0.256,0.378,0.056,0.964,0.959,0.113,0.955,0.086,,,0.209,0.963,,,,,,,,0.204,,,,,0.39508975,0.074,0.534,0.152,0.373,0.496,0.589,0.352,0.465,0.406,0.001,0.191,0.047,,0.212,0.056,0.041,0.381,0.075,0.199,0.664,0.727,0.542,0.28,0.075,0.286,0.505,0.199,0.201,0.718,0.119,0.505,0.969,0.217,0.549,0.162,0.189,0.227,0.17,0.041,0.041,0.051,0.832,0.542,0.443,0.265,0.583,0.384,0.041,0.848,0.725,0.041,,0.738,,0.793,,0.056,0.422,0.062
1966,0.191,0.004,0.001,,0.675,0.041,0.953,0.913,0.041,0.143,0.968,0.41,0.486,0.373,0.054,0.359,0.505,0.041,0.049,0.083,0.764,0.484,0.749,0.116,0.904,0.923,0.729,0.005,0.467,0.173,0.043,0.239,0.416,0.085,0.047,0.874,0.071,0.488,0.119,,0.015,0.978,0.165,0.306,0.32,0.304,0.066,0.233,0.041,0.091,0.982,0.519,0.925,0.302,0.905,0.041,0.384,0.057,0.727,0.002,0.133,0.513,0.016,0.603,0.795,0.164,0.505,0.03,0.177,0.152,0.588,0.909,0.231,0.259,0.914,0.748,0.843,0.622,0.517,0.941,0.041,0.18,0.041,0.43,0.454,0.64,0.141,0.545,0.171,0.224,0.731,0.469,0.041,0.965,0.041,0.254,0.041,0.32,0.245,0.357,0.505,0.487,0.857,0.031,,0.055,0.012,0.399,0.712,0.077,0.593,0.056,0.256,0.388,0.056,0.964,0.959,0.113,0.955,0.086,,,0.209,0.963,,,,,,,,0.204,,,,,0.39778206,0.074,0.534,0.152,0.373,0.496,0.589,0.352,0.465,0.406,0.001,0.191,0.047,,0.212,0.059,0.041,0.381,0.075,0.199,0.664,0.746,0.542,0.28,0.07,0.251,0.505,0.199,0.201,0.718,0.119,0.505,0.969,0.214,0.549,0.162,0.189,0.227,0.17,0.041,0.041,0.051,0.832,0.542,0.457,0.265,0.578,0.328,0.041,0.847,0.777,0.041,,0.738,,0.793,,0.056,0.399,0.047
1967,0.191,0.004,0.001,,0.339,0.051,0.953,0.913,0.051,0.129,0.968,0.41,0.487,0.373,0.054,0.359,0.517,0.051,0.049,0.083,0.806,0.484,0.749,0.112,0.904,0.923,0.736,0.004,0.467,0.173,0.048,0.239,0.416,0.085,0.047,0.874,0.071,0.488,0.129,,0.012,0.978,0.177,0.306,0.34,0.304,0.056,0.233,0.051,0.091,0.982,0.519,0.925,0.323,0.905,0.051,0.39,0.057,0.727,0.002,0.133,0.149,0.024,0.675,0.795,0.164,0.517,0.03,0.177,0.144,0.588,0.909,0.231,0.269,0.914,0.833,0.843,0.565,0.479,0.941,0.051,0.181,0.051,0.43,0.454,0.64,0.141,0.545,0.171,0.224,0.731,0.469,0.051,0.965,0.051,0.254,0.051,0.32,0.245,0.357,0.517,0.487,0.857,0.031,,0.055,0.012,0.399,0.723,0.077,0.586,0.058,0.256,0.228,0.056,0.964,0.959,0.113,0.955,0.086,,,0.209,0.963,,,,,,,,0.204,,,,,0.39091027,0.074,0.329,0.152,0.373,0.499,0.589,0.34,0.465,0.406,0.001,0.219,0.047,,0.212,0.059,0.051,0.377,0.075,0.199,0.664,0.748,0.542,0.271,0.07,0.251,0.517,0.199,0.201,0.718,0.129,0.517,0.969,0.214,0.549,0.168,0.189,0.252,0.17,0.051,0.051,0.051,0.832,0.542,0.457,0.266,0.588,0.183,0.051,0.853,0.777,0.051,,0.738,,0.793,,0.056,0.399,0.047
1968,0.191,0.004,0.001,,0.293,0.044,0.962,0.913,0.044,0.129,0.968,0.41,0.497,0.373,0.054,0.359,0.517,0.044,0.049,0.093,0.806,0.5,0.749,0.112,0.904,0.923,0.736,0.004,0.467,0.173,0.042,0.076,0.422,0.085,0.047,0.874,0.062,0.488,0.185,,0.024,0.978,0.201,0.306,0.34,0.31,0.056,0.233,0.044,0.091,0.982,0.519,0.928,0.323,0.897,0.044,0.39,0.057,0.727,0.002,0.118,0.14,0.018,0.675,0.828,0.138,0.517,0.03,0.205,0.144,0.588,0.909,0.233,0.258,0.914,0.833,0.85,0.565,0.46,0.941,0.044,0.181,0.044,0.43,0.454,0.64,0.141,0.545,0.171,0.211,0.731,0.469,0.044,0.965,0.044,0.254,0.044,0.32,0.288,0.357,0.517,0.496,0.857,0.031,,0.055,0.012,0.399,0.814,0.077,0.585,0.05,0.256,0.228,0.056,0.966,0.959,0.113,0.955,0.086,,,0.209,0.966,,,,,,,,0.216,,,,,0.38560897,0.074,0.136,0.152,0.373,0.312,0.319,0.302,0.465,0.39,0.001,0.218,0.041,,0.235,0.065,0.044,0.377,0.075,0.192,0.664,0.772,0.542,0.22,0.056,0.251,0.517,0.192,0.201,0.718,0.185,0.517,0.969,0.231,0.549,0.168,0.189,0.23,0.17,0.044,0.044,0.051,0.832,0.542,0.457,0.266,0.588,0.206,0.044,0.716,0.782,0.044,,0.747,,0.793,,0.056,0.399,0.047
1969,0.191,0.007,0.001,,0.244,0.043,0.962,0.913,0.043,0.129,0.968,0.41,0.497,0.324,0.054,0.359,0.517,0.043,0.049,0.093,0.801,0.5,0.749,0.104,0.904,0.923,0.718,0.004,0.467,0.173,0.042,0.071,0.422,0.085,0.047,0.874,0.071,0.488,0.152,,0.024,0.983,0.201,0.306,0.38,0.31,0.056,0.233,0.043,0.091,0.982,0.519,0.952,0.323,0.902,0.043,0.553,0.049,0.727,0.002,0.02,0.14,0.017,0.675,0.828,0.138,0.517,0.03,0.234,0.16,0.588,0.909,0.233,0.204,0.914,0.833,0.843,0.565,0.46,0.941,0.043,0.17,0.043,0.43,0.454,0.64,0.141,0.545,0.171,0.124,0.731,0.47,0.043,0.965,0.043,0.254,0.043,0.32,0.277,0.357,0.517,0.359,0.857,0.031,,0.055,0.012,0.399,0.825,0.077,0.585,0.055,0.256,0.228,0.056,0.966,0.959,0.113,0.955,0.086,,,0.209,0.966,,,,,,,,0.216,,,,,0.38253206,0.074,0.136,0.152,0.324,0.232,0.208,0.302,0.465,0.405,0.001,0.227,0.041,,0.235,0.065,0.043,0.371,0.075,0.099,0.664,0.772,0.542,0.228,0.054,0.244,0.517,0.099,0.201,0.718,0.152,0.517,0.969,0.238,0.549,0.143,0.189,0.23,0.17,0.043,0.043,0.051,0.832,0.542,0.457,0.266,0.588,0.206,0.043,0.716,0.843,0.043,,0.77,,0.793,,0.056,0.399,0.039
1970,0.191,0.007,0.001,,0.311,0.044,0.967,0.919,0.044,0.14,0.972,0.435,0.493,0.283,0.056,0.359,0.517,0.044,0.068,0.093,0.849,0.517,0.749,0.104,0.906,0.928,0.672,0.005,0.483,0.173,0.045,0.071,0.422,0.085,0.048,0.874,0.071,0.482,0.133,,0.024,0.983,0.201,0.306,0.38,0.307,0.059,0.245,0.044,0.105,0.982,0.81,0.952,0.323,0.907,0.044,0.689,0.049,0.738,0.003,0.0,0.14,0.018,0.654,0.892,0.144,0.517,0.03,0.233,0.134,0.588,0.909,0.258,0.189,0.914,0.833,0.853,0.653,0.514,0.941,0.044,0.18,0.044,0.359,0.454,0.64,0.141,0.545,0.17,0.071,0.685,0.304,0.044,0.965,0.044,0.245,0.044,0.318,0.277,0.357,0.517,0.345,0.857,0.031,,0.055,0.011,0.413,0.797,0.077,0.579,0.055,0.269,0.238,0.055,0.966,0.964,0.113,0.955,0.288,,,0.227,0.972,,,,,,,,0.216,,,,,0.38504487,0.074,0.136,0.152,0.283,0.232,0.195,0.268,0.465,0.425,0.001,0.227,0.041,,0.247,0.065,0.044,0.357,0.074,0.098,0.684,0.82,0.617,0.213,0.048,0.028,0.517,0.098,0.201,0.726,0.133,0.517,0.973,0.238,0.579,0.115,0.173,0.23,0.225,0.044,0.044,0.051,0.847,0.542,0.396,0.291,0.588,0.206,0.044,0.54,0.875,0.044,,0.776,,0.763,,0.052,0.4,0.039
1971,0.191,0.007,0.001,0.238,0.311,0.047,0.967,0.935,0.047,0.14,0.972,0.423,0.493,0.336,0.065,0.389,0.517,0.047,0.031,0.094,0.849,0.517,0.756,0.104,0.912,0.928,0.672,0.005,0.486,0.172,0.049,0.071,0.422,0.085,0.048,0.874,0.071,0.482,0.133,,0.007,0.983,0.201,0.306,0.38,0.33,0.059,0.245,0.047,0.105,0.982,0.81,0.952,0.323,0.907,0.047,0.689,0.049,0.76,0.003,0.0,0.14,0.017,0.654,0.892,0.144,0.517,0.042,0.265,0.148,0.588,0.918,0.258,0.189,0.914,0.833,0.859,0.653,0.557,0.941,0.047,0.18,0.047,0.308,0.454,0.64,0.141,0.545,0.198,0.071,0.58,0.288,0.047,0.965,0.047,0.245,0.047,0.318,0.277,0.357,0.517,0.345,0.857,0.031,,0.055,0.013,0.413,0.787,0.09,0.579,0.06,0.269,0.232,0.055,0.966,0.964,0.113,0.955,0.304,,,0.227,0.972,,,,,,,,0.216,,,,,0.38243037,0.083,0.123,0.152,0.151,0.232,0.195,0.215,0.465,0.428,0.001,0.227,0.041,,0.252,0.052,0.047,0.36,0.074,0.098,0.687,0.82,0.617,0.222,0.048,0.029,0.517,0.098,0.201,0.726,0.133,0.517,0.974,0.238,0.579,0.094,0.173,0.274,0.225,0.047,0.047,0.051,0.847,0.542,0.357,0.27,0.588,0.129,0.047,0.482,0.894,0.047,,0.776,,0.801,,0.056,0.423,0.039
1972,0.169,0.007,0.001,0.238,0.302,0.045,0.967,0.935,0.045,0.134,0.974,0.429,0.493,0.518,0.065,0.389,0.517,0.045,0.031,0.094,0.849,0.512,0.756,0.086,0.912,0.928,0.672,0.005,0.486,0.194,0.049,0.071,0.422,0.092,0.048,0.874,0.072,0.482,0.133,,0.007,0.983,0.201,0.306,0.36,0.336,0.059,0.245,0.045,0.097,0.982,0.81,0.952,0.323,0.907,0.045,0.39,0.049,0.76,0.003,0.0,0.14,0.017,0.654,0.892,0.146,0.517,0.048,0.241,0.148,0.588,0.918,0.258,0.189,0.914,0.833,0.859,0.661,0.513,0.954,0.045,0.18,0.045,0.308,0.446,0.64,0.141,0.545,0.247,0.071,0.606,0.288,0.045,0.965,0.045,0.245,0.045,0.301,0.277,0.357,0.517,0.345,0.857,0.031,,0.055,0.01,0.413,0.812,0.09,0.579,0.06,0.269,0.318,0.055,0.966,0.964,0.113,0.96,0.31,,,0.227,0.972,,,,,,,,0.216,,,,,0.380981,0.083,0.123,0.152,0.231,0.266,0.195,0.091,0.465,0.428,0.001,0.227,0.041,,0.273,0.052,0.045,0.36,0.074,0.102,0.687,0.82,0.617,0.174,0.039,0.029,0.517,0.102,0.201,0.726,0.133,0.517,0.977,0.238,0.578,0.096,0.173,0.274,0.223,0.045,0.045,0.051,0.847,0.542,0.357,0.248,0.584,0.08,0.045,0.402,0.894,0.045,,0.776,,0.801,,0.055,0.423,0.039
1973,0.114,0.007,0.001,0.238,0.328,0.045,0.967,0.934,0.045,0.134,0.974,0.273,0.493,0.466,0.065,0.389,0.517,0.045,0.031,0.094,0.849,0.512,0.756,0.079,0.908,0.928,0.131,0.005,0.486,0.17,0.049,0.071,0.41,0.091,0.048,0.876,0.072,0.513,0.133,,0.007,0.987,0.201,0.306,0.303,0.336,0.051,0.239,0.045,0.102,0.982,0.81,0.952,0.323,0.907,0.045,0.377,0.049,0.76,0.007,0.0,0.14,0.013,0.654,0.892,0.146,0.517,0.048,0.241,0.152,0.588,0.918,0.258,0.189,0.914,0.833,0.861,0.714,0.513,0.954,0.045,0.18,0.045,0.308,0.42,0.64,0.141,0.545,0.247,0.071,0.623,0.288,0.045,0.965,0.045,0.245,0.045,0.344,0.277,0.357,0.517,0.345,0.857,0.031,,0.055,0.01,0.411,0.812,0.09,0.579,0.066,0.269,0.318,0.055,0.966,0.964,0.105,0.96,0.31,,,0.243,0.972,,,,,,,,0.216,,,,,0.37629747,0.08,0.123,0.32,0.228,0.266,0.195,0.091,0.465,0.42,0.001,0.253,0.041,,0.273,0.052,0.045,0.39,0.074,0.108,0.687,0.82,0.617,0.172,0.024,0.029,0.517,0.108,0.201,0.726,0.133,0.517,0.979,0.246,0.578,0.083,0.173,0.274,0.238,0.045,0.045,0.051,0.847,0.542,0.404,0.258,0.594,0.058,0.045,0.17,0.892,0.045,,0.776,,0.801,,0.055,0.423,0.039
1974,0.116,0.008,0.001,0.238,0.31,0.049,0.967,0.934,0.049,0.138,0.974,0.265,0.452,0.371,0.065,0.296,0.529,0.049,0.031,0.094,0.849,0.512,0.756,0.079,0.908,0.957,0.06,0.005,0.486,0.168,0.041,0.071,0.378,0.092,0.048,0.876,0.072,0.412,0.133,,0.007,0.987,0.201,0.306,0.336,0.308,0.032,0.239,0.049,0.05,0.982,0.81,0.952,0.323,0.907,0.049,0.377,0.049,0.76,0.154,0.0,0.188,0.01,0.642,0.892,0.146,0.529,0.048,0.241,0.175,0.588,0.921,0.258,0.189,0.914,0.833,0.861,0.711,0.513,0.954,0.049,0.171,0.049,0.308,0.42,0.64,0.141,0.545,0.247,0.071,0.618,0.288,0.049,0.965,0.049,0.245,0.049,0.34,0.299,0.357,0.529,0.333,0.857,0.031,,0.055,0.01,0.411,0.842,0.092,0.579,0.066,0.276,0.318,0.055,0.966,0.964,0.105,0.96,0.345,,,0.243,0.972,,,,,,,,0.216,,,,,0.3786962,0.091,0.123,0.32,0.244,0.266,0.175,0.091,0.465,0.431,0.001,0.831,0.041,,0.273,0.052,0.049,0.349,0.065,0.12,0.687,0.82,0.617,0.172,0.022,0.029,0.529,0.12,0.201,0.731,0.133,0.529,0.979,0.246,0.578,0.083,0.173,0.274,0.27,0.049,0.049,0.059,0.847,0.542,0.397,0.303,0.594,0.058,0.049,0.119,0.898,0.049,,0.774,,0.801,,0.055,0.423,0.039
1975,0.116,0.03,0.001,0.238,0.26,0.049,0.971,0.941,0.049,0.157,0.974,0.265,0.452,0.348,0.065,0.27,0.524,0.049,0.031,0.094,0.849,0.512,0.767,0.079,0.909,0.957,0.06,0.005,0.486,0.176,0.041,0.071,0.378,0.192,0.375,0.876,0.072,0.683,0.133,,0.007,0.987,0.201,0.306,0.336,0.308,0.022,0.272,0.049,0.019,0.982,0.81,0.952,0.323,0.907,0.049,0.377,0.051,0.76,0.154,0.0,0.844,0.012,0.642,0.892,0.146,0.524,0.048,0.241,0.171,0.407,0.921,0.237,0.189,0.914,0.833,0.861,0.72,0.513,0.954,0.049,0.165,0.049,0.0,0.42,0.618,0.04,0.49,0.247,0.071,0.641,0.288,0.049,0.965,0.049,0.245,0.049,0.255,0.287,0.36,0.524,0.356,0.857,0.031,,0.055,0.075,0.411,0.842,0.093,0.579,0.067,0.344,0.297,0.055,0.966,0.964,0.113,0.96,0.339,,,0.243,0.972,,,,,,,,0.212,,,,,0.38612026,0.113,0.123,0.32,0.227,0.266,0.197,0.091,0.634,0.428,0.001,0.904,0.041,,0.273,0.052,0.049,0.338,0.073,0.12,0.687,0.833,0.617,0.172,0.022,0.029,0.524,0.12,0.409,0.781,0.133,0.524,0.979,0.246,0.578,0.078,0.173,0.274,0.27,0.049,0.049,0.019,0.847,0.542,0.397,0.306,0.594,0.056,0.049,0.119,0.91,0.049,,0.753,,0.801,,0.055,0.423,0.038
1976,0.116,0.044,0.001,0.238,0.049,0.049,0.971,0.949,0.049,0.227,0.974,0.265,0.452,0.319,0.065,0.357,0.524,0.049,0.031,0.101,0.862,0.512,0.779,0.079,0.924,0.957,0.06,0.005,0.486,0.176,0.041,0.071,0.378,0.208,0.678,0.876,0.072,0.697,0.133,,0.007,0.987,0.201,0.306,0.336,0.308,0.019,0.331,0.049,0.019,0.982,0.81,0.952,0.323,0.907,0.049,0.377,0.051,0.76,0.154,0.0,0.902,0.01,0.642,0.9,0.149,0.524,0.048,0.263,0.171,0.407,0.921,0.237,0.189,0.914,0.849,0.881,0.72,0.513,0.954,0.049,0.178,0.049,0.0,0.42,0.6,0.027,0.412,0.247,0.071,0.641,0.288,0.049,0.965,0.049,0.284,0.049,0.295,0.287,0.36,0.524,0.356,0.857,0.031,,0.055,0.06,0.411,0.865,0.093,0.579,0.067,0.344,0.315,0.055,0.966,0.964,0.113,0.96,0.367,,,0.243,0.972,,,,,,,,,,,,,0.39178345,0.113,0.123,0.32,0.227,0.266,0.2,0.091,0.634,0.425,0.001,0.946,0.041,,0.273,0.052,0.049,0.338,0.073,0.12,0.708,0.82,0.617,0.172,0.022,0.027,0.524,0.12,0.457,0.781,0.133,0.524,0.979,0.256,0.673,0.078,0.168,0.274,0.211,0.049,0.049,0.006,0.847,0.548,0.397,0.362,0.594,0.056,0.049,0.119,0.917,0.049,,0.753,0.062,0.786,,0.055,0.423,0.038
1977,0.116,0.044,0.001,0.238,0.049,0.045,0.971,0.949,0.045,0.25,0.974,0.265,0.454,0.34,0.065,0.357,0.524,0.045,0.031,0.102,0.862,0.514,0.779,0.067,0.924,0.957,0.06,0.008,0.486,0.183,0.04,0.071,0.378,0.224,0.678,0.876,0.072,0.697,0.133,,0.021,0.987,0.201,0.306,0.38,0.308,0.017,0.57,0.045,0.019,0.982,0.81,0.952,0.323,0.907,0.045,0.377,0.051,0.76,0.154,0.0,0.918,0.004,0.649,0.9,0.149,0.524,0.048,0.263,0.171,0.535,0.921,0.237,0.189,0.914,0.849,0.892,0.72,0.513,0.954,0.045,0.178,0.045,0.0,0.42,0.58,0.032,0.412,0.247,0.071,0.626,0.288,0.045,0.965,0.045,0.284,0.045,0.295,0.287,0.378,0.524,0.328,0.857,0.031,,0.055,0.06,0.411,0.865,0.093,0.579,0.07,0.342,0.315,0.057,0.966,0.964,0.113,0.96,0.384,,,0.243,0.972,,,,,,,,,,,,,0.3943567,0.11,0.123,0.458,0.23,0.266,0.2,0.091,0.634,0.425,0.001,0.969,0.041,,0.273,0.052,0.045,0.338,0.073,0.108,0.708,0.82,0.617,0.172,0.018,0.027,0.524,0.108,0.478,0.781,0.133,0.524,0.979,0.256,0.431,0.078,0.168,0.274,0.222,0.045,0.045,0.006,0.847,0.548,0.378,0.362,0.594,0.056,0.045,0.119,0.916,0.045,,0.753,0.062,0.786,,0.055,0.423,0.038
1978,0.049,0.044,0.001,0.238,0.056,0.045,0.971,0.949,0.045,0.25,0.974,0.265,0.467,0.374,0.065,0.357,0.524,0.045,0.038,0.121,0.862,0.514,0.779,0.072,0.924,0.957,0.06,0.03,0.486,0.183,0.043,0.052,0.293,0.228,0.678,0.876,0.072,0.697,0.133,,0.227,0.987,0.217,0.306,0.379,0.303,0.018,0.846,0.045,0.02,0.982,0.81,0.952,0.323,0.907,0.045,0.377,0.051,0.76,0.154,0.0,0.918,0.004,0.649,0.905,0.155,0.524,0.048,0.263,0.192,0.597,0.921,0.239,0.189,0.92,0.856,0.892,0.72,0.513,0.954,0.045,0.186,0.045,0.0,0.42,0.58,0.032,0.412,0.247,0.071,0.602,0.288,0.045,0.965,0.045,0.284,0.045,0.295,0.257,0.378,0.524,0.325,0.857,0.031,,0.055,0.06,0.387,0.865,0.093,0.575,0.079,0.321,0.32,0.057,0.966,0.964,0.112,0.96,0.384,,,0.243,0.975,,,,,,,,,,,,,0.3966242,0.066,0.123,0.45,0.162,0.266,0.222,0.091,0.634,0.425,0.001,0.969,0.041,,0.273,0.052,0.045,0.37,0.073,0.108,0.708,0.82,0.617,0.166,0.014,0.027,0.524,0.108,0.478,0.781,0.133,0.524,0.979,0.256,0.494,0.074,0.168,0.274,0.222,0.045,0.045,0.006,0.838,0.548,0.36,0.294,0.594,0.056,0.045,0.119,0.92,0.045,,0.753,0.062,0.786,,0.055,0.423,0.038
1979,0.032,0.044,0.001,0.246,0.056,0.045,0.971,0.949,0.045,0.25,0.974,0.265,0.455,0.419,0.065,0.357,0.524,0.045,0.109,0.213,0.862,0.512,0.779,0.12,0.924,0.957,0.06,0.105,0.486,0.17,0.04,0.057,0.293,0.228,0.678,0.876,0.074,0.697,0.133,,0.256,0.987,0.674,0.338,0.51,0.303,0.018,0.925,0.045,0.02,0.982,0.81,0.952,0.323,0.907,0.045,0.506,0.051,0.76,0.154,0.002,0.918,0.004,0.649,0.905,0.145,0.524,0.048,0.263,0.173,0.597,0.921,0.251,0.168,0.92,0.856,0.892,0.72,0.513,0.954,0.045,0.174,0.045,0.002,0.42,0.58,0.032,0.412,0.218,0.065,0.626,0.288,0.045,0.965,0.045,0.284,0.045,0.295,0.266,0.378,0.524,0.351,0.857,0.031,,0.055,0.06,0.24,0.865,0.093,0.575,0.079,0.321,0.438,0.051,0.966,0.964,0.11,0.96,0.384,,,0.243,0.975,,,,,,,,,,,,,0.40491083,0.078,0.123,0.45,0.118,0.266,0.222,0.091,0.634,0.425,0.001,0.969,0.041,,0.273,0.052,0.045,0.377,0.073,0.118,0.708,0.82,0.793,0.159,0.014,0.029,0.524,0.118,0.478,0.781,0.133,0.524,0.979,0.256,0.508,0.063,0.16,0.274,0.222,0.045,0.045,0.006,0.85,0.548,0.377,0.288,0.594,0.056,0.045,0.119,0.922,0.045,,0.774,0.069,0.786,,0.055,0.423,0.038
1980,0.036,0.044,0.001,0.246,0.058,0.046,0.97,0.941,0.046,0.246,0.974,0.265,0.438,0.419,0.067,0.315,0.541,0.046,0.065,0.213,0.871,0.541,0.779,0.244,0.921,0.958,0.074,0.141,0.486,0.235,0.039,0.057,0.293,0.198,0.703,0.894,0.066,0.723,0.133,,0.266,0.987,0.674,0.336,0.582,0.292,0.01,0.925,0.046,0.023,0.982,0.81,0.952,0.315,0.932,0.046,0.645,0.057,0.76,0.146,0.099,0.918,0.004,0.542,0.936,0.202,0.541,0.048,0.273,0.165,0.574,0.921,0.086,0.09,0.928,0.856,0.917,0.699,0.593,0.954,0.046,0.185,0.046,0.033,0.472,0.595,0.032,0.412,0.165,0.065,0.521,0.291,0.046,0.965,0.046,0.352,0.046,0.295,0.266,0.378,0.541,0.364,0.857,0.036,,0.055,0.071,0.24,0.863,0.093,0.575,0.125,0.343,0.449,0.37,0.966,0.974,0.135,0.971,0.4,,,0.235,0.983,,,,,,,,,,,,,0.41326752,0.078,0.123,0.564,0.088,0.23,0.297,0.091,0.634,0.432,0.001,0.969,0.053,,0.271,0.052,0.046,0.377,0.072,0.112,0.719,0.849,0.762,0.159,0.014,0.029,0.541,0.112,0.48,0.518,0.133,0.541,0.983,0.256,0.552,0.063,0.098,0.274,0.444,0.046,0.046,0.006,0.85,0.548,0.164,0.336,0.594,0.186,0.046,0.141,0.924,0.046,,0.774,0.071,0.808,,0.055,0.423,0.409
1981,0.042,0.044,0.001,0.246,0.058,0.048,0.97,0.949,0.048,0.246,0.974,0.265,0.34,0.419,0.067,0.315,0.596,0.048,0.07,0.213,0.871,0.541,0.822,0.309,0.921,0.959,0.081,0.16,0.486,0.235,0.039,0.057,0.293,0.198,0.703,0.887,0.066,0.723,0.133,,0.266,0.987,0.674,0.344,0.591,0.307,0.014,0.925,0.048,0.026,0.982,0.81,0.952,0.315,0.932,0.048,0.498,0.057,0.713,0.126,0.115,0.918,0.004,0.581,0.936,0.274,0.596,0.041,0.273,0.18,0.544,0.938,0.067,0.09,0.928,0.856,0.92,0.722,0.593,0.954,0.048,0.185,0.048,0.033,0.476,0.612,0.032,0.412,0.138,0.065,0.521,0.291,0.048,0.965,0.048,0.352,0.048,0.295,0.266,0.39,0.596,0.364,0.857,0.036,,0.055,0.071,0.273,0.863,0.093,0.568,0.125,0.343,0.485,0.37,0.966,0.977,0.135,0.971,0.4,,,0.235,0.983,,,,,,,,,,,,,0.4155669,0.078,0.123,0.564,0.088,0.23,0.546,0.091,0.634,0.351,0.001,0.969,0.053,,0.271,0.052,0.048,0.377,0.083,0.118,0.719,0.849,0.744,0.159,0.014,0.029,0.596,0.118,0.48,0.498,0.133,0.596,0.983,0.256,0.552,0.063,0.087,0.262,0.428,0.048,0.048,0.006,0.85,0.548,0.169,0.386,0.594,0.186,0.048,0.141,0.933,0.048,,0.774,0.071,0.808,,0.055,0.423,0.467
1982,0.042,0.044,0.001,0.246,0.058,0.049,0.97,0.949,0.049,0.246,0.974,0.264,0.332,0.419,0.067,0.315,0.598,0.049,0.269,0.213,0.871,0.541,0.822,0.291,0.924,0.959,0.086,0.16,0.486,0.333,0.039,0.057,0.303,0.198,0.703,0.887,0.066,0.723,0.133,,0.266,0.987,0.674,0.344,0.608,0.302,0.014,0.925,0.049,0.026,0.982,0.81,0.959,0.315,0.932,0.049,0.223,0.057,0.713,0.126,0.115,0.935,0.002,0.581,0.936,0.265,0.598,0.043,0.273,0.18,0.544,0.938,0.065,0.09,0.928,0.856,0.923,0.722,0.593,0.954,0.049,0.15,0.049,0.033,0.537,0.612,0.032,0.412,0.138,0.065,0.521,0.294,0.049,0.965,0.049,0.352,0.049,0.295,0.266,0.39,0.598,0.364,0.857,0.036,,0.055,0.071,0.24,0.863,0.093,0.547,0.125,0.343,0.485,0.267,0.966,0.977,0.14,0.971,0.396,,,0.235,0.983,,,,,,,,,,,,,0.41426113,0.078,0.123,0.564,0.088,0.189,0.499,0.091,0.634,0.251,0.001,0.969,0.053,,0.271,0.052,0.049,0.377,0.083,0.115,0.73,0.849,0.744,0.159,0.016,0.029,0.598,0.115,0.48,0.513,0.133,0.598,0.987,0.256,0.572,0.073,0.069,0.262,0.428,0.049,0.049,0.006,0.85,0.548,0.169,0.443,0.594,0.154,0.049,0.141,0.933,0.049,,0.774,0.071,0.808,,0.055,0.423,0.467
1983,0.042,0.044,0.001,0.246,0.345,0.039,0.97,0.949,0.039,0.269,0.974,0.264,0.412,0.374,0.067,0.315,0.598,0.039,0.325,0.213,0.871,0.541,0.822,0.307,0.94,0.959,0.102,0.16,0.486,0.391,0.039,0.057,0.359,0.198,0.703,0.887,0.066,0.723,0.133,,0.266,0.987,0.67,0.344,0.604,0.285,0.014,0.939,0.039,0.026,0.982,0.81,0.959,0.315,0.932,0.039,0.249,0.063,0.735,0.126,0.115,0.935,0.002,0.581,0.936,0.256,0.598,0.045,0.273,0.18,0.544,0.946,0.067,0.09,0.928,0.856,0.923,0.722,0.593,0.954,0.039,0.161,0.039,0.033,0.536,0.612,0.032,0.412,0.138,0.065,0.459,0.315,0.039,0.965,0.039,0.352,0.039,0.304,0.266,0.397,0.598,0.364,0.857,0.036,,0.055,0.071,0.24,0.863,0.093,0.551,0.125,0.343,0.488,0.267,0.966,0.977,0.14,0.971,0.396,,,0.235,0.983,,,,,,,,,,,,,0.41901273,0.078,0.123,0.564,0.088,0.189,0.499,0.091,0.634,0.272,0.001,0.969,0.053,,0.271,0.052,0.039,0.377,0.073,0.107,0.738,0.849,0.744,0.159,0.016,0.029,0.598,0.107,0.48,0.513,0.133,0.598,0.987,0.256,0.576,0.084,0.081,0.262,0.483,0.039,0.039,0.006,0.85,0.548,0.227,0.462,0.594,0.139,0.039,0.141,0.933,0.039,,0.774,0.071,0.808,,0.055,0.423,0.467
1984,0.042,0.044,0.001,0.246,0.915,0.039,0.97,0.949,0.039,0.269,0.974,0.264,0.406,0.374,0.067,0.315,0.605,0.039,0.318,0.213,0.871,0.538,0.822,0.307,0.94,0.959,0.11,0.16,0.486,0.438,0.039,0.057,0.407,0.198,0.707,0.887,0.066,0.718,0.133,,0.266,0.987,0.63,0.344,0.479,0.31,0.014,0.939,0.039,0.026,0.982,0.81,0.959,0.315,0.932,0.039,0.266,0.083,0.749,0.126,0.115,0.935,0.003,0.593,0.948,0.256,0.605,0.045,0.273,0.18,0.551,0.946,0.104,0.09,0.928,0.856,0.923,0.722,0.593,0.954,0.039,0.154,0.039,0.033,0.536,0.612,0.032,0.412,0.144,0.065,0.438,0.315,0.039,0.965,0.039,0.352,0.039,0.304,0.266,0.397,0.605,0.364,0.857,0.036,,0.055,0.063,0.24,0.863,0.093,0.532,0.125,0.343,0.315,0.346,0.966,0.977,0.14,0.972,0.396,,,0.235,0.983,,,,,,,,,,,,,0.42459235,0.078,0.123,0.606,0.088,0.211,0.499,0.091,0.634,0.393,0.001,0.969,0.053,,0.271,0.052,0.039,0.377,0.073,0.12,0.738,0.849,0.744,0.159,0.016,0.029,0.605,0.12,0.48,0.513,0.133,0.605,0.987,0.238,0.601,0.08,0.081,0.262,0.461,0.039,0.039,0.006,0.85,0.548,0.317,0.512,0.594,0.139,0.039,0.197,0.933,0.039,,0.767,0.071,0.808,,0.055,0.43,0.467
1985,0.042,0.044,0.001,0.277,0.915,0.052,0.97,0.949,0.052,0.269,0.974,0.264,0.424,0.374,0.067,0.315,0.605,0.052,0.646,0.345,0.871,0.515,0.822,0.307,0.94,0.959,0.11,0.16,0.486,0.447,0.039,0.057,0.407,0.198,0.707,0.887,0.066,0.718,0.138,,0.266,0.987,0.63,0.356,0.477,0.31,0.014,0.939,0.052,0.026,0.982,0.81,0.959,0.315,0.932,0.052,0.269,0.172,0.76,0.126,0.115,0.933,0.008,0.593,0.948,0.254,0.605,0.045,0.27,0.16,0.591,0.946,0.104,0.09,0.928,0.856,0.923,0.722,0.593,0.954,0.052,0.154,0.052,0.033,0.547,0.612,0.032,0.412,0.144,0.065,0.438,0.315,0.052,0.965,0.052,0.352,0.052,0.304,0.266,0.397,0.605,0.364,0.857,0.036,,0.055,0.063,0.253,0.864,0.093,0.504,0.14,0.343,0.307,0.276,0.966,0.977,0.14,0.972,0.396,,,0.235,0.983,,,,,,,,,,,,,0.4334204,0.078,0.123,0.606,0.125,0.211,0.473,0.091,0.634,0.449,0.001,0.969,0.053,,0.271,0.052,0.052,0.377,0.073,0.166,0.738,0.849,0.744,0.159,0.019,0.029,0.605,0.166,0.48,0.513,0.138,0.605,0.987,0.238,0.648,0.085,0.081,0.262,0.478,0.052,0.052,0.006,0.85,0.548,0.317,0.512,0.602,0.139,0.052,0.815,0.933,0.052,,0.767,0.07,0.808,,0.053,0.43,0.467
1986,0.042,0.044,0.001,0.277,0.915,0.093,0.97,0.95,0.093,0.272,0.974,0.264,0.415,0.374,0.067,0.315,0.605,0.093,0.646,0.543,0.871,0.515,0.822,0.277,0.94,0.959,0.11,0.16,0.486,0.447,0.039,0.057,0.373,0.208,0.707,0.903,0.064,0.731,0.138,,0.266,0.987,0.65,0.356,0.506,0.319,0.014,0.943,0.093,0.026,0.982,0.81,0.959,0.315,0.932,0.093,0.251,0.166,0.76,0.146,0.115,0.933,0.05,0.676,0.948,0.28,0.605,0.065,0.292,0.16,0.575,0.946,0.104,0.09,0.928,0.856,0.923,0.722,0.593,0.954,0.093,0.142,0.093,0.042,0.564,0.61,0.048,0.412,0.132,0.065,0.419,0.341,0.093,0.965,0.093,0.352,0.093,0.324,0.233,0.397,0.605,0.364,0.886,0.036,,0.055,0.063,0.253,0.864,0.093,0.504,0.14,0.343,0.326,0.276,0.966,0.977,0.14,0.972,0.407,,,0.225,0.983,,,,,,,,,,,,,0.4397898,0.078,0.117,0.606,0.125,0.163,0.406,0.286,0.634,0.527,0.001,0.969,0.053,,0.271,0.052,0.093,0.377,0.076,0.183,0.738,0.849,0.744,0.159,0.019,0.029,0.605,0.183,0.48,0.513,0.138,0.605,0.987,0.238,0.614,0.085,0.081,0.284,0.478,0.093,0.093,0.006,0.85,0.548,0.314,0.512,0.621,0.302,0.093,0.939,0.935,0.093,,0.767,0.1,0.808,,0.057,0.43,0.467
1987,0.042,0.044,0.002,0.277,0.915,0.093,0.97,0.95,0.093,0.278,0.974,0.264,0.419,0.374,0.067,0.315,0.605,0.093,0.646,0.556,0.871,0.515,0.822,0.277,0.94,0.959,0.146,0.16,0.486,0.447,0.039,0.057,0.344,0.208,0.723,0.903,0.064,0.731,0.138,,0.266,0.987,0.616,0.356,0.506,0.293,0.014,0.963,0.093,0.026,0.982,0.587,0.959,0.315,0.932,0.093,0.304,0.145,0.76,0.146,0.117,0.933,0.094,0.676,0.948,0.28,0.605,0.231,0.301,0.16,0.575,0.946,0.104,0.09,0.928,0.856,0.923,0.722,0.593,0.954,0.093,0.142,0.093,0.04,0.749,0.61,0.048,0.412,0.132,0.065,0.355,0.429,0.093,0.965,0.093,0.352,0.093,0.325,0.233,0.397,0.605,0.364,0.886,0.033,,0.055,0.087,0.253,0.864,0.093,0.492,0.14,0.343,0.326,0.276,0.966,0.977,0.14,0.972,0.407,,,0.225,0.983,,,,,,,,,,,,,0.44461784,0.078,0.131,0.606,0.125,0.163,0.418,0.55,0.634,0.527,0.001,0.969,0.065,,0.271,0.052,0.093,0.377,0.076,0.183,0.738,0.849,0.744,0.159,0.024,0.029,0.605,0.183,0.48,0.513,0.138,0.605,0.987,0.238,0.614,0.085,0.081,0.284,0.472,0.093,0.093,0.006,0.85,0.548,0.321,0.533,0.65,0.447,0.093,0.939,0.935,0.093,,0.767,0.112,0.808,,0.057,0.43,0.467
1988,0.044,0.044,0.002,0.277,0.915,0.101,0.97,0.95,0.101,0.295,0.974,0.264,0.409,0.374,0.067,0.315,0.632,0.101,0.646,0.7,0.871,0.515,0.822,0.277,0.94,0.959,0.17,0.16,0.486,0.447,0.045,0.057,0.302,0.208,0.772,0.903,0.064,0.731,0.138,,0.266,0.987,0.578,0.382,0.569,0.293,0.014,0.963,0.101,0.025,0.982,0.642,0.959,0.315,0.932,0.101,0.308,0.145,0.76,0.146,0.117,0.933,0.094,0.691,0.948,0.311,0.632,0.215,0.356,0.16,0.575,0.946,0.104,0.09,0.928,0.856,0.923,0.746,0.593,0.954,0.101,0.113,0.101,0.04,0.872,0.579,0.048,0.412,0.132,0.065,0.321,0.429,0.101,0.965,0.101,0.352,0.101,0.325,0.233,0.397,0.632,0.364,0.919,0.032,,0.055,0.087,0.253,0.864,0.093,0.492,0.14,0.431,0.326,0.337,0.966,0.977,0.14,0.972,0.424,,,0.225,0.983,,,,,,,,,,,,,0.44838855,0.078,0.131,0.598,0.12,0.163,0.418,0.55,0.634,0.527,0.001,0.969,0.065,,0.271,0.052,0.101,0.377,0.076,0.165,0.738,0.849,0.744,0.159,0.024,0.029,0.632,0.165,0.48,0.547,0.138,0.632,0.987,0.238,0.614,0.085,0.081,0.284,0.486,0.101,0.101,0.006,0.85,0.339,0.314,0.625,0.644,0.447,0.101,0.939,0.935,0.101,,0.745,0.102,0.808,,0.058,0.43,0.533
1989,0.044,0.044,0.002,0.297,0.88,0.102,0.97,0.95,0.102,0.295,0.974,0.264,0.382,0.374,0.061,0.315,0.632,0.102,0.646,0.759,0.871,0.537,0.822,0.277,0.94,0.959,0.324,0.144,0.486,0.447,0.04,0.057,0.302,0.234,0.772,0.926,0.064,0.731,0.214,,0.266,0.987,0.598,0.367,0.65,0.293,0.014,0.963,0.102,0.025,0.982,0.642,0.959,0.315,0.932,0.102,0.308,0.145,0.76,0.146,0.117,0.933,0.094,0.691,0.948,0.315,0.632,0.219,0.528,0.16,0.592,0.946,0.127,0.09,0.928,0.856,0.923,0.746,0.593,0.954,0.102,0.113,0.102,0.04,0.912,0.579,0.05,0.412,0.132,0.065,0.301,0.429,0.102,0.965,0.102,0.352,0.102,0.325,0.233,0.397,0.632,0.364,0.919,0.038,,0.055,0.087,0.24,0.864,0.093,0.492,0.175,0.421,0.326,0.337,0.966,0.977,0.143,0.972,0.424,,,0.225,0.983,,,,,,,,,,,,,0.45758227,0.078,0.131,0.525,0.211,0.163,0.418,0.55,0.634,0.747,0.001,0.969,0.073,,0.281,0.052,0.102,0.377,0.076,0.042,0.738,0.849,0.744,0.159,0.023,0.029,0.632,0.042,0.48,0.648,0.214,0.83,0.987,0.238,0.614,0.085,0.081,0.284,0.486,0.102,0.102,0.019,0.85,0.339,0.314,0.768,0.644,0.447,0.102,0.939,0.935,0.102,,0.745,0.121,0.808,,0.053,0.43,0.56
1990,0.026,0.084,0.015,0.312,0.84,0.649,0.97,0.95,0.185,0.319,0.974,0.764,0.452,0.401,0.786,0.315,0.56,0.556,0.646,0.77,0.879,0.555,0.822,0.277,0.94,0.964,0.854,0.14,0.54,0.482,0.057,0.093,0.291,0.315,0.814,0.942,0.064,0.754,0.942,,0.304,0.987,0.598,0.321,0.65,0.315,0.033,0.963,0.808,0.036,0.982,0.681,0.959,0.674,0.938,0.244,0.37,0.167,0.771,0.14,0.115,0.933,0.107,0.719,0.955,0.419,0.56,0.244,0.939,0.166,0.582,0.946,0.164,0.094,0.957,0.856,0.923,0.764,0.604,0.954,0.533,0.179,0.483,0.048,0.922,0.415,0.05,0.443,0.131,0.065,0.318,0.438,0.877,0.965,0.675,0.37,0.488,0.335,0.232,0.425,0.56,0.468,0.919,0.041,,0.273,0.338,0.223,0.86,0.093,0.476,0.701,0.615,0.332,0.528,0.966,0.981,0.332,0.966,0.424,,,0.889,0.989,,,,,,,,,,,,,0.51281977,0.113,0.13,0.548,0.238,0.699,0.414,0.55,0.634,0.922,0.001,0.969,0.54,,0.336,0.662,0.137,0.363,0.076,0.016,0.738,0.879,0.728,0.134,0.038,0.014,0.56,0.016,0.618,0.771,0.942,0.889,0.987,0.221,0.628,0.079,0.085,0.306,0.493,0.443,0.117,0.019,0.856,0.355,0.421,0.816,0.649,0.484,0.615,0.939,0.941,0.165,,0.763,0.159,0.784,,0.122,0.487,0.56
1991,0.016,0.092,0.508,0.312,0.871,0.661,0.97,0.95,0.281,0.29,0.972,0.776,0.511,0.498,0.813,0.315,0.545,0.58,0.667,0.782,0.879,0.555,0.822,0.304,0.94,0.968,0.906,0.14,0.561,0.518,0.057,0.345,0.476,0.355,0.864,0.956,0.064,0.754,0.942,0.989,0.266,0.987,0.598,0.281,0.65,0.315,0.124,0.963,0.862,0.234,0.982,0.67,0.959,0.731,0.938,0.305,0.382,0.255,0.771,0.14,0.115,0.933,0.089,0.719,0.955,0.422,0.458,0.286,0.943,0.166,0.62,0.946,0.164,0.068,0.957,0.856,0.924,0.764,0.604,0.954,0.525,0.211,0.507,0.055,0.922,0.45,0.057,0.443,0.265,0.065,0.324,0.438,0.863,0.965,0.804,0.414,0.536,0.338,0.232,0.44,0.617,0.534,0.919,0.041,,0.367,0.391,0.261,0.86,0.097,0.476,0.806,0.647,0.335,0.606,0.966,0.981,0.503,0.966,0.432,,,,,,,,,,,,,,,0.492,,0.5347399,,,0.548,0.238,0.751,0.414,0.569,0.634,0.922,0.001,0.969,0.54,,0.336,0.682,0.205,0.361,0.075,0.015,0.738,0.879,0.728,0.04,0.043,0.013,0.545,0.015,0.791,0.8,0.942,0.916,0.987,0.221,0.628,0.079,0.188,0.385,0.468,0.284,0.117,0.019,0.856,0.355,0.438,0.813,0.691,0.504,0.644,0.939,0.941,0.165,,0.763,0.181,0.784,0.166,0.127,0.623,0.56
1992,0.009,0.143,0.591,0.312,0.873,0.633,0.97,0.95,0.497,0.291,0.978,0.838,0.535,0.498,0.828,0.315,0.133,0.76,0.667,0.782,0.879,0.561,0.822,0.337,0.94,0.968,0.906,0.152,0.547,0.518,0.057,0.354,0.49,0.378,0.873,0.956,0.074,0.754,0.942,0.989,0.369,0.987,0.598,0.281,0.65,0.315,0.129,0.963,0.879,0.33,0.982,0.67,0.963,0.731,0.938,0.327,0.417,0.231,0.771,0.14,0.114,0.943,0.089,0.719,0.955,0.427,0.475,0.1,0.943,0.138,0.62,0.946,0.164,0.068,0.957,0.856,0.924,0.764,0.604,0.954,0.533,0.226,0.51,0.123,0.922,0.621,0.057,0.443,0.284,0.068,0.386,0.486,0.881,0.965,0.825,0.417,0.564,0.492,0.232,0.454,0.617,0.664,0.919,0.041,,0.79,0.428,0.39,0.86,0.094,0.476,0.806,0.657,0.335,0.624,0.966,0.981,0.499,0.966,0.448,,,,,,,,,,,,,,,0.492,,0.54752874,,,0.502,0.238,0.751,0.413,0.6,0.634,0.921,0.001,0.969,0.665,,0.336,0.736,0.518,0.376,0.075,0.015,0.738,0.879,0.728,0.029,0.239,0.022,0.543,0.015,0.791,0.793,0.942,0.937,0.987,0.221,0.621,0.079,0.188,0.385,0.424,0.08,0.037,0.019,0.856,0.355,0.438,0.844,0.697,0.517,0.621,0.939,0.941,0.159,,0.763,0.194,0.784,0.166,0.121,0.692,0.56
1993,0.005,0.122,0.638,0.312,0.873,0.593,0.97,0.95,0.476,0.257,0.978,0.838,0.556,0.498,0.828,0.315,0.133,0.758,0.667,0.782,0.879,0.58,0.822,0.256,0.94,0.968,0.906,0.163,0.539,0.576,0.057,0.386,0.497,0.378,0.873,0.956,0.074,0.754,0.942,0.989,0.387,0.987,0.578,0.3,0.652,0.315,0.129,0.963,0.89,0.345,0.982,0.737,0.963,0.731,0.938,0.318,0.672,0.25,0.771,0.266,0.111,0.947,0.094,0.722,0.955,0.422,0.504,0.1,0.943,0.138,0.618,0.946,0.166,0.068,0.957,0.868,0.926,0.764,0.604,0.954,0.557,0.235,0.51,0.176,0.941,0.604,0.047,0.443,0.284,0.068,0.386,0.674,0.889,0.965,0.859,0.448,0.552,0.488,0.232,0.454,0.622,0.664,0.919,0.041,,0.852,0.491,0.43,0.882,0.159,0.476,0.806,0.657,0.335,0.679,0.966,0.981,0.522,0.966,0.437,,,,,,,,,,,,,,,0.488,,0.55852,,,0.502,0.241,0.751,0.22,0.6,0.634,0.945,0.001,0.969,0.671,,0.336,0.751,0.512,0.364,0.075,0.017,0.738,0.879,0.728,0.032,0.436,0.026,0.543,0.017,0.814,0.793,0.892,0.937,0.987,0.221,0.729,0.084,0.188,0.385,0.554,0.08,0.037,0.019,0.856,0.355,0.459,0.844,0.697,0.539,0.629,0.939,0.945,0.136,,0.763,0.217,0.784,0.176,0.131,0.692,0.56
1994,0.006,0.122,0.638,0.387,0.873,0.594,0.97,0.95,0.265,0.25,0.978,0.838,0.556,0.498,0.828,0.315,0.133,0.754,0.678,0.786,0.879,0.58,0.822,0.303,0.94,0.968,0.906,0.162,0.543,0.575,0.057,0.386,0.497,0.378,0.873,0.956,0.074,0.773,0.942,0.989,0.371,0.987,0.56,0.3,0.652,0.262,0.117,0.963,0.893,0.355,0.982,0.737,0.963,0.731,0.952,0.376,0.803,0.238,0.478,0.288,0.111,0.947,0.103,0.722,0.955,0.483,0.497,0.129,0.943,0.138,0.618,0.946,0.184,0.068,0.959,0.868,0.926,0.764,0.604,0.954,0.549,0.235,0.538,0.301,0.941,0.604,0.048,0.443,0.267,0.068,0.464,0.673,0.889,0.965,0.884,0.452,0.6,0.491,0.25,0.484,0.643,0.664,0.919,0.041,,0.852,0.573,0.43,0.882,0.267,0.476,0.806,0.657,0.317,0.679,0.966,0.981,0.522,0.966,0.437,,,,,,,,,,,,,,,0.488,,0.5654343,,,0.502,0.241,0.803,0.22,0.6,0.634,0.945,0.001,0.969,0.671,,0.341,0.751,0.552,0.214,0.075,0.017,0.738,0.879,0.728,0.032,0.456,0.026,0.567,0.017,0.814,0.793,0.857,0.937,0.987,0.221,0.729,0.08,0.188,0.388,0.552,0.08,0.037,0.019,0.856,0.355,0.459,0.853,0.697,0.544,0.65,0.931,0.946,0.15,,0.78,0.218,0.796,0.155,0.542,0.692,0.56
1995,0.006,0.122,0.657,0.404,0.873,0.641,0.97,0.945,0.265,0.25,0.978,0.838,0.556,0.498,0.828,0.315,0.158,0.688,0.678,0.795,0.879,0.58,0.836,0.292,0.94,0.968,0.906,0.174,0.543,0.576,0.056,0.387,0.497,0.378,0.873,0.956,0.074,0.757,0.942,0.989,0.371,0.987,0.595,0.3,0.652,0.28,0.128,0.963,0.906,0.373,0.982,0.741,0.963,0.731,0.952,0.415,0.803,0.243,0.329,0.345,0.115,0.953,0.102,0.722,0.955,0.499,0.509,0.526,0.943,0.142,0.618,0.946,0.191,0.068,0.965,0.868,0.926,0.764,0.604,0.954,0.537,0.235,0.531,0.295,0.941,0.604,0.047,0.443,0.257,0.068,0.48,0.701,0.889,0.965,0.884,0.452,0.65,0.514,0.25,0.488,0.653,0.664,0.919,0.041,,0.852,0.605,0.43,0.882,0.54,0.476,0.813,0.657,0.312,0.693,0.966,0.981,0.489,0.966,0.432,,,,,,,,,,,,,,,0.509,,0.5742857,,,0.502,0.241,0.803,0.245,0.6,0.634,0.945,0.001,0.969,0.671,,0.358,0.751,0.552,0.29,0.075,0.017,0.738,0.879,0.728,0.032,0.454,0.026,0.567,0.017,0.814,0.793,0.857,0.937,0.987,0.221,0.722,0.09,0.188,0.388,0.552,0.116,0.037,0.023,0.856,0.355,0.459,0.851,0.697,0.647,0.656,0.931,0.946,0.156,,0.78,0.218,0.809,0.175,0.817,0.692,0.56
1996,0.004,0.122,0.657,0.41,0.873,0.637,0.97,0.953,0.316,0.25,0.978,0.838,0.556,0.518,0.828,0.315,0.498,0.504,0.678,0.795,0.879,0.58,0.836,0.292,0.94,0.968,0.913,0.171,0.564,0.572,0.056,0.387,0.497,0.378,0.873,0.956,0.072,0.757,0.942,0.989,0.371,0.987,0.635,0.3,0.643,0.28,0.117,0.968,0.93,0.373,0.982,0.739,0.963,0.731,0.952,0.44,0.809,0.233,0.329,0.345,0.115,0.953,0.149,0.722,0.955,0.503,0.651,0.526,0.943,0.131,0.629,0.946,0.205,0.068,0.965,0.868,0.926,0.764,0.604,0.954,0.526,0.235,0.529,0.295,0.941,0.604,0.056,0.443,0.238,0.068,0.48,0.701,0.894,0.965,0.884,0.452,0.65,0.506,0.25,0.488,0.653,0.664,0.919,0.041,,0.852,0.605,0.424,0.882,0.601,0.476,0.813,0.638,0.305,0.692,0.966,0.981,0.435,0.966,0.442,,,,,,,,,,,,,,,0.509,,0.5774457,,,0.444,0.241,0.803,0.245,0.6,0.634,0.945,0.001,0.969,0.671,,0.373,0.774,0.566,0.312,0.075,0.017,0.738,0.879,0.728,0.067,0.472,0.026,0.587,0.017,0.835,0.793,0.846,0.937,0.987,0.221,0.722,0.09,0.188,0.388,0.552,0.142,0.037,0.023,0.854,0.355,0.462,0.854,0.687,0.609,0.634,0.948,0.946,0.146,,0.78,0.203,0.809,0.175,0.821,0.692,0.557
1997,0.003,0.122,0.616,0.41,0.873,0.642,0.97,0.953,0.316,0.25,0.978,0.826,0.558,0.472,0.828,0.315,0.505,0.555,0.691,0.795,0.879,0.58,0.836,0.292,0.945,0.968,0.913,0.168,0.567,0.554,0.051,0.169,0.518,0.378,0.873,0.96,0.081,0.757,0.942,0.989,0.371,0.987,0.717,0.3,0.648,0.28,0.117,0.968,0.937,0.373,0.982,0.814,0.963,0.731,0.952,0.437,0.824,0.205,0.35,0.315,0.108,0.953,0.248,0.722,0.956,0.515,0.695,0.536,0.945,0.131,0.617,0.946,0.252,0.068,0.965,0.868,0.926,0.764,0.604,0.954,0.526,0.241,0.529,0.279,0.941,0.604,0.056,0.443,0.099,0.068,0.48,0.701,0.902,0.965,0.884,0.452,0.65,0.496,0.25,0.48,0.653,0.64,0.919,0.041,,0.852,0.577,0.424,0.882,0.588,0.476,0.813,0.637,0.305,0.692,0.966,0.981,0.462,0.966,0.466,,,,,,,,,,,,,,,0.539,,0.57724,,,0.444,0.221,0.803,0.213,0.6,0.634,0.945,0.001,0.969,0.671,,0.364,0.774,0.561,0.323,0.075,0.015,0.753,0.879,0.728,0.053,0.472,0.026,0.587,0.015,0.835,0.793,0.857,0.943,0.987,0.221,0.722,0.09,0.188,0.388,0.598,0.122,0.021,0.023,0.854,0.355,0.467,0.854,0.687,0.622,0.635,0.948,0.946,0.142,,0.78,0.203,0.809,0.175,0.821,0.692,0.563
1998,0.003,0.122,0.633,0.41,0.873,0.611,0.97,0.953,0.291,0.25,0.978,0.826,0.557,0.472,0.845,0.315,0.54,0.566,0.691,0.795,0.879,0.611,0.834,0.292,0.945,0.968,0.913,0.169,0.59,0.567,0.075,0.189,0.518,0.378,0.873,0.96,0.081,0.757,0.942,0.989,0.371,0.987,0.729,0.3,0.724,0.277,0.084,0.968,0.935,0.373,0.982,0.814,0.963,0.731,0.962,0.436,0.824,0.237,0.35,0.323,0.108,0.953,0.234,0.722,0.956,0.508,0.671,0.54,0.945,0.202,0.626,0.946,0.295,0.068,0.965,0.868,0.926,0.764,0.604,0.954,0.526,0.236,0.554,0.335,0.949,0.604,0.056,0.443,0.099,0.068,0.48,0.701,0.902,0.965,0.884,0.452,0.65,0.496,0.25,0.48,0.648,0.646,0.919,0.041,0.777,0.835,0.577,0.424,0.882,0.588,0.483,0.813,0.637,0.382,0.692,0.966,0.981,0.461,0.966,0.466,,,,,,,,,,,,,,,0.529,,0.5818125,,,0.444,0.23,0.803,0.213,0.572,0.634,0.945,0.001,0.969,0.671,,0.367,0.774,0.561,0.355,0.075,0.015,0.753,0.879,0.711,0.062,0.523,0.026,0.589,0.015,0.835,0.793,0.874,0.943,0.987,0.221,0.722,0.088,0.188,0.388,0.621,0.188,0.021,0.023,0.854,0.355,0.467,0.854,0.687,0.622,0.63,0.948,0.946,0.111,,0.751,0.231,0.809,0.175,0.821,0.692,0.579
1999,0.003,0.122,0.661,0.41,0.894,0.597,0.97,0.953,0.291,0.25,0.978,0.826,0.697,0.472,0.845,0.315,0.547,0.426,0.703,0.795,0.879,0.61,0.876,0.292,0.945,0.97,0.918,0.186,0.601,0.567,0.105,0.189,0.518,0.398,0.874,0.96,0.083,0.749,0.942,0.989,0.371,0.987,0.729,0.451,0.724,0.277,0.073,0.968,0.945,0.373,0.982,0.814,0.963,0.731,0.968,0.436,0.824,0.237,0.338,0.334,0.098,0.953,0.238,0.696,0.956,0.508,0.722,0.54,0.945,0.664,0.627,0.946,0.295,0.068,0.965,0.868,0.926,0.764,0.611,0.954,0.518,0.236,0.554,0.32,0.949,0.604,0.055,0.443,0.101,0.068,0.48,0.714,0.902,0.965,0.884,0.452,0.687,0.496,0.25,0.48,0.648,0.646,0.919,0.041,0.777,0.869,0.577,0.424,0.88,0.588,0.441,0.798,0.602,0.512,0.662,0.966,0.981,0.461,0.966,0.475,,,,,,,,0.416,,,,,,,0.556,,0.58525425,,,0.444,0.23,0.803,0.213,0.559,0.634,0.945,0.001,0.969,0.69,,0.367,0.774,0.542,0.377,0.075,0.015,0.753,0.879,0.528,0.083,0.523,0.026,0.563,0.015,0.835,0.793,0.913,0.943,0.987,0.221,0.722,0.097,0.188,0.388,0.621,0.2,0.021,0.041,0.854,0.355,0.494,0.854,0.687,0.622,0.596,0.948,0.946,0.108,,0.657,0.276,0.809,0.175,0.821,0.692,0.579
2000,0.003,0.122,0.768,0.41,0.894,0.595,0.972,0.953,0.295,0.231,0.978,0.826,0.732,0.515,0.869,0.394,0.738,0.46,0.703,0.788,0.879,0.62,0.876,0.302,0.945,0.971,0.913,0.185,0.62,0.587,0.124,0.187,0.518,0.399,0.874,0.96,0.083,0.793,0.942,0.989,0.396,0.987,0.729,0.417,0.729,0.267,0.041,0.968,0.951,0.373,0.982,0.642,0.963,0.731,0.971,0.436,0.87,0.229,0.304,0.361,0.106,0.953,0.424,0.662,0.959,0.532,0.891,0.487,0.945,0.666,0.627,0.946,0.315,0.07,0.965,0.884,0.926,0.784,0.64,0.954,0.546,0.359,0.534,0.329,0.949,0.589,0.055,0.443,0.101,0.068,0.48,0.699,0.9,0.965,0.889,0.575,0.703,0.499,0.25,0.487,0.651,0.66,0.919,0.042,0.777,0.838,0.59,0.474,0.88,0.588,0.446,0.818,0.741,0.518,0.657,0.966,0.981,0.438,0.966,0.475,,,,,,,,0.407,,,,,,,0.547,,0.59871185,,,0.462,0.221,0.803,0.258,0.559,0.634,0.945,0.001,0.969,0.705,,0.434,0.787,0.511,0.462,0.074,0.018,0.756,0.879,0.489,0.108,0.53,0.02,0.734,0.018,0.853,0.793,0.913,0.945,0.987,0.212,0.726,0.128,0.188,0.391,0.631,0.251,0.017,0.745,0.854,0.355,0.526,0.938,0.691,0.602,0.635,0.948,0.946,0.11,,0.611,0.312,0.797,0.175,0.835,0.692,0.437
2001,0.017,0.142,0.797,0.41,0.889,0.616,0.972,0.953,0.295,0.256,0.978,0.826,0.732,0.512,0.869,0.418,0.742,0.546,0.703,0.788,0.879,0.623,0.876,0.302,0.945,0.971,0.913,0.201,0.601,0.584,0.127,0.187,0.518,0.399,0.874,0.962,0.098,0.793,0.942,0.989,0.396,0.987,0.729,0.417,0.729,0.264,0.008,0.968,0.951,0.373,0.982,0.681,0.963,0.731,0.957,0.436,0.872,0.229,0.289,0.378,0.106,0.953,0.441,0.639,0.959,0.541,0.891,0.493,0.945,0.666,0.627,0.946,0.315,0.07,0.965,0.884,0.926,0.784,0.64,0.954,0.554,0.359,0.512,0.352,0.949,0.589,0.055,0.439,0.101,0.068,0.48,0.699,0.922,0.965,0.889,0.575,0.669,0.495,0.25,0.507,0.611,0.66,0.919,0.042,0.757,0.838,0.59,0.474,0.88,0.638,0.446,0.831,0.741,0.518,0.657,0.966,0.981,0.423,0.966,0.475,,,,,,,,0.407,,,,,,,0.567,,0.6028418,,,0.47,0.197,0.803,0.728,0.564,0.634,0.945,0.001,0.969,0.705,,0.434,0.787,0.501,0.447,0.081,0.016,0.791,0.879,0.522,0.108,0.53,0.02,0.876,0.016,0.853,0.805,0.913,0.945,0.987,0.212,0.726,0.128,0.188,0.391,0.614,0.237,0.013,0.745,0.854,0.355,0.529,0.938,0.711,0.602,0.635,0.948,0.94,0.085,,0.602,0.313,0.797,0.175,0.835,0.7,0.299
2002,0.291,0.258,0.816,0.428,0.85,0.634,0.972,0.953,0.295,0.225,0.978,0.826,0.732,0.461,0.879,0.418,0.747,0.526,0.703,0.803,0.879,0.642,0.876,0.302,0.945,0.976,0.917,0.193,0.612,0.579,0.127,0.187,0.516,0.399,0.874,0.962,0.098,0.793,0.942,0.989,0.384,0.987,0.699,0.417,0.729,0.264,0.005,0.968,0.953,0.373,0.982,0.722,0.963,0.731,0.954,0.436,0.872,0.229,0.289,0.407,0.11,0.953,0.452,0.65,0.959,0.541,0.891,0.48,0.945,0.673,0.614,0.946,0.315,0.082,0.965,0.884,0.926,0.784,0.64,0.954,0.545,0.447,0.512,0.352,0.949,0.568,0.062,0.439,0.09,0.068,0.48,0.699,0.922,0.965,0.889,0.575,0.668,0.427,0.226,0.507,0.717,0.66,0.919,0.042,0.773,0.838,0.59,0.451,0.88,0.67,0.446,0.831,0.741,0.518,0.673,0.966,0.981,0.393,0.966,0.495,,,,,,,,0.471,,,,,,,0.567,,0.60989267,,,0.53,0.202,0.803,0.728,0.555,0.634,0.945,0.001,0.969,0.705,,0.434,0.787,0.492,0.458,0.07,0.016,0.791,0.879,0.644,0.563,0.519,0.02,0.867,0.016,0.853,0.805,0.913,0.945,0.987,0.212,0.726,0.128,0.188,0.391,0.595,0.214,0.013,0.745,0.854,0.355,0.678,0.938,0.711,0.602,0.653,0.948,0.939,0.097,,0.578,0.313,0.797,0.163,0.835,0.7,0.299
2003,0.278,0.277,0.818,0.396,0.815,0.634,0.972,0.953,0.246,0.225,0.978,0.826,0.732,0.461,0.879,0.418,0.755,0.514,0.687,0.803,0.879,0.65,0.876,0.275,0.945,0.976,0.917,0.187,0.616,0.579,0.127,0.187,0.58,0.414,0.874,0.962,0.093,0.793,0.942,0.989,0.386,0.987,0.685,0.417,0.729,0.264,0.005,0.968,0.953,0.379,0.982,0.722,0.963,0.731,0.954,0.436,0.883,0.231,0.289,0.431,0.11,0.953,0.452,0.65,0.955,0.555,0.887,0.425,0.945,0.673,0.614,0.946,0.315,0.347,0.965,0.884,0.926,0.784,0.634,0.954,0.545,0.49,0.5,0.328,0.949,0.568,0.061,0.439,0.101,0.068,0.48,0.715,0.922,0.965,0.889,0.575,0.668,0.508,0.226,0.507,0.762,0.666,0.919,0.042,0.778,0.838,0.59,0.46,0.88,0.67,0.445,0.831,0.741,0.518,0.673,0.966,0.981,0.407,0.966,0.495,,,,,,,,0.568,,,,,,,0.567,,0.61345196,,,0.552,0.244,0.803,0.728,0.555,0.634,0.945,0.001,0.969,0.709,,0.452,0.787,0.426,0.458,0.07,0.016,0.791,0.879,0.717,0.6,0.519,0.02,0.858,0.016,0.853,0.805,0.926,0.945,0.987,0.212,0.726,0.133,0.188,0.391,0.602,0.243,0.013,0.702,0.854,0.355,0.708,0.938,0.711,0.611,0.65,0.948,0.922,0.105,,0.564,0.313,0.797,0.163,0.833,0.7,0.299
2004,0.278,0.304,0.831,0.382,0.827,0.623,0.972,0.953,0.288,0.247,0.978,0.826,0.732,0.398,0.884,0.375,0.739,0.514,0.693,0.803,0.879,0.655,0.876,0.223,0.945,0.976,0.917,0.209,0.617,0.569,0.13,0.187,0.58,0.414,0.874,0.962,0.093,0.864,0.942,0.989,0.386,0.987,0.685,0.417,0.729,0.264,0.005,0.968,0.953,0.379,0.982,0.722,0.963,0.731,0.954,0.673,0.883,0.231,0.307,0.431,0.11,0.953,0.454,0.649,0.955,0.555,0.887,0.366,0.945,0.675,0.614,0.946,0.285,0.291,0.965,0.884,0.926,0.784,0.634,0.954,0.54,0.49,0.5,0.328,0.949,0.568,0.061,0.439,0.609,0.068,0.475,0.712,0.923,0.965,0.895,0.575,0.668,0.539,0.212,0.507,0.795,0.666,0.919,0.042,0.778,0.838,0.59,0.487,0.88,0.681,0.457,0.831,0.741,0.518,0.666,0.966,0.981,0.407,0.966,0.495,,,,,,,,0.574,,,,,,,0.567,,0.6180904,,,0.552,0.282,0.826,0.728,0.545,0.634,0.945,0.001,0.969,0.709,,0.479,0.791,0.439,0.463,0.07,0.026,0.791,0.879,0.717,0.6,0.544,0.024,0.876,0.026,0.853,0.805,0.926,0.945,0.987,0.212,0.726,0.12,0.188,0.391,0.56,0.242,0.012,0.702,0.854,0.355,0.718,0.938,0.711,0.611,0.634,0.948,0.922,0.105,,0.564,0.325,0.797,0.163,0.833,0.7,0.299
2005,0.28,0.308,0.831,0.406,0.827,0.666,0.972,0.953,0.291,0.24,0.978,0.841,0.732,0.398,0.884,0.347,0.747,0.529,0.667,0.826,0.879,0.622,0.876,0.223,0.945,0.976,0.917,0.213,0.629,0.591,0.13,0.187,0.589,0.419,0.876,0.948,0.114,0.864,0.944,0.989,0.386,0.987,0.685,0.472,0.729,0.264,0.004,0.968,0.953,0.379,0.982,0.722,0.963,0.731,0.954,0.703,0.883,0.231,0.307,0.431,0.115,0.953,0.454,0.657,0.955,0.553,0.883,0.305,0.945,0.648,0.618,0.946,0.259,0.278,0.965,0.884,0.926,0.784,0.619,0.954,0.522,0.504,0.497,0.332,0.949,0.571,0.061,0.465,0.686,0.068,0.442,0.729,0.926,0.965,0.895,0.572,0.69,0.553,0.247,0.507,0.779,0.666,0.919,0.042,0.778,0.838,0.577,0.511,0.874,0.674,0.488,0.831,0.741,0.518,0.666,0.966,0.981,0.461,0.966,0.509,,,,,,,,0.571,,,,,,,0.567,,0.6208587,,,0.567,0.282,0.835,0.728,0.572,0.634,0.945,0.001,0.963,0.709,,0.472,0.791,0.451,0.471,0.093,0.042,0.791,0.879,0.705,0.597,0.562,0.02,0.885,0.042,0.867,0.805,0.926,0.945,0.987,0.205,0.722,0.133,0.188,0.409,0.573,0.21,0.009,0.702,0.857,0.355,0.693,0.938,0.711,0.611,0.664,0.948,0.929,0.072,,0.552,0.362,0.797,0.163,0.833,0.692,0.299
2006,0.28,0.308,0.831,0.425,0.827,0.666,0.972,0.953,0.265,0.233,0.978,0.836,0.726,0.413,0.882,0.347,0.75,0.52,0.65,0.825,0.87,0.664,0.876,0.223,0.945,0.976,0.917,0.213,0.634,0.591,0.13,0.187,0.589,0.416,0.876,0.948,0.114,0.864,0.953,0.989,0.386,0.987,0.685,0.472,0.731,0.264,0.004,0.969,0.956,0.351,0.982,0.551,0.963,0.731,0.954,0.71,0.883,0.231,0.308,0.449,0.112,0.953,0.46,0.655,0.955,0.577,0.883,0.333,0.922,0.667,0.618,0.946,0.247,0.275,0.965,0.884,0.926,0.784,0.619,0.954,0.513,0.504,0.486,0.332,0.949,0.578,0.058,0.471,0.729,0.068,0.386,0.723,0.928,0.965,0.897,0.572,0.69,0.553,0.257,0.489,0.789,0.666,0.919,0.042,0.791,0.838,0.577,0.572,0.874,0.681,0.467,0.831,0.741,0.518,0.64,0.966,0.981,0.541,0.966,0.509,,,,,,,,0.571,,,,,,,0.567,,0.62077963,,,0.583,0.261,0.835,0.728,0.563,0.634,0.945,0.001,0.963,0.709,,0.472,0.791,0.446,0.478,0.099,0.038,0.791,0.87,0.705,0.57,0.562,0.017,0.898,0.038,0.867,0.805,0.926,0.945,0.987,0.205,0.724,0.133,0.188,0.443,0.531,0.21,0.012,0.713,0.857,0.344,0.69,0.938,0.705,0.62,0.712,0.948,0.925,0.081,,0.543,0.368,0.797,0.163,0.833,0.692,0.306
2007,0.28,0.316,0.831,0.459,0.839,0.674,0.972,0.953,0.265,0.217,0.978,0.829,0.726,0.365,0.887,0.321,0.746,0.535,0.671,0.825,0.879,0.636,0.867,0.223,0.945,0.976,0.917,0.217,0.629,0.577,0.145,0.187,0.617,0.434,0.876,0.947,0.114,0.88,0.953,0.989,0.386,0.987,0.685,0.472,0.783,0.273,0.004,0.969,0.96,0.386,0.982,0.522,0.963,0.731,0.955,0.693,0.883,0.241,0.298,0.455,0.111,0.953,0.46,0.655,0.955,0.577,0.887,0.395,0.939,0.68,0.618,0.946,0.242,0.275,0.965,0.884,0.926,0.784,0.619,0.954,0.514,0.498,0.463,0.332,0.949,0.578,0.061,0.493,0.729,0.071,0.361,0.727,0.937,0.965,0.914,0.572,0.681,0.569,0.257,0.499,0.78,0.666,0.919,0.038,0.822,0.838,0.577,0.629,0.874,0.674,0.477,0.831,0.741,0.502,0.597,0.965,0.981,0.699,0.966,0.521,,,,,,,,0.565,,,,,,,0.567,,0.6219045,,,0.592,0.276,0.835,0.728,0.56,0.634,0.948,0.001,0.963,0.709,,0.489,0.818,0.44,0.471,0.103,0.035,0.791,0.87,0.705,0.617,0.562,0.021,0.907,0.035,0.867,0.805,0.92,0.945,0.987,0.191,0.733,0.133,0.169,0.463,0.542,0.212,0.021,0.745,0.857,0.355,0.678,0.938,0.705,0.623,0.728,0.948,0.927,0.089,,0.543,0.374,0.797,0.163,0.828,0.692,0.306
2008,0.277,0.334,0.831,0.459,0.836,0.625,0.972,0.95,0.265,0.219,0.978,0.829,0.726,0.391,0.889,0.321,0.761,0.563,0.673,0.825,0.879,0.791,0.867,0.223,0.945,0.976,0.923,0.217,0.628,0.562,0.145,0.187,0.617,0.419,0.876,0.947,0.095,0.877,0.953,0.989,0.386,0.987,0.685,0.472,0.788,0.271,0.004,0.969,0.96,0.384,0.982,0.506,0.963,0.731,0.955,0.66,0.883,0.156,0.302,0.442,0.118,0.953,0.455,0.656,0.955,0.578,0.887,0.395,0.939,0.677,0.618,0.946,0.24,0.275,0.966,0.884,0.923,0.784,0.619,0.954,0.534,0.507,0.477,0.332,0.94,0.578,0.054,0.471,0.729,0.075,0.361,0.751,0.939,0.965,0.911,0.572,0.67,0.562,0.366,0.499,0.789,0.666,0.919,0.037,0.823,0.817,0.595,0.596,0.874,0.677,0.477,0.831,0.745,0.502,0.586,0.965,0.981,0.707,0.966,0.519,,,,,,,,0.583,,,,,,,0.567,,0.62244946,,,0.593,0.272,0.835,0.728,0.564,0.634,0.954,0.001,0.963,0.716,,0.49,0.818,0.443,0.471,0.099,0.035,0.791,0.87,0.705,0.623,0.562,0.019,0.907,0.035,0.867,0.805,0.92,0.941,0.987,0.197,0.733,0.133,0.166,0.456,0.552,0.206,0.03,0.751,0.857,0.355,0.619,0.938,0.705,0.608,0.727,0.948,0.939,0.086,,0.561,0.374,0.797,0.163,0.828,0.687,0.276
2009,0.277,0.328,0.853,0.454,0.836,0.69,0.972,0.95,0.277,0.207,0.978,0.829,0.729,0.335,0.858,0.304,0.765,0.563,0.675,0.825,0.879,0.796,0.857,0.223,0.945,0.974,0.923,0.209,0.621,0.584,0.16,0.187,0.623,0.419,0.876,0.947,0.103,0.888,0.953,0.989,0.397,0.987,0.685,0.472,0.796,0.271,0.004,0.969,0.964,0.383,0.982,0.508,0.963,0.731,0.955,0.659,0.885,0.145,0.302,0.437,0.114,0.958,0.456,0.658,0.955,0.428,0.896,0.395,0.939,0.691,0.618,0.945,0.213,0.275,0.967,0.884,0.924,0.784,0.619,0.954,0.534,0.513,0.46,0.332,0.94,0.578,0.054,0.494,0.729,0.075,0.362,0.747,0.939,0.965,0.912,0.572,0.659,0.306,0.468,0.492,0.794,0.666,0.919,0.044,0.828,0.84,0.593,0.588,0.874,0.68,0.468,0.829,0.674,0.507,0.586,0.965,0.981,0.743,0.966,0.513,,,,,,,,0.625,,,,,,,0.567,,0.62185955,,,0.593,0.299,0.835,0.728,0.553,0.634,0.954,0.001,0.963,0.721,,0.49,0.816,0.453,0.463,0.102,0.035,0.791,0.873,0.705,0.634,0.562,0.015,0.907,0.035,0.867,0.805,0.914,0.946,0.987,0.197,0.733,0.133,0.184,0.481,0.552,0.212,0.025,0.781,0.857,0.344,0.622,0.934,0.705,0.592,0.732,0.948,0.95,0.086,,0.53,0.374,0.797,0.163,0.833,0.687,0.354
2010,0.282,0.352,0.842,0.473,0.836,0.728,0.972,0.95,0.26,0.19,0.978,0.829,0.759,0.322,0.853,0.294,0.765,0.547,0.679,0.825,0.879,0.781,0.874,0.21,0.945,0.973,0.928,0.208,0.61,0.563,0.172,0.177,0.656,0.419,0.876,0.948,0.105,0.9,0.953,0.989,0.397,0.987,0.685,0.472,0.775,0.263,0.003,0.969,0.965,0.389,0.982,0.553,0.963,0.762,0.949,0.685,0.891,0.329,0.302,0.44,0.105,0.953,0.458,0.684,0.953,0.454,0.907,0.395,0.91,0.708,0.633,0.945,0.188,0.272,0.968,0.875,0.924,0.793,0.644,0.954,0.509,0.568,0.509,0.318,0.94,0.578,0.062,0.512,0.736,0.075,0.442,0.769,0.949,0.965,0.935,0.585,0.811,0.307,0.479,0.493,0.801,0.673,0.922,0.105,0.835,0.843,0.597,0.588,0.894,0.682,0.48,0.827,0.781,0.505,0.552,0.965,0.981,0.75,0.966,0.513,,,,,,,,0.641,,,,,,,0.567,,0.6285449,,,0.621,0.287,0.835,0.732,0.641,0.605,0.95,0.001,0.96,0.721,,0.486,0.841,0.466,0.475,0.104,0.038,0.794,0.868,0.707,0.672,0.562,0.051,0.902,0.038,0.867,0.792,0.935,0.951,0.987,0.194,0.742,0.126,0.19,0.508,0.543,0.182,0.025,0.784,0.859,0.349,0.557,0.94,0.696,0.575,0.62,0.948,0.949,0.084,,0.533,0.382,0.791,0.167,0.848,0.709,0.456
2011,0.293,0.352,0.85,0.437,0.834,0.728,0.972,0.95,0.256,0.211,0.978,0.836,0.738,0.329,0.835,0.085,0.765,0.544,0.679,0.825,0.879,0.78,0.874,0.2,0.945,0.973,0.928,0.207,0.604,0.569,0.172,0.177,0.704,0.426,0.876,0.949,0.108,0.9,0.953,0.989,0.397,0.987,0.685,0.472,0.775,0.255,0.003,0.969,0.965,0.407,0.982,0.553,0.963,0.762,0.949,0.68,0.891,0.354,0.302,0.44,0.106,0.953,0.458,0.693,0.953,0.5,0.907,0.377,0.898,0.713,0.609,0.945,0.185,0.267,0.968,0.875,0.924,0.801,0.639,0.954,0.506,0.568,0.58,0.318,0.94,0.578,0.064,0.509,0.737,0.082,0.442,0.772,0.949,0.965,0.941,0.572,0.816,0.322,0.465,0.493,0.789,0.662,0.922,0.191,0.831,0.843,0.593,0.588,0.902,0.67,0.48,0.827,0.778,0.499,0.55,0.965,0.981,0.739,0.966,0.51,,,,,,,,0.632,,,,,,,0.56,,0.627257,,,0.639,0.28,0.835,0.732,0.638,0.619,0.954,0.001,0.96,0.721,,0.486,0.841,0.461,0.488,0.104,0.032,0.794,0.868,0.707,0.672,0.576,0.044,0.902,0.134,0.867,0.792,0.937,0.951,0.987,0.213,0.745,0.051,0.195,0.517,0.559,0.182,0.022,0.784,0.859,0.735,0.552,0.94,0.708,0.553,0.658,0.948,0.95,0.085,,0.519,0.382,0.791,0.142,0.846,0.7,0.456
2012,0.289,0.352,0.85,0.472,0.827,0.728,0.97,0.95,0.256,0.211,0.978,0.836,0.731,0.321,0.836,0.089,0.765,0.532,0.664,0.825,0.879,0.78,0.867,0.187,0.948,0.973,0.928,0.203,0.656,0.563,0.172,0.177,0.699,0.426,0.876,0.956,0.121,0.9,0.953,0.989,0.397,0.987,0.7,0.487,0.761,0.266,0.002,0.958,0.965,0.381,0.982,0.562,0.962,0.734,0.941,0.695,0.872,0.354,0.305,0.409,0.106,0.949,0.463,0.675,0.945,0.512,0.909,0.396,0.898,0.708,0.624,0.948,0.185,0.267,0.968,0.875,0.927,0.801,0.63,0.954,0.525,0.568,0.553,0.317,0.94,0.581,0.064,0.517,0.73,0.182,0.443,0.756,0.949,0.965,0.942,0.572,0.807,0.317,0.397,0.498,0.759,0.655,0.922,0.202,0.831,0.843,0.582,0.588,0.902,0.676,0.48,0.827,0.764,0.499,0.55,0.962,0.981,0.759,0.966,0.51,,,,,,,,0.632,,,,,,,0.559,,0.62718993,,,0.639,0.275,0.835,0.74,0.638,0.605,0.952,0.001,0.96,0.715,,0.5,0.837,0.427,0.511,0.105,0.026,0.789,0.868,0.707,0.672,0.575,0.081,0.902,0.124,0.867,0.792,0.923,0.947,0.988,0.213,0.739,0.032,0.195,0.517,0.576,0.175,0.021,0.789,0.859,0.733,0.553,0.94,0.708,0.561,0.658,0.948,0.944,0.09,,0.517,0.37,0.791,0.21,0.84,0.7,0.456
2013,0.269,0.349,0.878,0.46,0.819,0.737,0.965,0.955,0.298,0.142,0.978,0.856,0.762,0.271,0.83,0.098,0.77,0.548,0.678,0.814,0.879,0.755,0.872,0.093,0.952,0.972,0.941,0.188,0.771,0.513,0.165,0.176,0.697,0.454,0.879,0.946,0.152,0.925,0.953,0.988,0.397,0.983,0.685,0.491,0.754,0.154,0.003,0.955,0.969,0.383,0.982,0.591,0.962,0.82,0.913,0.731,0.88,0.337,0.238,0.504,0.104,0.934,0.478,0.67,0.944,0.549,0.899,0.368,0.868,0.681,0.662,0.951,0.23,0.253,0.966,0.866,0.923,0.819,0.658,0.951,0.478,0.579,0.554,0.26,0.929,0.581,0.065,0.511,0.683,0.11,0.486,0.715,0.942,0.965,0.934,0.555,0.758,0.381,0.318,0.513,0.696,0.638,0.905,0.22,0.859,0.807,0.581,0.391,0.88,0.706,0.448,0.831,0.773,0.51,0.562,0.954,0.981,0.664,0.966,0.528,,,,,,,,0.661,,,,,,,0.612,,0.6201173,,,0.673,0.244,0.861,0.737,0.621,0.612,0.938,0.001,0.945,0.691,,0.457,0.849,0.411,0.478,0.119,0.038,0.799,0.868,0.707,0.638,0.562,0.088,0.862,0.086,0.875,0.794,0.911,0.941,0.986,0.199,0.778,0.017,0.179,0.504,0.486,0.149,0.022,0.793,0.868,0.701,0.436,0.926,0.679,0.564,0.621,0.931,0.942,0.091,,0.428,0.405,0.791,0.174,0.831,0.663,0.486
2014,0.291,0.349,0.878,0.481,0.819,0.737,0.966,0.955,0.285,0.12,0.978,0.856,0.803,0.277,0.831,0.109,0.781,0.534,0.678,0.814,0.866,0.759,0.877,0.121,0.952,0.972,0.938,0.176,0.764,0.513,0.165,0.176,0.7,0.454,0.879,0.953,0.159,0.925,0.955,0.988,0.397,0.983,0.685,0.514,0.754,0.161,0.004,0.955,0.969,0.353,0.982,0.621,0.958,0.82,0.913,0.725,0.873,0.337,0.241,0.522,0.104,0.943,0.478,0.67,0.928,0.582,0.894,0.368,0.868,0.666,0.644,0.953,0.241,0.221,0.965,0.866,0.923,0.819,0.658,0.951,0.481,0.578,0.561,0.281,0.929,0.581,0.071,0.514,0.683,0.094,0.504,0.714,0.942,0.965,0.937,0.555,0.746,0.46,0.324,0.486,0.694,0.648,0.905,0.237,0.859,0.781,0.58,0.364,0.864,0.706,0.448,0.831,0.777,0.51,0.562,0.951,0.98,0.671,0.966,0.532,,,,,,,,0.666,,,,,,,0.612,,0.617095,,,0.655,0.245,0.861,0.753,0.621,0.612,0.941,0.001,0.945,0.706,,0.457,0.854,0.395,0.477,0.119,0.034,0.799,0.868,0.697,0.638,0.547,0.088,0.862,0.058,0.875,0.794,0.911,0.946,0.986,0.199,0.787,0.013,0.166,0.505,0.265,0.157,0.025,0.731,0.863,0.703,0.433,0.928,0.674,0.567,0.433,0.937,0.942,0.098,,0.367,0.405,0.791,0.09,0.836,0.681,0.406
2015,0.291,0.349,0.878,0.494,0.812,0.736,0.962,0.952,0.273,0.07,0.972,0.832,0.803,0.302,0.806,0.13,0.774,0.543,0.699,0.814,0.897,0.759,0.879,0.172,0.953,0.974,0.923,0.192,0.781,0.515,0.183,0.198,0.703,0.459,0.884,0.953,0.148,0.925,0.95,0.988,0.397,0.986,0.685,0.5,0.767,0.174,0.004,0.956,0.969,0.349,0.981,0.678,0.958,0.82,0.913,0.793,0.823,0.337,0.238,0.535,0.104,0.941,0.476,0.81,0.924,0.527,0.894,0.368,0.868,0.714,0.612,0.954,0.277,0.232,0.965,0.868,0.923,0.819,0.658,0.947,0.482,0.578,0.535,0.272,0.923,0.581,0.071,0.483,0.683,0.085,0.593,0.644,0.942,0.965,0.938,0.561,0.768,0.484,0.299,0.51,0.683,0.648,0.887,0.303,0.859,0.802,0.54,0.367,0.844,0.767,0.448,0.818,0.768,0.517,0.541,0.95,0.98,0.695,0.966,0.532,,,,,,,,0.647,,,,,,,0.612,,0.6186257,,,0.607,0.261,0.861,0.761,0.628,0.612,0.936,0.001,0.959,0.733,,0.451,0.87,0.388,0.489,0.117,0.032,0.832,0.868,0.707,0.638,0.555,0.088,0.862,0.051,0.875,0.794,0.905,0.945,0.979,0.199,0.803,0.013,0.167,0.522,0.253,0.094,0.025,0.722,0.871,0.723,0.411,0.929,0.698,0.535,0.464,0.937,0.94,0.094,,0.356,0.405,0.814,0.036,0.836,0.681,0.409
2016,0.247,0.371,0.878,0.502,0.811,0.734,0.963,0.952,0.237,0.043,0.972,0.873,0.773,0.32,0.807,0.132,0.764,0.569,0.676,0.779,0.897,0.763,0.871,0.212,0.954,0.974,0.923,0.201,0.769,0.457,0.168,0.175,0.699,0.465,0.88,0.958,0.141,0.925,0.932,0.988,0.397,0.986,0.673,0.506,0.767,0.164,0.003,0.965,0.969,0.36,0.981,0.672,0.958,0.82,0.913,0.821,0.857,0.336,0.232,0.55,0.117,0.941,0.484,0.816,0.923,0.533,0.87,0.389,0.866,0.702,0.59,0.954,0.26,0.28,0.965,0.863,0.923,0.819,0.657,0.947,0.482,0.578,0.563,0.218,0.923,0.581,0.067,0.524,0.682,0.082,0.651,0.627,0.941,0.965,0.899,0.556,0.76,0.484,0.29,0.51,0.657,0.648,0.874,0.3,0.845,0.814,0.527,0.367,0.844,0.745,0.454,0.818,0.791,0.527,0.554,0.95,0.98,0.702,0.966,0.532,,,,,,,,0.643,,,,,,,0.612,,0.6143911,,,0.548,0.241,0.861,0.761,0.545,0.609,0.889,0.001,0.958,0.733,,0.451,0.878,0.38,0.355,0.112,0.033,0.806,0.868,0.695,0.638,0.565,0.112,0.853,0.031,0.875,0.79,0.903,0.943,0.98,0.199,0.83,0.014,0.167,0.539,0.255,0.084,0.029,0.752,0.878,0.731,0.26,0.936,0.686,0.457,0.494,0.937,0.928,0.087,,0.325,0.409,0.814,0.029,0.836,0.635,0.363
2017,0.257,0.433,0.86,0.529,0.809,0.724,0.951,0.944,0.283,0.061,0.972,0.901,0.802,0.284,0.809,0.135,0.778,0.582,0.712,0.756,0.879,0.779,0.863,0.206,0.948,0.974,0.923,0.176,0.698,0.394,0.152,0.171,0.712,0.472,0.882,0.958,0.155,0.924,0.934,0.988,0.337,0.986,0.669,0.504,0.8,0.156,0.005,0.955,0.969,0.358,0.981,0.704,0.958,0.843,0.931,0.814,0.862,0.336,0.798,0.539,0.104,0.94,0.506,0.807,0.916,0.517,0.871,0.317,0.873,0.694,0.581,0.958,0.257,0.273,0.969,0.855,0.93,0.817,0.649,0.949,0.47,0.558,0.589,0.2,0.936,0.596,0.079,0.549,0.761,0.059,0.655,0.639,0.938,0.965,0.921,0.569,0.743,0.505,0.267,0.526,0.707,0.571,0.853,0.314,0.844,0.796,0.477,0.36,0.807,0.777,0.49,0.822,0.786,0.518,0.441,0.954,0.98,0.72,0.966,0.506,,,,,,,,0.654,,,,,,,0.61,,0.61465365,,,0.534,0.259,0.853,0.767,0.496,0.611,0.832,0.001,0.961,0.701,,0.451,0.802,0.381,0.283,0.114,0.04,0.814,0.868,0.723,0.637,0.541,0.138,0.832,0.026,0.875,0.799,0.89,0.945,0.977,0.208,0.846,0.017,0.145,0.486,0.233,0.122,0.036,0.686,0.856,0.789,0.222,0.944,0.693,0.422,0.515,0.95,0.92,0.188,,0.182,0.409,0.814,0.026,0.779,0.677,0.402
2018,0.271,0.472,0.872,0.529,0.814,0.857,0.952,0.92,0.243,0.05,0.972,0.893,0.768,0.266,0.801,0.15,0.725,0.583,0.704,0.728,0.865,0.782,0.873,0.211,0.946,0.978,0.903,0.174,0.698,0.382,0.198,0.199,0.683,0.416,0.872,0.92,0.144,0.928,0.94,0.988,0.341,0.983,0.681,0.495,0.805,0.159,0.007,0.955,0.969,0.485,0.983,0.662,0.95,0.835,0.93,0.841,0.843,0.292,0.813,0.531,0.124,0.925,0.466,0.796,0.899,0.558,0.868,0.287,0.859,0.684,0.576,0.953,0.255,0.279,0.969,0.849,0.926,0.817,0.666,0.949,0.423,0.573,0.653,0.213,0.936,0.578,0.085,0.537,0.719,0.053,0.734,0.68,0.935,0.965,0.921,0.599,0.759,0.505,0.287,0.529,0.7,0.57,0.85,0.336,0.805,0.809,0.429,0.398,0.841,0.804,0.606,0.838,0.743,0.53,0.12,0.947,0.977,0.691,0.962,0.493,,,,,,,,0.706,,,,,,,0.598,,0.61368716,,,0.526,0.282,0.807,0.767,0.461,0.617,0.825,0.001,0.958,0.718,,0.485,0.817,0.366,0.29,0.107,0.029,0.816,0.868,0.723,0.752,0.532,0.111,0.797,0.035,0.875,0.775,0.89,0.945,0.981,0.249,0.86,0.015,0.151,0.477,0.264,0.107,0.038,0.713,0.872,0.742,0.212,0.939,0.665,0.41,0.535,0.95,0.915,0.264,,0.148,0.388,0.824,0.033,0.782,0.666,0.375
2019,0.271,0.472,0.896,0.478,0.787,0.875,0.952,0.924,0.262,0.074,0.972,0.838,0.776,0.242,0.801,0.213,0.737,0.593,0.547,0.607,0.865,0.786,0.882,0.19,0.926,0.978,0.883,0.158,0.691,0.421,0.271,0.16,0.618,0.3,0.867,0.943,0.143,0.908,0.941,0.988,0.359,0.98,0.666,0.453,0.809,0.172,0.011,0.964,0.961,0.488,0.98,0.655,0.95,0.827,0.91,0.815,0.844,0.238,0.814,0.618,0.124,0.926,0.498,0.765,0.804,0.528,0.834,0.313,0.859,0.693,0.531,0.963,0.255,0.245,0.969,0.853,0.929,0.868,0.671,0.949,0.465,0.563,0.605,0.221,0.932,0.608,0.099,0.496,0.667,0.05,0.663,0.698,0.925,0.966,0.927,0.588,0.763,0.513,0.556,0.498,0.717,0.615,0.85,0.348,0.805,0.81,0.434,0.49,0.827,0.806,0.601,0.85,0.721,0.532,0.104,0.952,0.966,0.652,0.966,0.517,,,,,,,,0.703,,,,,,,0.547,,0.61093855,,,0.516,0.256,0.79,0.777,0.424,0.617,0.813,0.002,0.956,0.718,,0.482,0.834,0.369,0.32,0.117,0.129,0.789,0.86,0.72,0.698,0.509,0.101,0.829,0.045,0.875,0.703,0.885,0.937,0.981,0.248,0.86,0.016,0.173,0.489,0.278,0.105,0.04,0.732,0.871,0.765,0.227,0.942,0.657,0.404,0.57,0.95,0.902,0.327,,0.128,0.341,0.777,0.03,0.788,0.646,0.316
2020,0.288,0.478,0.876,0.486,0.808,0.862,0.94,0.937,0.261,0.089,0.969,0.83,0.764,0.234,0.817,0.22,0.735,0.106,0.545,0.598,0.873,0.783,0.876,0.212,0.918,0.972,0.842,0.13,0.598,0.418,0.257,0.255,0.599,0.323,0.858,0.948,0.143,0.898,0.918,0.984,0.344,0.957,0.741,0.48,0.824,0.201,0.007,0.959,0.966,0.422,0.976,0.634,0.93,0.81,0.888,0.811,0.842,0.142,0.835,0.608,0.125,0.93,0.462,0.811,0.73,0.531,0.807,0.324,0.839,0.596,0.502,0.965,0.222,0.226,0.964,0.867,0.899,0.869,0.671,0.928,0.471,0.614,0.532,0.205,0.933,0.607,0.11,0.505,0.679,0.052,0.536,0.776,0.918,0.948,0.934,0.588,0.725,0.499,0.568,0.499,0.706,0.614,0.874,0.338,0.741,0.754,0.427,0.468,0.716,0.868,0.636,0.841,0.701,0.499,0.097,0.939,0.911,0.665,0.955,0.508,,,,,,,,0.728,,,,,,,0.563,,0.6013743,,,0.522,0.276,0.786,0.743,0.432,0.637,0.768,0.001,0.901,0.669,,0.456,0.789,0.338,0.264,0.104,0.135,0.814,0.852,0.713,0.728,0.402,0.098,0.801,0.049,0.882,0.754,0.879,0.898,0.981,0.252,0.915,0.017,0.145,0.626,0.233,0.095,0.031,0.682,0.847,0.769,0.255,0.941,0.65,0.403,0.596,0.943,0.894,0.316,,0.114,0.326,0.787,0.023,0.785,0.599,0.392
2021,0.038,0.462,0.882,0.438,0.777,0.827,0.935,0.925,0.266,0.128,0.97,0.823,0.77,0.234,0.791,0.22,0.727,0.085,0.716,0.565,0.873,0.788,0.809,0.22,0.924,0.977,0.867,0.14,0.584,0.439,0.198,0.228,0.579,0.303,0.851,0.948,0.113,0.882,0.917,0.984,0.362,0.964,0.737,0.411,0.811,0.191,0.008,0.957,0.968,0.402,0.974,0.639,0.913,0.81,0.87,0.786,0.813,0.132,0.856,0.622,0.125,0.922,0.484,0.783,0.659,0.526,0.83,0.298,0.834,0.604,0.521,0.962,0.201,0.304,0.967,0.894,0.899,0.869,0.692,0.939,0.467,0.644,0.577,0.164,0.925,0.609,0.102,0.5,0.724,0.05,0.519,0.752,0.881,0.947,0.957,0.588,0.78,0.508,0.555,0.47,0.694,0.581,0.879,0.039,0.821,0.745,0.437,0.398,0.656,0.867,0.606,0.847,0.736,0.515,0.056,0.938,0.911,0.645,0.943,0.493,,,,,,,,0.729,,,,,,,0.571,,0.59512293,,,0.606,0.284,0.783,0.732,0.392,0.616,0.755,0.001,0.882,0.647,,0.37,0.801,0.334,0.241,0.104,0.147,0.833,0.85,0.72,0.761,0.321,0.133,0.802,0.075,0.882,0.817,0.88,0.887,0.981,0.167,0.925,0.038,0.128,0.626,0.233,0.082,0.03,0.715,0.815,0.746,0.243,0.941,0.701,0.37,0.614,0.923,0.932,0.315,,0.177,0.3,0.787,0.026,0.79,0.665,0.331
2022,0.008,0.478,0.88,0.438,0.794,0.841,0.941,0.91,0.247,0.196,0.97,0.816,0.749,0.259,0.867,0.22,0.719,0.087,0.698,0.553,0.873,0.787,0.768,0.208,0.885,0.977,0.915,0.135,0.59,0.435,0.242,0.25,0.707,0.301,0.852,0.948,0.123,0.894,0.97,0.984,0.362,0.981,0.721,0.334,0.781,0.236,0.013,0.965,0.97,0.348,0.972,0.627,0.913,0.851,0.874,0.799,0.82,0.128,0.869,0.511,0.102,0.918,0.454,0.715,0.639,0.642,0.866,0.213,0.843,0.653,0.487,0.966,0.156,0.326,0.967,0.903,0.921,0.88,0.702,0.947,0.49,0.649,0.539,0.142,0.915,0.582,0.117,0.456,0.724,0.057,0.605,0.768,0.911,0.966,0.96,0.588,0.852,0.508,0.581,0.467,0.678,0.568,0.879,0.043,0.843,0.744,0.418,0.415,0.601,0.762,0.611,0.849,0.756,0.503,0.031,0.931,0.927,0.657,0.96,0.486,,,,,,,,0.713,,,,,,,0.547,,0.59439105,,,0.596,0.202,0.827,0.728,0.43,0.603,0.761,0.001,0.882,0.645,,0.346,0.796,0.227,0.228,0.114,0.13,0.833,0.85,0.745,0.752,0.212,0.148,0.82,0.066,0.853,0.774,0.895,0.94,0.982,0.149,0.942,0.031,0.1,0.626,0.233,0.059,0.024,0.752,0.806,0.757,0.229,0.94,0.786,0.384,0.468,0.923,0.935,0.324,,0.165,0.295,0.831,0.037,0.789,0.734,0.337
2023,0.005,0.499,0.875,0.4,0.827,0.798,0.941,0.915,0.265,0.161,0.97,0.827,0.671,0.242,0.85,0.22,0.744,0.109,0.679,0.776,0.873,0.769,0.771,0.185,0.886,0.977,0.919,0.139,0.614,0.407,0.241,0.244,0.702,0.259,0.86,0.948,0.13,0.902,0.969,0.984,0.335,0.981,0.705,0.381,0.679,0.217,0.011,0.962,0.97,0.3,0.972,0.727,0.911,0.821,0.866,0.808,0.821,0.136,0.859,0.577,0.138,0.898,0.458,0.723,0.61,0.67,0.87,0.213,0.829,0.628,0.459,0.966,0.172,0.321,0.962,0.824,0.921,0.847,0.701,0.954,0.476,0.648,0.524,0.12,0.913,0.613,0.102,0.452,0.724,0.053,0.64,0.736,0.911,0.97,0.944,0.588,0.852,0.48,0.613,0.501,0.672,0.555,0.906,0.04,0.865,0.747,0.416,0.45,0.608,0.773,0.624,0.852,0.732,0.557,0.013,0.927,0.934,0.663,0.963,0.499,,,,,,,,0.713,,,,,,,0.494,,0.593419,,,0.584,0.195,0.803,0.744,0.452,0.605,0.796,0.001,0.872,0.645,,0.332,0.801,0.213,0.159,0.104,0.137,0.748,0.87,0.762,0.76,0.182,0.231,0.815,0.095,0.881,0.866,0.889,0.928,0.974,0.146,0.942,0.053,0.119,0.439,0.27,0.057,0.036,0.746,0.806,0.733,0.265,0.947,0.783,0.376,0.509,0.923,0.918,0.324,,0.151,0.306,0.833,0.049,0.803,0.733,0.306
2024,0.003,0.524,0.864,0.405,0.803,0.784,0.941,0.901,0.218,0.168,0.97,0.835,0.5,0.387,0.681,0.22,0.749,0.109,0.656,0.772,0.873,0.705,0.822,0.16,0.879,0.977,0.919,0.153,0.607,0.442,0.227,0.219,0.629,0.243,0.86,0.948,0.129,0.914,0.967,0.98,0.335,0.981,0.666,0.371,0.599,0.241,0.009,0.962,0.965,0.211,0.966,0.733,0.911,0.824,0.829,0.683,0.821,0.124,0.869,0.577,0.11,0.865,0.487,0.723,0.649,0.677,0.877,0.213,0.829,0.558,0.477,0.966,0.22,0.34,0.957,0.78,0.921,0.862,0.701,0.939,0.446,0.577,0.545,0.109,0.852,0.565,0.12,0.454,0.724,0.066,0.683,0.735,0.902,0.97,0.963,0.588,0.818,0.44,0.632,0.397,0.662,0.534,0.905,0.045,0.865,0.712,0.313,0.187,0.618,0.73,0.63,0.859,0.728,0.542,0.009,0.927,0.949,0.66,0.961,0.499,,,,,,,,0.69,,,,,,,0.466,,0.58264804,,,0.582,0.266,0.804,0.695,0.484,0.634,0.846,0.001,0.842,0.619,,0.302,0.76,0.203,0.14,0.13,0.069,0.76,0.87,0.774,0.782,0.202,0.231,0.813,0.095,0.881,0.839,0.839,0.923,0.974,0.163,0.949,0.043,0.105,0.437,0.27,0.077,0.041,0.766,0.806,0.698,0.265,0.946,0.787,0.361,0.417,0.903,0.903,0.303,,0.132,0.367,0.853,0.051,0.837,0.661,0.287
