Date,AFG,AGO,ALB,ARE,ARG,ARM,AUS,AUT,AZE,BDI,BEL,BEN,BFA,BGD,BGR,BHR,BIH,BLR,BOL,BRA,BRB,BTN,BWA,CAF,CAN,CHE,CHL,CHN,CIV,CMR,COD,COG,COL,COM,CPV,CRI,CUB,CYP,CZE,DEU,DJI,DNK,DOM,DZA,ECU,EGY,ERI,ESP,EST,ETH,FIN,FJI,FRA,GAB,GBR,GEO,GHA,GIN,GMB,GNB,GNQ,GRC,GTM,GUY,HKG,HND,HRV,HTI,HUN,IDN,IND,IRL,IRN,IRQ,ISL,ISR,ITA,JAM,JOR,JPN,KAZ,KEN,KGZ,KHM,KOR,KWT,LAO,LBN,LBR,LBY,LKA,LSO,LTU,LUX,LVA,MAR,MDA,MDG,MDV,MEX,MKD,MLI,MLT,MMR,MNE,MNG,MOZ,MRT,MUS,MWI,MYS,NAM,NER,NGA,NIC,NLD,NOR,NPL,NZL,OMN,OWID_BAD,OWID_BAV,OWID_GDR,OWID_GFR,OWID_HAN,OWID_HSE,OWID_HSG,OWID_KOS,OWID_MEC,OWID_MOD,OWID_PMA,OWID_RVN,OWID_SAX,OWID_SIC,OWID_SML,OWID_TUS,OWID_WRL,OWID_YAR,OWID_YPR,OWID_ZAN,PAK,PAN,PER,PHL,PNG,POL,PRK,PRT,PRY,PSE,QAT,ROU,RUS,RWA,SAU,SDN,SEN,SGP,SLB,SLE,SLV,SOM,SRB,SSD,STP,SUR,SVK,SVN,SWE,SWZ,SYC,SYR,TCD,TGO,THA,TJK,TKM,TLS,TTO,TUN,TUR,TWN,TZA,UGA,UKR,URY,USA,UZB,VAT,VEN,VNM,VUT,YEM,ZAF,ZMB,ZWE
1789,0.131,,,,0.342,,0.875,0.735,,,0.705,,,0.283,0.195,,0.195,,,0.188,,,,,,,0.148,0.033,,,,,0.306,,,,0.309,,0.735,0.482,,0.668,0.423,,,0.478,,0.289,0.269,0.136,0.856,,0.496,,0.822,,,,,,,0.195,0.577,,,,,0.082,0.773,,0.283,0.822,0.144,0.195,,0.195,,,,0.126,0.269,,,,0.096,0.494,0.245,,,0.298,,,,,0.269,0.104,0.269,,,0.323,0.195,,,,0.742,,,,,,,,,,,0.297,0.595,0.259,,0.344,0.624,0.376,,,0.722,0.63,0.674,,,0.663,0.426,,0.678,0.066,,0.912,0.42832258,,,,,,,,,0.773,0.096,0.119,,,,0.307,0.269,,0.074,,,,,,,,0.195,,,,0.773,,0.856,,,0.195,,,0.245,,,,,0.159,0.195,0.033,,,,,0.589,0.17,0.678,0.302,,,0.17,,,
1790,0.131,,,,0.342,,0.875,0.735,,,0.705,,,0.283,0.195,,0.195,,,0.188,,,,,,,0.148,0.033,,,,,0.306,,,,0.309,,0.735,0.482,,0.668,0.423,,,0.478,,0.289,0.269,0.136,0.856,,0.657,,0.822,,,,,,,0.195,0.577,,,,,0.137,0.773,,0.283,0.822,0.238,0.195,,0.195,,,,0.126,0.269,,,,0.096,0.494,0.245,,,0.298,,,,,0.269,0.047,0.269,,,0.323,0.195,,,0.083,0.742,,,,,,,,,,,0.297,0.595,0.259,,0.344,0.624,0.376,,,0.722,0.63,0.674,,0.842,0.663,0.426,,0.678,0.066,,0.912,0.43271875,,,,,,,,,0.773,0.096,0.119,,,,0.307,0.269,,0.074,,,,,,,,0.195,,,,0.773,,0.856,,,0.195,,,0.245,,,,,0.119,0.195,0.033,,,,,0.589,0.17,0.678,0.302,,,0.17,,,
1791,0.131,,,,0.342,,0.875,0.735,,,0.705,,,0.283,0.195,,0.195,,,0.188,,,,,,,0.148,0.033,,,,,0.306,,,,0.309,,0.735,0.482,,0.668,0.423,,,0.478,,0.289,0.269,0.136,0.856,,0.657,,0.822,,,,,,,0.195,0.577,,,,,0.137,0.773,,0.283,0.822,0.238,0.195,,0.195,,,,0.126,0.269,,,,0.096,0.494,0.245,,,0.298,,,,,0.269,0.047,0.269,,,0.323,0.195,,,0.083,0.742,,,,,,,,,,,0.297,0.595,0.259,,0.344,0.624,0.376,,,0.722,0.63,0.674,,0.842,0.663,0.426,,0.678,0.066,,0.912,0.43271875,,,,,,,,,0.773,0.096,0.119,,,,0.307,0.269,,0.074,,,,,,,,0.195,,,,0.773,,0.856,,,0.195,,,0.245,,,,,0.119,0.195,0.033,,,,,0.589,0.17,0.678,0.302,,,0.17,,,
1792,0.131,,,,0.342,,0.875,0.735,,,0.705,,,0.283,0.195,,0.195,,,0.188,,,,,,,0.148,0.033,,,,,0.306,,,,0.309,,0.735,0.482,,0.668,0.423,,,0.478,,0.289,0.269,0.136,0.856,,0.496,,0.822,,,,,,,0.195,0.577,,,,,0.257,0.773,,0.283,0.822,0.238,0.195,,0.195,,,,0.126,0.269,,,,0.096,0.494,0.245,,,0.298,,,,,0.269,0.047,0.269,,,0.323,0.195,,,0.083,0.742,,,,,,,,,,,0.297,0.595,0.259,,0.344,0.624,0.376,,,0.722,0.63,0.674,,0.842,0.663,0.426,,0.678,0.066,,0.912,0.43207812,,,,,,,,,0.773,0.096,0.119,,,,0.307,0.269,,0.074,,,,,,,,0.195,,,,0.773,,0.856,,,0.195,,,0.245,,,,,0.119,0.195,0.033,,,,,0.589,0.17,0.678,0.302,,,0.17,,,
1793,0.131,,,,0.342,,0.875,0.735,,,0.705,,,0.283,0.195,,0.195,,,0.188,,,,,,,0.148,0.033,,,,,0.306,,,,0.309,,0.735,0.482,,0.668,0.423,,,0.478,,0.289,0.269,0.136,0.856,,0.496,,0.822,,,,,,,0.195,0.577,,,,,0.257,0.773,,0.283,0.822,0.238,0.195,,0.195,,,,0.126,0.269,,,,0.096,0.494,0.245,,,0.298,,,,,0.269,0.1,0.269,,,0.323,0.195,,,0.083,0.742,,,,,,,,,,,0.297,0.595,0.259,,0.344,0.624,0.376,,,0.722,0.63,0.674,,0.842,0.663,0.426,,0.678,0.066,,0.912,0.43290624,,,,,,,,,0.773,0.096,0.119,,,,0.307,0.269,,0.074,,,,,,,,0.195,,,,0.773,,0.856,,,0.195,,,0.245,,,,,0.119,0.195,0.033,,,,,0.589,0.17,0.678,0.302,,,0.17,,,
1794,0.131,,,,0.342,,0.875,0.735,,,0.606,,,0.283,0.195,,0.195,,,0.188,,,,,,,0.148,0.033,,,,,0.306,,,,0.309,,0.735,0.482,,0.668,0.423,,,0.478,,0.289,0.269,0.136,0.856,,0.496,,0.822,,,,,,,0.195,0.577,,,,,0.257,0.773,,0.283,0.822,0.238,0.195,,0.195,,,,0.126,0.269,,,,0.096,0.494,0.245,,,0.298,,,,,0.269,0.1,0.269,,,0.323,0.195,,,0.083,0.742,,,,,,,,,,,0.297,0.595,0.259,,0.344,0.624,0.376,,,0.722,0.63,0.674,,0.842,0.663,0.426,,0.678,0.066,,0.912,0.42904687,,,,,,,,,0.625,0.096,0.119,,,,0.307,0.269,,0.074,,,,,,,,0.195,,,,0.773,,0.856,,,0.195,,,0.245,,,,,0.119,0.195,0.033,,,,,0.589,0.17,0.678,0.302,,,0.17,,,
1795,0.131,,,,0.342,,0.875,0.416,,,0.606,,,0.283,0.195,,0.195,0.269,,0.188,,,,,,,0.148,0.033,,,,,0.306,,,,0.309,,0.416,0.482,,0.668,0.423,,,0.478,,0.289,0.269,0.136,0.856,,0.772,,0.822,,,,,,,0.195,0.577,,,,,0.257,0.773,,0.283,0.822,0.238,0.195,,0.195,,,,0.126,0.269,,,,0.096,0.494,0.245,,,0.298,,,0.269,,0.269,0.1,0.269,,,0.323,0.195,,,0.083,0.742,,,,,,,,,,,0.297,0.595,0.259,,0.344,0.624,0.376,,,0.722,0.63,0.674,,0.842,0.663,0.426,,0.678,0.066,,0.912,0.428375,,,,,,,,,0.625,0.096,0.119,,,,0.307,0.269,,0.074,,,,,,,,0.195,,,,0.773,,0.856,,,0.195,,,0.245,,,,,0.119,0.195,0.033,,,,,0.589,0.17,0.678,0.302,,,0.17,,,
1796,0.131,,,,0.342,,0.875,0.737,,,0.772,,,0.283,0.195,,0.195,0.269,,0.188,,,,,,,0.148,0.033,,,,,0.306,,,,0.309,,0.737,0.482,,0.668,0.423,,,0.478,,0.289,0.269,0.136,0.856,,0.772,,0.822,,,,,,,0.195,0.577,,,,,0.257,0.773,,0.283,0.822,0.238,0.195,,0.195,,,,0.126,0.269,,,,0.096,0.494,0.245,,,0.298,,,0.269,,0.269,0.1,0.269,,,0.323,0.195,,,0.083,0.742,,,,,,,,,,,0.297,0.595,0.259,,0.344,0.624,0.376,,,0.722,0.63,0.674,,0.842,0.663,0.426,,0.678,0.066,,0.912,0.42751613,,,,,,,,,,0.096,0.119,,,,0.307,0.269,,0.074,,,,,,,,0.195,,,,0.773,,0.856,,,0.195,,,0.245,,,,,0.119,0.195,0.033,,,,,0.589,0.17,0.678,0.302,,,0.17,,,
1797,0.131,,,,0.342,,0.875,0.737,,,0.772,,,0.283,0.195,,0.195,0.269,,0.188,,,,,,,0.148,0.033,,,,,0.306,,,,0.309,,0.737,0.482,,0.668,0.423,,,0.478,,0.289,0.269,0.136,0.856,,0.772,,0.822,,,,,,,0.195,0.577,,,,,0.257,0.773,,0.283,0.822,0.238,0.195,,0.195,,,,0.126,0.269,,,,0.096,0.494,0.245,,,0.298,,,0.269,,0.269,0.1,0.269,,,0.323,0.195,,,0.083,0.742,,,,,,,,,,,0.206,0.595,0.259,,0.344,0.624,0.376,,,0.722,0.63,0.674,,0.842,0.812,0.426,,0.678,0.066,,0.912,0.42845163,,,,,,,,,,0.096,0.119,,,,0.307,0.269,,0.074,,,,,,,,0.195,,,,0.773,,0.856,,,0.195,,,0.245,,,,,0.119,0.195,0.033,,,,,0.589,0.17,0.678,0.302,,,0.17,,,
1798,0.131,,,,0.342,,0.875,0.737,,,0.772,,,0.283,0.195,,0.195,0.368,,0.188,,,,,,0.806,0.148,0.033,,,,,0.306,,,,0.309,,0.737,0.482,,0.668,0.423,,,0.478,,0.289,0.368,0.136,0.856,,0.772,,0.822,,,,,,,0.195,0.577,,,,,0.193,0.773,,0.283,0.822,0.238,0.195,,0.195,,,,0.126,0.368,,,,0.096,0.494,0.245,,,0.298,,,0.368,,0.368,0.1,0.368,,,0.323,0.195,,,0.083,0.742,,,,,,,,,,,0.206,0.595,0.259,,0.344,0.624,0.376,,,0.722,0.63,0.674,,0.842,,0.426,,0.678,0.066,,0.912,0.42946774,,,,,,,,,,0.096,0.119,,,,0.307,0.368,,0.074,,,,,,,,0.195,,,,0.773,,0.856,,,0.195,,,0.245,,,,,0.119,0.195,0.033,,,,,0.589,0.17,0.712,0.302,,,0.17,,,
1799,0.131,,,,0.342,,0.875,0.737,,,0.772,,,0.283,0.195,,0.195,0.368,,0.188,,,,,,0.806,0.148,0.033,,,,,0.306,,,,0.309,,0.737,0.482,,0.668,0.423,,,0.478,,0.289,0.368,0.136,0.856,,0.772,,0.822,,,,,,,0.195,0.577,,,,,0.098,0.773,,0.283,0.822,0.238,0.195,,0.195,,,,0.126,0.368,,,,0.096,0.494,0.245,,,0.298,,,0.368,,0.368,0.1,0.368,,,0.323,0.195,,,0.083,0.742,,,,,,,,,,,0.361,0.595,0.259,,0.344,0.624,0.376,,,0.722,0.63,0.674,,0.842,,0.426,,0.678,0.066,,0.912,0.4368226,,,,,,,,,,0.096,0.119,,,,0.307,0.368,,0.074,,,,,,,,0.195,,,,0.773,,0.856,,,0.195,,,0.245,,,,,0.119,0.195,0.033,,,,,0.589,0.17,0.712,0.302,,,0.17,,,
1800,0.131,,,,0.342,,0.875,0.737,,,0.49,,,0.283,0.195,,0.195,0.368,,0.188,,,,,,0.806,0.148,0.033,,,,,0.306,,,,0.309,,0.737,0.482,,0.668,0.423,,,0.478,,0.289,0.368,0.136,0.856,,0.49,,0.822,,,,,,,0.195,0.577,,,,,0.098,0.773,0.154,0.283,0.822,0.238,0.195,,0.195,,,,0.126,0.368,,,,0.096,0.494,0.245,,,0.298,,,0.368,,0.368,0.1,0.368,,,0.323,0.195,,,0.083,0.742,,,,,,,,,,,0.361,0.595,0.259,,0.344,0.624,0.376,,,0.722,0.63,0.674,,0.842,,0.426,,0.678,0.066,,0.912,0.4210159,,,,,,,,,,0.096,0.119,,,,0.307,0.368,,0.074,,,,,,,,0.195,,,,0.773,,0.856,,,0.195,,,0.245,,,,,0.119,0.195,0.033,,,,,0.589,0.17,0.681,0.302,,,0.17,,,
1801,0.131,,,,0.342,,0.875,0.737,,,0.49,,,0.283,0.195,,0.195,0.368,,0.188,,,,,,0.806,0.148,0.033,,,,,0.306,,,,0.309,,0.737,0.482,,0.668,0.423,,,0.478,,0.289,0.368,0.136,0.856,,0.49,,0.822,0.368,,,,,,0.195,0.577,,,,,0.098,0.773,0.154,0.283,0.822,0.238,0.195,,0.195,,,,0.126,0.368,,,,0.096,0.494,0.245,,,0.298,,,0.368,,0.368,0.1,0.368,,,0.323,0.195,,,0.083,0.742,,,,,,,,,,,0.361,0.595,0.259,,0.344,0.624,0.485,,,0.722,0.63,0.674,,0.842,,0.426,,0.678,0.066,,0.912,0.42914286,,,,,,,,,,0.096,0.119,,,,0.307,0.368,,0.074,,,,,,,,0.195,,,,0.773,,0.856,,,0.195,,,0.245,,,,,0.119,0.195,0.033,,,,,0.589,0.17,0.681,0.302,,,0.17,,,
1802,0.131,,,,0.342,,0.875,0.737,,,0.49,,,0.283,0.195,,0.195,0.368,,0.188,,,,,,0.806,0.148,0.033,,,,,0.306,,,,0.309,,0.737,0.482,,0.668,0.423,,,0.478,,0.289,0.368,0.136,0.856,,0.49,,0.822,0.368,,,,,,0.195,0.577,,,,,0.084,0.773,0.154,0.283,0.822,0.238,0.195,,0.195,,,,0.126,0.368,,,,0.096,0.494,0.245,,,0.298,,,0.368,,0.368,0.1,0.368,,,0.323,0.195,,,0.083,0.742,,,,,,,,,,,0.361,0.595,0.259,,0.344,0.624,0.485,,,0.722,0.63,0.674,,0.842,,0.426,0.573,0.678,0.066,,0.912,0.43117186,,,,,,,,,,0.096,0.119,,,,0.307,0.368,,0.074,,,,,,,,0.195,,,,0.773,,0.856,,,0.195,,,0.245,,,,,0.119,0.195,0.033,,,,,0.589,0.17,0.681,0.302,,,0.17,,,
1803,0.131,,,,0.342,,0.875,0.737,,,0.49,,,0.283,0.195,,0.195,0.368,,0.188,,,,,,0.806,0.148,0.033,,,,,0.306,,,,0.309,,0.737,0.482,,0.668,0.423,,,0.478,,0.289,0.368,0.136,0.856,,0.49,,0.822,0.368,,,,,,0.195,0.577,,,,,0.084,0.773,0.154,0.283,0.822,0.238,0.195,,0.195,,,,0.126,0.368,,,,0.096,0.494,0.245,,,0.298,,,0.368,,0.368,0.1,0.368,,,0.323,0.195,,,0.083,0.742,,,,,,,,,,,0.361,0.595,0.259,,0.344,0.624,0.485,,,0.722,0.63,0.851,,0.842,,,0.573,0.678,0.066,,0.912,0.42768255,,,,,,,,,,0.096,0.119,,,,0.307,0.368,,0.074,,,,,,,,0.195,,,,0.773,,0.856,,,0.195,,,0.245,,,,,0.119,0.195,0.033,,,,,0.589,0.17,0.681,0.302,,,0.17,,,
1804,0.131,,,,0.342,,0.875,0.737,,,0.49,,,0.283,0.195,,0.195,0.368,,0.188,,,,,,0.806,0.148,0.033,,,,,0.306,,,,0.309,,0.737,0.482,,0.668,0.423,,,0.478,,0.289,0.368,0.136,0.856,,0.49,,0.822,0.368,,,,,,0.195,0.577,,,,,0.084,0.773,0.154,0.283,0.822,0.238,0.195,,0.195,,,,0.126,0.368,,,,0.096,0.494,0.245,,,0.298,,,0.368,,0.368,0.1,0.368,,,0.323,0.195,,,0.083,0.742,,,,,,,,,,,0.361,0.595,0.259,,0.344,0.624,0.485,,,0.722,0.63,0.851,,0.842,,,0.573,0.678,0.066,,0.912,0.42254686,,,,,,,,,,0.096,0.119,,,,0.307,0.368,,0.074,,,,,,,,0.099,,,,0.773,0.737,0.856,,,0.195,,,0.245,,,,,0.119,0.195,0.033,,,,,0.589,0.17,0.681,0.302,,,0.17,,,
1805,0.131,,,,0.342,,0.875,0.737,,,0.49,,,0.283,0.195,,0.195,0.368,,0.188,,,,,,0.806,0.148,0.033,,,,,0.306,,,,0.309,,0.737,0.482,,0.668,0.423,,,0.478,,0.289,0.368,0.136,0.856,,0.49,,0.822,0.368,,,,,,0.195,0.577,,,,,0.1,0.773,0.154,0.283,0.822,0.238,0.195,,0.195,,,,0.126,0.368,,,,0.096,0.494,0.245,,,0.298,,,0.368,,0.368,0.1,0.368,,,0.323,0.195,,,0.083,0.742,,,,,,,,,,,0.361,0.595,0.259,,0.344,0.624,0.485,,,0.722,0.63,0.851,,0.842,,,0.573,0.678,0.066,,0.912,0.42279688,,,,,,,,,,0.096,0.119,,,,0.307,0.368,,0.074,,,,,,,,0.099,,,,0.773,0.737,0.856,,,0.195,,,0.245,,,,,0.119,0.195,0.033,,,,,0.589,0.17,0.681,0.302,,,0.17,,,
1806,0.131,,,,0.342,,0.875,0.737,,,0.49,,,0.283,0.195,,0.195,0.368,,0.188,,,,,,0.806,0.148,0.033,,,,,0.306,,,,0.309,,0.737,0.482,,0.668,0.548,,,0.478,,0.289,0.368,0.136,0.856,,0.49,,0.822,0.368,,,,,,0.195,0.577,,,,,0.1,0.773,0.154,0.283,0.822,0.238,0.195,,0.195,,,,0.126,0.368,,,,0.096,0.494,0.245,,,0.298,,,0.368,,0.368,0.1,0.368,,,0.323,0.195,,,0.083,0.742,,,,,,,,,,,0.361,0.595,0.259,,0.344,0.624,0.485,,,0.722,0.63,0.851,,0.842,,,0.573,0.678,0.066,,0.912,0.42833847,,,,,,,,,,0.096,0.119,,,,0.307,0.368,,0.074,,,,,,,,0.099,,,,0.773,0.737,0.856,,,0.195,,,0.245,,,,,0.119,0.195,0.033,,,,,0.589,0.17,0.681,0.302,,,0.17,,,
1807,0.131,,,,0.342,,0.875,0.737,,,0.49,,,0.283,0.195,,0.195,0.368,,0.188,,,,,,0.806,0.148,0.033,,,,,0.306,,,,0.309,,0.737,0.482,,0.668,0.548,,,0.478,,0.289,0.368,0.136,0.856,,0.49,,0.822,0.368,,,,,,0.195,0.577,,,,,0.1,0.773,0.154,0.283,0.822,0.238,0.195,,0.195,,,,0.126,0.368,,,,0.096,0.494,0.245,,,0.298,,,0.368,,0.368,0.1,0.368,,,0.323,0.195,,,0.083,0.742,,,,,,,,,,,0.361,0.595,0.259,,0.344,0.624,0.485,,,0.722,0.63,0.851,,0.842,,,0.573,0.678,0.066,,0.912,0.43368182,,,,,,,,,0.781,0.096,0.119,,,,0.307,0.368,,0.074,,,,,,,,0.099,,,,0.773,0.737,0.856,,,0.195,,,0.245,,,,,0.119,0.195,0.033,,,,,0.589,0.17,0.681,0.302,,,0.17,,,
1808,0.131,,,,0.342,,0.875,0.737,,,0.49,,,0.283,0.195,,0.195,0.368,,0.188,,,,,,0.806,0.148,0.033,,,,,0.306,,,,0.309,,0.737,0.482,,0.668,0.548,,,0.478,,0.289,0.368,0.136,0.856,,0.49,,0.822,0.368,,,,,,0.195,0.577,,,,,0.1,0.773,0.154,0.283,0.822,0.238,0.195,,0.195,,,,0.126,0.368,,,,0.096,0.494,0.245,,,0.298,,,0.368,,0.368,0.1,0.368,,,0.323,0.195,,,0.083,0.742,,,,,,,,,,,0.361,0.595,0.259,,0.344,0.624,0.485,,,0.722,0.63,0.851,,0.842,,,0.573,0.678,0.066,,,0.41975,,,,,,,,,0.781,0.096,0.119,,,,0.307,0.368,,0.074,,,,,,,,0.099,,,,0.773,0.737,0.856,,,0.195,,,0.245,,,,,0.119,0.195,0.033,,,,,0.589,0.17,0.681,0.302,,,0.17,,,
1809,0.131,,,,0.342,,0.875,0.737,,,0.49,,,0.283,0.195,,0.195,0.368,,0.188,,,,,,0.806,0.148,0.033,,,,,0.306,,,,0.309,,0.737,0.482,,0.668,0.548,,,0.478,,0.289,0.368,0.136,0.704,,0.49,,0.822,0.368,,,,,,0.195,0.577,,,,,0.1,0.773,0.154,0.283,0.822,0.238,0.195,,0.195,,,,0.126,0.368,,,,0.096,0.494,0.245,,,0.298,,,0.368,,0.368,0.1,0.368,,,0.589,0.195,,,0.083,0.742,,,,,,,,,,,0.361,0.595,0.259,,0.344,0.624,0.485,,,0.722,0.63,0.851,,0.842,,,0.573,0.678,0.066,,,0.43092424,,,,,,,,,0.781,0.096,0.119,,,,0.307,0.368,,0.074,,,,,,,,0.099,,,,0.773,0.737,0.856,,,0.195,,,0.245,,,,,0.119,0.195,0.033,,,,,0.589,0.17,0.681,0.302,,,0.17,,,
1810,0.131,,,,0.342,,0.875,0.737,,,0.49,,,0.283,0.195,,0.195,0.368,,0.188,,,,,,0.806,0.261,0.033,,,,,0.183,,,,0.309,,0.737,0.482,,0.668,0.548,,,0.478,,0.289,0.368,0.136,0.704,,0.49,,0.822,0.368,,,,,,0.195,0.577,,,,,0.1,0.773,0.154,0.283,0.822,0.238,0.195,,0.195,,,,0.126,0.368,,,,0.096,0.494,0.245,,,0.298,,,0.368,,0.368,0.1,0.368,,,0.49,0.195,,,0.083,0.742,,,,,,,,,,,0.361,0.595,0.259,,0.344,0.624,0.485,,,0.722,0.63,0.851,,0.842,,,0.573,0.678,0.066,,,0.4245077,,,,,,,,,0.631,0.096,0.119,,,,0.307,0.368,,0.074,,,,,,,,0.099,,,,0.773,0.737,0.856,,,0.195,,,0.245,,,,,0.119,0.195,0.033,,,,,0.589,0.17,,0.394,,,0.17,,,
1811,0.131,,,,0.421,,0.875,0.737,,,0.49,,,0.283,0.195,,0.195,0.368,,0.188,,,,,,0.806,0.261,0.033,,,,,0.183,,,,0.309,,0.737,0.482,,0.668,0.548,,,0.478,,0.289,0.368,0.136,0.704,,0.49,,0.822,0.368,,,,,,0.195,0.48,,,,,0.1,0.773,0.386,0.283,0.822,0.238,0.195,,0.195,,,,0.126,0.368,,,,0.096,0.494,0.245,,,0.298,,,0.368,,0.368,0.1,0.368,,,0.49,0.195,,,0.083,0.742,,,,,,,,,,,0.49,0.595,0.259,,0.344,0.624,0.485,,,,0.63,0.851,,0.842,,,0.573,0.678,0.066,,,0.41361904,,,,,,,,,0.631,0.096,0.119,0.186,,,0.307,0.368,,0.074,,,,,,,,0.099,,,,0.773,0.737,0.856,,,0.195,,,0.245,,,,,0.119,0.195,0.033,,,,,0.589,0.17,,0.394,,,0.17,,,
1812,0.131,,,,0.421,,0.875,0.737,,,0.49,,,0.283,0.195,,0.195,0.368,,0.188,,,,,,0.806,0.261,0.033,,,,,0.183,,,,0.309,,0.737,0.482,,0.668,0.548,,,0.478,,0.289,0.368,0.136,0.704,,0.49,,0.822,0.368,,,,,,0.195,0.48,,,,,0.1,0.773,0.386,0.283,0.822,0.238,0.195,,0.195,,,,0.126,0.368,,,,0.096,0.494,0.245,,,0.298,,,0.368,,0.368,0.1,0.368,,,0.49,0.195,,,0.083,0.742,,,,,,,,,,,0.49,0.595,0.259,,0.344,0.624,0.485,,,,0.63,0.851,,0.842,,,0.573,0.678,0.066,,,0.409,,,,,,,,,0.631,0.096,0.119,0.186,,,0.307,0.368,,0.074,,,,,,,,0.099,,,,0.773,0.737,0.856,,,0.195,,,0.245,,,,,0.119,0.195,0.033,,,,,0.589,0.17,,0.103,,,0.17,,,
1813,0.131,,,,0.421,,0.875,0.737,0.368,,0.49,,,0.283,0.195,,0.195,0.368,,0.188,,,,,,0.806,0.261,0.033,,,,,0.183,,,,0.309,,0.737,0.482,,0.668,0.548,,,0.478,,0.289,0.368,0.136,0.704,,0.49,,0.822,0.368,,,,,,0.195,0.48,,,,,0.1,0.773,0.386,0.283,0.822,0.238,0.195,,0.195,,,,0.126,0.368,,,,0.096,0.494,0.245,,,0.298,,,0.368,,0.368,0.1,0.368,,,0.49,0.195,,,0.083,0.742,,,,,,,,,,,0.475,0.595,0.259,,0.344,0.624,0.762,,,0.718,0.63,0.851,,0.842,,,0.573,0.678,0.066,,,0.42725372,,,,,,,,,0.631,0.096,0.119,0.186,,,0.307,0.368,,0.074,,,,,,,,0.099,,,,0.773,0.737,0.856,,,0.195,,,0.245,,,,,0.119,0.195,0.033,,,,,0.589,0.17,,0.103,,,0.17,,,
1814,0.131,,,,0.421,,0.875,0.737,0.368,,0.475,,,0.283,0.195,,0.195,0.368,,0.188,,,,,,0.806,0.261,0.033,,,,,0.183,,,,0.309,,0.737,0.482,,0.668,0.548,,,0.478,,0.289,0.368,0.136,0.704,,0.49,,0.822,0.368,,,,,,0.195,0.48,,,,,0.1,0.773,0.386,0.283,0.822,0.238,0.195,,0.195,,,,0.126,0.368,,,,0.096,0.494,0.245,,,0.298,,,0.368,,0.368,0.1,0.368,,,0.49,0.195,,,0.083,0.742,,,,,,,,,,,0.475,0.595,0.259,,0.344,0.624,0.762,,,0.718,0.63,0.851,,0.842,0.804,0.808,0.573,0.678,0.066,,0.911,0.4586143,,,,,,,,,0.631,0.096,0.119,0.116,,,0.307,0.368,,0.074,,,,,,,,0.195,,,,0.773,0.737,0.856,,,0.195,,,0.245,,,,,0.119,0.195,0.033,,,,,0.589,0.17,0.679,0.103,,,0.17,,,
1815,0.131,,,,0.421,,0.875,0.737,0.368,,0.764,,,0.283,0.195,,0.195,0.368,,0.188,,,,,,0.806,0.261,0.033,,,,,0.183,,,,0.309,,0.737,0.482,,0.668,0.548,,,0.478,,0.289,0.368,0.136,0.704,,0.633,,0.822,0.368,,,,,,0.195,0.48,,,,,0.1,0.773,0.386,0.283,0.822,0.238,0.195,,0.195,0.293,,,0.126,0.368,,,,0.096,0.494,0.245,,,0.298,,,0.368,0.885,0.368,0.1,0.368,,,0.49,0.195,,,0.083,0.742,,,,,,,,,,,0.764,0.922,0.259,,0.344,0.624,0.762,,,0.848,0.63,0.851,,0.842,0.804,0.808,0.573,0.678,0.066,,0.911,0.47348613,,,,,,,,,0.631,0.096,0.119,0.116,,,0.307,0.368,,0.074,,,,,,,,0.19,,,,0.773,0.737,0.856,,,0.195,,,0.245,,,,,0.119,0.195,0.033,,,,,0.589,0.17,0.679,0.127,,,0.17,,,
1816,0.131,,,,0.421,,0.875,0.737,0.368,,0.764,,,0.283,0.195,,0.195,0.368,,0.188,,,,,,0.806,0.261,0.033,,,,,0.183,,,,0.309,,0.737,0.482,,0.668,0.548,,,0.478,,0.289,0.368,0.136,0.704,,0.633,,0.822,0.368,,,,,,0.195,0.48,,,,,0.1,0.773,0.245,0.283,0.822,0.238,0.195,,0.195,0.293,,,0.126,0.368,,,,0.096,0.494,0.245,,,0.298,,,0.368,0.885,0.368,0.1,0.368,,,0.417,0.195,,,0.083,0.742,,,,,,,,,,,0.764,0.922,0.259,,0.344,0.624,0.762,,,0.848,0.63,0.851,,0.842,0.804,0.808,0.573,0.678,0.066,,0.911,0.47051388,,,,,,,,,0.631,0.096,0.119,0.116,,,0.307,0.368,,0.074,,,,,,,,0.19,,,,0.773,0.737,0.856,,,0.195,,,0.245,,,,,0.119,0.195,0.033,,,,,0.589,0.17,0.679,0.127,,,0.17,,,
1817,0.131,,,,0.421,,0.875,0.737,0.368,,0.764,,,0.283,0.195,,0.195,0.368,,0.188,,,,,,0.806,0.261,0.033,,,,,0.183,,,,0.309,,0.737,0.482,,0.668,0.548,,,0.478,,0.289,0.368,0.136,0.704,,0.633,,0.822,0.368,,,,,,0.195,0.48,,,,,0.1,0.773,0.245,0.283,0.822,0.238,0.195,,0.195,0.293,,,0.126,0.368,,,,0.096,0.494,0.245,,,0.298,,,0.368,0.885,0.368,0.1,0.368,0.052,,0.417,0.195,,,0.083,0.742,,,,,,,,,,,0.764,0.922,0.259,,0.344,0.624,0.762,,,0.848,0.63,0.851,,0.842,0.804,0.808,0.573,0.678,0.066,,0.911,0.46478084,,,,,,,,,0.631,0.096,0.119,0.116,,,0.307,0.368,,0.074,,,,,,,,0.19,,,,0.773,0.737,0.856,,,0.195,,,0.245,,,,,0.119,0.195,0.033,,,,,0.589,0.17,0.679,0.127,,,0.17,,,
1818,0.131,,,,0.421,,0.875,0.737,0.368,,0.764,,,0.283,0.195,,0.195,0.368,,0.188,,,,,,0.806,0.261,0.033,,,,,0.183,,,,0.309,,0.737,0.482,,0.668,0.548,,,0.478,,0.289,0.368,0.136,0.704,,0.633,,0.822,0.368,,,,,,0.195,0.48,,,,,0.1,0.773,0.245,0.283,0.822,0.238,0.195,,0.195,0.293,,,0.126,0.368,,,,0.096,0.494,0.245,,,0.298,,,0.368,0.885,0.368,0.1,0.368,0.052,,0.417,0.195,,,0.083,0.742,,,,,,,,,,,0.764,0.922,0.259,,0.344,0.624,0.762,,,0.848,0.63,0.851,,0.842,0.804,0.808,0.573,0.678,0.066,,0.911,0.46478084,,,,,,,,,0.631,0.096,0.119,0.116,,,0.307,0.368,,0.074,,,,,,,,0.19,,,,0.773,0.737,0.856,,,0.195,,,0.245,,,,,0.119,0.195,0.033,,,,,0.589,0.17,0.679,0.127,,,0.17,,,
1819,0.131,,,,0.421,,0.875,0.737,0.368,,0.764,,,0.283,0.195,,0.195,0.368,,0.188,,,,,,0.806,0.369,0.033,,,,,0.183,,,,0.309,,0.737,0.482,,0.668,0.548,,,0.478,,0.289,0.368,0.136,0.704,,0.633,,0.822,0.368,,,,,,0.195,0.48,,,,,0.1,0.773,0.245,0.283,0.822,0.238,0.195,,0.195,0.293,,,0.126,0.368,,,,0.096,0.494,0.245,,,0.298,,,0.368,0.885,0.368,0.1,0.368,0.052,,0.417,0.195,,,0.083,0.742,,,,,,,,,,,0.764,0.922,0.259,,0.344,0.624,0.762,,,0.848,0.63,0.851,,0.842,0.804,0.808,0.573,0.678,0.066,,0.911,0.47170833,,,,,,,,,0.631,0.096,0.119,0.116,,,0.307,0.368,,0.195,,,,,,,,0.19,,,,0.773,0.737,0.856,,,0.195,,,0.245,,,,,0.119,0.195,0.033,,,,,0.589,0.17,0.679,0.127,,,0.17,,,
1820,0.131,,,,0.421,,0.875,0.737,0.368,,0.764,,,0.283,0.195,,0.195,0.368,,0.188,,,,,,0.806,0.369,0.033,,,,,0.297,,,,0.309,,0.737,0.482,,0.668,0.548,,,0.478,,0.289,0.368,0.136,0.704,,0.633,,0.822,0.368,,,,,,0.195,0.48,,,,,0.1,0.773,0.245,0.283,0.822,0.238,0.195,,0.195,0.293,,,0.126,0.368,,,,0.096,0.494,0.245,,,0.298,,,0.368,0.885,0.368,0.1,0.368,0.052,,0.366,0.195,,,0.083,0.742,,,,,,,,,,,0.764,0.922,0.259,,0.344,0.624,0.762,,,0.848,0.63,0.851,,0.842,0.804,0.808,0.435,0.678,0.066,,0.911,0.478,,,,,,,,,0.631,0.096,0.296,0.116,,,0.307,0.368,,0.195,,,,,,,,0.19,,,,0.773,0.737,0.856,,,0.195,,,0.245,,,,,0.119,0.195,0.033,,,,,0.589,0.17,0.679,,,,0.17,,,
1821,0.131,,,,0.421,,0.875,0.737,0.368,,0.764,,,0.283,0.195,,0.195,0.368,,0.188,,,,,,0.806,0.369,0.033,,,,,0.297,,,,0.309,,0.737,0.482,,0.668,0.548,,,0.478,,0.423,0.368,0.136,0.704,,0.633,,0.822,0.368,,,,,,0.195,0.48,,,,,0.349,0.773,0.245,0.283,0.822,0.238,0.195,,0.195,0.293,,,0.126,0.368,,,,0.096,0.494,0.245,,0.272,0.298,,,0.368,0.885,0.368,0.1,0.368,0.052,,0.366,0.195,,,0.083,0.742,,,,,,,,,,,0.764,0.922,0.259,,0.344,0.624,0.762,,,0.848,0.63,0.851,,0.842,0.804,0.808,0.435,0.678,0.066,,0.911,0.4809178,,,,,,0.514,,,0.631,0.096,0.296,0.116,,,0.307,0.368,,0.195,0.478,,,,,,,0.19,0.478,,,0.773,0.737,0.856,,,0.195,,,0.245,,,,,0.119,0.195,0.033,,,,,0.589,0.17,0.679,,,,0.17,,,
1822,0.131,,,,0.421,,0.875,0.737,0.273,,0.764,,,0.283,0.195,,0.195,0.273,,0.188,,,,,,0.806,0.369,0.033,,,,,0.297,,,,0.309,,0.737,0.482,,0.668,0.548,,,0.478,,0.423,0.273,0.136,0.704,,0.633,,0.822,0.273,,,,,,0.711,,,,,,0.349,0.773,0.245,0.283,0.822,0.238,0.195,,0.195,0.293,,,0.126,0.273,,,,0.096,0.494,0.245,,0.272,0.298,,,0.273,0.885,0.273,0.1,0.273,0.052,,0.366,0.195,,,0.083,0.742,,,,,,,,,,,0.764,0.922,0.259,,0.344,0.624,0.762,,,0.848,0.63,0.851,,0.842,0.804,0.808,0.435,0.678,0.066,,0.911,0.48175675,,,,,,0.514,,,0.631,0.096,0.621,0.116,,,0.307,0.273,,0.082,0.478,,,,,,,0.19,0.478,,,0.773,0.737,0.856,,,0.195,,,0.245,,,,,0.119,0.195,0.033,,,,,0.589,0.17,0.679,,,,0.17,,,
1823,0.131,,,,0.421,,0.875,0.737,0.273,,0.764,,,0.283,0.195,,0.195,0.273,,0.188,,,,,,0.806,0.707,0.033,,,,,0.297,,,,0.309,,0.737,0.482,,0.668,,,,0.478,,0.423,0.273,0.136,0.704,,0.633,,0.822,0.273,,,,,,0.711,0.486,,,,,0.349,0.773,0.245,0.283,0.822,0.238,0.195,,0.195,0.293,,,0.126,0.273,,,,0.096,0.494,0.245,,0.272,0.298,,,0.273,0.885,0.273,0.1,0.273,0.052,,0.366,0.195,,,0.083,0.742,,,,,,,,,,,0.764,0.922,0.259,,0.344,0.624,0.762,,,0.848,0.63,0.851,,0.842,0.804,0.808,0.435,0.678,0.066,,0.911,0.48548648,,,,,,0.514,,,0.631,0.096,0.621,0.116,,,0.307,0.273,,0.082,0.478,,,,,,,0.19,0.478,,,0.773,0.737,0.856,,,0.195,,,0.245,,,,,0.119,0.195,0.033,,,,,0.589,0.17,0.679,,,,0.17,,,
1824,0.131,,,,0.421,,0.875,0.737,0.273,,0.764,,,0.283,0.195,,0.195,0.273,,0.188,,,,,,0.806,0.725,0.033,,,,,0.297,,,,0.309,,0.737,0.482,,0.668,,,,0.478,,0.286,0.273,0.136,0.704,,0.633,,0.822,0.273,,,,,,0.711,0.486,,,,,0.349,0.773,0.245,0.283,0.822,0.238,0.195,,0.195,0.293,,,0.126,0.273,,,,0.096,0.494,0.245,,0.272,0.298,,,0.273,0.885,0.273,0.1,0.273,0.052,,0.366,0.195,,,0.083,0.742,,,,,,,,,,,0.764,0.922,0.259,,0.344,0.624,0.762,,,0.848,0.63,0.851,,0.842,0.804,0.808,0.435,0.678,0.066,,0.911,0.48387837,,,,,,0.514,,,0.631,0.096,0.621,0.116,,,0.307,0.273,,0.082,0.478,,,,,,,0.19,0.478,,,0.773,0.737,0.856,,,0.195,,,0.245,,,,,0.119,0.195,0.033,,,,,0.589,0.17,0.679,,,,0.17,,,
1825,0.131,,,,0.421,,0.875,0.737,0.273,,0.764,,,0.283,0.195,,0.195,0.273,0.435,0.188,,,,,,0.806,0.725,0.033,,,,,0.297,,,,0.309,,0.737,0.482,,0.668,,,,0.478,,0.286,0.273,0.136,0.704,,0.633,,0.822,0.273,,,,,,0.711,0.486,,,,,0.349,0.773,0.245,0.283,0.822,0.238,0.195,,0.195,0.293,,,0.126,0.273,,,,0.096,0.494,0.245,,0.272,0.298,,,0.273,0.885,0.273,0.1,0.273,0.052,,0.366,0.195,,,0.083,0.742,,,,,,,,,,,0.764,0.922,0.259,,0.344,0.624,0.762,,,0.848,0.63,0.851,,0.842,0.804,0.808,0.435,0.678,0.066,,0.911,0.48753947,,,,,,0.514,,,0.631,0.096,0.621,0.116,,,0.307,0.273,,0.082,0.478,,,,,,,0.19,0.478,,,0.773,0.737,0.856,,,0.195,,,0.245,,,,,0.119,0.195,0.033,,,,0.811,0.589,0.17,0.679,,,,0.17,,,
1826,0.131,,,,0.421,,0.875,0.737,0.369,,0.764,,,0.283,0.195,,0.195,0.369,0.435,0.188,,,,,,0.806,0.725,0.033,,,,,0.297,,,,0.309,,0.737,0.482,,0.668,,,,0.478,,0.286,0.369,0.136,0.704,,0.633,,0.822,0.369,,,,,,0.711,0.486,,,,,0.349,0.773,0.245,0.283,0.822,0.238,0.195,,0.195,0.293,,,0.126,0.369,,,,0.096,0.494,0.245,,0.272,0.298,,,0.369,0.885,0.369,0.1,0.369,0.052,,0.366,0.195,,,0.083,0.742,,,,,,,,,,,0.764,0.922,0.259,,0.344,0.624,0.762,,,0.848,0.63,0.851,,0.842,0.804,0.808,0.435,0.678,0.066,,0.911,0.4838421,,,,,,0.514,,,0.631,0.096,0.367,0.116,,,0.307,0.369,,0.082,0.478,,,,,,,0.19,0.478,,,0.773,0.737,0.856,,,0.195,,,0.245,,,,,0.119,0.195,0.033,,,,0.811,0.589,0.047,0.679,,,,0.17,,,
1827,0.131,,,,0.421,,0.875,0.737,0.369,,0.764,,,0.283,0.195,,0.195,0.369,0.435,0.188,,,,,,0.806,0.725,0.033,,,,,0.297,,,,0.309,,0.737,0.482,,0.668,,,,0.478,,0.286,0.369,0.136,0.704,,0.633,,0.822,0.369,,,,,,0.711,0.486,,,,,0.349,0.773,0.245,0.283,0.822,0.238,0.195,,0.195,0.293,,,0.126,0.369,,,,0.096,0.494,0.245,,0.272,0.298,,,0.369,0.885,0.369,0.1,0.369,0.052,,0.366,0.195,,,0.083,0.742,,,,,,,,,,,0.764,0.922,0.259,,0.344,0.624,0.762,,,0.848,0.63,0.851,,0.842,0.804,0.808,0.435,0.678,0.066,,0.911,0.48369735,,,,,,0.514,,,0.631,0.096,0.242,0.116,,,0.307,0.369,,0.082,0.478,,,,,,,0.304,0.478,,,0.773,0.737,0.856,,,0.195,,,0.245,,,,,0.119,0.195,0.033,,,,0.811,0.589,0.047,0.679,,,,0.17,,,
1828,0.131,,,,0.421,,0.875,0.737,0.369,,0.764,,,0.283,0.195,,0.195,0.369,0.435,0.188,,,,,,0.806,0.725,0.033,,,,,0.297,,,,0.309,,0.737,0.482,,0.668,,,,0.478,,0.286,0.369,0.136,0.704,,0.633,,0.822,0.369,,,,,,0.711,0.486,,,,,0.349,0.773,0.245,0.283,0.822,0.238,0.195,,0.195,0.293,,,0.126,0.369,,,,0.096,0.494,0.245,,0.272,0.298,,,0.369,0.885,0.369,0.1,0.369,0.052,,0.366,0.195,,,0.083,0.742,,,,,,,,,,,0.764,0.922,0.259,,0.344,0.624,0.762,,,0.848,0.63,0.851,,0.842,0.804,0.808,0.435,0.678,0.066,,0.911,0.48369735,,,,,,0.514,,,0.631,0.096,0.242,0.116,,,0.307,0.369,,0.082,0.478,,,,,,,0.304,0.478,,,0.773,0.737,0.856,,,0.195,,,0.245,,,,,0.119,0.195,0.033,,,,0.811,0.589,0.047,0.679,,,,0.17,,,
1829,0.131,,,,0.421,,0.875,0.737,0.369,,0.764,,,0.283,0.195,,0.195,0.369,0.435,0.188,,,,,,0.806,0.725,0.033,,,,,0.297,,,,0.309,,0.737,0.482,,0.668,,,,0.478,,0.286,0.369,0.136,0.704,,0.633,,0.822,0.369,,,,,,0.711,0.486,,,,,0.349,0.773,0.245,0.283,0.822,0.238,0.195,,0.195,0.293,,,0.126,0.369,,,,0.096,0.494,0.245,,0.272,0.298,,,0.369,0.885,0.369,0.1,0.369,0.052,,0.366,0.195,,,0.083,0.742,,,,,,,,,,,0.764,0.922,0.259,,0.344,0.624,0.762,,,0.848,0.63,0.851,,0.842,0.804,0.808,0.435,0.678,0.066,,0.911,0.48369735,,,,,,0.514,,,0.631,0.096,0.242,0.116,,,0.307,0.369,,0.082,0.478,,,,,,,0.304,0.478,,,0.773,0.737,0.856,,,0.195,,,0.245,,,,,0.119,0.195,0.033,,,,0.811,0.589,0.047,0.679,,,,0.17,,,
1830,0.131,,,,0.421,,0.875,0.737,0.271,,0.848,,,0.283,0.195,,0.195,0.271,0.435,0.188,,,,,,0.806,0.486,0.033,,,,,0.297,,,,0.309,,0.737,0.482,,0.668,,,0.155,0.478,,0.286,0.271,0.136,0.704,,0.768,,0.822,0.271,,,,,,0.711,0.486,,,,,0.349,0.773,0.245,0.283,0.822,0.238,0.195,,0.195,0.293,,,0.126,0.271,,,,0.096,0.494,0.245,,0.272,0.298,,,0.271,0.885,0.271,0.1,0.271,0.052,,0.366,0.195,,,0.083,0.289,,,,,,,,,,,0.764,0.922,0.259,,0.344,0.624,0.762,,,0.848,0.63,0.851,,0.842,0.804,0.808,0.408,0.678,0.066,,0.911,0.47422785,,,,,,0.514,,,0.541,0.096,0.242,0.116,,,0.434,0.271,,0.082,0.478,,,,,,,0.304,0.478,,,0.773,0.737,0.856,,,0.195,,,0.245,,,,,0.119,0.195,0.033,,,,0.811,0.589,0.047,0.679,0.345,,,0.17,,,
1831,0.131,,,,0.421,,0.875,0.737,0.271,,0.848,,,0.283,0.195,,0.195,0.271,0.435,0.188,,,,,,0.806,0.486,0.033,,,,,0.297,,,,0.309,,0.737,0.482,,0.668,,,0.155,0.478,,0.286,0.271,0.136,0.704,,0.768,,0.822,0.271,,,,,,0.499,0.486,,,,,0.349,0.773,0.245,0.283,0.822,0.238,0.195,,0.195,0.552,,,0.126,0.271,,,,0.096,0.494,0.245,,0.272,0.298,,,0.271,0.885,0.271,0.1,0.271,0.052,,0.366,0.195,,,0.083,0.289,,,,,,,,,,,0.764,0.922,0.259,,0.344,0.624,0.762,,,0.848,0.63,0.851,,0.842,0.804,0.808,0.408,0.782,0.066,,0.911,0.47412658,,,,,,0.514,,,0.541,0.096,0.242,0.116,,,0.522,0.271,,0.082,0.478,,,,,,,0.304,0.478,,,0.773,0.737,0.856,,,0.478,,,0.245,,,,,0.119,0.195,0.033,,,,0.811,0.589,0.047,0.432,0.345,,,0.17,,,
1832,0.131,,,,0.421,,0.875,0.737,0.372,,0.934,,,0.283,0.195,,0.195,0.372,0.435,0.188,,,,,,0.806,0.486,0.033,,,,,0.297,,,,0.309,,0.737,0.482,,0.668,,,0.155,0.478,,0.286,0.372,0.136,0.704,,0.768,,0.822,0.372,,,,,,0.652,0.486,,,,,0.349,0.773,0.245,0.283,0.822,0.238,0.195,,0.195,0.552,,,0.126,0.372,,,,0.096,0.494,0.245,,0.272,0.298,,,0.372,0.885,0.372,0.1,0.372,0.052,,0.366,0.195,,,0.083,0.289,,,,,,,,,,,0.764,0.922,0.259,,0.344,0.624,0.762,,,0.848,0.63,0.851,,0.842,0.804,0.808,0.408,0.782,0.066,,0.911,0.4768481,,,,,,0.514,,,0.416,0.096,0.242,0.116,,,0.522,0.372,,0.082,0.478,,,,,,,0.304,0.478,,,0.773,0.737,0.856,,,0.478,,,0.245,,,,,0.119,0.195,0.033,,,,0.811,0.589,0.047,0.432,0.345,,,0.17,,,
1833,0.131,,,,0.421,,0.875,0.737,0.372,,0.934,,,0.283,0.195,,0.195,0.372,0.435,0.188,,,,,,0.806,0.486,0.033,,,,,0.297,,,,0.309,,0.737,0.482,,0.668,,,0.155,0.478,,0.286,0.372,0.136,0.704,,0.768,,0.822,0.372,,,,,,0.652,0.486,,,,,0.349,0.773,0.245,0.283,0.822,0.238,0.195,,0.195,0.552,,,0.126,0.372,,,,0.096,0.494,0.245,,0.272,0.298,,,0.372,0.885,0.372,0.1,0.372,0.052,,0.366,0.195,,,0.083,0.289,,,,,,,,,,,0.764,0.922,0.259,,0.344,0.624,0.762,,,0.848,0.63,0.851,,0.842,0.804,0.808,0.408,0.782,0.066,,0.911,0.4768481,,,,,,0.514,,,0.416,0.096,0.242,0.116,,,0.522,0.372,,0.082,0.478,,,,,,,0.304,0.478,,,0.773,0.737,0.856,,,0.478,,,0.245,,,,,0.119,0.195,0.033,,,,0.811,0.589,0.047,0.432,0.345,,,0.17,,,
1834,0.131,,,,0.421,,0.875,0.737,0.269,,0.934,,,0.283,0.195,,0.195,0.269,0.435,0.188,,,,,,0.806,0.486,0.033,,,,,0.452,,,,0.309,,0.737,0.482,,0.668,,,0.155,0.478,,0.286,0.269,0.136,0.704,,0.768,,0.822,0.269,,,,,,0.652,0.486,,,,,0.349,0.773,0.245,0.283,0.822,0.238,0.195,,0.195,0.552,,,0.126,0.269,,,,0.096,0.494,0.245,,0.272,0.298,,,0.269,0.885,0.269,0.1,0.269,0.052,,0.366,0.195,,,0.083,0.289,,,,,,,,,,,0.764,0.922,0.259,,0.344,0.624,0.762,,,0.848,0.63,0.851,,0.842,0.804,0.808,0.408,0.782,0.066,,0.911,0.47750634,,,,,,0.514,,,0.416,0.096,0.242,0.116,,,0.522,0.269,,0.082,0.478,,,,,,,0.304,0.478,,,0.773,0.737,0.856,,,0.478,,,0.245,,,,,0.119,0.195,0.033,,,,0.811,0.589,0.047,0.432,0.345,,,0.17,,,
1835,0.131,,,,0.421,,0.875,0.737,0.366,,0.934,,,0.283,0.195,,0.195,0.366,0.435,0.188,,,,,,0.806,0.486,0.033,,,,,0.452,,,,0.262,,0.737,0.482,,0.668,,,0.155,0.478,,0.286,0.366,0.136,0.704,,0.768,,0.822,0.366,,,,,,0.652,0.486,,,,,0.349,0.773,0.245,0.283,0.822,0.238,0.195,,0.195,0.552,,,0.126,0.366,,,,0.096,0.494,0.245,,0.272,,,,0.366,0.885,0.366,0.1,0.366,0.052,,0.366,0.195,,,0.083,0.289,,,,,,,,,,,0.764,0.922,0.259,,0.344,0.624,0.762,,,0.848,0.63,0.851,,0.842,0.804,0.808,0.408,0.782,0.066,,0.911,0.48601282,,,,,,0.514,,,0.416,0.096,0.623,0.116,,,0.522,0.366,,0.082,0.478,,,,,,,0.357,0.478,,,0.773,0.737,0.856,,,0.478,,,0.245,,,,,0.119,0.195,0.033,,,,0.811,0.589,0.047,0.432,0.345,,,0.17,,,
1836,0.131,,,,0.421,,0.875,0.737,0.366,,0.934,,,0.283,0.195,,0.195,0.366,0.435,0.188,,,,,,0.806,0.486,0.033,,,,,0.452,,,,0.262,,0.737,0.482,,0.668,,,0.155,0.478,,0.286,0.366,0.136,0.704,,0.768,,0.822,0.366,,,,,,0.652,0.486,,,,,0.349,0.773,0.245,0.283,0.822,0.238,0.195,,0.195,0.552,,,0.126,0.366,,,,0.096,0.494,0.245,,0.272,,,,0.366,0.885,0.366,0.1,0.366,0.052,,0.366,0.195,,,0.083,0.289,,,,,,,,,,,0.764,0.922,0.259,,0.344,0.624,0.762,,,0.848,0.63,0.851,,0.842,0.804,0.808,0.408,0.782,0.066,,0.911,0.48601282,,,,,,0.514,,,0.416,0.096,0.623,0.116,,,0.522,0.366,,0.082,0.478,,,,,,,0.357,0.478,,,0.773,0.737,0.856,,,0.478,,,0.245,,,,,0.119,0.195,0.033,,,,0.811,0.589,0.047,0.432,0.345,,,0.17,,,
1837,0.131,,,,0.421,,0.875,0.737,0.271,,0.934,,,0.283,0.195,,0.195,0.271,0.435,0.188,,,,,,0.806,0.486,0.033,,,,,0.452,,,,0.262,,0.737,0.482,,0.669,,,0.155,0.478,,0.286,0.271,0.136,0.704,,0.768,,0.822,0.271,,,,,,0.652,0.486,,,,,0.349,0.773,0.245,0.283,0.822,0.238,0.195,,0.195,0.552,,,0.126,0.271,,,,0.096,0.494,0.245,,0.272,,,,0.271,0.885,0.271,0.1,0.271,0.052,,0.366,0.195,,,0.083,0.289,,,,,,,,,,,0.764,0.922,0.259,,0.344,0.624,0.762,,,0.848,0.63,0.851,,0.842,0.804,0.808,0.408,0.782,0.066,,0.911,0.4848077,,,,,,0.514,,,0.416,0.096,0.623,0.116,,,0.522,0.271,,0.082,0.478,,,,,,,0.357,0.478,,,0.773,0.737,0.856,,,0.478,,,0.245,,,,,0.119,0.195,0.033,,,,0.811,0.589,0.047,0.432,0.345,,,0.17,,,
1838,0.131,,,,0.421,,0.875,0.737,0.271,,0.934,,,0.283,0.195,,0.195,0.271,0.435,0.188,,,,,,0.806,0.686,0.033,,,,,0.452,,,0.743,0.262,,0.737,0.482,,0.972,,,0.155,0.478,,0.286,0.271,0.136,0.704,,0.768,,0.822,0.271,,,,,,0.652,0.224,,,0.136,,0.349,0.773,0.245,0.283,0.822,0.238,0.195,,0.195,0.552,,,0.126,0.271,,,,0.096,0.494,0.245,,0.272,,,,0.271,0.885,0.271,0.1,0.271,0.052,,0.366,0.195,,,0.083,0.289,,,,,,,,,,0.59,0.764,0.922,0.259,,0.344,0.624,0.762,,,0.848,0.63,0.851,,0.842,0.804,0.808,0.408,0.782,0.066,,0.911,0.48489025,,,,,,0.514,,,0.416,0.096,0.623,0.116,,,0.522,0.271,,0.082,0.478,,,,,0.236,,0.357,0.478,,,0.773,0.737,0.856,,,0.478,,,0.245,,,,,0.119,0.195,0.033,,,,0.811,0.589,0.047,0.432,0.345,,,0.17,,,
1839,0.131,,,,0.421,,0.875,0.737,0.271,,0.934,,,0.283,0.404,,0.404,0.271,0.435,0.188,,,,,,0.806,0.686,0.033,,,,,0.302,,,0.743,0.262,,0.737,0.482,,0.972,,,0.155,0.478,,0.286,0.271,0.136,0.704,,0.768,,0.822,0.271,,,,,,0.652,0.224,,,0.136,,0.349,0.773,0.245,0.283,0.822,0.238,0.404,,0.404,0.552,,,0.126,0.271,,,,0.096,0.494,0.245,,0.272,,,,0.271,0.885,0.271,0.1,0.271,0.052,,0.366,0.404,,,0.083,0.289,,,,,,,,,,0.59,0.764,0.922,0.259,,0.344,0.624,0.762,,,0.848,0.63,0.851,,0.842,0.804,0.808,0.408,0.782,0.066,,0.911,0.48729268,,,,0.283,,0.514,,,0.416,0.096,0.623,0.116,,,0.522,0.271,,0.082,0.478,,,,,0.236,,0.357,0.478,,,0.773,0.737,0.856,,,0.478,,,0.245,,,,,0.119,0.404,0.033,,,,0.811,0.589,0.047,0.432,0.345,,,0.17,,,
1840,0.131,,,,0.421,,0.875,0.737,0.271,,0.934,,,0.283,0.446,,0.446,0.271,0.435,0.188,,,,,,0.806,0.833,0.033,,,,,0.302,,,0.743,0.262,,0.737,0.482,,0.972,,,0.155,0.478,,0.286,0.271,0.136,0.704,,0.768,,0.822,0.271,,,,,,0.652,0.224,,,0.136,,0.349,0.773,0.245,0.283,0.822,0.238,0.446,,0.446,0.552,,,0.126,0.271,,,,0.096,0.494,0.245,,0.272,,,,0.271,0.885,0.271,0.1,0.271,0.052,,0.366,0.446,,,0.083,0.289,,,,,,,,,,0.59,0.764,0.922,0.259,,0.344,0.624,0.762,,,0.848,0.63,0.851,,0.842,0.804,0.808,0.408,0.782,0.066,,0.911,0.48993903,,,,0.283,,0.514,,,0.416,0.096,0.623,0.116,,,0.522,0.271,,0.082,0.478,,,,,0.236,,0.476,0.478,,,0.773,0.737,0.856,,,0.446,,,0.245,,,,,0.119,0.446,0.033,,,,0.72,0.589,0.047,0.432,0.345,,,0.17,,,
1841,0.131,,,,0.421,,0.947,0.737,0.271,,0.934,,,0.283,0.446,,0.446,0.271,0.435,0.188,,,,,0.95,0.806,0.833,0.033,,,,,0.302,,,0.743,0.262,,0.737,0.482,,0.972,,,0.155,0.478,,0.409,0.271,0.136,0.704,,0.768,,0.822,0.271,,,,,,0.652,0.224,,,0.136,,0.349,0.773,0.245,0.283,0.822,0.238,0.446,,0.446,0.552,,,0.126,0.271,,,,0.096,0.494,0.245,,0.272,,,,0.271,0.885,0.271,0.1,0.271,0.052,,0.366,0.446,,,0.083,0.289,,,,,,,,,,0.59,0.764,0.922,0.259,0.978,0.344,0.624,0.762,,,0.848,0.63,0.851,,0.842,0.804,0.808,0.408,0.782,0.066,,0.911,0.5035476,,,,0.283,,0.514,,,0.416,0.096,0.623,0.116,,,0.522,0.271,,0.082,0.478,,,,,0.236,,0.476,0.478,,,0.773,0.737,0.856,,,0.446,,,0.245,,,,,0.119,0.446,0.033,,,,0.72,0.589,0.047,0.432,0.345,,,0.17,,,
1842,0.131,,,,0.421,,0.947,0.737,0.271,,0.934,,,0.283,0.446,,0.446,0.271,0.435,0.188,,,,,0.95,0.806,0.833,0.033,,,,,0.302,,,0.743,0.262,,0.737,0.482,,0.972,,,0.155,0.478,,0.409,0.271,0.136,0.704,,0.768,,0.822,0.271,,,,,,0.652,0.224,,,0.136,,0.349,0.773,0.245,0.283,0.822,0.238,0.446,,0.446,0.552,,,0.126,0.271,,,,0.096,0.494,0.245,,0.272,,,,0.271,0.885,0.271,0.1,0.271,0.052,,0.366,0.446,,,0.083,0.289,,,,,,,,,,0.59,0.764,0.922,0.259,0.978,0.344,0.624,0.762,,,0.848,0.63,0.851,,0.842,0.804,0.808,0.408,0.782,0.066,,0.911,0.50420237,,,,0.283,,0.514,,,0.416,0.096,0.623,0.171,,,0.522,0.271,,0.082,0.478,,,,,0.236,,0.476,0.478,,,0.773,0.737,0.856,,,0.446,,,0.245,,,,,0.119,0.446,0.033,,,,0.72,0.589,0.047,0.432,0.345,,,0.17,,,
1843,0.131,,,,0.421,,0.947,0.737,0.271,,0.934,,,0.283,0.446,,0.446,0.271,0.435,0.188,,,,,0.95,0.806,0.833,0.033,,,,,0.302,,,0.743,0.262,,0.737,0.482,,0.972,,,0.155,0.478,,0.409,0.271,0.136,0.704,,0.768,,0.822,0.271,,,,,,0.652,0.224,,,0.136,,0.349,0.773,0.245,0.283,0.822,0.238,0.446,,0.446,0.552,,,0.126,0.271,,,,0.096,0.494,0.245,,0.272,,,,0.271,0.885,0.271,0.1,0.271,0.052,,0.366,0.446,,,0.083,0.289,,,,,,,,,,0.59,0.764,0.922,0.259,0.978,0.344,0.624,0.762,,,0.848,0.63,0.851,,0.842,0.804,0.808,0.408,0.782,0.066,,0.911,0.50420237,,,,0.283,,0.514,,,0.416,0.096,0.623,0.171,,,0.522,0.271,,0.082,0.478,,,,,0.236,,0.476,0.478,,,0.773,0.737,0.856,,,0.446,,,0.245,,,,,0.119,0.446,0.033,,,,0.72,0.589,0.047,0.432,0.345,,,0.17,,,
1844,0.131,,,,0.421,,0.947,0.737,0.271,,0.934,,,0.283,0.446,,0.446,0.271,0.435,0.188,,,,,0.95,0.806,0.833,0.033,,,,,0.448,,,0.743,0.165,,0.737,0.482,,0.972,0.27,,0.155,0.478,,0.409,0.271,0.136,0.704,,0.768,,0.822,0.271,,,,,,0.652,0.224,,,0.136,,0.349,0.773,0.245,0.283,0.822,0.238,0.446,,0.446,0.552,,,0.126,0.271,,,,0.096,0.494,0.245,,0.272,,,,0.271,0.885,0.271,0.1,0.271,0.052,,0.366,0.446,,,0.083,0.289,,,,,,,,,,0.59,0.764,0.922,0.259,0.978,0.344,0.624,0.762,,,0.848,0.63,0.851,,0.842,0.804,0.808,0.408,0.782,0.066,,0.911,0.5020235,,,,0.283,,0.514,,,0.416,0.096,0.623,0.171,,,0.522,0.271,,0.082,0.478,,,,,0.236,,0.476,0.478,,,0.773,0.737,0.856,,,0.446,,,0.245,,,,,0.119,0.446,0.033,,,,0.72,0.589,0.047,0.432,0.345,,,0.17,,,
1845,0.131,,,,0.421,,0.947,0.737,0.271,,0.934,,,0.283,0.446,,0.446,0.271,0.435,0.188,,,,,0.95,0.806,0.833,0.033,,,,,0.448,,,0.743,0.315,,0.737,0.482,,0.972,0.27,,0.155,0.478,,0.409,0.271,0.136,0.704,,0.768,,0.822,0.271,,,,,,0.652,0.224,,,0.136,,0.349,0.773,0.245,0.283,0.822,0.238,0.446,,0.446,0.552,,,0.126,0.271,,,,0.096,0.494,0.245,,0.272,,,,0.271,0.885,0.271,0.1,0.271,0.052,,0.366,0.446,,,0.083,0.289,,,,,,,,,,0.172,0.764,0.922,0.259,0.978,0.344,0.624,0.762,,,0.848,0.63,0.851,,0.842,0.804,0.808,0.408,0.782,0.066,,0.911,0.5009647,,,,0.283,,0.692,,,0.416,0.096,0.623,0.171,,,0.522,0.271,,0.082,0.478,,,,,0.236,,0.476,0.478,,,0.773,0.737,0.856,,,0.446,,,0.245,,,,,0.119,0.446,0.033,,,,0.72,0.589,0.047,0.432,0.345,,,0.17,,,
1846,0.131,,,,0.421,,0.947,0.737,0.271,,0.934,,,0.283,0.446,,0.446,0.271,0.435,0.188,,,,,0.95,0.806,0.833,0.033,,,,,0.448,,,0.743,0.315,,0.737,0.482,,0.972,0.27,,0.333,0.478,,0.409,0.271,0.136,0.704,,0.768,,0.822,0.271,,,,,,0.652,0.224,,,0.136,,0.349,0.773,0.245,0.283,0.822,0.238,0.446,,0.446,0.552,,,0.126,0.271,,,,0.096,0.494,0.245,,0.272,,,,0.271,0.885,0.271,0.1,0.271,0.052,,0.366,0.446,,,0.083,0.289,,,,,,,,,,0.593,0.764,0.922,0.015,0.978,0.344,0.624,0.762,,,0.848,0.63,0.851,,0.842,0.804,0.808,0.408,0.782,0.066,,0.911,0.5064118,,,,0.283,,0.692,,,0.416,0.096,0.245,0.171,,,0.522,0.271,,0.082,0.478,,,,,0.236,,0.476,0.478,,,0.773,0.737,0.856,,,0.446,,,0.245,,,,,0.119,0.446,0.033,,,,0.814,0.589,0.047,0.824,0.345,,,0.17,,,
1847,0.131,,,,0.421,,0.947,0.737,0.271,,0.934,,,0.283,0.446,,0.446,0.271,0.435,0.188,,,,,0.95,0.806,0.833,0.033,,,,,0.448,,,0.743,0.315,,0.737,0.482,,0.972,0.27,,0.333,0.478,,0.409,0.271,0.136,0.704,,0.768,,0.822,0.271,,,,,,0.652,0.224,,,0.136,,0.31,0.773,0.245,0.283,0.822,0.238,0.446,,0.446,0.552,,,0.126,0.271,,,,0.096,0.494,0.245,,0.272,,,,0.271,0.885,0.271,0.1,0.271,0.052,,0.366,0.446,,,0.083,0.289,,,,,,,,,,0.593,0.764,0.922,0.015,0.978,0.344,0.624,0.762,,,0.848,0.63,0.851,,0.842,0.804,0.808,0.408,0.782,0.066,,0.911,0.50595295,,,,0.283,,0.692,,,0.416,0.096,0.245,0.171,,,0.522,0.271,,0.082,0.478,,,,,0.236,,0.476,0.478,,,0.773,0.737,0.856,,,0.446,,,0.245,,,,,0.119,0.446,0.033,,,,0.814,0.589,0.047,0.824,0.345,,,0.17,,,
1848,0.131,,,,0.421,,0.947,0.421,0.366,,0.934,,,0.283,0.446,,0.446,0.366,0.435,0.188,,,,,0.95,0.806,0.833,0.033,,,,,0.448,,,0.743,0.315,,0.421,0.482,,0.972,0.27,,0.333,0.478,,0.409,0.366,0.136,0.704,,0.651,,0.822,0.366,,,,,,0.652,0.224,,,0.136,,0.248,0.773,0.245,0.283,0.822,0.238,0.446,,0.446,0.552,,,0.126,0.366,,,,0.096,0.494,0.245,,0.439,,,,0.366,0.885,0.366,0.1,0.366,0.052,,0.366,0.446,,,0.083,0.289,,,,,,,,,,0.593,0.764,0.922,0.015,0.978,0.344,0.624,0.762,,,0.848,0.63,0.733,,0.842,0.804,0.808,0.408,0.782,0.066,,0.911,0.5000706,,,,0.283,,0.692,,,0.416,0.096,0.245,0.171,,,0.522,0.366,,0.082,0.478,,,,,0.236,,0.476,0.478,,,0.773,0.421,0.856,,,0.446,,,0.245,,,,,0.119,0.446,0.033,,,,0.814,0.589,0.047,0.675,0.345,,,0.17,,,
1849,0.131,,,,0.421,,0.947,0.421,0.366,,0.934,,,0.283,0.446,,0.446,0.366,0.435,0.188,,,,,0.95,0.806,0.833,0.033,,,,,0.448,,,0.743,0.315,,0.421,0.482,,0.972,0.27,,0.333,0.478,,0.409,0.366,0.136,0.704,,0.651,,0.822,0.366,,,,,,0.652,0.224,,,0.136,,0.248,0.33,0.245,0.283,0.822,0.238,0.446,,0.446,0.69,,,0.126,0.366,,,,0.096,0.494,0.245,,0.439,,,,0.366,0.885,0.366,0.1,0.366,0.052,,0.366,0.446,,,0.083,0.289,,,,,,,,,,0.593,0.9,0.922,0.015,0.978,0.344,0.624,0.762,,,0.848,0.63,0.849,,0.842,0.804,0.808,0.408,0.782,0.066,,0.911,0.50476474,,,,0.283,,0.692,,,0.416,0.096,0.744,0.171,,,0.522,0.366,,0.082,0.478,,,,,0.236,,0.476,0.478,,,0.33,0.421,0.856,,,0.446,,,0.245,,,,,0.119,0.446,0.033,,,,0.814,0.589,0.047,0.54,0.433,,,0.17,,,
1850,0.131,,,,0.421,,0.947,0.7,0.366,,0.934,,,0.283,0.446,,0.446,0.366,0.435,0.188,,,,,0.95,0.806,0.833,0.033,,,,,0.448,,,0.743,0.315,,0.7,0.482,,0.972,0.27,,0.27,0.478,,0.409,0.366,0.136,0.704,,0.651,,0.822,0.366,,,,,,0.652,0.224,,,0.136,,0.248,0.33,0.245,0.283,0.822,0.238,0.446,,0.446,0.69,,,0.126,0.366,,,,0.096,0.494,0.245,,0.439,,,,0.366,0.885,0.366,0.1,0.366,0.052,,0.366,0.446,,,0.083,0.289,,,,,,,,,,0.313,0.9,0.922,0.015,0.978,0.344,0.624,0.762,,,0.848,0.63,0.849,,0.842,0.804,0.808,0.569,0.782,0.066,,0.911,0.50774115,,,,0.283,,0.692,,,0.416,0.096,0.798,0.171,,,0.522,0.366,,0.082,0.478,,,,,0.236,,0.476,0.478,,,0.33,0.7,0.856,,,0.446,,,0.245,,,,,0.119,0.446,0.033,,,,0.814,0.589,0.047,0.581,0.494,,,0.17,,,
1851,0.131,,,,0.421,,0.947,0.7,0.366,,0.934,,,0.283,0.446,,0.446,0.366,0.435,0.188,,,,,0.95,0.806,0.759,0.033,,,,,0.305,,,0.743,0.315,,0.7,0.482,,0.972,0.27,,0.231,0.478,,0.409,0.366,0.136,0.704,,0.342,,0.822,0.366,,,,,,0.652,0.224,,,0.136,,0.248,0.33,0.245,0.283,0.822,0.238,0.446,,0.446,0.69,,,0.126,0.366,,,,0.096,0.494,0.245,,0.439,,,,0.366,0.885,0.366,0.1,0.366,0.052,,0.366,0.446,,,0.083,0.289,,,,,,,,,,0.172,0.9,0.922,0.015,0.978,0.344,0.624,0.762,,,0.848,0.63,0.849,,0.842,0.804,0.808,0.569,0.782,0.066,,0.911,0.5025714,,,,0.283,,0.692,,,0.416,0.096,0.798,0.171,,,0.522,0.366,,0.082,0.478,,,,,0.236,,0.476,0.478,,,0.33,0.7,0.856,,,0.446,,,0.245,,,,,0.119,0.446,0.033,,,,0.814,0.589,0.047,0.581,0.494,,,0.446,,,
1852,0.131,,,,0.421,,0.947,0.7,0.366,,0.934,,,0.283,0.446,,0.446,0.366,0.435,0.188,,,,,0.95,0.806,0.759,0.033,,,,,0.453,,,0.743,0.315,,0.7,0.482,,0.972,0.27,,0.231,0.478,,0.409,0.366,0.136,0.704,,0.342,,0.822,0.366,,,,,,0.652,0.224,,,0.136,,0.248,0.33,0.245,0.283,0.822,0.238,0.446,,0.446,0.69,,,0.126,0.366,,,,0.096,0.494,0.245,,0.439,,,,0.366,0.885,0.366,0.1,0.366,0.052,,0.366,0.446,,,0.083,0.289,,,,,,,,,,0.172,0.9,0.922,0.015,0.978,0.344,0.624,0.762,,,0.848,0.63,0.849,,0.842,0.804,0.808,0.569,0.782,0.066,,0.911,0.50745237,,,,0.283,,0.692,,,0.416,0.096,0.798,0.171,,,0.522,0.366,,0.082,0.478,,,,,0.236,,0.476,0.478,,,0.33,0.7,0.856,,,0.446,,,0.245,,,,,0.119,0.446,0.033,,,,0.911,0.589,0.047,0.68,0.494,,,0.446,,,
1853,0.131,,,,0.421,,0.947,0.7,0.366,,0.934,,,0.283,0.446,,0.446,0.366,0.435,0.188,,,,,0.95,0.806,0.759,0.033,,,,,0.453,,,0.743,0.315,,0.7,0.482,,0.972,0.27,,0.231,0.478,,0.409,0.366,0.136,0.704,,0.342,,0.822,0.366,,,,,,0.652,0.224,,,0.136,,0.248,0.33,0.245,0.283,0.822,0.238,0.446,,0.446,0.69,,,0.126,0.366,,,,0.096,0.494,0.245,,0.439,,,,0.366,0.885,0.366,0.1,0.366,0.052,,0.366,0.446,,,0.083,0.289,,,,,,,,,,0.172,0.9,0.922,0.015,0.978,0.344,0.624,0.762,,,0.848,0.63,0.849,,0.842,0.804,0.808,0.569,0.782,0.066,,0.911,0.50745237,,,,0.283,,0.692,,,0.416,0.096,0.798,0.171,,,0.522,0.366,,0.082,0.478,,,,,0.236,,0.476,0.478,,,0.33,0.7,0.856,,,0.446,,,0.245,,,,,0.119,0.446,0.033,,,,0.911,0.589,0.047,0.68,0.494,,,0.446,,,
1854,0.131,,,,0.421,,0.947,0.7,0.366,,0.934,,,0.283,0.446,,0.446,0.366,0.435,0.188,,,,,0.95,0.806,0.759,0.033,,,,,0.305,,,0.743,0.315,,0.7,0.482,,0.972,0.27,,0.231,0.478,,0.409,0.366,0.136,0.704,,0.342,,0.822,0.366,,,,,,0.652,0.224,,,0.136,,0.248,0.33,0.245,0.283,0.822,0.238,0.446,,0.446,0.69,,,0.126,0.366,,,,0.096,0.494,0.245,,0.439,,,,0.366,0.885,0.366,0.1,0.366,0.052,,0.366,0.446,,,0.083,0.289,,,,,,,,,,0.172,0.9,0.922,0.015,0.978,0.344,0.624,0.762,,,0.848,0.63,0.849,,0.842,0.804,0.688,0.569,0.782,0.066,,0.911,0.5042619,,,,0.283,,0.692,,,0.416,0.096,0.798,0.171,,,0.522,0.366,,0.082,0.478,,,,,0.236,,0.476,0.478,,,0.33,0.7,0.856,,,0.446,,,0.245,,,,,0.119,0.446,0.033,,,,0.911,0.589,0.047,0.68,0.494,,,0.446,,,
1855,0.131,,,,0.421,,0.947,0.7,0.366,,0.934,,,0.283,0.446,,0.446,0.366,0.435,0.188,,,,,0.95,0.806,0.759,0.033,,,,,0.305,,,0.743,0.315,,0.7,0.482,,0.972,0.27,,0.231,0.478,,0.409,0.366,0.136,0.704,,0.342,,0.822,0.366,,,,,,0.652,0.224,,,0.136,,0.248,0.506,0.245,0.283,0.822,0.238,0.446,,0.446,0.69,,,0.126,0.366,,,,0.096,0.494,0.245,,0.439,,,,0.366,0.885,0.366,0.1,0.366,0.052,,0.366,0.446,,,0.083,0.289,,,,,,,,,,0.172,0.9,0.922,0.015,0.978,0.344,0.624,0.762,,,0.848,0.63,0.849,,0.842,0.804,0.688,0.569,0.782,0.066,,0.911,0.5078452,,,,0.283,,0.817,,,0.416,0.096,0.798,0.171,,,0.522,0.366,,0.082,0.478,,,,,0.236,,0.476,0.478,,,0.506,0.7,0.856,,,0.446,,,0.245,,,,,0.119,0.446,0.033,,,,0.911,0.589,0.047,0.68,0.494,,,0.446,,,
1856,0.131,,,,0.421,,0.947,0.7,0.366,,0.934,,,0.283,0.446,,0.446,0.366,0.435,0.188,,,,,0.95,0.806,0.759,0.033,,,,,0.456,,,0.743,0.315,,0.7,0.482,,0.972,0.27,,0.231,0.478,,0.409,0.366,0.136,0.704,,0.342,,0.822,0.366,,,,,,0.652,0.224,,,0.136,,0.248,0.506,0.245,0.283,0.822,0.238,0.446,,0.446,0.69,,,0.126,0.366,,,,0.096,0.494,0.245,,0.439,,,,0.366,0.885,0.366,0.1,0.366,0.052,,0.366,0.446,,,0.083,0.289,,,,,,,,,,0.172,0.9,0.922,0.015,0.978,0.344,0.624,0.762,,,0.848,0.63,0.849,,0.842,0.804,0.688,0.569,0.782,0.066,,0.911,0.50424707,,,0.051,0.283,,0.817,,,0.416,0.096,0.798,0.171,,,0.522,0.366,,0.082,0.478,,,,,0.236,,0.476,0.478,,,0.506,0.7,0.856,,,0.446,,,0.245,,,,,0.119,0.446,0.033,,,,0.911,0.589,0.047,0.68,0.494,,,0.446,,,
1857,0.131,,,,0.421,,0.947,0.7,0.366,,0.934,,,0.206,0.446,,0.446,0.366,0.435,0.188,,,,,0.95,0.806,0.759,0.033,,,,,0.456,,,0.743,0.315,,0.7,0.482,,0.972,0.27,,0.272,0.478,,0.409,0.366,0.136,0.704,,0.342,,0.822,0.366,,,,,,0.652,0.224,,,0.136,,0.248,0.506,0.245,0.206,0.822,0.238,0.446,,0.446,0.69,,,0.126,0.366,,,,0.096,0.494,0.245,,0.439,,,,0.366,0.885,0.366,0.1,0.366,0.052,,0.366,0.446,,,0.083,0.289,,,,,,,,,,0.172,0.9,0.922,0.015,0.978,0.344,0.624,0.762,,,0.848,0.63,0.849,,0.842,0.804,0.688,0.569,0.782,0.066,,0.911,0.50532943,,,0.051,0.206,,0.817,,,0.416,0.096,0.798,0.171,,,0.522,0.366,,0.082,0.478,,,,,0.236,,0.476,0.478,,,0.506,0.7,0.856,,,0.446,,,0.245,,,,,0.247,0.446,0.033,,,,0.911,0.589,0.047,0.68,0.494,,,0.446,,,
1858,0.131,,,,0.421,,0.947,0.7,0.366,,0.934,,,0.274,0.446,,0.446,0.366,0.435,0.188,,,,,0.95,0.806,0.759,0.033,,,,,0.456,,,0.743,0.315,,0.7,0.482,,0.972,0.27,,0.272,0.478,,0.409,0.366,0.136,0.704,,0.342,,0.822,0.366,,,,,,0.652,0.224,,,0.136,,0.248,0.506,0.245,0.274,0.822,0.238,0.446,,0.446,0.69,,,0.126,0.366,,,,0.096,0.494,0.245,,0.439,,,,0.366,0.885,0.366,0.1,0.366,0.052,,0.164,0.446,,,0.083,0.289,,,,,,,,,,0.592,0.9,0.922,0.015,0.978,0.344,0.624,0.762,,,0.848,0.63,0.849,,0.842,0.804,0.688,0.569,0.782,0.066,,0.911,0.5086941,,,0.051,0.274,,0.817,,,0.416,0.096,0.798,0.171,,,0.522,0.366,,0.082,0.478,,,,,0.236,,0.476,0.478,,,0.506,0.7,0.856,,,0.446,,,0.245,,,,,0.247,0.446,0.033,,,,0.911,0.589,0.047,0.68,0.494,,,0.446,,,
1859,0.131,,,,0.421,,0.947,0.7,0.366,,0.934,,,0.366,0.446,,0.446,0.366,0.435,0.188,,,,,0.95,0.806,0.759,0.033,,,,,0.456,,,0.743,0.315,,0.7,0.482,,0.972,0.27,,0.158,0.478,,0.409,0.366,0.136,0.704,,0.342,,0.822,0.366,,,,,,0.652,0.224,,,0.136,,0.248,0.506,0.245,0.366,0.822,0.238,0.446,,0.446,0.69,,,0.126,0.366,,,,0.096,0.494,0.245,,0.439,,,,0.366,0.885,0.366,0.1,0.366,0.052,,0.164,0.446,,,0.083,0.289,,,,,,,,,,0.592,0.9,0.922,0.015,0.978,0.344,0.624,0.762,,,0.848,0.63,0.849,,0.842,0.804,0.688,0.569,0.782,0.066,,0.911,0.50564706,,,0.051,0.366,,0.817,,,0.416,0.096,0.798,0.171,,,0.522,0.366,,0.082,0.478,,,,,0.236,,0.476,0.478,,,0.506,0.7,0.856,,,0.446,,,0.245,,,,,0.247,0.446,0.033,,,,0.911,0.589,0.047,0.68,0.257,,,0.446,,,
1860,0.131,,,,0.421,,0.947,0.7,0.366,,0.934,,,0.418,0.446,,0.446,0.366,0.435,0.188,,,,,0.95,0.806,0.837,0.033,,,,,0.304,,,0.743,0.315,,0.7,0.482,,0.972,0.27,,0.158,0.478,,0.409,0.366,0.136,0.704,,0.342,,0.822,0.366,,,,,,0.652,0.224,,,0.136,,0.369,0.558,0.245,0.418,0.822,0.12,0.446,,0.446,0.69,,,0.126,0.366,,,,0.096,0.494,0.245,,0.439,,,,0.366,0.885,0.366,0.1,0.366,0.332,,0.245,0.446,,,0.083,0.591,,,,,,,,,,0.592,0.9,0.922,0.015,0.978,0.344,0.624,0.762,,,0.848,0.63,0.849,,0.842,,,0.569,0.782,0.066,,0.818,0.5087229,,,0.051,0.418,,0.817,,,0.416,0.096,0.798,0.171,,,0.522,0.366,,0.082,0.478,,,,,0.236,,0.476,0.478,,,0.558,0.7,0.856,,,0.446,,,0.245,,,,,0.247,0.446,0.033,,,,0.911,0.722,0.047,0.68,0.257,,,0.446,,,
1861,0.131,,,,0.421,,0.947,0.7,0.474,,0.934,,,0.418,0.446,,0.446,0.474,0.435,0.188,,,,,0.95,0.806,0.837,0.033,,,,,0.304,,,0.743,0.315,,0.7,0.482,,0.972,0.062,,0.078,0.478,,0.409,0.474,0.136,0.704,,0.342,,0.822,0.474,,,,,,0.652,0.224,,,0.136,,0.369,0.558,0.245,0.418,0.822,0.12,0.446,,0.446,0.69,,,0.126,0.474,,,,0.096,0.494,0.245,,0.439,,,,0.474,0.885,0.474,0.1,0.474,0.775,,0.245,0.446,,,0.083,0.591,,,,,,,,,,0.592,0.9,0.922,0.015,0.978,0.344,0.624,0.762,,,0.848,0.63,0.849,,0.842,,,0.569,0.782,,,0.818,0.5157073,,,0.051,0.418,,0.817,,,0.252,0.096,0.798,0.171,,,0.522,0.474,,0.082,0.478,,,,,0.236,,0.476,0.478,,,0.558,0.7,0.856,,,0.446,,,0.245,,,,,0.247,0.446,0.033,,,,0.911,0.722,0.078,0.68,0.257,,,0.446,,,
1862,0.131,,,,0.421,,0.947,0.7,0.474,,0.934,,,0.418,0.446,,0.446,0.474,0.435,0.188,,,,,0.95,0.806,0.837,0.033,,,,,0.304,,,0.743,0.315,,0.7,0.482,,0.972,0.062,,0.078,0.478,,0.409,0.474,0.136,0.704,,0.342,,0.822,0.474,,,,,,0.652,0.224,,,0.136,,0.369,0.558,0.245,0.418,0.822,0.12,0.446,,0.446,0.718,,,0.126,0.474,,,,0.096,0.494,0.245,,0.439,,,,0.474,0.885,0.474,0.1,0.474,0.775,,0.245,0.446,,,0.083,0.591,,,,,,,,,,0.592,0.9,0.922,0.015,0.978,0.344,0.624,0.762,,,0.848,0.63,0.849,,0.842,,,0.569,0.782,,,,0.512321,,,0.051,0.418,,0.817,,,0.252,0.096,0.798,0.171,,,0.522,0.474,,0.082,0.478,,,,,0.236,,0.476,0.478,,,0.558,0.7,0.856,,,0.446,,,0.245,,,,,0.247,0.446,0.033,,,,0.911,0.722,0.078,0.68,0.257,,,0.446,,,
1863,0.131,,,,0.544,,0.947,0.7,0.584,,0.934,,,0.418,0.446,,0.446,0.584,0.435,0.188,,,,,0.95,0.806,0.837,0.033,,,,,0.45,,,0.743,0.315,,0.7,0.482,,0.972,0.062,,0.078,0.478,,0.409,0.584,0.136,0.704,,0.342,,0.822,0.584,,,,,,0.652,0.224,,,0.136,,0.369,0.558,0.245,0.418,0.822,0.12,0.446,,0.446,0.718,,,0.126,0.584,,,,0.096,0.494,0.245,,0.439,,,,0.584,0.885,0.584,0.1,0.584,0.775,,0.245,0.446,,,0.083,0.591,,,,,,,,,,0.175,0.9,0.922,0.015,0.978,0.344,0.624,0.762,,,0.848,0.63,0.849,,0.842,,,0.569,0.782,,,,0.5107037,,,0.051,0.418,,0.817,,,0.126,0.096,0.798,0.171,,,0.522,0.584,,0.082,0.478,,,,,0.236,,0.476,0.478,,,0.558,0.7,0.856,,,0.446,,,0.245,,,,,0.247,0.446,0.033,,,,0.911,0.722,0.078,0.68,0.29,,,0.446,,,
1864,0.131,,,,0.544,,0.947,0.7,0.584,,0.934,,,0.418,0.446,,0.446,0.584,0.435,0.188,,,,,0.95,0.806,0.837,0.033,,,,,0.45,,,0.743,0.315,,0.7,0.482,,0.972,0.062,,0.078,0.478,,0.409,0.584,0.136,0.704,,0.342,,0.822,0.584,,,,,,0.652,0.224,,,0.136,,0.369,0.558,0.245,0.418,0.822,0.12,0.446,,0.446,0.718,,,0.126,0.584,,,,0.069,0.494,0.245,,0.439,,,,0.584,0.885,0.584,0.1,0.584,0.168,,0.245,0.446,,,0.083,0.591,,,,,,,,,,0.591,0.9,0.922,0.015,0.978,0.344,0.624,0.762,,,0.848,0.63,0.849,,0.842,,,0.569,0.782,,,,0.5100741,,,0.051,0.418,,0.817,,,0.329,0.069,0.798,0.082,,,0.522,0.584,,0.082,0.478,,,,,0.236,,0.476,0.478,,,0.558,0.7,0.856,,,0.446,,,0.245,,,,,0.059,0.446,0.033,,,,0.911,0.722,0.078,0.68,0.531,,,0.446,,,
1865,0.131,,,,0.544,,0.947,0.7,0.584,,0.934,,,0.418,0.446,,0.446,0.584,0.435,0.188,,,,,0.95,0.806,0.837,0.033,,,,,0.45,,,0.743,0.315,,0.7,0.482,,0.972,0.062,,0.078,0.478,,0.409,0.584,0.136,0.704,,0.342,,0.822,0.584,,,,,,0.652,0.224,,,0.136,,0.369,0.558,0.245,0.418,0.822,0.12,0.446,,0.446,0.718,,,0.126,0.584,,,,0.069,0.494,0.245,,0.439,,,,0.584,0.885,0.584,0.1,0.584,0.168,,0.245,0.446,,,0.083,0.591,,,,,,,,,,0.591,0.9,0.922,0.015,0.978,0.344,0.624,0.762,,,0.848,0.63,0.849,,0.842,,,0.569,0.782,,,,0.5100741,,,0.051,0.418,,0.817,,,0.329,0.069,0.798,0.082,,,0.522,0.584,,0.082,0.478,,,,,0.236,,0.476,0.478,,,0.558,0.7,0.856,,,0.446,,,0.245,,,,,0.059,0.446,0.033,,,,0.911,0.722,0.078,0.68,0.531,,,0.446,,,
1866,0.131,,,,0.544,,0.947,0.7,0.476,,0.934,,,0.418,0.446,,0.446,0.476,0.435,0.188,,,,,0.95,0.806,0.837,0.033,,,,,0.45,,,0.743,0.315,,0.7,0.482,,0.972,0.676,,0.272,0.478,,0.409,0.476,0.136,0.704,,0.342,,0.822,0.476,,,,,,0.652,0.224,,,0.136,,0.369,0.558,0.245,0.418,0.822,0.12,0.446,,0.446,0.718,,,0.126,0.476,,,,0.069,0.494,0.245,,0.439,,,,0.476,0.885,0.476,0.1,0.476,0.168,,0.245,0.446,,,0.083,0.591,,,,,,,,,,0.312,0.9,0.922,0.015,0.978,0.344,0.624,0.762,,,,0.63,0.849,,0.842,,,0.569,0.782,,,,0.5111125,,,0.051,0.418,,0.817,,,0.329,0.069,0.798,0.082,,,0.522,0.476,,0.082,0.478,,,,,0.236,,0.476,0.478,,,0.558,0.7,0.856,,,0.446,,,0.245,,,,,0.059,0.446,0.033,,,,0.911,0.722,0.078,0.68,0.531,,,0.446,,,
1867,0.131,,,,0.544,,0.947,0.74,0.584,,0.934,,,0.418,0.446,,0.446,0.584,0.435,0.188,,,,,0.95,0.806,0.837,0.033,,,,,0.3,,,0.743,0.315,,0.74,0.556,,0.972,0.676,,0.272,0.478,,0.409,0.584,0.136,0.704,,0.342,,0.822,0.584,,,,,,0.652,0.224,,,0.136,,0.369,0.558,0.245,0.418,0.822,0.12,0.446,,0.446,0.718,,,0.126,0.584,,,,0.069,0.494,0.245,,0.439,,,,0.584,0.885,0.584,0.1,0.584,0.168,,0.245,0.446,,,0.083,0.591,,,,,,,,,,0.588,0.9,0.922,0.015,0.978,0.344,0.624,0.762,,,,,0.849,,0.842,,,0.569,0.782,,,,0.5123038,,,0.051,0.418,,0.817,,,0.329,0.069,0.798,0.082,,,0.522,0.584,,0.082,0.478,,0.661,,,0.236,,0.476,0.478,,,0.558,0.74,0.856,,,0.446,,,0.245,,,,,0.059,0.446,0.033,,,,0.911,0.722,0.078,0.68,0.531,,,0.446,,,
1868,0.131,,,,0.544,,0.947,0.74,0.584,,0.934,,,0.418,0.446,,0.446,0.584,0.435,0.188,,,,,0.95,0.806,0.837,0.033,,,,,0.455,,,0.743,0.121,,0.74,0.556,,0.972,0.676,,0.272,0.478,,0.409,0.584,0.136,0.704,,0.342,,0.822,0.584,,,,,,0.652,0.224,,,0.136,,0.369,0.637,0.245,0.418,0.822,0.12,0.446,,0.446,0.718,,,0.126,0.584,,,,0.069,0.494,0.245,,0.439,,,,0.584,0.885,0.584,0.1,0.584,0.168,,0.266,0.446,,,0.083,0.591,,,,,,,,,,0.588,0.9,0.922,0.015,0.978,0.344,0.624,0.762,,,,,0.849,,,,,0.569,,,,,0.49136987,,,0.051,0.418,,0.682,,,,0.069,0.798,0.082,,,0.522,0.584,,0.082,0.478,,0.661,,,0.236,,0.476,0.478,,,0.637,0.74,0.856,,,0.446,,,0.245,0.584,,,,0.059,0.446,0.033,,,,0.808,0.722,0.046,0.68,0.531,,,0.446,,,
1869,0.131,,,,0.544,,0.947,0.74,0.584,,0.934,,,0.418,0.446,,0.446,0.584,0.435,0.188,,,,,0.95,0.806,0.837,0.033,,,,,0.455,,,0.743,0.121,,0.74,0.556,,0.972,0.676,,0.076,0.478,,0.409,0.584,0.136,0.704,,0.342,,0.822,0.584,,,,,,0.652,,,,0.136,,0.369,0.637,0.245,0.418,0.822,0.12,0.446,,0.446,0.718,,,0.524,0.584,,,,0.069,0.494,0.245,,0.439,,,,0.584,0.885,0.584,0.1,0.584,0.168,,0.266,0.446,,,0.083,0.591,,,,,,,,,,0.312,0.9,0.922,0.015,0.978,0.344,0.624,0.762,,,,,0.849,,,,,0.569,,,,,0.4968472,,,0.051,0.418,,0.821,,,,0.069,0.798,0.082,,,0.522,0.584,,0.082,0.478,,0.661,,,0.236,,0.476,0.478,,,0.637,0.74,0.856,,,0.446,,,0.245,0.584,,,,0.059,0.446,0.033,,,,0.911,0.722,0.046,0.68,0.49,,,0.446,,,
1870,0.131,,,,0.544,,0.947,0.74,0.584,,0.934,,,0.418,0.446,,0.446,0.584,0.435,0.188,,,,,0.95,0.897,0.837,0.033,,,,,0.455,,,0.743,0.121,,0.74,0.556,,0.972,0.676,,0.076,0.478,,0.409,0.584,0.136,0.704,,0.213,,0.822,0.584,,,,,,0.652,,,,0.136,,0.369,0.637,0.245,0.418,0.822,0.12,0.446,,0.446,0.718,,,0.619,0.584,,,,0.069,0.494,0.245,,0.439,,,,0.584,0.885,0.584,0.1,0.584,0.168,,0.266,0.446,,,0.083,0.591,,,,,,,,,,0.585,0.9,0.922,0.015,0.978,0.344,0.624,0.762,,,,,0.849,,,,,0.569,,,,,0.50083333,,,0.051,0.418,,0.821,,,,0.069,0.798,0.082,,,0.522,0.584,,0.082,0.478,,0.661,,,0.236,,0.476,0.478,,,0.637,0.74,0.856,,,0.446,,,0.245,0.584,,,,0.059,0.446,0.033,,,,0.911,0.722,0.046,0.68,0.447,,,0.446,,,
1871,0.131,,,,0.544,,0.947,0.74,0.584,,0.934,,,0.418,0.446,,0.446,0.584,0.435,0.188,,,,,0.95,0.897,0.837,0.033,,,,,0.455,,,0.743,0.121,,0.74,0.737,,0.972,0.676,,0.076,0.478,,0.409,0.584,0.136,0.704,,0.336,,0.822,0.584,,,,,,0.652,0.345,,,0.136,,0.369,0.524,0.245,0.418,0.822,0.12,0.446,,0.446,0.85,,,0.619,0.584,,,,0.069,0.494,0.245,,0.439,,,,0.584,0.885,0.584,0.1,0.584,0.168,,0.266,0.446,,,0.083,0.591,,,,,,,,,,0.585,0.9,0.922,0.015,0.978,0.344,0.624,0.762,,,,,0.849,,,,,0.569,,,,,0.5042083,,,0.051,0.418,,0.821,,,,0.069,0.798,0.337,,,0.522,0.584,,0.082,0.478,,0.661,,,0.236,,0.476,0.478,,,0.524,0.74,0.856,,,0.446,,,0.245,0.584,,,,0.059,0.446,0.033,,,,0.911,0.722,0.046,,0.447,,,0.446,,,
1872,0.131,,,,0.544,,0.947,0.74,0.584,,0.934,,,0.418,0.446,,0.446,0.584,0.435,0.188,,,,,0.95,0.897,0.837,0.033,,,,,0.455,,,0.743,0.121,,0.74,0.737,,0.972,0.676,,0.076,0.478,,0.409,0.584,0.136,0.704,,0.878,,0.822,0.584,,,,,,0.652,0.345,,,0.136,,0.369,0.524,0.245,0.418,0.822,0.12,0.446,,0.446,0.85,,,0.619,0.584,,,,0.069,0.494,0.245,,0.439,,,,0.584,0.885,0.584,0.1,0.584,0.168,,0.266,0.446,,,0.083,0.591,,,,,,,,,,0.585,0.9,0.922,0.015,0.978,0.344,,,,,,,,,,,,0.569,,,,,0.4974853,,,0.051,0.418,,0.821,,,,0.069,0.798,0.337,,,0.522,0.584,,0.082,0.478,,0.661,,,0.236,,0.476,0.478,,,0.524,0.74,0.856,,,0.446,,,0.245,0.584,,,,0.059,0.446,0.033,,,,0.911,0.722,0.046,,0.447,,,0.446,,,
1873,0.131,,,,0.544,,0.947,0.74,0.584,,0.934,,,0.418,0.446,,0.446,0.584,0.435,0.188,,,,,0.95,0.897,0.837,0.033,,,,,0.455,,,0.743,0.121,,0.74,0.737,,0.972,0.676,,0.076,0.478,,0.409,0.584,0.136,0.704,,0.878,,0.822,0.584,,,,,,0.652,0.345,,,0.136,,0.369,0.524,0.245,0.418,0.822,0.12,0.446,,0.446,0.85,,,0.619,0.584,,,,0.069,0.494,0.245,,0.439,,,,0.584,0.885,0.584,0.1,0.584,0.168,,0.266,0.446,,,0.083,0.591,,,,,,,,,,0.585,0.9,0.922,0.015,0.978,0.344,,,,,,,,,,,,0.569,,,,,0.4974853,,,0.051,0.418,,0.821,,,,0.069,0.798,0.337,,,0.522,0.584,,0.082,0.478,,0.661,,,0.236,,0.476,0.478,,,0.524,0.74,0.856,,,0.446,,,0.245,0.584,,,,0.059,0.446,0.033,,,,0.911,0.722,0.046,,0.447,,,0.446,,,
1874,0.131,,,,0.544,,0.947,0.74,0.584,,0.934,,,0.418,0.446,,0.446,0.584,0.435,0.188,,,,,0.95,0.897,0.837,0.033,,,,,0.455,,,0.743,0.121,,0.74,0.737,,0.972,0.676,,0.076,0.478,,0.409,0.584,0.136,0.704,,0.878,,0.822,0.584,,,,,,0.652,0.345,,,0.136,,0.369,0.524,0.245,0.418,0.822,0.12,0.446,,0.446,0.85,,,0.726,0.584,,,,0.069,0.494,0.245,,0.439,,,,0.584,0.885,0.584,0.1,0.584,0.168,,0.266,0.446,,,0.083,0.591,,,,,,,,,,0.585,0.9,0.922,0.015,0.978,0.344,,,,,,,,,,,,0.569,,,,,0.4990588,,,0.051,0.418,,0.821,,,,0.069,0.798,0.337,,,0.522,0.584,,0.082,0.478,,0.661,,,0.236,,0.476,0.478,,,0.524,0.74,0.856,,,0.446,,,0.245,0.584,,,,0.059,0.446,0.033,,,,0.911,0.722,0.046,,0.447,,,0.446,,,
1875,0.131,,,,0.544,,0.947,0.74,0.584,,0.934,,,0.418,0.446,,0.446,0.584,0.435,0.188,,,,,0.95,0.897,0.837,0.033,,,,,0.303,,,0.743,0.121,,0.74,0.737,,0.972,0.676,,0.154,0.478,,0.409,0.584,0.136,0.704,,0.878,,0.822,0.584,,,,,,0.652,0.345,,,0.136,,0.369,0.524,0.245,0.418,0.822,0.12,0.446,,0.446,0.85,,,0.726,0.584,,,,0.069,0.494,0.245,,0.439,,,,0.584,0.885,0.584,0.1,0.584,0.168,,0.266,0.446,,,0.083,0.591,,,,,,,,,,0.313,0.9,0.922,0.015,0.978,0.344,,,,,,,,,,,,0.569,,,,,0.4939706,,,0.051,0.418,,0.821,,,,0.069,0.798,0.337,,,0.522,0.584,,0.082,0.478,,0.661,,,0.236,,0.476,0.478,,,0.524,0.74,0.856,,,0.446,,,0.245,0.584,,,,0.059,0.446,0.033,,,,0.911,0.722,0.046,,0.447,,,0.446,,,
1876,0.131,,,,0.544,,0.947,0.74,0.584,,0.934,,,0.418,0.347,,0.347,0.584,0.435,0.188,,,,,0.95,0.897,0.837,0.033,,,,,0.452,,,0.743,0.121,,0.74,0.737,,0.972,0.676,,0.106,0.478,,0.409,0.584,0.136,0.704,,0.878,,0.822,0.584,,,,,,0.652,0.345,,,0.171,,0.369,0.524,0.245,0.418,0.822,0.12,0.347,,0.347,0.85,,,0.726,0.584,,0.584,,0.069,0.494,0.245,,0.439,,,,0.584,0.885,0.584,0.1,0.584,0.168,,0.266,0.347,,,0.083,0.591,,,,,,,,,,0.592,0.9,0.922,0.015,0.978,0.344,,,,,,,,,,,,0.569,,,,,0.49861765,,,0.051,0.418,,0.821,,,,0.069,0.798,0.337,,,0.522,0.584,,0.082,0.478,,0.661,,,0.236,,0.476,0.478,,,0.524,0.74,0.856,,,0.347,,,0.245,0.584,,,,0.059,0.347,0.033,,,,0.911,0.722,0.046,,0.447,,,0.347,,,
1877,0.131,,,,0.544,,0.947,0.74,0.584,,0.934,,,0.418,0.159,,0.159,0.584,0.435,0.188,,,,,0.95,0.897,0.837,0.033,,,,,0.452,,,0.743,0.121,,0.74,0.737,,0.972,0.676,,0.106,0.478,,0.409,0.584,0.136,0.704,,0.878,,0.822,0.584,,,,,,0.652,0.345,,,0.171,,0.369,0.524,0.245,0.418,0.822,0.12,0.159,,0.159,0.85,,,0.726,0.584,,0.584,,0.069,0.494,0.245,,0.439,,,,0.584,0.885,0.584,0.1,0.584,0.168,,0.266,0.159,,,0.083,0.591,,,,,,,,,,0.592,0.9,0.922,0.015,0.978,0.344,,,,,,,,,,,,0.569,,,,,0.4930441,,,0.051,0.418,,0.821,,,,0.069,0.798,0.337,,,0.522,0.584,,0.082,0.478,,0.661,,,0.236,,0.476,0.478,,,0.524,0.74,0.856,,,0.159,,,0.245,0.584,,,,0.059,0.159,0.033,,,,0.72,0.722,0.046,,0.447,,,0.159,,,
1878,0.131,,,,0.544,,0.947,0.74,0.584,,0.934,,,0.418,0.616,,0.251,0.584,0.435,0.188,,,,,0.95,0.897,0.837,0.033,,,,,0.452,,,0.743,0.121,,0.74,0.737,,0.972,0.676,,0.106,0.478,,0.409,0.584,0.136,0.704,,0.878,,0.822,0.584,,,,,,0.652,0.345,,,0.171,,0.369,0.524,0.245,0.418,0.822,0.12,0.251,,0.251,0.85,,,0.726,0.584,,0.584,,0.069,0.494,0.245,,0.439,,,,0.584,0.885,0.584,0.1,0.584,0.168,,0.266,0.251,,,0.083,0.591,,,,,,,,,,0.592,0.9,0.922,0.015,0.978,0.344,,,,,,,,,,,,0.569,,,,,0.49615943,,,0.051,0.418,,0.821,,,,0.069,0.798,0.337,,,0.522,0.584,,0.082,0.478,,0.661,,,0.236,,0.476,0.478,,,0.524,0.74,0.856,,,0.251,,,0.245,0.584,,,,0.059,0.251,0.033,,,,0.72,0.722,0.046,,0.447,,,0.251,,,
1879,0.131,,,,0.544,,0.947,0.74,0.584,,0.934,,,0.418,0.616,,,0.584,0.435,0.188,,,,,0.95,0.897,0.837,0.033,,,,,0.452,,,0.743,0.218,,0.74,0.737,,0.972,0.676,,0.106,0.478,,0.409,0.584,0.136,0.704,,0.878,,0.822,0.584,,,,,,0.652,0.345,,,0.171,,0.369,0.524,0.245,0.418,0.822,0.12,0.251,,0.251,0.85,,,0.726,0.584,,0.584,,0.069,0.494,0.245,,0.439,,,,0.584,0.885,0.584,0.1,0.584,0.168,,0.266,0.251,,,0.083,0.591,,,,,,,,,,0.592,0.9,0.922,0.015,0.978,0.344,,,,,,,,,,,,0.569,,,,,0.4934348,,,0.051,0.418,,0.536,,,,0.069,0.798,0.337,,,0.522,0.584,,0.082,0.478,,0.661,,,0.236,,0.476,0.478,,,0.524,0.74,0.856,,,0.251,,,0.245,0.584,,,,0.059,0.251,0.033,,,,0.72,0.722,0.046,,0.447,,,0.251,,,
1880,0.108,,,,0.544,,0.947,0.74,0.584,,0.934,,,0.418,0.616,,,0.584,0.435,0.188,,,,,0.95,0.897,0.837,0.033,,,,,0.452,,,0.743,0.218,,0.74,0.737,,0.972,0.676,,0.106,0.478,,0.409,0.584,0.136,0.704,,0.878,,0.822,0.584,,,,,,0.652,0.345,,,0.171,,0.369,0.524,0.245,0.418,0.822,0.12,0.173,,0.173,0.85,,,0.726,0.584,,0.584,,0.069,0.494,0.245,,0.439,,,,0.584,0.885,0.584,0.1,0.584,0.168,,0.266,0.173,,,0.083,0.591,,,,,,,,,,0.592,0.9,0.922,0.015,0.978,0.344,,,,,,,,,,,,0.569,,,,,0.49298552,,,0.051,0.418,,0.536,,,,0.069,0.798,0.337,,,0.522,0.584,,0.082,0.478,,0.661,,,0.236,,0.476,0.478,,,0.524,0.74,0.856,,,0.173,,,0.245,0.584,,,,0.059,0.173,0.033,,,,0.72,0.722,0.079,,0.484,,,0.173,,,
1881,0.108,,,,0.544,,0.947,0.74,0.461,,0.934,,,0.418,0.225,,,0.461,0.435,0.188,,,,,0.95,0.897,0.837,0.033,,,,,0.452,,,0.743,0.304,,0.74,0.737,,0.972,0.676,,0.106,0.478,,0.409,0.461,0.136,0.704,,0.878,,0.822,0.461,,,,,,0.652,0.345,,,0.171,,0.369,0.524,0.245,0.418,0.822,0.12,0.173,,0.173,0.85,,,0.726,0.461,,0.461,,0.069,0.494,0.245,,0.439,,,,0.461,0.885,0.461,0.1,0.461,0.168,,0.266,0.173,,,0.083,0.591,,,,,,,,,,0.173,0.9,0.922,0.015,0.978,0.344,,,,,,,,,,,,0.569,,,,,0.48071015,,,0.051,0.418,,0.536,,,,0.069,0.798,0.337,,,0.522,0.461,,0.082,0.478,,0.661,,,0.236,,0.476,0.478,,,0.524,0.74,0.856,,,0.173,,,0.245,0.461,,,,0.059,0.173,0.033,,,,0.72,0.722,0.079,,0.484,,,0.173,,,
1882,0.108,,,,0.544,,0.947,0.74,0.461,,0.934,,,0.418,0.225,,,0.461,0.435,0.188,,,,,0.95,0.897,0.837,0.033,,,,,0.452,,,0.743,0.304,,0.74,0.737,,0.972,0.257,,0.106,0.478,,0.409,0.461,0.136,0.704,,0.878,,0.822,0.461,,,,,,0.652,0.345,,,0.171,,0.369,0.524,0.245,0.418,0.822,0.12,0.173,,0.173,0.85,,,0.726,0.461,,0.461,,0.069,0.494,0.245,,0.439,,,,0.461,0.885,0.461,0.1,0.461,0.168,,0.266,0.173,,,0.083,0.591,,,,,,,,,,0.596,0.9,0.922,0.015,0.978,0.344,,,,,,,,,,,,0.569,,,,,0.48107246,,,0.051,0.418,,0.536,,,,0.069,0.798,0.337,,,0.522,0.461,,0.082,0.478,,0.661,,,0.236,,0.476,0.478,,,0.524,0.74,0.856,,,0.173,,,0.245,0.461,,,,0.08,0.173,0.033,,,,0.72,0.722,0.079,,0.484,,,0.173,,,
1883,0.108,,,,0.544,,0.947,0.74,0.461,,0.934,,,0.418,0.225,,,0.461,0.435,0.188,,,,,0.95,0.897,0.837,0.033,,,,,0.452,,,0.743,0.304,,0.74,0.737,,0.972,0.257,,0.106,0.478,,0.409,0.461,0.136,0.704,,0.878,,0.822,0.461,,,,,,0.652,0.345,,,0.171,,0.369,0.524,0.245,0.418,0.822,0.12,0.173,,0.173,0.85,,,0.726,0.461,,0.461,,0.069,0.494,0.245,,0.439,,,,0.461,0.885,0.461,0.1,0.461,0.168,,0.266,0.173,,,0.083,0.591,,,,,,,,,,0.596,0.9,0.922,0.015,0.978,0.344,,,,,,,,,,,,0.569,,,,,0.48107246,,,0.051,0.418,,0.536,,,,0.069,0.798,0.337,,,0.522,0.461,,0.082,0.478,,0.661,,,0.236,,0.476,0.478,,,0.524,0.74,0.856,,,0.173,,,0.245,0.461,,,,0.08,0.173,0.033,,,,0.72,0.722,0.079,,0.484,,,0.173,,,
1884,0.108,,,,0.544,,0.947,0.74,0.461,,0.934,,,0.418,0.152,,,0.461,0.435,0.188,,,,,0.95,0.897,0.837,0.033,,,,,0.452,,,0.743,0.304,,0.74,0.737,,0.972,0.257,,0.106,0.478,,0.409,0.461,0.136,0.704,,0.878,,0.822,0.461,,,,,,0.652,0.345,,,0.171,,0.369,0.524,0.245,0.418,0.822,0.12,0.173,,0.173,0.85,,,0.726,0.461,,0.461,,0.069,0.494,0.245,,0.439,,,,0.461,0.885,0.461,0.1,0.461,0.168,,0.266,0.173,,,0.083,0.591,,,,,,,,,,0.596,0.9,0.922,0.015,0.978,0.344,,,,,,,,,,,,0.569,,,,,0.4800145,,,0.051,0.418,,0.536,,,,0.069,0.798,0.337,,,0.522,0.461,,0.082,0.478,,0.661,,,0.236,,0.476,0.478,,,0.524,0.74,0.856,,,0.173,,,0.245,0.461,,,,0.08,0.173,0.033,,,,0.72,0.722,0.079,,0.484,,,0.173,,,
1885,0.108,,,,0.544,,0.947,0.74,0.461,,0.934,,,0.418,0.152,,,0.461,0.435,0.188,,,,,0.95,0.897,0.837,0.033,,,,,0.452,,,0.743,0.304,,0.74,0.737,,0.972,0.257,,0.106,0.478,,0.409,0.461,0.136,0.704,,0.878,,0.822,0.461,,,,,,0.652,0.345,,,0.171,,0.369,0.524,0.245,0.418,0.822,0.12,0.173,,0.173,0.85,,,0.726,0.461,,0.461,,0.069,0.494,0.245,,0.439,,,,0.461,0.885,0.461,0.1,0.461,0.168,,0.266,0.173,,,0.083,0.591,,,,,,,,,,0.596,0.9,0.922,0.015,0.978,0.344,,,,,,,,,,,,0.569,,,,,0.48053622,,,0.051,0.418,,0.536,,,,0.069,0.798,0.337,,,0.522,0.461,,0.082,,,0.661,,,0.272,,0.476,,,,0.524,0.74,0.856,,,0.173,,,0.245,0.461,,,,0.08,0.173,0.033,,,,0.72,0.722,0.079,,0.484,,,0.173,,,
1886,0.108,,,,0.544,,0.947,0.74,0.461,,0.934,,,0.418,0.152,,,0.461,0.435,0.188,,,,,0.95,0.897,0.837,0.033,,,,,0.452,,,0.743,0.304,,0.74,0.737,,0.972,0.257,,0.106,0.478,,0.409,0.461,0.136,0.704,,0.878,,0.822,0.461,,,,,,0.652,0.345,,,0.171,,0.369,0.524,0.245,0.418,0.822,0.12,0.173,,0.173,0.85,,,0.726,0.461,,0.461,,0.069,0.494,0.245,,0.439,,,,0.461,0.885,0.461,0.1,0.461,0.168,,0.266,0.173,,,0.604,0.591,,,,,,,,,,0.596,0.9,0.922,0.015,0.978,0.344,,,,,,,,,,,,0.42,,,,,0.48798552,,,0.051,0.418,,0.678,,,,0.069,0.798,0.337,,,0.522,0.461,,0.082,,,0.661,,,0.272,,0.476,,,,0.524,0.74,0.856,,,0.173,,,0.245,0.461,,,,0.08,0.173,0.033,,,,0.72,0.722,0.079,,0.484,,,0.173,,,
1887,0.108,,,,0.544,,0.947,0.74,0.461,,0.934,,,0.418,0.152,,,0.461,0.435,0.308,,,,,0.95,0.897,0.837,0.033,,,,,0.452,,,0.743,0.304,,0.74,0.737,,0.972,0.257,,0.106,0.478,,0.409,0.461,0.244,0.704,,0.878,,0.822,0.461,,,,,,0.652,0.345,,,0.171,,0.369,0.524,0.245,0.418,0.822,0.12,0.173,,0.173,0.85,,,0.726,0.461,,0.461,,0.069,0.494,0.245,,0.439,,,,0.461,0.885,0.461,0.1,0.461,0.168,,0.266,0.173,,,0.604,0.591,,,,,,,,,,0.596,0.9,0.922,0.015,0.978,0.344,,,,,,,,,,,,0.268,,,,,0.48908696,,,0.051,0.418,,0.678,,,,0.069,0.798,0.337,,,0.522,0.461,,0.082,,,0.661,,,0.272,,0.476,,,,0.524,0.74,0.856,,,0.173,,,0.245,0.461,,,,0.08,0.173,0.033,,,,0.72,0.722,0.079,,0.484,,,0.173,,,
1888,0.108,,,,0.544,,0.947,0.74,0.461,,0.934,,,0.418,0.152,,,0.461,0.435,0.308,,,,,0.95,0.897,0.837,0.033,,,,,0.452,,,0.743,0.304,,0.74,0.737,,0.972,0.257,,0.2,0.478,,0.409,0.461,0.244,0.704,,0.878,,0.822,0.461,,,,,,0.652,0.345,,,0.171,,0.369,0.524,0.245,0.418,0.822,0.12,0.173,,0.173,0.787,,,0.726,0.461,,0.461,,0.069,0.494,0.245,,0.439,,,,0.461,0.885,0.461,0.1,0.461,0.168,,0.266,0.173,,,0.604,0.591,,,,,,,,,,0.596,0.9,0.922,0.015,0.978,0.344,,,,,,,,,,,,0.268,,,,,0.48953623,,,0.051,0.418,,0.678,,,,0.069,0.798,0.337,,,0.522,0.461,,0.082,,,0.661,,,0.272,,0.476,,,,0.524,0.74,0.856,,,0.173,,,0.245,0.461,,,,0.08,0.173,0.033,,,,0.72,0.722,0.079,,0.484,,,0.173,,,
1889,0.108,,,,0.544,,0.947,0.74,0.461,,0.934,,,0.418,0.152,,,0.461,0.435,0.308,,,,,0.95,0.897,0.837,0.033,,,,,0.452,,,0.743,0.304,,0.74,0.737,,0.972,0.257,,0.2,0.478,,0.409,0.461,0.244,0.704,,0.878,,0.822,0.461,,,,,,0.652,0.345,,,0.171,,0.369,0.524,0.245,0.418,0.822,0.12,0.173,,0.173,0.787,,,0.726,0.461,,0.461,,0.069,0.494,0.245,,0.439,,,,0.461,0.885,0.461,0.1,0.461,0.168,,0.266,0.173,,,0.604,0.591,,,,,,,,,,0.596,0.9,0.922,0.015,0.978,0.344,,,,,,,,,,,,0.268,,,,,0.49152175,,,0.051,0.418,,0.678,,,,0.069,0.798,0.337,,,0.522,0.461,,0.082,,,0.661,,,0.272,,0.476,,,,0.524,0.74,0.856,,,0.173,,,0.245,0.461,,,,0.08,0.173,0.033,,,,0.857,0.722,0.079,,0.484,,,0.173,,,
1890,0.108,,,,0.544,,0.947,0.74,0.461,,0.934,,,0.418,0.152,,,0.461,0.435,0.308,,,,,0.95,0.897,0.677,0.033,,,,,0.452,,,0.743,0.304,,0.74,0.737,,0.972,0.257,,0.343,0.478,,0.409,0.461,0.244,0.704,,0.878,,0.822,0.461,,,,,,0.652,0.345,,,0.171,,0.369,0.524,0.245,0.418,0.822,0.12,0.173,,0.173,0.799,,,0.726,0.461,,0.461,,0.069,0.494,0.245,,0.439,,,,0.461,0.885,0.461,0.1,0.461,0.168,,0.266,0.173,,,0.604,0.591,,,,,,,,,,0.171,0.9,0.922,0.015,0.978,0.344,,,,,,,,,,,,0.268,,,,,0.48486957,,,0.051,0.418,,0.678,,,,0.069,0.798,0.337,,,0.522,0.461,,0.082,,,0.632,,,0.272,,0.476,,,,0.524,0.74,0.856,,,0.173,,,0.245,0.461,,,,0.08,0.173,0.033,,,,0.857,0.722,0.079,,0.484,,,0.173,,,
1891,0.108,,,,0.544,,0.947,0.74,0.461,,0.934,,,0.418,0.152,,,0.461,0.435,0.308,,,,,0.95,0.897,0.534,0.033,,,,,0.452,,,0.743,0.304,,0.74,0.737,,0.972,0.257,,0.343,0.478,,0.409,0.461,0.244,0.704,,0.878,,0.822,0.461,,,,,,0.652,0.345,,,0.171,,0.369,0.524,0.245,0.418,0.822,0.12,0.173,,0.173,0.799,,,0.726,0.461,,0.461,,0.069,0.494,0.245,,0.439,,,,0.461,0.885,0.461,0.1,0.461,0.168,,0.266,0.173,,,0.604,0.591,,,,,,,,,,0.436,0.9,0.922,0.015,0.978,0.344,,,,,,,,,,,,0.268,,,,,0.4917826,,,0.406,0.418,,0.678,,,,0.069,0.798,0.337,,,0.522,0.461,,0.082,,,0.632,,,0.272,,0.476,,,,0.524,0.74,0.856,,,0.173,,,0.245,0.461,,,,0.08,0.173,0.033,,,,0.857,0.722,0.079,,0.484,,,0.173,,,
1892,0.108,,,,0.544,,0.947,0.74,0.461,,0.934,,,0.418,0.152,,,0.461,0.435,0.308,,,,,0.95,0.897,0.703,0.033,,,,,0.452,,,0.743,0.304,,0.74,0.737,,0.972,0.257,,0.343,0.478,,0.409,0.461,0.244,0.704,,0.878,,0.822,0.461,,,,,,0.652,0.437,,,0.171,,0.369,0.524,0.245,0.418,0.822,0.173,0.173,,0.173,0.799,,,0.726,0.461,,0.461,,0.069,0.494,0.245,,0.439,,,,0.461,0.885,0.461,0.1,0.461,0.168,,0.266,0.173,,,0.604,0.591,,,,,,,,,,0.436,0.9,0.922,0.015,0.978,0.344,,,,,,,,,,,,0.268,,,,,0.49633333,,,0.406,0.418,,0.678,,,,0.069,0.798,0.337,,,0.522,0.461,,0.082,,,0.632,,,0.272,,0.476,,,,0.524,0.74,0.856,,,0.173,,,0.245,0.461,,,,0.08,0.173,0.033,,,,0.857,0.722,0.079,,0.484,,,0.173,,,
1893,0.108,,,,0.544,,0.947,0.74,0.461,,0.934,,,0.418,0.152,,,0.461,0.435,0.308,,,,,0.95,0.897,0.755,0.033,,,,,0.452,,,0.743,0.304,,0.74,0.737,,0.972,0.257,,0.343,0.478,,0.409,0.461,0.244,0.704,,0.878,,0.822,0.461,,,,,,0.652,0.582,,,0.171,,0.369,0.524,0.245,0.418,0.822,0.173,0.173,,0.173,0.799,,,0.726,0.461,,0.461,,0.069,0.494,,,0.439,,,,0.461,0.885,0.461,0.1,0.461,0.168,,0.266,0.173,,,0.604,0.591,,,,,,,,,,0.172,0.9,0.922,0.015,0.978,0.344,,,,,,,,,,,,0.268,,,,,0.49410146,,,0.406,0.418,,0.678,,,,0.069,0.798,0.337,,,0.522,0.461,,0.082,,,0.632,,,0.272,,0.476,,,,0.524,0.74,0.856,,,0.173,,,0.245,0.461,,,,0.08,0.173,0.033,,,,0.857,0.722,0.079,,0.397,,,0.173,,,
1894,0.108,,,,0.544,,0.947,0.74,0.461,,0.934,,,0.418,0.072,,,0.461,0.435,0.308,,,,,0.95,0.897,0.755,0.033,,,,,0.452,,,0.743,0.304,,0.74,0.737,,0.972,0.257,,0.343,0.478,,0.409,0.461,0.244,0.704,,0.878,,0.822,0.461,,,,,,0.652,0.582,,,0.171,,0.369,0.524,0.245,0.418,0.822,0.173,0.173,,0.173,0.799,,,0.726,0.461,,0.461,,0.069,0.494,,,0.439,,,,0.461,0.885,0.461,0.1,0.461,0.168,,0.266,0.173,,,0.604,0.591,,,,,,,,,,0.434,0.9,0.922,0.015,0.978,0.344,,,,,,,,,,,,0.268,,,,,0.49673912,,,0.406,0.418,,0.678,,,,0.069,0.798,0.337,,,0.522,0.461,,0.082,,,0.632,,,0.272,,0.476,,,,0.524,0.74,0.856,,,0.173,,,0.245,0.461,,,,0.08,0.173,0.033,,,,0.857,0.722,0.079,,0.397,,,0.173,,,
1895,0.108,,,,0.544,,0.947,0.74,0.461,,0.934,,,0.418,0.521,,,0.461,0.435,0.308,,,,,0.95,0.897,0.755,0.033,,,,,0.452,,,0.743,0.124,,0.74,0.737,,0.972,0.257,,0.433,0.478,,0.409,0.461,0.244,0.704,,0.878,,0.822,0.461,,,,,,0.652,0.582,,,0.171,,0.369,0.524,0.245,0.418,0.822,0.101,0.173,,0.173,0.799,,,0.726,0.461,,0.461,,0.216,0.494,,,0.439,,,,0.461,0.885,0.461,0.1,0.461,0.168,,0.266,0.173,,,0.604,0.591,,,,,,,,,,0.434,0.9,0.922,0.015,0.978,0.344,,,,,,,,,,,,0.268,,,,,0.503029,,,0.406,0.418,,0.678,,,,0.216,0.798,0.337,,,0.522,0.461,,0.082,,,0.632,,,0.272,,0.476,,,,0.524,0.74,0.856,,,0.173,,,0.245,0.461,,,,0.08,0.173,,,,,0.857,0.722,0.079,,0.397,,,0.173,,,
1896,0.108,,,,0.544,,0.947,0.74,0.461,,0.934,,,0.418,0.521,,,0.461,0.435,0.308,,,,,0.95,0.897,0.755,0.033,,,,,0.452,,,0.743,0.124,,0.74,0.737,,0.972,0.257,,0.53,0.478,,0.409,0.461,0.244,0.704,,0.878,,0.822,0.461,,,,,,0.652,0.582,,,0.171,,0.369,0.524,0.245,0.418,0.822,0.101,0.173,,0.173,0.799,,,0.726,0.461,,0.461,,0.304,0.656,,,0.439,,,,0.461,0.885,0.461,0.1,0.461,0.168,,0.266,0.173,,,0.604,0.591,,,,,,,,,,0.178,0.9,0.922,0.015,0.978,0.344,,,,,,,,,,,,0.268,,,,,0.5043478,,,0.406,0.418,,0.678,,,,0.304,0.798,0.337,,,0.522,0.461,,0.082,,,0.632,,,0.272,,0.476,,,,0.524,0.74,0.856,,,0.173,,,0.245,0.461,0.461,,,0.08,0.173,,,,,0.857,0.722,0.079,,0.397,,,0.173,,,
1897,0.108,,,,0.544,,0.947,0.74,0.354,,0.934,,,0.418,0.521,,,0.354,0.435,0.308,,,,,0.95,0.897,0.755,0.033,,,,,0.452,,,0.743,0.124,,0.74,0.737,,0.972,0.257,,0.53,0.478,,0.409,0.354,0.244,0.704,,0.878,,0.822,0.354,,,,,,0.652,0.582,,,0.171,,0.369,0.524,0.245,0.418,0.822,0.101,0.173,,0.173,0.799,,,0.726,0.354,,0.354,,0.304,0.656,,,0.439,,,,0.354,0.885,0.354,0.1,0.354,0.229,,0.266,0.173,,,0.604,0.591,,,,,,,,,,0.393,0.9,0.922,0.015,0.978,0.344,,,,,,,,,,,,0.268,,,,,0.50494206,,,0.406,0.418,,0.678,,,,0.304,0.798,0.337,,,0.522,0.354,,0.082,,,0.632,,,0.272,,0.476,,,,0.524,0.74,0.856,,,0.173,,,0.245,0.354,0.354,,,0.08,0.173,,,,,0.729,0.722,0.079,,0.397,,,0.173,,,
1898,0.108,,,,0.544,,0.947,0.74,0.354,,0.934,,,0.418,0.521,,,0.354,0.435,0.308,,,,,0.95,0.897,0.755,0.033,,,,,0.452,,,0.743,0.521,,0.74,0.737,,0.972,0.257,,0.53,0.478,,0.409,0.354,0.244,0.704,,0.878,,0.822,0.354,,,,,,0.652,0.582,,,0.171,,0.369,0.524,0.245,0.418,0.822,0.101,0.173,,0.173,0.755,,,0.726,0.354,,0.354,,0.304,0.656,,,0.439,,,,0.354,0.885,0.354,0.1,0.354,0.229,,0.266,0.173,,,0.604,0.591,,,,,,,,,,0.393,0.9,0.922,0.015,0.978,0.344,,,,,,,,,,,,0.268,,,,,0.5118406,,,0.406,0.418,,0.678,,,,0.304,0.798,0.337,,,0.522,0.354,,0.082,,,0.632,,,0.272,,0.476,,,,0.524,0.74,0.856,,,0.173,,,0.245,0.354,0.354,,,0.08,0.173,,,,,0.852,0.722,0.079,,0.397,,,0.173,,,
1899,0.108,,,,0.544,,0.947,0.74,0.403,,0.934,,,0.418,0.521,,,0.403,0.435,0.308,,,,,0.95,0.897,0.755,0.033,,,,,0.285,,,0.743,0.686,,0.74,0.737,,0.972,0.257,,0.53,0.478,,0.409,0.403,0.244,0.704,,0.878,,0.822,0.403,,,,,,0.652,0.277,,,0.171,,0.369,0.524,0.245,0.418,0.822,0.101,0.173,,0.173,0.755,,,0.726,0.403,,0.403,,0.304,0.656,,,0.439,,,,0.403,0.885,0.403,0.1,0.403,0.229,,0.266,0.173,,,0.604,0.591,,,,,,,,,,0.393,0.9,0.922,0.015,0.978,0.344,,,,,,,,,,,,0.268,,,,,0.50810146,,,0.406,0.418,,0.678,,,,0.304,0.798,0.337,,,0.522,0.403,,0.082,,,0.632,,,0.272,,0.476,,,,0.524,0.74,0.856,,,0.173,,,0.245,0.403,0.403,,,0.08,0.173,,,,,0.852,0.722,0.079,,0.397,,,0.173,,,
1900,0.108,0.027,,,0.544,,0.947,0.74,0.403,,0.934,0.215,,0.418,0.521,0.243,,0.403,0.435,0.308,0.906,0.411,0.532,,0.95,0.897,0.755,0.033,0.164,,0.157,,0.285,0.103,0.317,0.743,0.686,0.36,0.74,0.737,0.265,0.972,0.278,0.241,0.53,0.478,0.07,0.409,0.403,0.244,0.704,0.79,0.878,,0.822,0.403,,0.432,0.725,0.033,0.279,0.652,0.277,0.64,0.776,0.171,,0.369,0.524,0.245,0.418,0.822,0.101,0.173,0.955,0.173,0.794,0.57,,0.726,0.403,0.178,0.403,0.338,0.304,0.656,0.362,,0.439,,0.898,0.284,0.403,0.885,0.403,0.1,0.403,0.229,0.625,0.266,0.173,0.177,0.95,0.604,0.591,,0.166,,0.752,0.074,0.741,0.071,,,0.393,0.9,0.922,0.015,0.978,0.344,,,,,,,,,,,,0.524,,,0.761,,0.47522765,,0.624,0.406,0.418,,0.678,0.143,0.404,,0.304,0.798,0.337,,0.666,0.522,0.403,,0.082,0.358,,0.632,0.689,0.392,0.272,0.669,0.476,0.358,0.539,0.715,0.524,0.74,0.856,0.366,,0.173,,,0.245,0.403,0.403,0.244,0.897,0.08,0.173,0.143,,0.141,,0.852,0.722,0.079,,0.229,,,0.173,0.347,,0.321
1901,0.108,0.027,,,0.544,,0.947,0.74,0.403,,0.934,0.215,,0.418,0.521,0.243,,0.403,0.435,0.308,0.906,0.411,0.532,,0.95,0.897,0.755,0.033,0.164,,0.157,,0.285,0.103,0.317,0.743,0.686,0.36,0.74,0.737,0.265,0.972,0.278,0.241,0.53,0.478,0.07,0.409,0.403,0.276,0.704,0.79,0.878,,0.822,0.403,,0.432,0.725,0.033,0.279,0.652,0.277,0.64,0.776,0.171,,0.369,0.524,0.245,0.418,0.822,0.101,0.173,0.955,0.173,0.807,0.57,,0.726,0.403,0.178,0.403,0.338,0.304,0.656,0.362,,0.439,,0.898,0.284,0.403,0.885,0.403,0.1,0.403,0.229,0.625,0.266,0.173,0.177,0.95,0.604,0.591,,0.166,,0.752,0.074,0.741,0.071,,,0.393,0.9,0.922,0.015,0.978,0.344,,,,,,,,,,,,0.524,,,0.761,,0.4755935,,0.624,0.406,0.418,,0.678,0.143,0.404,,0.304,0.798,0.337,,0.666,0.522,0.403,,0.082,0.358,,0.632,0.689,0.392,0.272,0.669,0.476,0.358,0.539,0.715,0.524,0.74,0.856,0.366,,0.173,,,0.245,0.403,0.403,0.244,0.897,0.08,0.173,0.143,,0.141,,0.852,0.722,0.079,,0.229,,,0.173,0.347,,0.321
1902,0.179,0.027,,,0.544,,0.947,0.74,0.389,,0.934,0.215,,0.418,0.521,0.243,,0.389,0.435,0.297,0.906,0.411,0.532,,0.95,0.897,0.755,0.033,0.164,,0.157,,0.285,0.103,0.317,0.743,0.686,0.36,0.74,0.737,0.265,0.972,0.278,0.241,0.53,0.478,0.07,0.409,0.389,0.276,0.704,0.79,0.878,,0.822,0.389,0.566,0.432,0.725,0.033,0.279,0.652,0.277,0.64,0.776,0.171,,0.369,0.524,0.245,0.418,0.822,0.101,0.173,0.955,0.173,0.807,0.57,,0.726,0.389,0.178,0.389,0.338,0.304,0.656,0.362,,0.439,,0.898,0.284,0.389,0.885,0.389,0.1,0.389,0.229,0.625,0.266,0.173,0.177,0.95,0.604,0.591,,0.166,,0.752,0.074,0.741,0.071,,,0.393,0.9,0.922,0.015,0.978,0.344,,,,,,,,,,,,0.524,,,0.761,,0.47669354,,0.624,0.406,0.418,,0.678,0.143,0.404,,0.304,0.798,0.337,,0.666,0.522,0.389,,0.082,0.358,,0.632,0.689,0.392,0.272,0.669,0.476,0.358,0.539,0.715,0.524,0.74,0.856,0.366,,0.173,,,0.245,0.389,0.389,0.244,0.897,0.08,0.173,0.143,,0.141,,0.852,0.722,0.079,,0.229,,,0.173,0.347,,0.321
1903,0.179,0.027,,,0.544,,0.947,0.74,0.404,,0.934,0.215,,0.418,0.521,0.243,,0.404,0.435,0.297,0.906,0.411,0.532,,0.95,0.897,0.755,0.033,0.164,,0.157,0.213,0.416,0.103,0.317,0.743,0.687,0.36,0.74,0.737,0.265,0.972,0.278,0.241,0.53,0.478,0.07,0.409,0.404,0.276,0.704,0.79,0.878,,0.822,0.404,0.566,0.432,0.725,0.033,0.279,0.652,0.277,0.64,0.776,0.171,,0.369,0.524,0.245,0.418,0.822,0.101,0.173,0.955,0.173,0.807,0.57,,0.726,0.404,0.178,0.404,0.338,0.304,0.656,0.362,,0.439,,0.898,0.284,0.404,0.885,0.404,0.1,0.404,0.229,0.625,0.266,0.173,0.177,0.95,0.604,0.591,,0.166,,0.752,0.074,0.741,0.071,,,0.344,0.9,0.922,0.015,0.978,0.344,,,,,,,,,,,,0.524,,,0.761,,0.47822046,,0.624,0.406,0.418,0.586,0.678,0.173,0.404,,0.304,0.798,0.337,,0.666,0.522,0.404,,0.082,0.358,,0.632,0.689,0.392,0.272,0.669,0.476,0.358,0.539,0.715,0.524,0.74,0.856,0.366,0.697,0.173,,,0.245,0.404,0.404,0.244,0.897,0.08,0.173,0.143,,0.141,,0.852,0.722,0.079,,0.229,,,0.173,0.347,,0.321
1904,0.179,0.027,,,0.544,,0.947,0.74,0.398,,0.934,0.215,,0.418,0.521,0.243,,0.398,0.435,0.297,0.906,0.411,0.532,,0.95,0.897,0.755,0.045,0.164,,0.157,0.213,0.467,0.103,0.317,0.743,0.687,0.36,0.74,0.737,0.265,0.972,0.278,0.241,0.53,0.478,0.07,0.409,0.398,0.276,0.612,0.79,0.878,,0.822,0.398,0.566,0.432,0.725,0.033,0.279,0.652,0.277,0.64,0.776,0.171,,0.369,0.524,0.245,0.418,0.822,0.101,0.173,0.955,0.173,0.807,0.57,,0.726,0.398,0.178,0.398,0.338,0.304,0.656,0.362,,0.439,,0.898,0.284,0.398,0.885,0.398,0.1,0.398,0.229,0.625,0.266,0.173,0.177,0.95,0.604,0.591,,0.166,0.482,0.752,0.074,0.741,0.038,,,0.395,0.9,0.922,0.015,0.978,0.344,,,,,,,,,,,,0.524,,,0.761,,0.4773023,,0.624,0.406,0.418,0.586,0.678,0.173,0.404,,0.304,0.798,0.337,,0.666,0.522,0.398,,0.082,0.358,0.35,0.632,0.689,0.392,0.272,0.669,0.535,0.358,0.539,0.715,0.524,0.74,0.856,0.366,0.697,0.173,,,0.245,0.398,0.398,0.244,0.897,0.08,0.173,0.143,,0.141,,0.816,0.722,0.079,,0.229,,,0.173,0.347,,0.321
1905,0.179,0.027,,,0.544,,0.947,0.74,0.363,,0.934,0.215,,0.418,0.521,0.243,,0.363,0.435,0.311,0.906,0.411,0.532,,0.95,0.897,0.755,0.045,0.164,,0.157,0.213,0.448,0.103,0.317,0.743,0.687,0.36,0.74,0.737,0.265,0.972,0.278,0.241,0.53,0.478,0.07,0.409,0.363,0.276,0.701,0.79,0.878,,0.822,0.363,0.566,0.432,0.725,0.033,0.279,0.652,0.277,0.64,0.776,0.171,,0.369,0.524,0.245,0.418,0.822,0.111,0.173,0.955,0.173,0.815,0.57,,0.726,0.363,0.178,0.363,0.338,0.304,0.656,0.362,,0.439,,0.898,0.284,0.363,0.885,0.363,0.1,0.363,0.229,0.625,0.266,0.173,0.177,0.95,0.604,0.591,,0.166,0.482,0.752,0.074,0.741,0.038,,,0.395,0.9,0.922,0.015,0.978,0.344,,,,,,,,,,,,0.524,,,0.761,,0.47883722,,0.624,0.406,0.418,0.586,0.678,0.173,0.404,,0.304,0.798,0.351,,0.666,0.522,0.363,,0.082,0.358,0.35,0.632,0.689,0.392,0.344,0.669,0.535,0.358,0.539,0.715,0.524,0.74,0.856,0.366,0.697,0.173,,,0.245,0.363,0.363,0.244,0.897,0.08,0.173,0.143,,0.141,,0.861,0.722,0.079,,0.229,,,0.173,0.347,,0.321
1906,0.179,0.027,,,0.544,,0.947,0.74,0.354,,0.934,0.215,,0.418,0.521,0.243,,0.354,0.435,0.311,0.906,0.411,0.532,,0.95,0.897,0.755,0.065,0.164,,0.157,0.213,0.448,0.103,0.317,0.743,0.687,0.36,0.74,0.737,0.265,0.972,0.253,0.241,0.53,0.478,0.07,0.409,0.354,0.276,0.716,0.79,0.878,,0.822,0.354,0.566,0.432,0.725,0.033,0.301,0.652,0.277,0.64,0.776,0.148,,0.369,0.524,0.245,0.418,0.822,0.111,0.173,0.955,0.173,0.815,0.57,,0.726,0.354,0.198,0.354,0.338,0.304,0.656,0.362,,0.439,,0.898,0.284,0.354,0.885,0.354,0.1,0.354,0.315,0.625,0.266,0.173,0.177,0.95,0.604,0.591,,0.166,0.482,0.752,0.074,0.741,0.038,,,0.395,0.9,0.922,0.015,0.978,0.344,,,,,,,,,,,,0.524,,,0.761,,0.48284614,,0.624,0.406,0.418,0.586,0.678,0.173,0.404,,0.304,0.798,0.351,,0.666,0.522,0.354,,0.082,0.358,0.35,0.632,0.689,0.392,0.272,0.669,0.535,0.358,0.539,0.715,0.524,0.74,0.856,0.366,0.697,0.173,,,0.245,0.354,0.354,0.244,0.897,0.08,0.173,0.143,,0.141,,0.861,0.722,0.079,,0.229,,0.966,0.173,0.347,,0.321
1907,0.179,0.027,,,0.544,,0.947,0.74,0.354,,0.934,0.215,,0.418,0.521,0.243,,0.354,0.435,0.311,0.906,0.442,0.532,,0.95,0.897,0.755,0.065,0.164,,0.157,0.213,0.448,0.103,0.317,0.743,0.687,0.36,0.74,0.737,0.265,0.972,0.253,0.241,0.53,0.478,0.07,0.409,0.354,0.276,0.716,0.79,0.878,,0.822,0.354,0.566,0.432,0.725,0.033,0.301,0.652,0.277,0.64,0.776,0.148,,0.369,0.524,0.245,0.418,0.822,0.099,0.173,0.955,0.173,0.815,0.57,,0.726,0.354,0.239,0.354,0.338,0.304,0.656,0.362,,0.439,,0.898,0.284,0.354,0.885,0.354,0.072,0.354,0.315,0.625,0.266,0.173,0.177,0.95,0.604,0.591,,0.166,0.482,0.752,0.074,0.741,0.038,,,0.395,0.9,0.922,0.015,0.978,0.344,,,,,,,,,,,,0.524,,,0.761,,0.4833077,,0.624,0.406,0.418,0.586,0.678,0.173,0.404,,0.304,0.798,0.351,,0.666,0.522,0.354,,0.082,0.358,0.35,0.632,0.689,0.392,0.272,0.669,0.535,0.358,0.539,0.715,0.524,0.74,0.856,0.366,0.697,0.173,,,0.245,0.354,0.354,0.244,0.897,0.08,0.173,0.143,,0.141,,0.889,0.722,0.079,,0.229,,0.966,0.173,0.347,,0.321
1908,0.179,0.027,,,0.544,,0.947,0.74,0.361,,0.886,0.215,,0.418,0.521,0.243,,0.361,0.435,0.311,0.906,0.486,0.532,,0.95,0.897,0.755,0.065,0.164,,0.157,0.213,0.448,0.103,0.317,0.743,0.687,0.36,0.74,0.737,0.265,0.972,0.253,0.241,0.53,0.478,0.07,0.409,0.361,0.276,0.716,0.79,0.878,,0.822,0.361,0.566,0.432,0.725,0.033,0.276,0.652,0.277,0.64,0.776,0.148,,0.369,0.524,0.245,0.418,0.822,0.099,0.186,0.955,0.186,0.815,0.57,,0.726,0.361,0.239,0.361,0.338,0.304,0.656,0.362,,0.439,,0.898,0.284,0.361,0.885,0.361,0.072,0.361,0.315,0.625,0.266,0.186,0.177,0.95,0.604,0.591,,0.166,0.482,0.752,0.074,0.741,0.061,,,0.395,0.9,0.922,0.015,0.978,0.344,,,,,,,,,,,,0.524,,,0.761,,0.48397693,,0.624,0.406,0.418,0.586,0.678,0.173,0.404,,0.304,0.798,0.351,,0.666,0.522,0.361,,0.082,0.358,0.35,0.632,0.689,0.392,0.272,0.669,0.535,0.358,0.539,0.715,0.524,0.74,0.856,0.366,0.697,0.186,,,0.301,0.361,0.361,0.244,0.897,0.08,0.186,0.143,,0.141,,0.889,0.722,0.079,,0.246,,0.966,0.186,0.347,,0.321
1909,0.179,0.027,,,0.544,,0.947,0.74,0.39,,0.886,0.215,,0.418,0.521,0.243,,0.39,0.435,0.311,0.906,0.486,0.532,,0.95,0.897,0.755,0.065,0.164,,0.078,0.213,0.448,0.103,0.317,0.743,0.687,0.36,0.74,0.737,0.265,0.972,0.253,0.241,0.55,0.478,0.07,0.409,0.39,0.276,0.716,0.79,0.878,,0.822,0.39,0.566,0.432,0.725,0.033,0.276,0.652,0.277,0.64,0.776,0.169,,0.369,0.524,0.245,0.418,0.822,0.099,0.311,0.955,0.311,0.815,0.57,,0.696,0.39,0.239,0.39,0.338,0.304,0.656,0.362,,0.439,,0.898,0.284,0.39,0.885,0.39,0.069,0.39,0.315,0.625,0.266,0.311,0.177,0.95,0.604,0.591,,0.166,0.482,0.752,0.074,0.741,0.095,,,0.358,0.9,0.922,0.015,0.978,0.344,,,,,,,,,,,,0.524,,,0.761,,0.48444617,,0.624,0.406,0.418,0.586,0.678,0.173,0.404,,0.304,0.798,0.351,,0.666,0.522,0.39,,0.082,0.358,0.35,0.632,0.689,0.392,0.272,0.669,0.535,0.358,0.539,0.715,0.524,0.74,0.856,0.427,0.697,0.311,,,0.301,0.39,0.39,0.244,0.897,0.08,0.311,0.143,,0.141,,0.889,0.722,0.079,,0.166,,0.966,0.311,0.347,,0.321
1910,0.179,0.027,,,0.544,,0.947,0.74,0.419,,0.886,0.215,,0.418,0.521,0.243,,0.419,0.435,0.311,0.906,0.486,0.532,,0.95,0.897,0.755,0.065,0.164,,0.078,0.213,0.484,0.103,0.317,0.743,0.687,0.36,0.74,0.737,0.265,0.972,0.253,0.241,0.55,0.478,0.037,0.409,0.419,0.276,0.697,0.79,0.878,0.124,0.822,0.419,0.566,0.432,0.725,0.033,0.251,0.652,0.287,0.64,0.776,0.151,,0.369,0.524,0.245,0.418,0.822,0.153,0.304,0.955,0.304,0.815,0.57,,0.696,0.419,0.239,0.419,0.338,0.137,0.656,0.362,,0.439,,0.898,0.284,0.419,0.885,0.419,0.104,0.419,0.315,0.625,0.21,0.304,0.177,0.95,0.604,0.591,,0.166,0.482,0.752,0.074,0.741,0.119,,,0.236,0.9,0.922,0.015,0.978,0.344,,,,,,,,,,,,0.524,,,0.761,,0.4795191,,0.624,0.406,0.418,0.586,0.678,0.173,0.404,,0.137,0.823,0.351,,0.666,0.522,0.419,,0.082,0.358,0.35,0.632,0.689,0.392,0.272,0.618,0.535,0.358,0.539,0.715,0.524,0.74,0.856,0.427,0.697,0.304,,,0.301,0.419,0.419,0.244,0.897,0.08,0.304,0.143,,0.141,,0.889,0.722,0.079,,0.166,,0.966,0.304,0.347,,0.321
1911,0.179,0.027,,,0.544,,0.947,0.74,0.419,,0.886,0.215,,0.418,0.521,0.243,,0.419,0.435,0.311,0.906,0.486,0.532,,0.95,0.897,0.755,0.058,0.164,,0.078,0.213,0.484,0.103,0.317,0.743,0.687,0.36,0.74,0.737,0.265,0.972,0.253,0.241,0.57,0.478,0.037,0.409,0.419,0.276,0.697,0.79,0.878,0.124,0.822,0.419,0.566,0.432,0.725,0.033,0.301,0.652,0.287,0.64,0.776,0.151,,0.369,0.524,0.245,0.418,0.822,0.153,0.208,0.955,0.208,0.815,0.57,,0.719,0.419,0.239,0.419,0.338,0.104,0.656,0.362,,0.439,0.015,0.898,0.284,0.419,0.885,0.419,0.223,0.419,0.315,0.625,0.134,0.208,0.177,0.95,0.604,0.591,0.154,0.166,0.482,0.752,0.074,0.741,0.119,,,0.236,0.9,0.922,0.015,0.978,0.344,,,,,,,,,,,,0.524,,,0.761,,0.47299254,,0.624,0.406,0.418,0.586,0.654,0.173,0.404,,,0.833,0.351,,0.666,0.522,0.419,,0.082,0.358,0.35,0.632,0.689,0.392,0.272,0.618,0.535,0.358,0.539,0.715,0.524,0.74,0.856,0.427,0.697,0.208,,,0.301,0.419,0.419,0.244,0.897,0.08,0.208,0.143,,0.141,,0.889,0.722,0.079,,0.166,,0.966,0.208,0.347,0.409,0.321
1912,0.179,0.027,0.416,,0.544,,0.947,0.74,0.423,,0.886,0.215,,0.418,0.491,0.243,,0.423,0.435,0.311,0.906,0.486,0.532,,0.95,0.897,0.755,0.121,0.164,,0.078,0.213,0.484,0.103,0.317,0.743,0.629,0.36,0.74,0.737,0.265,0.972,0.368,0.241,0.57,0.478,0.037,0.409,0.423,0.276,0.697,0.79,0.878,0.124,0.822,0.423,0.566,0.432,0.725,0.033,0.301,0.652,0.287,0.64,0.776,0.17,,0.3,0.524,0.245,0.418,0.822,0.153,0.208,0.955,0.208,0.815,0.57,,0.719,0.423,0.239,0.423,0.338,0.104,0.656,0.362,,0.414,0.015,0.898,0.284,0.423,0.885,0.423,0.27,0.423,0.315,0.625,0.134,0.208,0.177,0.95,0.604,0.591,0.154,0.166,0.482,0.752,0.074,0.741,0.119,,,0.236,0.9,0.922,0.015,0.978,0.344,,,,,,,,,,,,0.524,,,0.761,,0.4729926,,0.624,0.406,0.418,0.586,0.654,0.173,0.404,,,0.833,0.342,,0.666,0.522,0.423,,0.082,0.358,0.35,0.632,0.689,0.392,0.272,0.618,0.535,0.358,0.539,0.715,0.524,0.74,0.856,0.427,0.697,0.208,,,0.301,0.423,0.423,0.244,0.897,0.08,0.208,0.143,,0.141,,0.889,0.722,0.079,,0.166,,0.966,0.208,0.347,0.409,0.321
1913,0.179,0.027,0.416,,0.544,,0.947,0.74,0.423,,0.886,0.215,,0.418,0.491,0.243,,0.423,0.435,0.311,0.906,0.486,0.532,,0.95,0.897,0.755,0.242,0.164,,0.078,0.213,0.484,0.103,0.317,0.743,0.687,0.36,0.74,0.737,0.265,0.972,0.368,0.241,0.57,0.478,0.037,0.409,0.423,0.295,0.697,0.79,0.878,0.124,0.822,0.423,0.566,0.432,0.725,0.033,0.301,0.652,0.287,0.64,0.776,0.17,,0.3,0.524,0.245,0.418,0.822,0.153,0.208,0.955,0.208,0.815,0.57,,0.719,0.423,0.239,0.423,0.338,0.104,0.656,0.362,,0.414,0.015,0.898,0.284,0.423,0.83,0.423,0.27,0.423,0.315,0.625,0.055,0.208,0.177,0.95,0.604,0.591,0.154,0.166,0.482,0.752,0.074,0.741,0.119,,,0.288,0.9,0.922,0.015,0.978,0.344,,,,,,,,,,,,0.524,,,0.761,,0.47345927,,0.624,0.406,0.418,0.586,0.654,0.173,0.404,,,0.833,0.348,,0.666,0.522,0.423,,0.082,0.358,0.35,0.632,0.689,0.392,0.272,0.618,0.431,0.358,0.539,0.715,0.524,0.74,0.856,0.427,0.697,0.208,,,0.301,0.423,0.423,0.289,0.897,0.08,0.208,0.143,,0.141,,0.889,0.722,0.079,,0.166,,0.966,0.208,0.347,0.409,0.321
1914,0.179,0.027,0.416,,0.544,,0.947,0.8,0.417,,0.579,0.215,,0.418,0.491,0.243,,0.417,0.435,0.311,0.906,0.486,0.532,,0.95,0.897,0.755,0.242,0.164,,0.078,0.213,0.484,,0.317,0.743,0.687,0.36,0.8,0.708,0.265,0.972,0.368,0.241,0.57,0.478,0.037,0.409,0.417,0.295,0.697,0.79,0.846,0.124,0.822,0.417,0.566,0.432,0.725,0.033,0.301,0.652,0.287,0.64,0.776,0.17,,0.3,0.524,0.245,0.418,0.822,0.13,0.129,0.955,0.129,0.815,0.57,,0.719,0.417,0.239,0.417,0.338,0.104,0.656,0.362,,0.414,0.015,0.898,0.284,0.417,0.522,0.417,0.27,0.417,0.315,0.625,0.055,0.431,0.177,0.95,0.604,0.591,0.154,0.166,0.482,0.752,0.074,0.741,0.108,,0.218,0.288,0.9,0.922,0.015,0.974,0.344,,,,,,,,,,,,0.524,,,0.761,,0.4684191,,0.624,0.406,0.418,0.586,0.654,0.281,0.404,,,0.833,0.348,,0.666,0.498,0.417,,0.082,0.358,0.35,0.632,0.61,0.392,0.272,0.618,0.431,0.358,0.539,0.715,0.524,0.8,0.856,0.427,0.697,0.129,,,0.301,0.417,0.417,0.289,0.897,0.08,0.129,0.143,0.407,0.141,,0.889,0.722,0.079,,0.166,,0.966,0.129,0.347,0.409,0.321
1915,0.179,0.027,0.294,,0.544,,0.947,0.8,0.422,,0.579,0.215,,0.418,0.491,0.243,,0.422,0.435,0.311,0.906,0.486,0.532,,0.95,0.897,0.755,0.242,0.164,,0.078,0.213,0.484,,0.317,0.743,0.687,0.36,0.8,0.705,0.265,0.972,0.368,0.241,0.57,0.478,0.037,0.409,0.422,0.295,0.697,0.79,0.846,0.124,0.822,0.422,0.566,0.432,0.725,0.033,0.301,0.637,0.287,0.64,0.776,0.17,,0.367,0.524,0.245,0.418,0.822,0.13,0.096,0.955,0.096,0.787,0.57,,0.719,0.422,0.239,0.422,0.338,0.104,0.656,0.362,,0.414,0.015,0.898,0.284,0.422,0.522,0.422,0.27,0.422,0.315,0.625,0.08,0.38,0.177,0.95,0.604,0.591,0.154,0.166,0.482,0.752,0.062,0.715,0.148,,0.218,0.288,0.9,0.922,0.015,0.974,0.344,,,,,,,,,,,,0.524,,,0.761,,0.46594852,,0.624,0.406,0.418,0.586,0.525,0.281,0.404,,,0.833,0.348,,0.666,0.498,0.422,,0.082,0.358,0.35,0.632,0.61,0.392,0.272,0.618,0.38,0.358,0.539,0.715,0.524,0.8,0.856,0.427,0.697,0.096,,,0.301,0.422,0.422,0.289,0.897,0.08,0.096,0.143,0.407,0.141,,0.889,0.722,0.079,,0.112,,0.966,0.096,0.347,0.409,0.321
1916,0.179,0.027,0.327,,0.621,,0.932,0.8,0.369,0.085,0.579,0.215,,0.418,0.491,0.243,,0.369,0.435,0.311,0.906,0.486,0.532,,0.95,0.897,0.755,0.242,0.164,,0.078,0.213,0.484,,0.317,0.743,0.666,0.36,0.8,0.705,0.265,0.972,0.189,0.241,0.57,0.478,0.037,0.409,0.369,0.295,0.697,0.79,0.846,0.124,0.779,0.369,0.566,0.432,0.725,0.033,0.301,0.637,0.287,0.64,0.776,0.17,,0.391,0.524,0.245,0.418,0.779,0.13,0.116,0.955,0.116,0.787,0.57,,0.719,0.369,0.239,0.369,0.338,0.104,0.656,0.362,,0.414,0.015,0.898,0.284,0.369,0.522,0.369,0.27,0.369,0.315,0.625,0.125,0.38,0.177,0.95,0.604,0.475,0.154,0.166,0.482,0.752,0.072,0.739,0.162,,0.218,0.288,0.9,0.922,0.015,0.974,0.344,,,,,,,,,,,,0.524,,,0.761,,0.458259,,0.624,0.406,0.418,0.586,0.525,0.281,0.404,,,0.833,0.348,,0.666,0.498,0.369,0.076,0.082,0.358,0.35,0.632,0.61,0.392,0.272,0.618,0.38,0.358,0.539,0.715,0.524,0.8,0.856,0.427,0.697,0.116,,0.145,0.301,0.369,0.369,0.289,0.897,0.08,0.116,0.35,0.407,0.141,,0.889,0.722,0.079,,0.108,,0.966,0.116,0.347,0.409,0.321
1917,0.179,0.027,0.327,,0.621,,0.932,0.8,0.394,0.085,0.579,0.215,,0.418,0.491,0.243,,0.394,0.435,0.311,0.906,0.486,0.532,,0.95,0.897,0.755,0.242,0.164,,0.078,0.213,0.484,,0.317,0.604,0.666,0.36,0.8,0.705,0.265,0.972,0.189,0.241,0.57,0.478,0.037,0.409,0.394,0.312,0.697,0.79,0.846,0.124,0.779,0.394,0.566,0.432,0.725,0.033,0.301,0.637,0.269,0.64,0.776,0.134,,0.391,0.524,0.245,0.418,0.779,0.13,0.116,0.955,0.116,0.78,0.57,,0.719,0.394,0.239,0.394,0.338,0.104,0.656,0.362,,0.414,0.015,0.898,0.284,0.394,0.522,0.394,0.27,0.394,0.315,0.625,0.155,0.38,0.177,0.95,0.604,0.475,0.154,0.166,0.482,0.752,0.072,0.739,0.147,,0.218,0.288,0.9,0.922,0.015,0.974,0.344,,,,,,,,,,,,0.524,,,0.761,,0.4573741,,0.624,0.406,0.418,0.586,0.525,0.281,0.404,,,0.833,0.348,,0.666,0.498,0.394,0.076,0.082,0.358,0.35,0.632,0.61,0.392,0.272,0.618,0.38,0.358,0.539,0.715,0.524,0.8,0.888,0.427,0.697,0.116,,0.145,0.301,0.394,0.394,0.289,0.897,0.08,0.116,0.35,0.407,0.141,,0.889,0.722,0.079,,0.096,,0.966,0.116,0.347,0.409,0.321
1918,0.179,0.027,0.327,,0.621,0.058,0.948,0.8,0.058,0.085,0.653,0.215,,0.418,0.491,0.243,,0.058,0.435,0.311,0.906,0.486,0.532,,0.95,0.906,0.755,0.242,0.164,,0.078,0.213,0.484,,0.317,0.579,0.666,0.36,0.966,0.673,0.265,0.972,0.189,0.241,0.57,0.456,0.037,0.409,0.805,0.312,0.491,0.79,0.846,0.124,0.779,0.058,0.566,0.432,0.725,0.033,0.301,0.637,0.269,0.64,0.776,0.134,,0.391,0.524,0.245,0.418,0.779,0.13,0.133,0.955,0.133,0.765,0.57,,0.719,0.058,0.239,0.058,0.338,0.104,0.656,0.362,0.746,0.414,0.015,0.898,0.284,0.609,0.744,0.058,0.27,0.058,0.315,0.625,0.155,0.38,0.177,0.95,0.604,0.475,0.154,0.166,0.482,0.752,0.072,0.739,0.16,,0.218,0.288,0.9,0.922,0.015,0.974,0.344,,,,,,,,,,,,0.524,,,0.761,,0.4632925,0.13,0.624,0.406,0.418,0.586,0.525,0.281,0.404,0.91,,0.833,0.348,0.456,0.689,0.498,0.058,0.076,0.082,0.358,0.35,0.632,0.61,0.392,0.272,0.618,0.38,0.358,0.539,0.715,0.524,0.8,0.888,0.427,0.697,0.228,,0.145,0.301,0.058,0.058,0.289,0.897,0.08,0.133,0.35,0.407,0.141,,0.889,0.722,0.045,,0.071,,0.966,,0.347,0.409,0.321
1919,0.191,0.027,0.354,,0.621,0.054,0.948,0.873,0.054,0.085,0.883,0.215,0.265,0.418,0.491,0.243,0.586,0.054,0.435,0.311,0.906,0.486,0.532,,0.95,0.937,0.755,0.242,0.164,,0.078,0.213,0.484,,0.317,0.579,0.666,0.36,0.966,0.68,0.265,0.972,0.189,0.241,0.57,0.446,0.037,0.409,0.805,0.312,0.697,0.79,0.846,0.124,0.779,0.054,0.566,0.432,0.725,0.033,0.301,0.637,0.269,0.64,0.776,0.204,,0.391,0.263,0.245,0.418,0.489,0.13,0.133,0.955,0.133,0.786,0.57,,0.719,0.054,0.239,0.054,0.338,0.104,0.656,0.362,0.746,0.414,0.015,0.898,0.284,0.658,0.824,0.054,0.27,0.054,0.315,0.625,0.155,0.586,0.177,0.95,0.604,,0.154,0.166,0.482,0.752,0.072,0.739,0.16,,0.218,0.288,0.9,0.922,0.015,0.987,0.344,,,,,,,,,,,,0.524,,,0.761,,0.46722972,0.13,0.624,0.406,0.418,0.608,0.435,0.281,0.404,0.91,,0.833,0.348,0.456,0.689,0.502,0.054,0.076,0.082,0.358,0.35,0.632,0.61,0.392,0.272,0.618,0.586,0.358,0.539,0.715,0.966,0.586,0.888,0.427,0.697,0.228,,0.145,0.301,0.054,0.054,0.289,0.897,0.08,0.133,0.35,0.488,0.141,,0.889,0.722,0.045,,0.071,,0.966,,0.347,0.409,0.321
1920,0.304,0.027,0.461,,0.621,0.059,0.948,0.894,0.059,0.085,0.934,0.215,0.265,0.418,0.491,0.243,0.586,0.059,0.435,0.311,0.906,0.486,0.532,0.128,0.95,0.937,0.755,0.242,0.164,,0.037,0.213,0.484,,0.317,0.748,0.546,0.36,0.966,0.692,0.265,0.972,0.189,0.241,0.57,0.446,0.037,0.409,0.883,0.312,0.706,0.79,0.874,0.124,0.779,0.059,0.566,0.432,0.725,0.033,0.301,0.637,0.307,0.64,0.776,0.154,,0.391,0.402,0.245,0.418,0.489,0.13,0.504,0.955,,0.78,0.57,,0.728,0.059,0.239,0.059,0.338,0.104,0.656,0.362,0.746,0.414,0.015,0.898,0.284,0.739,0.824,0.808,0.254,,0.315,0.625,0.171,0.586,0.177,0.95,0.604,,0.154,0.166,0.482,0.752,0.072,0.739,0.16,,0.218,0.274,0.9,0.922,0.015,0.987,0.344,,,,,,,,,,,,0.49,,,0.761,,0.47166887,0.13,0.624,0.406,0.418,0.608,0.249,0.281,0.404,0.91,,0.833,0.348,0.456,0.689,0.502,0.059,0.076,0.082,0.358,0.35,0.632,0.684,0.392,0.272,0.618,0.586,0.358,0.539,0.715,0.966,0.586,0.918,0.427,0.697,,0.176,0.145,0.301,0.059,0.059,0.289,0.897,0.08,0.239,0.377,0.488,0.141,,0.889,0.722,0.083,,0.071,,0.966,,0.347,0.409,0.321
1921,0.304,0.027,0.461,,0.621,0.066,0.948,0.894,0.066,0.085,0.934,0.215,0.265,0.418,0.491,0.243,0.586,0.066,0.448,0.311,0.906,0.486,0.532,0.128,0.95,0.937,0.755,0.242,0.173,,0.037,0.213,0.484,,0.317,0.748,0.533,0.36,0.966,0.692,0.265,0.972,0.189,0.241,0.57,0.446,0.037,0.409,0.883,0.312,0.706,0.79,0.874,0.124,0.779,0.066,0.566,0.432,0.725,0.033,0.301,0.637,0.334,0.64,0.776,0.154,,0.391,0.57,0.245,0.418,0.519,0.13,0.504,0.955,,0.78,0.57,,0.728,0.066,0.239,0.066,0.338,0.104,0.655,0.362,0.746,0.447,0.015,0.898,0.284,0.828,0.824,0.846,0.254,,0.273,0.625,0.276,0.586,0.177,0.95,0.604,,0.113,0.166,0.482,0.752,0.072,0.739,0.16,,0.218,0.274,0.9,0.922,0.015,0.987,0.344,,,,,,,,,,,,0.506,,,0.761,,0.47782665,0.13,0.624,0.406,0.418,0.608,0.249,0.281,0.404,0.91,,0.871,0.348,0.456,0.689,0.502,0.066,0.076,0.082,0.404,0.35,0.632,0.684,0.392,0.272,0.618,0.586,0.404,0.539,0.715,0.966,0.586,0.931,0.427,0.697,,0.176,0.145,0.301,0.066,0.066,0.289,0.897,0.08,0.239,0.377,0.488,0.141,,0.889,0.722,0.066,,0.071,,0.966,,0.347,0.409,0.321
1922,0.304,0.027,0.461,,0.621,0.066,0.948,0.894,0.066,0.085,0.934,0.215,0.265,0.418,0.491,0.243,0.586,0.066,0.448,0.311,0.906,0.486,0.532,0.128,0.95,0.937,0.755,0.242,0.173,,0.037,0.213,0.484,,0.317,0.748,0.545,0.36,0.966,0.692,0.265,0.972,0.189,0.241,0.565,0.446,0.037,0.409,0.911,0.312,0.668,0.79,0.874,0.124,0.779,0.066,0.6,0.432,0.725,0.033,0.301,0.598,0.398,0.64,0.776,0.185,,0.391,0.581,0.245,0.418,0.576,0.13,0.504,0.955,,0.655,0.57,0.628,0.728,0.066,0.239,0.066,0.338,0.104,0.661,0.362,0.746,0.447,0.015,0.898,0.284,0.841,0.824,0.846,0.254,,0.273,0.625,0.276,0.586,0.177,0.95,0.604,,0.101,0.166,0.482,0.752,0.072,0.739,0.11,0.144,0.218,0.274,0.9,0.922,0.015,0.987,0.344,,,,,,,,,,,,0.506,,,0.823,,0.4748562,0.13,0.624,0.406,0.418,0.608,0.249,0.281,0.404,0.91,,0.834,0.348,0.456,0.689,0.502,0.066,0.076,0.082,0.404,0.35,0.632,0.684,0.392,0.272,0.618,0.586,0.404,0.539,0.715,0.966,0.586,0.949,0.427,0.697,0.181,0.176,0.145,0.301,0.066,0.066,0.289,0.897,0.08,0.235,0.377,0.488,0.141,,0.889,0.722,0.066,,0.071,,0.966,,0.347,0.409,0.321
1923,0.304,0.027,0.461,,0.621,0.056,0.948,0.894,0.056,0.085,0.934,0.215,0.265,0.418,0.418,0.335,0.586,0.056,0.448,0.311,0.906,0.486,0.532,0.128,0.95,0.937,0.755,0.242,0.173,,0.037,0.213,0.484,,0.317,0.748,0.545,0.36,0.966,0.692,0.265,0.972,0.189,0.241,0.601,0.446,0.037,0.378,0.911,0.312,0.748,0.79,0.874,0.124,0.779,0.056,0.6,0.432,0.725,0.033,0.301,0.607,0.398,0.64,0.776,0.162,,0.391,0.581,0.245,0.418,0.576,0.13,0.504,0.955,,0.314,0.57,0.628,0.728,0.056,0.239,0.056,0.338,0.104,0.661,0.362,0.746,0.447,0.015,0.898,0.284,0.867,0.824,0.846,0.254,,0.273,0.625,0.276,0.586,0.177,0.95,0.604,,0.14,0.166,0.482,0.752,0.072,0.739,0.142,0.144,0.218,0.274,0.9,0.922,0.015,0.987,0.344,,,,,,,,,,,,0.506,,,0.823,,0.47280392,0.13,0.624,0.406,0.418,0.608,0.249,0.281,0.404,0.91,,0.871,0.394,0.456,0.689,0.502,0.056,0.076,0.082,0.404,0.35,0.632,0.684,0.392,0.272,0.393,0.586,0.404,0.539,0.715,0.966,0.586,0.949,0.427,0.697,0.208,0.176,0.145,0.301,0.056,0.056,0.316,0.897,0.08,0.173,0.377,0.488,0.141,,0.889,0.722,0.056,,0.071,,0.966,,0.347,0.409,0.321
1924,0.304,0.027,0.404,,0.621,0.031,0.948,0.894,0.031,0.085,0.934,0.215,0.265,0.418,0.342,0.501,0.586,0.031,0.448,0.311,0.906,0.486,0.532,0.128,0.95,0.937,0.755,0.242,0.173,,0.037,0.213,0.484,,0.317,0.748,0.545,0.36,0.966,0.715,0.265,0.972,0.189,0.241,0.601,0.446,0.037,0.301,0.911,0.312,0.748,0.79,0.874,0.124,0.856,0.031,0.6,0.432,0.725,0.033,0.301,0.607,0.398,0.64,0.776,0.162,,0.391,0.581,0.245,0.418,0.686,0.13,0.504,0.955,,0.264,0.57,0.628,0.728,0.031,0.239,0.031,0.338,0.104,0.661,0.362,0.746,0.447,0.015,0.898,0.284,0.867,0.824,0.846,0.254,,0.273,0.625,0.276,0.586,0.177,0.95,0.604,,0.102,0.166,0.482,0.752,0.072,0.739,0.142,0.144,0.218,0.274,0.9,0.922,0.015,0.987,0.344,,,,,,,,,,,,0.506,,,0.823,,0.47397387,0.13,0.624,0.406,0.418,0.608,0.249,0.281,0.404,0.91,,0.871,0.514,0.456,0.689,0.502,0.031,0.076,0.082,0.371,0.35,0.632,0.684,0.392,0.272,0.393,0.586,0.371,0.539,0.715,0.966,0.586,0.949,0.427,0.697,0.183,0.176,0.145,0.301,0.031,0.031,0.316,0.897,0.08,0.273,0.377,0.488,0.141,,0.889,0.722,0.031,,0.071,,0.966,,0.347,0.373,0.321
1925,0.304,0.027,0.297,,0.621,0.029,0.948,0.894,0.029,0.085,0.934,0.215,0.265,0.418,0.342,0.501,0.586,0.029,0.448,0.311,0.906,0.486,0.532,0.128,0.95,0.937,0.755,0.242,0.173,,0.037,0.213,0.484,,0.317,0.748,0.515,0.36,0.966,0.715,0.265,0.972,0.264,0.241,0.601,0.486,0.037,0.301,0.911,0.312,0.748,0.79,0.874,0.124,0.856,0.029,0.6,0.432,0.725,0.033,0.273,0.579,0.398,0.64,0.776,0.188,,0.391,0.581,0.245,0.418,0.732,0.072,0.504,0.955,,0.223,0.57,0.628,0.728,0.029,0.239,0.029,0.338,0.104,0.661,0.362,0.746,0.447,0.015,0.898,0.284,0.867,0.824,0.846,0.254,,0.273,0.625,0.276,0.586,0.177,0.95,0.604,,0.102,0.166,0.482,0.752,0.072,0.739,0.162,0.144,0.218,0.274,0.9,0.922,0.015,0.987,0.344,,,,,,,,,,,,0.506,,,0.823,,0.47294772,0.13,0.624,0.406,0.418,0.608,0.249,0.281,0.404,0.872,,0.871,0.514,0.456,0.689,0.502,0.029,0.076,0.082,0.371,0.35,0.632,0.684,0.392,0.272,0.393,0.586,0.371,0.539,0.715,0.966,0.586,0.949,0.427,0.697,0.151,0.176,0.145,0.301,0.029,0.029,0.316,0.897,0.08,0.241,0.377,0.488,0.141,,0.889,0.722,0.029,,0.103,,0.966,,0.347,0.373,0.321
1926,0.304,0.027,0.297,,0.621,0.029,0.948,0.894,0.029,0.085,0.934,0.215,0.265,0.418,0.463,0.501,0.586,0.029,0.448,0.311,0.906,0.486,0.532,0.128,0.95,0.937,0.752,0.252,0.173,,0.037,0.213,0.484,,0.317,0.748,0.515,0.36,0.966,0.715,0.265,0.972,0.264,0.241,0.601,0.486,0.037,0.301,0.911,0.312,0.748,0.79,0.874,0.124,0.856,0.029,0.6,0.432,0.725,0.033,0.273,0.579,0.398,0.64,0.776,0.144,,0.391,0.581,0.245,0.418,0.84,0.072,0.504,0.955,,0.215,0.57,0.628,0.685,0.029,0.239,0.029,0.338,0.104,0.661,0.362,0.746,0.447,0.015,0.898,0.284,0.887,0.824,0.846,0.254,,0.273,0.625,0.276,0.586,0.177,0.95,0.604,,0.102,0.166,0.482,0.752,0.072,0.739,0.162,0.144,0.218,0.274,0.9,0.922,0.015,0.987,0.344,,,,,,,,,,,,0.506,,,0.823,,0.4713595,0.13,0.624,0.406,0.418,0.608,0.249,0.281,0.404,0.822,,0.434,0.514,0.456,0.689,0.502,0.029,0.076,0.082,0.404,0.35,0.632,0.684,0.392,0.272,0.393,0.586,0.404,0.539,0.715,0.966,0.586,0.949,0.427,0.697,0.173,0.176,0.145,0.301,0.029,0.029,0.29,0.897,0.08,0.295,0.377,0.488,0.141,,0.889,0.722,0.029,,0.103,,0.966,,0.347,0.373,0.321
1927,0.304,0.027,0.343,,0.621,0.029,0.948,0.838,0.029,0.085,0.934,0.215,0.265,0.418,0.463,0.501,0.558,0.029,0.448,0.311,0.906,0.514,0.532,0.128,0.95,0.937,0.632,0.142,0.173,,0.037,0.213,0.484,,0.317,0.748,0.511,0.36,0.966,0.715,0.265,0.972,0.264,0.241,0.601,0.486,0.037,0.301,0.911,0.312,0.748,0.79,0.874,0.124,0.856,0.029,0.6,0.432,0.725,0.033,0.273,0.607,0.398,0.64,0.776,0.144,,0.391,0.581,0.245,0.418,0.84,0.072,0.504,0.955,,0.218,0.57,0.628,0.685,0.029,0.239,0.029,0.338,0.104,0.661,0.362,0.746,0.447,0.015,0.898,0.284,0.689,0.824,0.846,0.254,,0.273,0.625,0.276,0.558,0.177,0.95,0.604,,0.102,0.166,0.482,0.752,0.072,0.739,0.162,0.144,0.218,0.274,0.9,0.922,0.015,0.987,0.344,,,,,,,,,,,,0.506,,,0.823,,0.46866667,0.13,0.624,0.406,0.418,0.608,0.249,0.281,0.404,0.79,,0.412,0.514,0.456,0.689,0.502,0.029,0.076,0.082,0.404,0.35,0.632,0.684,0.392,0.325,0.393,0.558,0.404,0.539,0.715,0.966,0.558,0.949,0.427,0.697,0.173,0.176,0.145,0.301,0.029,0.029,0.29,0.897,0.08,0.295,0.377,0.488,0.141,,0.889,0.722,0.029,,0.103,,0.966,,0.347,0.373,0.321
1928,0.304,0.027,0.366,,0.621,0.029,0.948,0.853,0.029,0.085,0.934,0.215,0.265,0.418,0.463,0.501,0.547,0.029,0.448,0.311,0.906,0.514,0.532,0.128,0.95,0.937,0.632,0.137,0.173,,0.037,0.213,0.484,,0.317,0.748,0.511,0.36,0.966,0.715,0.265,0.972,0.264,0.241,0.601,0.486,0.037,0.301,0.911,0.312,0.748,0.79,0.874,0.124,0.856,0.029,0.6,0.432,0.725,0.033,0.273,0.619,0.398,0.64,0.776,0.144,,0.391,0.581,0.245,0.418,0.84,0.072,0.504,0.955,,0.218,0.57,0.628,0.685,0.029,0.239,0.029,0.338,0.104,0.661,0.362,0.746,0.482,0.015,0.898,0.284,0.689,0.824,0.846,0.254,,0.273,0.625,0.276,0.547,0.177,0.95,0.604,,0.102,0.166,0.482,0.752,0.072,0.739,0.162,0.144,0.218,0.274,0.9,0.922,0.015,0.987,0.344,,,,,,,,,,,,0.506,,,0.823,,0.4686732,0.13,0.624,0.406,0.418,0.608,0.249,0.281,0.404,0.859,,0.412,0.514,0.456,0.689,0.502,0.029,0.076,0.082,0.425,0.35,0.632,0.512,0.392,0.325,0.393,0.547,0.425,0.539,0.715,0.966,0.547,0.949,0.427,0.697,0.211,0.176,0.145,0.301,0.029,0.029,0.29,0.897,0.08,0.295,0.377,0.488,0.141,,0.889,0.722,0.029,,0.079,,0.966,,0.347,0.373,0.321
1929,0.304,0.027,0.366,,0.621,0.029,0.948,0.853,0.029,0.085,0.934,0.215,0.265,0.418,0.463,0.501,0.547,0.029,0.448,0.311,0.906,0.514,0.532,0.128,0.95,0.937,0.632,0.152,0.173,,0.037,0.213,0.484,,0.317,0.748,0.306,0.36,0.966,0.715,0.265,0.972,0.264,0.241,0.601,0.486,0.037,0.301,0.911,0.298,0.748,0.79,0.874,0.124,0.856,0.029,0.6,0.432,0.725,0.033,0.273,0.634,0.398,0.64,0.776,0.232,,0.391,0.581,0.245,0.418,0.84,0.072,0.504,0.955,,0.218,0.57,0.628,0.685,0.029,0.239,0.029,0.338,0.104,0.661,0.362,0.746,0.482,0.015,0.898,0.284,0.689,0.824,0.846,0.254,,0.273,0.625,0.33,0.547,0.177,0.95,0.604,,0.102,0.166,0.482,0.752,0.072,0.739,0.162,0.144,0.218,0.274,0.9,0.922,0.015,0.987,0.344,,,,,,,,,,,,0.506,,,0.823,,0.47039217,0.13,0.624,0.406,0.418,0.608,0.249,0.281,0.404,0.859,,0.412,0.514,0.456,0.689,0.502,0.029,0.076,0.16,0.425,0.35,0.632,0.744,0.392,0.325,0.393,0.547,0.425,0.539,0.715,0.966,0.547,0.949,0.427,0.697,0.211,0.176,0.145,0.301,0.029,0.029,0.29,0.897,0.08,0.295,0.377,0.488,0.141,,0.889,0.722,0.029,,0.079,,0.966,,0.347,0.373,0.321
1930,0.304,0.027,0.366,,0.55,0.029,0.948,0.853,0.029,0.085,0.934,0.215,0.265,0.418,0.463,0.501,0.547,0.029,0.448,0.245,0.906,0.514,0.532,0.128,0.95,0.937,0.632,0.152,0.173,,0.037,0.213,0.503,,0.317,0.748,0.306,0.36,0.966,0.698,0.265,0.972,0.029,0.241,0.601,0.516,0.037,0.301,0.911,0.298,0.721,0.79,0.874,0.124,0.856,0.029,0.6,0.432,0.725,0.033,0.273,0.634,0.349,0.64,0.776,0.258,,0.391,0.581,0.245,0.418,0.84,0.072,0.504,0.955,,0.235,0.629,0.734,0.685,0.029,0.239,0.029,0.338,0.104,0.661,0.362,0.746,0.482,0.015,0.898,0.284,0.757,0.824,0.846,0.254,,0.273,0.625,0.33,0.547,0.177,0.95,0.604,,0.102,0.166,0.482,0.752,0.072,0.739,0.162,0.144,0.218,0.274,0.9,0.922,0.015,0.987,0.344,,,,,,,,,,,,0.506,,,0.823,,0.4692026,0.13,0.624,0.406,0.418,0.608,0.249,0.281,0.404,0.817,,0.412,0.514,0.456,0.689,0.469,0.029,0.063,0.16,0.425,0.35,0.632,0.822,0.392,0.297,0.393,0.547,0.425,0.539,0.715,0.966,0.547,0.949,0.427,0.697,0.364,0.176,0.145,0.301,0.029,0.029,0.29,0.897,0.08,0.238,0.277,0.488,0.141,,0.889,0.722,0.029,,0.079,,0.966,,0.347,0.373,0.321
1931,0.304,0.027,0.366,,0.281,0.029,0.948,0.853,0.029,0.085,0.934,0.215,0.265,0.418,0.463,0.501,0.547,0.029,0.448,0.245,0.906,0.514,0.532,0.128,0.95,0.937,0.632,0.152,0.173,,0.037,0.213,0.528,,0.317,0.748,0.356,0.319,0.966,0.698,0.265,0.972,0.029,0.241,0.601,0.516,0.037,0.528,0.911,0.298,0.721,0.79,0.874,0.124,0.856,0.029,0.612,0.449,0.725,0.033,0.273,0.634,0.349,0.64,0.776,0.258,,0.391,0.581,0.245,0.418,0.84,0.072,0.504,0.955,,0.235,0.629,0.734,0.685,0.029,0.239,0.029,0.338,0.104,0.661,0.362,0.746,0.465,0.015,0.898,0.284,0.757,0.824,0.846,0.254,,0.273,0.625,0.33,0.547,0.177,0.95,0.604,,0.102,0.166,0.482,0.752,0.072,0.739,0.162,0.144,0.218,0.274,0.9,0.922,0.015,0.987,0.344,,,,,,,,,,,,0.506,,,0.823,,0.46794116,0.13,0.624,0.406,0.418,0.586,0.141,0.281,0.404,0.844,,0.412,0.514,0.456,0.689,0.469,0.029,0.063,0.16,0.425,0.35,0.632,0.822,0.392,0.22,0.393,0.547,0.425,0.539,0.715,0.966,0.547,0.935,0.427,0.697,0.364,0.176,0.145,0.301,0.029,0.029,0.29,0.897,0.08,0.302,0.246,0.488,0.141,,0.853,0.722,0.029,,0.079,,0.966,,0.347,0.373,0.321
1932,0.304,0.027,0.366,,0.281,0.029,0.948,0.853,0.029,0.085,0.934,0.215,,0.418,0.463,0.501,0.547,0.029,0.448,0.245,0.906,0.577,0.532,0.128,0.95,0.904,0.711,0.152,0.173,,0.037,0.213,0.528,,0.317,0.748,0.473,0.319,0.966,0.698,0.265,0.972,0.029,0.241,0.601,0.516,0.037,0.682,0.911,0.298,0.743,0.79,0.874,0.124,0.856,0.029,0.612,0.449,0.725,0.033,0.273,0.634,0.412,0.64,0.776,0.258,,0.391,0.581,0.245,0.418,0.84,0.072,0.478,0.955,,0.235,0.629,0.734,0.637,0.029,0.239,0.029,0.338,0.104,0.661,0.362,0.746,0.465,0.015,0.898,0.284,0.757,0.824,0.846,0.254,,0.273,0.661,0.33,0.547,0.177,0.95,0.604,,0.102,0.166,0.482,0.752,0.072,0.739,0.162,0.144,0.218,0.274,0.9,0.922,0.015,0.987,0.382,,,,,,,,,,,,0.506,,,0.823,,0.47024342,0.13,0.624,0.406,0.418,0.605,0.141,0.281,0.404,0.844,,0.412,0.514,0.456,0.689,0.469,0.029,0.063,0.16,0.425,0.35,0.632,0.822,0.392,0.024,0.393,0.547,0.425,0.539,0.715,0.966,0.547,0.951,0.427,0.697,0.364,0.176,0.145,0.253,0.029,0.029,0.29,0.897,0.08,0.302,0.246,0.488,0.141,,0.744,0.722,0.029,,0.079,,0.966,,0.347,0.373,0.321
1933,0.372,0.027,0.319,,0.382,0.029,0.948,0.73,0.029,0.085,0.934,0.215,,0.418,0.463,0.501,0.547,0.029,0.448,0.245,0.906,0.577,0.532,0.17,0.95,0.949,0.711,0.152,0.173,,0.037,0.213,0.528,,0.317,0.748,0.473,0.319,0.966,0.17,0.265,0.972,0.029,0.241,0.601,0.516,0.037,0.682,0.911,0.298,0.743,0.79,0.874,0.124,0.856,0.029,0.612,0.449,0.725,0.033,0.273,0.634,0.412,0.64,0.776,0.219,,0.391,0.581,0.245,0.418,0.84,0.072,0.478,0.955,,0.235,0.629,0.734,0.637,0.029,0.239,0.029,0.338,0.104,0.661,0.362,0.746,0.465,0.015,0.898,0.284,0.757,0.824,0.846,0.254,,0.273,0.661,0.33,0.547,0.177,0.95,0.604,,0.102,0.125,0.482,0.752,0.072,0.739,0.162,0.144,0.218,0.107,0.9,0.922,0.015,0.987,0.382,,,,,,,,,,,,0.506,,,0.823,,0.46467105,0.13,0.624,0.406,0.418,0.605,0.183,0.281,0.404,0.844,,0.22,0.514,0.456,0.689,0.469,0.029,0.063,0.215,0.425,0.35,0.632,0.822,0.392,0.034,0.393,0.547,0.425,0.539,0.715,0.966,0.547,0.951,0.427,0.697,0.364,0.176,0.145,0.228,0.029,0.029,0.29,0.897,0.08,0.302,0.246,0.488,0.141,,0.65,0.768,0.029,,0.079,,0.966,,0.347,0.373,0.321
1934,0.372,0.038,0.369,,0.382,0.029,0.948,0.481,0.029,0.085,0.934,0.215,,0.418,0.373,0.501,0.547,0.029,0.395,0.245,0.906,0.577,0.532,0.17,0.95,0.949,0.711,0.152,0.219,,0.037,0.213,0.528,,0.317,0.748,0.601,0.319,0.966,0.029,0.265,0.972,0.029,0.241,0.601,0.516,0.037,0.682,0.883,0.298,0.743,0.79,0.874,0.124,0.856,0.029,0.553,0.449,0.725,0.033,0.273,0.634,0.412,0.64,0.776,0.058,,0.396,0.581,0.245,0.418,0.84,0.072,0.46,0.955,,0.235,0.629,0.629,0.637,0.029,0.239,0.029,0.338,0.104,0.661,0.362,0.746,0.465,0.015,0.898,0.284,0.757,0.824,0.846,0.254,,0.273,0.661,0.33,0.547,0.177,0.95,0.604,,0.102,0.125,0.482,0.752,0.072,0.739,0.162,0.144,0.218,0.065,0.9,0.922,0.015,0.987,0.382,,,,,,,,,,,,0.506,,,0.823,,0.46051314,0.13,0.624,0.406,0.418,0.605,0.285,0.281,0.404,0.793,,0.22,0.514,0.456,0.689,0.469,0.029,0.063,0.215,0.425,0.35,0.632,0.822,0.392,0.034,0.393,0.547,0.425,0.539,0.715,0.966,0.547,0.951,0.427,0.697,0.364,0.176,0.145,0.251,0.029,0.029,0.29,0.897,0.08,0.302,0.246,0.488,0.141,,0.65,0.768,0.029,,0.079,,0.966,,0.347,0.373,0.321
1935,0.372,0.038,0.369,,0.382,0.029,0.948,0.494,0.029,0.085,0.934,0.215,,0.418,0.395,0.501,0.547,0.029,0.395,0.245,0.906,0.577,0.532,0.17,0.95,0.949,0.711,0.152,0.219,,0.037,0.213,0.528,,0.317,0.748,0.616,0.319,0.966,0.029,0.265,0.972,0.029,0.241,0.601,0.516,0.037,0.682,0.848,0.298,0.743,0.79,0.874,0.124,0.856,0.029,0.553,0.449,0.725,0.033,0.273,0.634,0.412,0.64,0.776,0.058,,0.387,0.581,0.245,0.418,0.917,0.072,0.46,0.955,,0.235,0.629,0.732,0.637,0.029,0.239,0.029,0.338,0.104,0.661,0.362,0.746,0.465,0.015,0.898,0.284,0.73,0.824,0.846,0.254,,0.273,0.661,0.375,0.547,0.177,0.95,0.604,,0.102,0.125,0.482,0.752,0.072,0.739,0.162,0.144,0.218,0.065,0.9,0.922,0.015,0.987,0.382,,,,,,,,,,,,0.506,,,0.823,,0.46184212,0.13,0.624,0.406,0.418,0.605,0.285,0.304,0.404,0.735,,0.22,0.514,0.456,0.689,0.469,0.029,0.063,0.215,0.425,0.35,0.632,0.822,0.392,0.034,0.393,0.547,0.425,0.539,0.715,0.966,0.547,0.976,0.427,0.697,0.364,0.176,0.145,0.251,0.029,0.029,0.29,0.897,0.08,0.302,0.246,0.488,0.141,,0.64,0.768,0.029,,0.097,,0.966,,0.347,0.373,0.321
1936,0.372,0.038,0.369,,0.382,0.02,0.948,0.494,0.02,0.085,0.934,0.215,,0.418,0.395,0.501,0.547,0.02,0.395,0.245,0.906,0.577,0.532,0.192,0.95,0.949,0.711,0.152,0.219,,0.037,0.213,0.556,,0.317,0.748,0.624,0.319,0.966,0.029,0.265,0.972,0.029,0.241,0.501,0.516,0.037,0.401,0.848,0.251,0.743,0.79,0.874,0.124,0.856,0.02,0.553,0.449,0.725,0.033,0.273,0.391,0.374,0.64,0.776,0.058,,0.374,0.581,0.245,0.418,0.917,0.072,0.46,0.955,,0.235,0.61,0.732,0.637,0.02,0.239,0.02,0.338,0.104,0.661,0.362,0.746,0.465,0.015,0.898,0.284,0.73,0.824,0.846,0.254,,0.273,0.661,0.375,0.547,0.177,0.95,0.604,,0.074,0.125,0.482,0.752,0.072,0.739,0.162,0.144,0.218,0.065,0.9,0.922,0.015,0.987,0.382,,,,,,,,,,,,0.506,,,0.823,,0.45833552,0.13,0.624,0.406,0.418,0.605,0.285,0.304,0.404,0.735,,0.22,0.506,0.379,0.689,0.469,0.02,0.063,0.215,0.425,0.35,0.632,0.822,0.392,0.034,0.393,0.547,0.425,0.539,0.715,0.966,0.547,0.976,0.427,0.697,0.364,0.176,0.145,0.243,0.02,0.02,0.29,0.897,0.08,0.302,0.246,0.488,0.141,,0.64,0.768,0.02,,0.377,,0.966,,0.347,0.373,0.321
1937,0.372,0.038,0.369,,0.382,0.02,0.948,0.494,0.02,0.085,0.934,0.215,,0.418,0.395,0.501,0.547,0.02,0.395,0.078,0.874,0.577,0.532,0.192,0.95,0.949,0.711,0.152,0.219,,0.037,0.213,0.556,,0.317,0.748,0.628,0.319,0.966,0.029,0.265,0.972,0.029,0.241,0.501,0.516,0.037,0.135,0.803,0.251,0.801,0.79,0.874,0.124,0.856,0.02,0.587,0.449,0.725,0.033,0.273,0.391,0.374,0.64,0.776,0.058,,0.374,0.576,0.245,0.418,0.917,0.072,0.46,0.955,,0.235,0.61,0.732,0.637,0.02,0.239,0.02,0.338,0.104,0.661,0.362,0.746,0.465,0.015,0.898,0.284,0.755,0.824,0.846,0.254,,0.273,0.661,0.375,0.547,0.177,0.95,0.604,,0.037,0.125,0.482,0.72,0.072,0.739,0.162,0.144,0.218,0.036,0.9,0.922,0.015,0.987,0.382,,,,,,,,,,,,0.506,,,0.823,,0.45632896,0.13,0.624,0.406,0.418,0.605,0.285,0.304,0.404,0.735,,0.22,0.415,0.379,0.689,0.445,0.02,0.063,0.215,0.425,0.35,0.632,0.822,0.392,0.034,0.62,0.547,0.425,0.539,0.715,0.966,0.547,0.976,0.427,0.697,0.364,0.176,0.145,0.243,0.02,0.02,0.29,0.897,0.08,0.302,0.246,0.488,0.141,,0.64,0.768,0.02,,0.452,,0.966,,0.347,0.373,0.321
1938,0.372,0.038,0.369,,0.382,0.02,0.948,0.494,0.02,0.085,0.934,0.215,,0.418,0.395,0.501,0.547,0.02,0.308,0.078,0.92,0.577,0.532,0.192,0.95,0.949,0.811,0.171,0.219,,0.037,0.213,0.556,,0.317,0.748,0.628,0.319,0.944,0.029,0.265,0.972,0.029,0.241,0.611,0.516,0.037,0.135,0.85,0.251,0.801,0.79,0.874,0.124,0.856,0.02,0.587,0.449,0.725,0.033,0.273,0.391,0.374,0.64,0.776,0.058,,0.374,0.576,0.245,0.418,0.917,0.072,0.46,0.955,,0.235,0.61,0.732,0.637,0.02,0.239,0.02,0.338,0.104,0.571,0.362,0.746,0.465,0.015,0.898,0.284,0.755,0.824,0.846,0.254,,0.273,0.661,0.375,0.547,0.177,0.95,0.604,,0.037,0.125,0.482,0.796,0.072,0.739,0.162,0.144,0.218,0.036,0.9,0.922,0.015,0.987,0.382,,,,,,,,,,,,0.506,,,0.823,,0.4570658,0.13,0.624,0.406,0.418,0.605,0.285,0.304,0.404,0.735,,0.22,0.415,0.379,0.689,0.312,0.02,0.063,0.215,0.425,0.35,0.632,0.822,0.392,0.034,0.62,0.547,0.425,0.539,0.715,0.944,0.547,0.976,0.427,0.697,0.364,0.176,0.145,0.243,0.02,0.02,0.29,0.897,0.08,0.302,0.246,0.488,0.141,,0.686,0.768,0.02,,0.452,,0.966,,0.347,0.373,0.321
1939,0.372,0.038,0.274,,0.382,0.02,0.948,,0.02,0.085,0.934,0.215,,0.418,0.372,0.501,0.547,0.02,0.308,0.078,0.92,0.577,0.532,0.192,0.95,0.949,0.811,0.171,0.219,,0.037,0.213,0.556,,0.317,0.748,0.628,0.319,0.409,0.015,0.265,0.972,0.029,0.241,0.611,0.516,0.037,0.135,0.85,0.251,0.786,0.79,0.874,0.124,0.856,0.02,0.587,0.449,0.725,0.033,0.273,0.391,0.374,0.64,0.776,0.058,,0.374,0.576,0.245,0.418,0.917,0.072,0.46,0.955,,0.235,0.61,0.732,0.637,0.02,0.239,0.02,0.338,0.104,0.622,0.315,0.746,0.465,0.015,0.898,0.284,0.755,0.824,0.846,0.254,,0.273,0.661,0.375,0.547,0.177,0.95,0.604,,0.037,0.125,0.482,0.803,0.072,0.739,0.162,0.144,0.218,0.036,0.9,0.922,0.015,0.987,0.382,,,,,,,,,,,,0.506,,,0.823,,0.45015895,0.13,0.624,0.406,0.418,0.605,0.369,0.304,0.404,,,0.22,0.415,0.379,0.689,0.2,0.02,0.063,0.215,0.425,0.35,0.632,0.751,0.392,0.034,0.62,0.547,0.425,0.539,0.715,0.274,0.547,0.976,0.427,0.697,0.364,0.176,0.145,0.243,0.02,0.02,0.29,0.897,0.08,0.302,0.246,0.488,0.141,,0.911,0.768,0.02,,0.452,,0.966,,0.347,0.373,0.321
1940,0.361,0.038,0.129,,0.382,0.02,0.931,,0.02,0.085,0.617,0.215,,0.418,0.372,0.501,0.513,0.02,0.308,0.078,0.92,0.577,0.532,0.192,0.95,0.949,0.811,0.171,0.219,,0.037,0.213,0.556,,0.317,0.748,0.805,0.319,0.039,0.015,0.265,0.83,0.029,0.241,0.468,0.516,0.12,0.046,0.02,0.251,0.786,0.79,0.392,0.124,0.856,0.02,0.6,0.449,0.725,0.044,0.273,0.272,0.349,0.64,0.691,0.09,,0.374,0.5,0.245,0.418,0.917,0.072,0.46,0.955,,0.235,0.61,0.732,0.637,0.02,0.239,0.02,0.338,0.104,0.703,0.315,0.717,0.465,0.055,0.898,0.284,0.02,0.444,0.02,0.254,0.02,0.273,0.661,0.375,0.513,0.243,0.95,0.604,,0.152,0.125,0.482,0.803,0.072,0.739,0.162,0.144,0.218,0.036,0.313,0.241,0.015,0.987,0.382,,,,,,,,,,,,0.506,,,0.823,,0.42502028,0.13,0.624,0.406,0.418,0.605,0.846,0.304,0.404,,,0.22,0.415,0.459,0.689,0.184,0.02,0.063,0.215,0.425,0.35,0.632,0.751,0.392,0.046,0.62,0.513,0.425,0.539,0.715,0.242,0.513,0.99,0.427,0.697,0.364,0.176,0.145,0.219,0.02,0.02,0.29,0.897,0.08,0.302,0.229,0.488,0.141,,0.911,0.768,0.02,,0.452,,0.966,,0.347,0.373,0.321
1941,0.361,0.038,0.129,,0.382,0.026,0.931,,0.026,0.085,0.488,0.215,,0.418,0.328,0.501,0.062,0.026,0.308,0.078,0.92,0.577,0.532,0.192,0.95,0.949,0.811,0.171,0.219,,0.037,0.213,0.556,,0.317,0.748,0.805,0.319,0.039,0.015,0.265,0.851,0.029,0.241,0.468,0.516,0.279,0.046,0.026,0.313,0.763,0.79,0.392,0.124,0.856,0.026,0.6,0.449,0.725,0.044,0.273,0.263,0.349,0.64,0.661,0.071,0.069,0.374,0.423,0.245,0.418,0.917,0.102,0.46,0.955,,0.235,0.61,0.732,0.637,0.026,0.239,0.026,0.338,0.104,0.703,0.315,0.717,0.465,0.055,0.898,0.284,0.026,0.444,0.026,0.254,0.026,0.273,0.661,0.375,0.062,0.243,0.95,0.604,,0.152,0.125,0.482,0.803,0.072,0.492,0.162,0.144,0.218,0.036,0.234,0.241,0.019,0.987,0.382,,,,,,,,,,,,0.506,,,0.823,,0.41398656,0.13,0.624,0.406,0.418,0.588,0.846,0.169,0.404,,,0.22,0.415,0.459,0.689,0.184,0.026,0.063,0.215,0.425,0.35,0.632,0.409,0.392,0.046,0.584,0.062,0.425,0.539,0.715,0.242,0.062,0.99,0.427,0.697,0.364,0.176,0.145,0.219,0.026,0.026,0.29,0.897,0.08,0.302,0.229,0.488,0.141,,0.911,0.768,0.026,,0.52,,0.966,,0.347,0.373,0.321
1942,0.361,0.038,0.129,,0.382,0.026,0.931,,0.026,0.085,0.488,0.215,,0.418,0.328,0.501,0.062,0.026,0.308,0.078,0.92,0.577,0.532,0.192,0.95,0.949,0.811,0.171,0.219,,0.037,0.213,0.516,,0.317,0.748,0.805,0.341,0.039,0.015,0.265,0.809,0.029,0.241,0.468,0.516,0.604,0.046,0.026,0.313,0.777,0.79,0.392,0.124,0.856,0.026,0.6,0.449,0.725,0.044,0.273,0.255,0.349,0.64,0.661,0.071,0.069,0.374,0.423,0.18,0.418,0.917,0.319,0.46,0.955,,0.235,0.61,0.732,0.637,0.026,0.239,0.026,0.338,0.104,0.703,0.315,0.717,0.465,,0.898,0.284,0.026,0.444,0.026,0.254,0.026,0.273,0.661,0.375,0.062,0.243,0.95,0.434,,0.152,0.125,0.482,0.803,0.072,0.219,0.162,0.144,0.218,0.036,0.234,0.241,0.016,0.987,0.382,,,,,,,,,,,,0.506,,,0.823,,0.41385812,0.13,0.624,0.406,0.418,0.611,0.846,0.069,0.404,,,0.22,0.415,0.459,0.689,0.204,0.026,0.063,0.215,0.425,0.35,0.439,0.409,0.392,0.046,0.584,0.062,0.425,0.539,0.715,0.242,0.062,0.99,0.427,0.697,0.364,0.176,0.145,0.219,0.026,0.026,0.18,0.897,0.08,0.302,0.229,0.488,0.141,,0.911,0.773,0.026,,0.52,,0.966,,0.347,0.373,0.321
1943,0.361,0.038,0.129,,0.237,0.026,0.931,,0.026,0.085,0.488,0.215,,0.418,0.328,0.501,0.062,0.026,0.308,0.078,0.92,0.577,0.532,0.192,0.95,0.949,0.811,0.171,0.219,,0.037,0.213,0.516,,0.317,0.748,0.805,0.341,0.039,0.015,0.265,0.766,0.029,0.241,0.468,0.516,0.604,0.046,0.026,0.313,0.777,0.79,0.392,0.124,0.856,0.026,0.6,0.449,0.725,0.044,0.273,0.27,0.259,0.64,0.661,0.059,0.069,0.374,0.412,0.18,0.418,0.917,0.319,0.46,0.955,,0.235,0.61,0.732,0.637,0.026,0.239,0.026,0.338,0.104,0.703,0.315,0.717,0.465,,0.898,0.284,0.026,0.444,0.026,0.254,0.026,0.273,0.661,0.375,0.062,0.243,0.95,0.434,,0.152,0.125,0.482,0.754,0.072,0.219,0.162,0.144,0.218,0.036,0.234,0.241,0.016,0.987,0.382,,,,,,,,,,,,0.506,,,0.823,,0.41131082,0.13,0.624,0.406,0.418,0.611,0.846,0.069,0.404,,,0.22,0.415,0.459,0.689,0.204,0.026,0.063,0.215,0.425,0.35,0.439,0.409,0.392,0.046,0.584,0.062,0.425,0.539,0.715,0.242,0.062,0.99,0.427,0.697,0.322,0.176,0.145,0.219,0.026,0.026,0.18,0.897,0.08,0.302,0.229,0.488,0.141,,0.911,0.773,0.026,,0.52,,0.966,,0.347,0.373,0.321
1944,0.361,0.038,0.129,,0.18,0.026,0.931,,0.026,0.085,0.488,0.215,,0.418,0.328,0.501,0.062,0.026,0.287,0.078,0.92,0.577,0.532,0.192,0.95,0.949,0.811,0.171,0.219,,0.037,0.213,0.516,,0.317,0.748,0.805,0.341,0.039,0.015,0.265,0.743,0.029,0.241,0.494,0.516,0.604,0.046,0.026,0.313,0.777,0.79,0.392,0.124,0.856,0.026,0.6,0.449,0.725,0.044,0.273,0.27,0.461,0.64,0.661,0.072,0.069,0.374,0.166,0.18,0.418,0.917,0.319,0.46,0.955,,0.538,0.61,0.732,0.637,0.026,0.239,0.026,0.338,0.104,0.703,0.315,0.717,0.43,,0.898,0.284,0.026,0.444,0.026,0.254,0.026,0.273,0.661,0.375,0.062,0.243,0.95,0.434,,0.152,0.125,0.482,0.802,0.081,0.219,0.162,0.144,0.218,0.036,0.234,0.241,0.016,0.987,0.382,,,,,,,,,,,,0.506,,,0.823,,0.41137585,0.13,0.624,0.406,0.418,0.611,0.846,0.069,0.404,0.318,,0.22,0.415,0.459,0.689,0.109,0.026,0.089,0.215,0.425,0.35,0.439,0.409,0.392,0.046,0.584,0.062,0.425,0.539,0.715,0.195,0.062,0.99,0.427,0.697,0.322,0.176,0.145,0.219,0.026,0.026,0.18,0.897,0.08,0.302,0.229,0.488,0.141,,0.911,0.773,0.026,,0.52,,0.966,,0.347,0.373,0.321
1945,0.361,0.038,0.028,,0.253,0.026,0.931,0.887,0.026,0.085,0.954,0.215,,0.418,0.264,0.501,0.233,0.026,0.309,0.115,0.92,0.577,0.584,0.192,0.95,0.965,0.811,0.171,0.219,,0.037,0.213,0.516,,0.317,0.748,0.805,0.341,0.534,,0.265,0.81,0.029,0.241,0.614,0.516,0.604,0.063,0.026,0.313,0.844,0.79,0.712,0.124,0.856,0.026,0.6,0.449,0.725,0.044,0.273,0.321,0.797,0.64,0.661,0.072,0.233,0.374,0.227,0.226,0.418,0.917,0.319,0.46,0.955,,0.538,0.61,0.732,0.652,0.026,0.239,0.026,0.338,0.178,0.703,0.338,0.717,0.308,,0.898,0.284,0.026,0.591,0.026,0.254,0.026,0.216,0.661,0.375,0.233,0.243,0.95,0.434,,0.152,0.125,0.482,0.802,0.081,0.219,0.162,0.179,0.218,0.036,0.348,0.241,0.016,0.987,0.382,,,,,,,,,,,,0.506,,,0.823,,0.43843624,0.13,0.624,0.406,0.418,0.611,0.846,0.069,0.404,0.269,0.251,0.22,0.415,0.459,0.689,0.156,0.026,0.089,0.215,0.425,0.35,0.439,0.409,0.392,0.187,0.584,0.233,0.425,0.539,0.715,0.534,0.233,0.99,0.427,0.697,0.322,0.176,0.145,0.239,0.026,0.026,0.18,0.897,0.08,0.302,0.168,0.488,0.141,,0.911,0.773,0.026,,0.52,,0.966,,0.347,0.373,0.321
1946,0.361,0.038,0.028,,0.425,0.028,0.965,0.929,0.028,0.085,0.954,0.215,,0.418,0.317,0.501,0.354,0.028,0.309,0.391,0.92,0.577,0.584,0.31,0.95,0.965,0.695,0.151,0.251,,0.061,0.213,0.21,0.115,0.317,0.748,0.788,0.341,0.68,,0.265,0.968,0.029,0.241,0.614,0.516,0.604,0.094,0.028,0.313,0.927,0.79,0.881,0.243,0.856,0.028,0.542,0.449,0.741,0.044,0.273,0.326,0.797,0.64,0.771,0.072,0.354,0.45,0.275,0.509,0.418,0.917,0.319,0.46,0.955,,0.84,0.628,0.732,0.892,0.028,0.239,0.028,0.338,0.45,0.703,0.399,0.717,0.308,,0.898,0.284,0.028,0.96,0.028,0.254,0.028,0.18,0.661,0.375,0.354,0.243,0.95,0.651,,0.245,0.125,0.482,0.817,0.081,0.442,0.162,0.197,0.218,0.036,0.72,0.887,0.016,0.987,0.382,,,,,,,,,,,,0.589,,,0.823,,0.47714,0.13,0.695,0.406,0.418,0.611,0.849,0.388,0.707,0.269,0.096,0.22,0.432,0.459,0.689,0.159,0.028,0.089,0.215,0.425,0.404,0.559,0.832,0.392,0.223,0.584,0.354,0.425,0.539,0.752,0.68,0.354,0.99,0.427,0.697,0.417,0.176,0.145,0.245,0.028,0.028,0.286,0.897,0.08,0.395,0.237,0.488,0.141,0.028,0.911,0.775,0.028,,0.553,,0.966,,0.347,0.373,0.321
1947,0.361,0.038,0.028,,0.541,0.019,0.965,0.929,0.019,0.085,0.954,0.215,0.277,0.623,0.31,0.501,0.354,0.019,0.309,0.391,0.92,0.577,0.584,0.366,0.95,0.965,0.695,0.151,0.284,,0.061,0.213,0.21,0.115,0.317,0.748,0.788,0.341,0.68,,0.265,0.988,0.029,0.241,0.614,0.516,0.604,0.094,0.019,0.313,0.927,0.79,0.881,0.243,0.856,0.019,0.525,0.449,0.741,0.044,0.273,0.326,0.763,0.64,0.771,0.072,0.354,0.437,0.292,0.509,0.433,0.917,0.319,0.46,0.955,,0.863,0.628,0.732,0.892,0.019,0.239,0.019,0.338,0.438,0.703,0.399,0.717,0.308,,0.898,0.284,0.019,0.96,0.019,0.254,0.019,0.114,0.661,0.375,0.354,0.243,0.95,0.608,,0.245,0.125,0.482,0.817,0.081,0.631,0.162,0.197,0.218,0.036,0.72,0.887,0.016,0.987,0.382,,,,,,,,,,,,0.589,,,0.823,,0.47822368,0.13,0.695,0.406,0.623,0.611,0.849,0.376,0.707,0.269,0.095,0.22,0.332,0.459,0.689,0.159,0.019,0.089,0.215,0.425,0.404,0.559,0.865,0.392,0.223,0.584,0.354,0.425,0.539,0.752,0.68,0.354,0.99,0.427,0.697,0.487,0.216,0.145,0.245,0.019,0.019,0.286,0.897,0.08,0.395,0.137,0.488,0.141,0.019,0.911,0.796,0.019,,0.553,,0.966,,0.347,0.373,0.321
1948,0.361,0.038,0.028,,0.541,0.019,0.965,0.929,0.019,0.085,0.954,0.215,0.277,0.623,0.31,0.501,0.354,0.019,0.309,0.391,0.92,0.577,0.584,0.366,0.95,0.965,0.695,0.151,0.284,,0.061,0.213,0.11,0.164,0.317,0.445,0.788,0.341,0.274,,0.265,0.988,0.029,0.241,0.634,0.516,0.604,0.094,0.019,0.313,0.907,0.79,0.881,0.243,0.856,0.019,0.525,0.449,0.741,0.044,0.273,0.326,0.595,0.64,0.771,0.072,0.354,0.437,0.153,0.509,0.775,0.917,0.319,0.46,0.955,0.718,0.883,0.628,0.732,0.892,0.019,0.239,0.019,0.338,0.438,0.703,0.399,0.717,0.308,,0.925,0.284,0.019,0.96,0.019,0.254,0.019,0.189,0.661,0.375,0.354,0.243,0.95,0.623,,0.245,0.125,0.482,0.817,0.081,0.553,0.14,0.197,0.218,0.036,0.72,0.926,0.02,0.987,0.382,,,,,,,,,,,,0.589,,,0.823,,0.47054192,0.13,0.695,0.406,0.623,0.611,0.809,0.376,0.707,0.269,0.095,0.22,0.36,0.459,0.689,0.133,0.019,0.089,0.215,0.425,0.404,0.559,0.865,0.392,0.223,0.584,0.354,0.425,0.539,0.752,0.274,0.354,0.99,0.427,0.697,0.487,0.216,0.145,0.196,0.019,0.019,0.286,0.897,0.08,0.395,0.182,0.488,0.141,0.019,0.911,0.796,0.019,,0.506,,0.966,,0.187,0.373,0.321
1949,0.361,0.038,0.028,,0.541,0.019,0.965,0.929,0.019,0.085,0.954,0.215,0.277,0.623,0.31,0.501,0.387,0.019,0.309,0.391,0.92,0.577,0.584,0.366,0.95,0.965,0.695,0.144,0.284,,0.061,0.213,0.11,0.164,0.317,0.725,0.798,0.341,0.199,,0.265,0.988,0.029,0.241,0.673,0.529,0.604,0.094,0.019,0.313,0.972,0.79,0.881,0.243,0.856,0.019,0.525,0.449,0.741,0.044,0.273,0.356,0.595,0.64,0.771,0.09,0.387,0.437,0.098,0.593,0.775,0.917,0.319,0.46,0.955,0.741,0.883,0.628,0.732,0.892,0.019,0.239,0.019,0.338,0.438,0.703,0.399,0.741,0.308,,0.925,0.284,0.019,0.96,0.019,0.254,0.019,0.214,0.661,0.375,0.387,0.243,0.95,0.623,,0.245,0.125,0.482,0.817,0.081,0.553,0.14,0.197,0.218,0.036,0.927,0.926,0.02,0.987,0.382,,,0.359,0.96,,,,,,,,0.383,,,0.823,,0.471,0.189,0.695,0.406,0.623,0.562,0.35,0.376,0.707,0.269,0.095,0.22,0.36,,0.689,0.175,0.019,0.089,0.215,0.425,0.404,0.559,0.865,0.392,0.223,0.584,0.387,0.425,0.539,0.752,0.199,0.387,0.99,0.427,0.697,0.462,0.216,0.145,0.196,0.019,0.019,0.286,0.897,0.08,0.395,0.182,0.488,0.141,0.019,0.911,0.796,0.019,,0.122,,0.966,,0.162,0.373,0.321
1950,0.361,0.038,0.028,,0.541,0.017,0.979,0.929,0.017,0.085,0.924,0.215,0.328,0.623,0.357,0.501,0.484,0.017,0.309,0.391,0.92,0.577,0.584,0.366,0.95,0.965,0.695,0.155,0.284,,0.061,0.213,0.11,0.164,0.317,0.936,0.785,0.341,0.199,,0.265,0.988,0.029,0.241,0.673,0.529,0.576,0.094,0.017,0.313,0.972,0.79,0.881,0.243,0.856,0.017,0.562,0.449,0.741,0.044,0.321,0.56,0.595,0.64,0.771,0.213,0.484,0.489,0.065,0.576,0.775,0.917,0.451,0.46,0.963,0.741,0.883,0.722,0.732,0.892,0.017,0.15,0.017,0.338,0.407,0.703,0.399,0.741,0.242,,0.925,0.284,0.017,0.96,0.017,0.254,0.017,0.276,0.661,0.375,0.484,0.243,0.95,0.623,,0.245,0.125,0.482,0.817,0.081,0.553,0.14,0.197,0.218,0.036,0.927,0.926,0.083,0.987,0.412,,,0.359,0.965,,,,,,,,0.383,,,0.823,,0.47963226,0.189,0.695,0.406,0.623,0.607,0.35,0.376,0.707,0.269,0.095,0.22,0.36,,0.689,0.175,0.017,0.089,0.215,0.425,0.404,0.559,0.865,0.416,0.223,0.584,0.484,0.425,0.539,0.752,0.199,0.484,0.99,0.427,0.697,0.45,0.216,0.145,0.196,0.017,0.017,0.286,0.897,0.08,0.416,0.182,0.488,0.141,0.017,0.911,0.796,0.017,,0.122,,0.966,,0.149,0.373,0.321
1951,0.361,0.038,0.028,,0.541,0.017,0.979,0.929,0.017,0.085,0.952,0.215,0.328,0.623,0.357,0.501,0.537,0.017,0.29,0.391,0.92,0.577,0.584,0.366,0.95,0.965,0.695,0.155,0.284,,0.061,0.213,0.11,0.164,0.317,0.939,0.785,0.341,0.199,,0.265,0.988,0.029,0.241,0.673,0.529,0.576,0.094,0.017,0.313,0.972,0.79,0.881,0.243,0.856,0.017,0.577,0.449,0.741,0.044,0.321,0.586,0.595,0.64,0.771,0.213,0.537,0.399,0.065,0.576,0.775,0.917,0.497,0.46,0.963,0.741,0.883,0.722,0.667,0.892,0.017,0.15,0.017,0.338,0.367,0.703,0.399,0.741,0.242,0.446,0.925,0.284,0.017,0.96,0.017,0.254,0.017,0.276,0.661,0.375,0.537,0.243,0.95,0.623,,0.245,0.125,0.482,0.817,0.081,0.553,0.14,0.197,0.218,0.036,0.927,0.926,0.469,0.987,0.412,,,0.359,0.965,,,,,,,,0.383,,,0.823,,0.48129487,0.189,0.695,0.406,0.623,0.557,0.35,0.376,0.707,0.269,0.095,0.22,0.36,,0.689,0.175,0.017,0.089,0.215,0.425,0.404,0.559,0.865,0.416,0.223,0.584,0.537,0.425,0.539,0.752,0.199,0.537,0.99,0.427,0.697,0.45,0.216,0.145,0.196,0.017,0.017,0.286,0.897,0.08,0.416,0.182,0.488,0.141,0.017,0.911,0.796,0.017,,0.122,,0.966,,0.149,0.373,0.321
1952,0.361,0.038,0.028,,0.541,0.017,0.979,0.929,0.017,0.085,0.952,0.215,0.328,0.565,0.357,0.501,0.537,0.017,0.385,0.391,0.92,0.577,0.584,0.366,0.95,0.965,0.695,0.155,0.309,,0.061,0.213,0.11,0.164,0.317,0.939,0.381,0.341,0.199,,0.265,0.988,0.029,0.241,0.673,0.529,0.52,0.094,0.017,0.313,0.972,0.79,0.881,0.243,0.829,0.017,0.577,0.449,0.741,0.044,0.321,0.607,0.595,0.64,0.771,0.213,0.537,0.399,0.065,0.576,0.775,0.917,0.497,0.46,0.963,0.741,0.883,0.722,0.755,0.892,0.017,0.054,0.017,0.338,0.367,0.703,0.399,0.741,0.242,0.446,0.925,0.284,0.017,0.96,0.017,0.254,0.017,0.276,0.661,0.375,0.537,0.243,0.95,0.623,,0.245,0.125,0.482,0.817,0.081,0.553,0.14,0.197,0.218,0.036,0.927,0.926,0.499,0.987,0.425,,,0.359,0.965,,,,,,,,0.383,,,0.823,,0.48028848,0.189,0.695,0.406,0.565,0.603,0.35,0.376,0.707,0.269,0.095,0.22,0.36,,0.689,0.175,0.017,0.089,0.215,0.425,0.404,0.559,0.865,0.469,0.223,0.584,0.537,0.425,0.539,0.752,0.199,0.537,0.99,0.427,0.697,0.45,0.216,0.145,0.196,0.017,0.017,0.286,0.897,0.08,0.456,0.227,0.488,0.181,0.017,0.911,0.796,0.017,,0.102,,0.966,,0.149,0.373,0.321
1953,0.361,0.038,0.028,,0.495,0.019,0.979,0.929,0.019,0.085,0.952,0.215,0.328,0.565,0.357,0.501,0.537,0.019,0.385,0.391,0.92,0.596,0.584,0.366,0.95,0.965,0.734,0.155,0.309,,0.061,0.251,0.142,0.164,0.317,0.939,0.333,0.341,0.199,,0.265,0.988,0.029,0.241,0.673,0.362,0.185,0.094,0.019,0.313,0.972,0.79,0.881,0.243,0.829,0.019,0.577,0.449,0.763,0.044,0.321,0.607,0.595,0.64,0.771,0.213,0.537,0.399,0.065,0.576,0.775,0.917,0.277,0.46,0.963,0.741,0.883,0.722,0.755,0.965,0.019,0.054,0.019,0.356,0.367,0.703,0.399,0.741,0.242,0.446,0.925,0.284,0.019,0.96,0.019,0.254,0.019,0.276,0.661,0.401,0.537,0.243,0.95,0.623,,0.245,0.125,0.482,0.817,0.081,0.553,0.14,0.197,0.218,0.036,0.953,0.926,0.499,0.987,0.425,,,0.359,0.965,,,,,,,,0.383,,,0.823,,0.47716025,0.189,0.695,0.406,0.565,0.603,0.35,0.376,0.707,0.269,0.095,0.22,0.36,,0.689,0.175,0.019,0.089,0.215,0.648,0.404,0.559,0.865,0.469,0.223,0.584,0.537,0.648,0.332,0.752,0.199,0.537,0.99,0.427,0.697,0.45,0.216,0.145,0.196,0.019,0.019,0.286,0.897,0.08,0.486,0.227,0.488,0.181,0.019,0.911,0.796,0.019,,0.105,,0.966,,0.149,0.373,0.321
1954,0.361,0.038,0.028,,0.495,0.294,0.979,0.929,0.294,0.085,0.952,0.215,0.328,0.565,0.357,0.501,0.577,0.294,0.385,0.391,0.92,0.596,0.584,0.483,0.95,0.965,0.734,0.155,0.309,,0.061,0.21,0.193,0.164,0.317,0.939,0.333,0.341,0.249,,0.265,0.988,0.029,0.135,0.673,0.274,0.185,0.094,0.294,0.313,0.972,0.79,0.717,0.243,0.829,0.294,0.629,0.449,0.763,0.044,0.321,0.607,0.404,0.64,0.771,0.164,0.577,0.399,0.097,0.601,0.775,0.917,0.114,0.46,0.963,0.741,0.883,0.722,0.755,0.965,0.294,0.054,0.294,0.405,0.492,0.703,0.399,0.741,0.242,0.446,0.925,0.284,0.294,0.96,0.294,0.254,0.294,0.276,0.661,0.401,0.577,0.243,0.95,0.623,,0.245,0.125,0.482,0.871,0.081,0.553,0.14,0.197,0.218,0.036,0.953,0.926,0.499,0.987,0.425,,,0.359,0.965,,,,,,,,0.297,,,0.823,,0.4764936,0.189,0.695,0.406,0.565,0.603,0.35,0.376,0.707,0.269,0.095,0.22,0.081,,0.689,0.175,0.294,0.089,0.215,0.648,0.404,0.559,0.865,0.469,0.223,0.584,0.577,0.648,0.568,0.752,0.249,0.577,0.99,0.427,0.697,0.484,0.216,0.145,0.196,0.294,0.294,0.286,0.897,0.08,0.486,0.227,0.411,0.181,0.294,0.911,0.796,0.294,,0.105,,0.966,,0.149,0.373,0.321
1955,0.361,0.038,0.028,,0.404,0.294,0.979,0.929,0.294,0.085,0.952,0.215,0.328,0.565,0.357,0.501,0.577,0.294,0.385,0.488,0.92,0.609,0.584,0.483,0.95,0.965,0.734,0.176,0.309,,0.061,0.21,0.229,0.164,0.317,0.939,0.333,0.225,0.249,,0.265,0.988,0.029,0.135,0.673,0.254,0.185,0.094,0.294,0.313,0.972,0.79,0.717,0.243,0.829,0.294,0.629,0.449,0.763,0.044,0.321,0.607,0.123,0.64,0.771,0.131,0.577,0.399,0.097,0.601,0.775,0.917,0.112,0.46,0.963,0.741,0.883,0.722,0.755,0.965,0.294,0.054,0.294,0.405,0.492,0.703,0.399,0.741,0.203,0.446,0.917,0.284,0.294,0.96,0.294,0.254,0.294,0.276,0.661,0.401,0.577,0.243,0.95,0.623,,0.245,0.125,0.482,0.871,0.093,0.631,0.14,0.197,0.218,0.036,0.953,0.926,0.499,0.987,0.425,,,0.359,0.965,,,,,,,,0.177,,,0.823,,0.4721795,0.189,0.695,0.198,0.565,0.603,0.35,0.376,0.707,0.269,0.095,0.22,0.081,,0.689,0.175,0.294,0.089,0.215,0.611,0.404,0.559,0.865,0.469,0.223,0.584,0.577,0.611,0.568,0.777,0.249,0.577,0.99,0.427,0.697,0.484,0.216,0.145,0.196,0.294,0.294,0.286,0.897,0.08,0.486,0.227,0.411,0.181,0.294,0.911,0.796,0.294,,0.105,,0.966,,0.149,0.373,0.321
1956,0.361,0.038,0.028,,0.285,0.301,0.979,0.929,0.301,0.085,0.952,0.215,0.328,0.565,0.395,0.501,0.577,0.301,0.412,0.488,0.92,0.609,0.584,0.483,0.95,0.965,0.734,0.149,0.309,,0.061,0.21,0.229,0.164,0.317,0.939,0.333,0.225,0.331,,0.265,0.988,0.029,0.135,0.673,0.254,0.185,0.094,0.301,0.313,0.972,0.79,0.717,0.243,0.829,0.301,0.629,0.449,0.763,0.044,0.321,0.607,0.123,0.64,0.771,0.131,0.577,0.399,0.067,0.601,0.775,0.917,0.112,0.46,0.963,0.741,0.883,0.722,0.741,0.965,0.301,0.054,0.301,0.435,0.492,0.703,0.399,0.741,0.203,0.446,0.912,0.284,0.301,0.96,0.301,0.254,0.301,0.276,0.661,0.401,0.577,0.262,0.95,0.623,,0.245,0.125,0.482,0.871,0.093,0.631,0.14,0.197,0.218,0.036,0.953,0.926,0.499,0.987,0.425,,,0.359,0.965,,,,,,,,0.184,,,0.823,,0.47475,0.189,0.695,0.198,0.565,0.603,0.406,0.376,0.707,0.39,0.095,0.22,0.081,,0.689,0.175,0.301,0.089,0.215,0.635,0.404,0.559,0.865,0.469,0.223,0.584,0.577,0.635,0.568,0.777,0.331,0.577,0.99,0.427,0.697,0.484,0.216,0.173,0.196,0.301,0.301,0.286,0.897,0.168,0.486,0.227,0.411,0.25,0.301,0.911,0.796,0.301,,0.105,,0.966,,0.149,0.373,0.321
1957,0.361,0.038,0.028,,0.385,0.345,0.979,0.929,0.345,0.085,0.952,0.215,0.328,0.499,0.395,0.501,0.577,0.345,0.501,0.488,0.92,0.625,0.584,0.483,0.95,0.965,0.734,0.143,0.309,,0.061,0.21,0.229,0.187,0.317,0.939,0.333,0.225,0.332,,0.265,0.988,0.029,0.135,0.673,0.254,0.185,0.094,0.345,0.313,0.972,0.79,0.717,0.243,0.829,0.345,0.752,0.449,0.763,0.044,0.321,0.635,0.123,0.64,0.771,0.214,0.577,0.091,0.044,0.601,0.775,0.917,0.112,0.46,0.963,0.741,0.883,0.722,0.741,0.965,0.345,0.116,0.345,0.435,0.492,0.703,0.399,0.741,0.203,0.446,0.912,0.284,0.345,0.96,0.345,0.22,0.345,0.346,0.643,0.401,0.577,0.242,0.95,0.623,,0.245,0.125,0.482,0.871,0.093,0.631,0.14,0.197,0.218,0.036,0.953,0.926,0.499,0.987,0.425,,,0.388,0.965,,,,,,,,0.184,,,0.823,,0.48070514,0.189,0.695,0.198,0.499,0.603,0.831,0.376,0.707,0.642,0.095,0.22,0.081,,0.689,0.175,0.345,0.089,0.215,0.606,0.404,0.559,0.865,0.469,0.223,0.584,0.577,0.606,0.568,0.777,0.332,0.577,0.99,0.427,0.697,0.484,0.216,0.173,0.165,0.345,0.345,0.286,0.897,0.235,0.486,0.227,0.411,0.25,0.345,0.911,0.796,0.345,,0.141,,0.966,,0.149,0.373,0.321
1958,0.361,0.038,0.028,,0.564,0.352,0.979,0.929,0.352,0.085,0.952,0.215,0.328,0.427,0.395,0.501,0.577,0.352,0.501,0.488,0.92,0.643,0.584,0.483,0.95,0.965,0.799,0.143,0.309,,0.061,0.231,0.362,0.187,0.317,0.939,0.333,0.225,0.332,,0.265,0.988,0.029,0.135,0.673,0.254,0.185,0.141,0.352,0.313,0.972,0.79,0.681,0.362,0.829,0.352,0.822,0.132,0.763,0.044,0.321,0.635,0.168,0.64,0.771,0.293,0.577,0.037,0.22,0.565,0.775,0.917,0.112,0.292,0.963,0.741,0.883,0.722,0.741,0.965,0.352,0.125,0.352,0.435,0.492,0.703,0.399,0.741,0.203,0.446,0.88,0.284,0.352,0.96,0.352,0.22,0.352,0.346,0.643,0.379,0.577,0.242,0.95,0.623,,0.245,0.125,0.482,0.871,0.093,0.64,0.14,0.197,0.218,0.036,0.953,0.926,0.499,0.987,0.425,,,0.388,0.965,,,,,,,,0.184,,,0.823,,0.48360255,0.189,0.695,0.198,0.427,0.603,0.831,0.376,0.707,0.642,0.03,0.22,0.081,,0.689,0.175,0.352,0.089,0.215,0.606,0.404,0.559,0.865,0.469,0.223,0.584,0.577,0.606,0.568,0.777,0.332,0.577,0.99,0.427,0.697,0.386,0.216,0.173,0.126,0.352,0.352,0.286,0.897,0.334,0.486,0.227,0.411,0.25,0.352,0.911,0.796,0.352,,0.456,,0.966,,0.149,0.373,0.321
1959,0.361,0.038,0.028,,0.638,0.352,0.979,0.929,0.352,0.085,0.972,0.259,0.328,0.427,0.395,0.501,0.577,0.352,0.501,0.488,0.92,0.643,0.584,0.398,0.95,0.965,0.857,0.143,0.309,,0.061,0.274,0.474,0.187,0.317,0.939,0.818,0.369,0.332,,0.265,0.988,0.029,0.135,0.673,0.254,0.185,0.141,0.352,0.313,0.972,0.79,0.681,0.362,0.829,0.352,0.822,0.229,0.763,0.044,0.321,0.635,0.172,0.64,0.771,0.293,0.577,0.037,0.315,0.539,0.775,0.917,0.112,0.249,0.963,0.741,0.883,0.722,0.741,0.965,0.352,0.125,0.352,0.435,0.492,0.703,0.399,0.741,0.203,0.446,0.88,0.284,0.352,0.96,0.352,0.251,0.352,0.415,0.643,0.355,0.577,0.242,0.95,0.623,,0.245,0.125,0.51,0.871,0.093,0.64,0.135,0.165,0.21,0.036,0.953,0.926,0.564,0.987,0.425,,,0.388,0.965,,,,,,,,0.184,,,0.823,,0.49007693,0.189,0.695,0.198,0.427,0.603,0.831,0.376,0.707,0.642,0.03,0.22,0.081,,0.689,0.175,0.352,0.051,0.215,0.356,0.404,0.559,0.865,0.469,0.223,0.584,0.577,0.356,0.568,0.777,0.332,0.577,0.99,0.427,0.697,0.386,0.216,0.173,0.126,0.352,0.352,0.286,0.897,0.334,0.486,0.227,0.411,0.25,0.352,0.911,0.796,0.352,,0.635,,0.966,,0.149,0.373,0.294
1960,0.361,0.038,0.028,,0.675,0.352,0.979,0.929,0.352,0.101,0.972,0.42,0.342,0.333,0.395,0.501,0.577,0.352,0.47,0.488,0.92,0.658,0.584,0.65,0.934,0.965,0.857,0.167,0.539,,0.068,0.466,0.474,0.187,0.317,0.939,0.579,0.442,0.373,,0.312,0.988,0.029,0.135,0.673,0.218,0.183,0.22,0.352,0.313,0.987,0.79,0.681,0.405,0.829,0.352,0.842,0.111,0.799,0.033,0.404,0.635,0.112,0.64,0.791,0.293,0.577,0.037,0.315,0.5,0.775,0.917,0.112,0.249,0.963,0.741,0.871,0.821,0.741,0.965,0.352,0.199,0.352,0.435,0.689,0.766,0.324,0.741,0.203,0.446,0.88,0.354,0.352,0.96,0.352,0.251,0.352,0.534,0.643,0.355,0.577,0.327,0.95,0.623,,0.306,0.125,0.658,0.871,0.093,0.64,0.14,0.37,0.229,0.036,0.977,0.926,0.321,0.987,0.425,,,0.361,0.965,,,,,,,,0.184,,,,,0.49880645,0.189,0.695,0.178,0.333,0.603,0.831,0.392,0.707,0.642,0.03,0.22,0.081,,0.701,0.175,0.352,0.051,0.215,0.356,0.594,0.559,0.865,0.491,0.223,0.637,0.577,0.356,0.568,0.777,0.373,0.577,0.99,0.392,0.697,0.386,0.201,0.229,0.126,0.352,0.352,0.286,0.897,0.334,0.28,0.266,0.455,0.25,0.352,0.911,0.796,0.352,,0.65,,0.966,,0.093,0.373,0.294
1961,0.361,0.038,0.028,,0.675,0.349,0.979,0.929,0.349,0.101,0.953,0.42,0.342,0.333,0.395,0.501,0.577,0.349,0.47,0.488,0.92,0.658,0.658,0.635,0.934,0.965,0.857,0.167,0.539,0.079,0.103,0.466,0.474,0.187,0.317,0.939,0.579,0.547,0.441,,0.312,0.988,0.029,0.135,0.673,0.218,0.147,0.22,0.349,0.313,0.987,0.79,0.681,0.405,0.829,0.349,0.672,0.095,0.809,0.028,0.404,0.635,0.112,0.64,0.791,0.293,0.577,0.037,0.371,0.5,0.775,0.917,0.112,0.249,0.963,0.741,0.893,0.821,0.741,0.965,0.349,0.199,0.349,0.435,0.536,0.823,0.324,0.741,0.203,0.446,0.88,0.354,0.349,0.96,0.349,0.292,0.349,0.534,0.643,0.355,0.577,0.327,0.95,0.623,,0.346,0.125,0.628,0.871,0.112,0.693,0.14,0.37,0.229,0.036,0.977,0.926,0.267,0.987,0.425,,,0.283,0.965,,,,,,,,0.184,,,,,0.4988718,0.189,0.695,0.152,0.333,0.603,0.831,0.392,0.707,0.642,0.03,0.22,0.081,,0.701,0.269,0.349,0.16,0.215,0.356,0.594,0.559,0.865,0.432,0.223,0.685,0.577,0.356,0.568,0.777,0.441,0.577,0.99,0.392,0.697,0.386,0.201,0.225,0.126,0.349,0.349,0.286,0.897,0.334,0.222,0.266,0.804,0.25,0.349,0.911,0.796,0.349,,0.626,,0.966,,0.093,0.373,0.294
1962,0.361,0.038,0.028,,0.647,0.353,0.979,0.929,0.353,0.252,0.972,0.42,0.342,0.333,0.395,0.501,0.577,0.353,0.47,0.488,0.92,0.658,0.658,0.635,0.934,0.965,0.857,0.167,0.503,0.079,0.103,0.466,0.474,0.187,0.317,0.939,0.579,0.547,0.441,,0.312,0.988,0.158,0.135,0.653,0.218,0.147,0.22,0.353,0.313,0.987,0.79,0.681,0.405,0.829,0.353,0.672,0.095,0.809,0.028,0.404,0.635,0.112,0.558,0.791,0.293,0.577,0.037,0.391,0.5,0.775,0.917,0.112,0.249,0.963,0.741,0.893,0.76,0.741,0.965,0.353,0.199,0.353,0.435,0.472,0.842,0.324,0.741,0.203,0.446,0.88,0.354,0.353,0.96,0.353,0.292,0.353,0.534,0.643,0.355,0.577,0.298,0.95,0.339,,0.346,0.098,0.628,0.871,0.112,0.693,0.14,0.37,0.229,0.036,0.977,0.926,0.249,0.987,0.425,,,0.283,0.965,,,,,,,,0.184,,,,,0.49966666,0.189,0.695,0.152,0.333,0.603,0.831,0.392,0.707,0.642,0.03,0.22,0.081,,0.701,0.269,0.353,0.172,0.215,0.356,0.538,0.559,0.865,0.512,0.223,0.685,0.577,0.356,0.568,0.777,0.441,0.577,0.99,0.392,0.697,0.489,0.201,0.225,0.126,0.353,0.353,0.286,0.936,0.436,0.345,0.266,0.804,0.282,0.353,0.911,0.796,0.353,,0.626,,0.966,,0.089,0.373,0.294
1963,0.377,0.038,0.028,,0.645,0.35,0.979,0.929,0.35,0.271,0.972,0.42,0.342,0.427,0.395,0.501,0.577,0.35,0.47,0.488,0.92,0.658,0.658,0.635,0.934,0.965,0.857,0.167,0.495,0.079,0.103,0.466,0.474,0.187,0.317,0.939,0.579,0.547,0.466,,0.312,0.988,0.704,0.487,0.422,0.218,0.086,0.22,0.35,0.313,0.987,0.79,0.895,0.405,0.829,0.35,0.672,0.071,0.809,0.028,0.439,0.642,0.063,0.558,0.791,0.174,0.577,0.037,0.49,0.5,0.775,0.917,0.097,0.032,0.963,0.741,0.906,0.76,0.741,0.965,0.35,0.205,0.35,0.435,0.472,0.842,0.324,0.741,0.203,0.446,0.88,0.354,0.35,0.96,0.35,0.201,0.35,0.534,0.514,0.355,0.577,0.23,0.95,0.211,,0.346,0.098,0.628,0.801,0.112,0.693,0.14,0.37,0.229,0.036,0.977,0.926,0.249,0.987,0.425,,,0.283,0.965,,,,,,,,0.179,,,,,0.50065386,0.204,0.549,0.152,0.427,0.603,0.831,0.392,0.707,0.642,0.03,0.22,0.081,,0.701,0.269,0.35,0.28,0.215,0.356,0.538,0.683,0.865,0.512,0.233,0.685,0.577,0.356,0.568,0.809,0.466,0.577,0.99,0.392,0.697,0.323,0.201,0.125,0.126,0.35,0.35,0.286,0.936,0.461,0.345,0.266,0.804,0.328,0.35,0.911,0.796,0.35,,0.626,,0.966,,0.089,0.373,0.294
1964,0.377,0.038,0.028,,0.742,0.35,0.979,0.929,0.35,0.271,0.972,0.42,0.342,0.427,0.395,0.501,0.577,0.35,0.263,0.131,0.92,0.658,0.658,0.635,0.934,0.965,0.885,0.167,0.495,0.079,0.103,0.39,0.474,0.187,0.317,0.939,0.579,0.547,0.466,,0.312,0.988,0.193,0.487,0.442,0.218,0.086,0.22,0.35,0.313,0.987,0.79,0.895,0.405,0.829,0.35,0.626,0.071,0.809,0.037,0.472,0.653,0.058,0.558,0.791,0.096,0.577,0.037,0.529,0.5,0.775,0.917,0.097,0.173,0.963,0.741,0.906,0.76,0.741,0.965,0.35,0.21,0.35,0.459,0.448,0.842,0.324,0.741,0.221,0.404,0.88,0.354,0.35,0.96,0.35,0.201,0.35,0.534,0.641,0.313,0.577,0.297,0.95,0.187,,0.346,0.098,0.628,0.801,0.061,0.693,0.135,0.37,0.221,0.036,0.977,0.926,0.214,0.987,0.425,,,0.283,0.965,,,,,,,,0.214,,,,,0.49707052,0.204,0.535,0.361,0.427,0.603,0.831,0.392,0.707,0.642,0.03,0.22,0.081,,0.701,0.269,0.35,0.28,0.215,0.518,0.538,0.683,0.865,0.427,0.233,0.685,0.577,0.518,0.568,0.809,0.466,0.577,0.99,0.392,0.697,0.308,0.165,0.146,0.154,0.35,0.35,0.286,0.936,0.528,0.345,0.304,0.804,0.328,0.35,0.911,0.796,0.35,,0.634,,0.966,,0.089,0.382,0.2
1965,0.377,0.038,0.028,,0.742,0.352,0.979,0.897,0.352,0.271,0.972,0.42,0.342,0.427,0.409,0.501,0.577,0.352,0.116,0.023,0.92,0.658,0.658,0.514,0.934,0.965,0.885,0.167,0.495,0.079,0.103,0.39,0.474,0.187,0.317,0.939,0.579,0.547,0.466,,0.312,0.988,0.193,0.468,0.442,0.206,0.086,0.22,0.352,0.313,0.987,0.79,0.895,0.405,0.829,0.352,0.626,0.071,0.834,0.037,0.472,0.653,0.058,0.558,0.791,0.096,0.577,0.037,0.529,0.153,0.775,0.917,0.097,0.2,0.963,0.741,0.906,0.76,0.741,0.965,0.352,0.178,0.352,0.459,0.394,0.842,0.324,0.741,0.221,0.42,0.88,0.354,0.352,0.96,0.352,0.201,0.352,0.534,0.641,0.313,0.577,0.297,0.95,0.174,,0.346,0.098,0.628,0.801,0.061,0.693,0.141,0.37,0.221,0.036,0.977,0.926,0.249,0.987,0.425,,,0.283,0.965,,,,,,,,0.214,,,,,0.49191666,0.204,0.44,0.361,0.427,0.603,0.831,0.348,0.707,0.642,0.03,0.22,0.081,,0.701,0.31,0.352,0.28,0.215,0.554,0.538,0.683,0.865,0.385,0.233,0.685,0.577,0.554,0.568,0.809,0.466,0.577,0.99,0.392,0.697,0.308,0.165,0.146,0.154,0.352,0.352,0.286,0.936,0.528,0.345,0.304,0.824,0.328,0.352,0.906,0.816,0.352,,0.634,,0.966,,0.089,0.464,0.143
1966,0.377,0.038,0.028,,0.54,0.352,0.979,0.93,0.352,0.271,0.972,0.42,0.342,0.427,0.409,0.501,0.577,0.352,0.116,0.023,0.92,0.658,0.862,0.149,0.934,0.965,0.885,0.077,0.495,0.079,0.069,0.39,0.474,0.187,0.317,0.939,0.59,0.547,0.466,,0.312,0.988,0.072,0.468,0.495,0.206,0.086,0.22,0.352,0.313,0.987,0.79,0.895,0.405,0.829,0.352,0.549,0.071,0.834,0.037,0.472,0.653,0.113,0.529,0.791,0.096,0.577,0.037,0.529,0.144,0.775,0.917,0.097,0.2,0.963,0.741,0.906,0.76,0.741,0.965,0.352,0.186,0.352,0.459,0.394,0.842,0.324,0.741,0.221,0.42,0.88,0.532,0.352,0.96,0.352,0.201,0.352,0.534,0.578,0.313,0.577,0.297,0.95,0.174,,0.346,0.098,0.628,0.801,0.032,0.693,0.128,0.37,0.221,0.036,0.977,0.926,0.249,0.987,0.425,,,0.283,0.965,,,,,,,,0.214,,,,,0.48752564,0.204,0.44,0.361,0.427,0.603,0.831,0.348,0.707,0.642,0.03,0.22,0.081,,0.701,0.363,0.352,0.28,0.215,0.554,0.538,0.683,0.865,0.385,0.201,0.557,0.577,0.554,0.568,0.809,0.466,0.577,0.99,0.392,0.697,0.308,0.165,0.146,0.154,0.352,0.352,0.286,0.936,0.528,0.374,0.304,0.769,0.261,0.352,0.909,0.828,0.352,,0.634,,0.966,,0.089,0.464,0.133
1967,0.377,0.038,0.028,,0.246,0.348,0.979,0.93,0.348,0.271,0.972,0.42,0.342,0.427,0.409,0.501,0.618,0.348,0.116,0.023,0.92,0.658,0.862,0.149,0.934,0.965,0.885,0.077,0.495,0.079,0.069,0.39,0.474,0.187,0.317,0.939,0.59,0.547,0.478,,0.19,0.988,0.072,0.468,0.603,0.206,0.086,0.22,0.348,0.313,0.987,0.79,0.895,0.506,0.829,0.348,0.535,0.071,0.834,0.037,0.472,0.276,0.141,0.703,0.791,0.096,0.618,0.037,0.529,0.091,0.775,0.917,0.097,0.2,0.963,0.781,0.906,0.76,0.741,0.965,0.348,0.186,0.348,0.459,0.394,0.842,0.324,0.741,0.221,0.42,0.88,0.532,0.348,0.96,0.348,0.201,0.348,0.534,0.578,0.313,0.618,0.297,0.95,0.174,,0.346,0.098,0.628,0.801,0.032,0.693,0.106,0.37,0.167,0.036,0.977,0.926,0.249,0.987,0.425,,,0.283,0.965,,,,,,,,0.214,,,,,0.48169872,0.204,0.139,0.361,0.427,0.603,0.831,0.348,0.707,0.642,0.03,0.22,0.081,,0.701,0.363,0.348,0.312,0.215,0.554,0.538,0.759,0.865,0.361,0.201,0.557,0.618,0.554,0.568,0.809,0.478,0.618,0.99,0.392,0.697,0.308,0.165,0.098,0.154,0.348,0.348,0.286,0.936,0.528,0.374,0.304,0.823,0.109,0.348,0.916,0.828,0.348,,0.634,,0.966,,0.089,0.464,0.133
1968,0.377,0.057,0.028,,0.114,0.348,0.979,0.93,0.348,0.271,0.972,0.42,0.342,0.427,0.409,0.501,0.618,0.348,0.116,0.023,0.92,0.658,0.862,0.149,0.934,0.965,0.885,0.077,0.495,0.079,0.079,0.249,0.474,0.187,0.317,0.939,0.59,0.547,0.564,,0.418,0.988,0.127,0.468,0.603,0.206,0.086,0.22,0.348,0.313,0.987,0.79,0.907,0.506,0.777,0.348,0.535,0.071,0.834,0.037,0.441,0.266,0.093,0.703,0.805,0.096,0.618,0.037,0.584,0.091,0.775,0.917,0.097,0.2,0.963,0.781,0.916,0.76,0.741,0.965,0.348,0.186,0.348,0.459,0.394,0.842,0.324,0.741,0.221,0.39,0.88,0.532,0.348,0.96,0.348,0.201,0.348,0.534,0.578,0.313,0.618,0.329,0.95,0.174,,0.346,0.098,0.628,0.826,0.032,0.684,0.106,0.37,0.167,0.036,0.977,0.926,0.249,0.987,0.425,,,0.283,0.965,,,,,,,,0.214,,,,,0.4759359,0.204,0.078,0.361,0.427,0.309,0.612,0.264,0.707,0.642,0.03,0.243,0.057,,0.701,0.363,0.348,0.312,0.215,0.554,0.538,0.759,0.865,0.257,0.201,0.557,0.618,0.554,0.568,0.809,0.564,0.618,0.99,0.392,0.697,0.308,0.165,0.098,0.154,0.348,0.348,0.286,0.936,0.528,0.374,0.304,0.823,0.109,0.348,0.646,0.865,0.348,,0.659,,0.966,,0.089,0.464,0.133
1969,0.377,0.057,0.028,,0.067,0.348,0.979,0.93,0.348,0.271,0.972,0.42,0.342,0.337,0.409,0.501,0.618,0.348,0.116,0.023,0.92,0.658,0.862,0.106,0.934,0.965,0.854,0.077,0.495,0.079,0.079,0.178,0.474,0.187,0.317,0.939,0.59,0.547,0.504,,0.418,0.988,0.127,0.468,0.603,0.206,0.086,0.22,0.348,0.313,0.987,0.79,0.935,0.506,0.777,0.348,0.676,0.057,0.834,0.037,0.152,0.266,0.066,0.703,0.805,0.096,0.618,0.037,0.638,0.118,0.775,0.917,0.097,0.096,0.963,0.781,0.916,0.76,0.741,0.965,0.348,0.156,0.348,0.459,0.394,0.842,0.324,0.741,0.221,0.213,0.88,0.532,0.348,0.96,0.348,0.201,0.348,0.534,0.578,0.313,0.618,0.166,0.95,0.174,,0.346,0.098,0.628,0.887,0.032,0.684,0.118,0.37,0.167,0.036,0.977,0.926,0.249,0.987,0.425,,,0.283,0.965,,,,,,,,0.214,,,,,0.46735257,0.204,0.078,0.361,0.337,0.217,0.481,0.264,0.707,0.642,0.03,0.243,0.057,,0.701,0.363,0.348,0.281,0.215,0.229,0.538,0.759,0.865,0.293,0.187,0.541,0.618,0.229,0.568,0.809,0.504,0.618,0.99,0.392,0.697,0.308,0.165,0.098,0.154,0.348,0.348,0.286,0.936,0.528,0.374,0.304,0.823,0.109,0.348,0.646,0.877,0.348,,0.773,,0.966,,0.089,0.464,0.064
1970,0.377,0.057,0.028,,0.098,0.353,0.979,0.95,0.353,0.271,0.972,0.432,0.342,0.358,0.409,0.501,0.618,0.353,0.162,0.023,0.92,0.658,0.862,0.106,0.956,0.965,0.817,0.088,0.506,0.079,0.072,0.178,0.474,0.187,0.317,0.939,0.615,0.547,0.494,,0.418,0.988,0.127,0.468,0.603,0.218,0.092,0.22,0.353,0.313,0.987,0.915,0.935,0.506,0.739,0.353,0.808,0.057,0.834,0.037,0.014,0.266,0.086,0.703,0.84,0.096,0.618,0.037,0.685,0.109,0.775,0.917,0.097,0.069,0.963,0.781,0.916,0.774,0.729,0.965,0.353,0.198,0.353,0.336,0.394,0.842,0.324,0.741,0.221,0.106,0.822,0.297,0.353,0.96,0.353,0.209,0.353,0.534,0.578,0.313,0.618,0.134,0.95,0.174,,0.346,0.098,0.673,0.893,0.032,0.684,0.118,0.37,0.167,0.036,0.977,0.926,0.249,0.987,0.627,,,0.283,0.965,,,,,,,,0.214,,,,,0.46426922,0.204,0.078,0.361,0.358,0.217,0.481,0.145,0.707,0.61,0.03,0.243,0.057,,0.704,0.363,0.353,0.275,0.215,0.266,0.668,0.911,0.865,0.293,0.187,0.043,0.618,0.266,0.568,0.809,0.494,0.618,0.99,0.392,0.764,0.185,0.144,0.098,0.154,0.353,0.353,0.286,0.936,0.528,0.351,0.338,0.823,0.109,0.353,0.42,0.889,0.353,,0.773,,0.966,,0.077,0.464,0.064
1971,0.377,0.057,0.028,0.622,0.098,0.353,0.979,0.95,0.353,0.227,0.972,0.432,0.342,0.234,0.409,0.501,0.618,0.353,0.04,0.023,0.92,0.658,0.862,0.106,0.956,0.965,0.817,0.088,0.521,0.072,0.072,0.178,0.474,0.187,0.317,0.939,0.615,0.547,0.494,,0.257,0.988,0.127,0.468,0.603,0.234,0.092,0.22,0.353,0.313,0.987,0.915,0.935,0.506,0.739,0.353,0.808,0.057,0.834,0.037,0.014,0.266,0.086,0.703,0.84,0.096,0.618,0.037,0.685,0.109,0.775,0.941,0.097,0.069,0.963,0.781,0.926,0.774,0.729,0.965,0.353,0.198,0.353,0.284,0.394,0.842,0.324,0.741,0.289,0.106,0.536,0.297,0.353,0.96,0.353,0.209,0.353,0.534,0.578,0.313,0.618,0.134,0.95,0.174,,0.346,0.098,0.673,0.835,0.032,0.684,0.118,0.37,0.167,0.036,0.977,0.926,0.249,0.987,0.627,,,0.283,0.965,,,,,,,,0.214,,,,,0.4564747,0.204,0.078,0.361,0.133,0.217,0.481,0.145,0.707,0.639,0.03,0.243,0.057,,0.714,0.363,0.353,0.275,0.215,0.266,0.668,0.911,0.865,0.293,0.187,0.043,0.618,0.266,0.568,0.809,0.494,0.618,0.99,0.392,0.764,0.105,0.144,0.098,0.154,0.353,0.353,0.286,0.936,0.528,0.289,0.307,0.823,0.055,0.353,0.271,0.889,0.353,,0.773,,0.966,,0.077,0.464,0.064
1972,0.345,0.057,0.028,0.622,0.098,0.347,0.979,0.95,0.347,0.227,0.972,0.381,0.342,0.304,0.409,0.501,0.618,0.347,0.04,0.023,0.92,0.658,0.862,0.091,0.956,0.965,0.817,0.106,0.521,0.079,0.072,0.178,0.474,0.209,0.317,0.939,0.615,0.547,0.494,,0.257,0.988,0.127,0.468,0.507,0.249,0.092,0.22,0.347,0.313,0.987,0.915,0.935,0.506,0.739,0.347,0.682,0.057,0.834,0.037,0.014,0.266,0.086,0.703,0.84,0.096,0.618,0.037,0.685,0.109,0.775,0.941,0.097,0.069,0.963,0.781,0.926,0.774,0.729,0.965,0.347,0.198,0.347,0.284,0.347,0.842,0.324,0.741,0.383,0.106,0.671,0.297,0.347,0.96,0.347,0.209,0.347,0.403,0.578,0.313,0.618,0.134,0.95,0.174,,0.346,0.098,0.673,0.891,0.032,0.684,0.118,0.37,0.189,0.036,0.977,0.926,0.229,0.987,0.627,,,0.283,0.965,,,,,,,,0.214,,,,,0.454481,0.204,0.078,0.361,0.305,0.217,0.481,0.066,0.707,0.639,0.03,0.243,0.057,,0.714,0.363,0.347,0.275,0.215,0.289,0.668,0.911,0.865,0.243,0.171,0.043,0.618,0.289,0.568,0.809,0.494,0.618,0.99,0.392,0.726,0.105,0.144,0.098,0.161,0.347,0.347,0.286,0.936,0.528,0.289,0.307,0.77,0.023,0.347,0.094,0.902,0.347,,0.773,,0.966,,0.077,0.464,0.064
1973,0.242,0.057,0.028,0.622,0.128,0.347,0.979,0.95,0.347,0.227,0.972,0.136,0.342,0.284,0.409,0.501,0.618,0.347,0.04,0.023,0.92,0.658,0.862,0.091,0.956,0.965,0.061,0.106,0.521,0.071,0.072,0.178,0.474,0.209,0.317,0.939,0.615,0.547,0.494,,0.257,0.988,0.127,0.468,0.421,0.249,0.077,0.22,0.347,0.313,0.987,0.915,0.935,0.506,0.739,0.347,0.627,0.057,0.834,0.099,0.014,0.266,0.086,0.703,0.84,0.096,0.618,0.037,0.685,0.151,0.775,0.941,0.097,0.069,0.963,0.781,0.926,0.752,0.729,0.965,0.347,0.198,0.347,0.284,0.347,0.842,0.324,0.741,0.383,0.106,0.712,0.297,0.347,0.96,0.347,0.209,0.347,0.511,0.578,0.313,0.618,0.134,0.95,0.174,,0.346,0.098,0.673,0.891,0.032,0.684,0.118,0.37,0.189,0.036,0.977,0.926,0.248,0.987,0.627,,,0.283,0.965,,,,,,,,0.214,,,,,0.44759494,0.204,0.078,0.515,0.163,0.217,0.481,0.066,0.707,0.639,0.03,0.243,0.057,,0.714,0.363,0.347,0.314,0.215,0.289,0.668,0.911,0.865,0.243,0.075,0.043,0.618,0.289,0.568,0.809,0.494,0.618,0.99,0.392,0.726,0.072,0.144,0.098,0.17,0.347,0.347,0.286,0.936,0.528,0.289,0.307,0.824,0.018,0.347,0.034,0.902,0.347,,0.773,,0.966,,0.077,0.464,0.064
1974,0.216,0.057,0.028,0.622,0.088,0.353,0.979,0.95,0.353,0.294,0.972,0.136,0.342,0.214,0.409,0.187,0.618,0.353,0.04,0.023,0.92,0.658,0.862,0.091,0.956,0.975,0.018,0.106,0.521,0.071,0.072,0.178,0.355,0.209,0.317,0.939,0.615,0.511,0.494,,0.257,0.988,0.127,0.468,0.421,0.249,0.077,0.22,0.353,0.195,0.987,0.915,0.935,0.506,0.739,0.353,0.627,0.057,0.834,0.19,0.014,0.384,0.051,0.643,0.84,0.096,0.618,0.037,0.685,0.223,0.775,0.941,0.097,0.069,0.963,0.781,0.926,0.752,0.729,0.965,0.353,0.216,0.353,0.284,0.347,0.842,0.324,0.741,0.383,0.106,0.712,0.297,0.353,0.96,0.353,0.209,0.353,0.469,0.578,0.313,0.618,0.134,0.95,0.174,,0.346,0.098,0.673,0.891,0.032,0.684,0.118,0.284,0.189,0.036,0.977,0.926,0.248,0.987,0.627,,,0.283,0.965,,,,,,,,0.214,,,,,0.44877848,0.212,0.078,0.515,0.163,0.217,0.481,0.066,0.707,0.639,0.03,0.949,0.057,,0.714,0.363,0.353,0.225,0.215,0.289,0.668,0.911,0.865,0.243,0.05,0.043,0.618,0.289,0.568,0.863,0.494,0.618,0.99,0.392,0.726,0.072,0.144,0.098,0.239,0.353,0.353,0.315,0.936,0.528,0.279,0.359,0.824,0.018,0.353,0.034,0.902,0.353,,0.773,,0.966,,0.077,0.464,0.064
1975,0.216,0.137,0.028,0.622,0.036,0.353,0.979,0.95,0.353,0.384,0.972,0.136,0.342,0.196,0.409,0.343,0.618,0.353,0.04,0.023,0.92,0.658,0.862,0.091,0.956,0.975,0.018,0.106,0.521,0.078,0.072,0.178,0.355,0.265,0.64,0.939,0.615,0.813,0.494,,0.257,0.988,0.127,0.468,0.421,0.249,0.077,0.257,0.353,0.046,0.987,0.915,0.935,0.506,0.739,0.353,0.627,0.057,0.834,0.19,0.014,0.919,0.071,0.643,0.84,0.096,0.618,0.037,0.685,0.223,0.664,0.941,0.081,0.069,0.963,0.781,0.926,0.752,0.729,0.965,0.353,0.164,0.353,0.014,0.347,0.842,0.152,0.529,0.383,0.106,0.712,0.297,0.353,0.96,0.353,0.209,0.353,0.361,0.578,0.313,0.618,0.134,0.95,0.174,,0.346,0.157,0.673,0.891,0.032,0.684,0.118,0.357,0.184,0.036,0.977,0.926,0.231,0.987,0.627,,,0.283,0.965,,,,,,,,0.229,,,,,0.45427847,0.248,0.078,0.515,0.163,0.217,0.481,0.066,0.805,0.639,0.03,0.979,0.057,,0.714,0.363,0.353,0.225,0.215,0.289,0.668,0.911,0.865,0.243,0.05,0.043,0.618,0.289,0.686,0.901,0.494,0.618,0.99,0.392,0.726,0.059,0.144,0.098,0.239,0.353,0.353,0.306,0.936,0.528,0.279,0.359,0.824,0.018,0.353,0.034,0.902,0.353,,0.773,,0.966,,0.077,0.464,0.064
1976,0.216,0.082,0.028,0.622,0.024,0.346,0.979,0.95,0.346,0.384,0.972,0.136,0.342,0.211,0.409,0.343,0.618,0.346,0.04,0.047,0.92,0.658,0.862,0.091,0.956,0.975,0.018,0.106,0.521,0.078,0.072,0.178,0.355,0.265,0.795,0.939,0.615,0.828,0.494,,0.257,0.988,0.127,0.468,0.421,0.249,0.06,0.362,0.346,0.046,0.987,0.915,0.935,0.506,0.739,0.346,0.627,0.057,0.834,0.19,0.014,0.919,0.047,0.643,0.84,0.096,0.618,0.037,0.685,0.223,0.664,0.941,0.081,0.069,0.963,0.781,0.926,0.752,0.729,0.965,0.346,0.192,0.346,0.014,0.347,0.842,0.101,0.438,0.383,0.106,0.712,0.297,0.346,0.96,0.346,0.299,0.346,0.479,0.578,0.313,0.618,0.134,0.95,0.174,,0.346,0.13,0.673,0.891,0.032,0.684,0.118,0.357,0.184,0.036,0.977,0.926,0.249,0.987,0.648,,,0.283,0.965,,,,,,,,,,,,,0.455707,0.248,0.078,0.515,0.163,0.217,0.481,0.066,0.805,0.611,0.03,0.979,0.057,,0.714,0.363,0.346,0.225,0.215,0.289,0.668,0.911,0.865,0.243,0.05,0.043,0.618,0.289,0.686,0.901,0.494,0.618,0.99,0.392,0.768,0.063,0.144,0.098,0.103,0.346,0.346,0.075,0.936,0.528,0.279,0.406,0.824,0.018,0.346,0.034,0.902,0.346,,0.773,0.602,0.966,,0.073,0.464,0.064
1977,0.216,0.082,0.028,0.622,0.024,0.352,0.979,0.95,0.352,0.384,0.972,0.136,0.311,0.269,0.409,0.343,0.618,0.352,0.04,0.047,0.92,0.658,0.862,0.091,0.956,0.975,0.018,0.157,0.521,0.074,0.072,0.178,0.355,0.265,0.795,0.939,0.615,0.828,0.494,,0.245,0.988,0.127,0.468,0.421,0.204,0.06,0.662,0.352,0.046,0.987,0.915,0.935,0.506,0.739,0.352,0.627,0.057,0.834,0.19,0.014,0.955,0.034,0.703,0.84,0.096,0.618,0.037,0.685,0.223,0.752,0.941,0.081,0.069,0.963,0.781,0.926,0.752,0.729,0.965,0.352,0.192,0.352,0.014,0.347,0.842,0.101,0.438,0.383,0.106,0.665,0.297,0.352,0.96,0.352,0.299,0.352,0.479,0.578,0.437,0.618,0.118,0.95,0.174,,0.346,0.13,0.673,0.891,0.032,0.684,0.14,0.357,0.184,0.036,0.977,0.926,0.249,0.987,0.648,,,0.283,0.965,,,,,,,,,,,,,0.4591656,0.277,0.078,0.552,0.163,0.217,0.481,0.066,0.805,0.611,0.03,0.979,0.057,,0.714,0.363,0.352,0.225,0.215,0.289,0.668,0.911,0.865,0.243,0.05,0.043,0.618,0.289,0.698,0.901,0.494,0.618,0.99,0.392,0.628,0.063,0.144,0.098,0.131,0.352,0.352,0.075,0.936,0.528,0.279,0.406,0.824,0.018,0.352,0.034,0.902,0.352,,0.773,0.602,0.966,,0.073,0.464,0.064
1978,0.093,0.082,0.028,0.622,0.024,0.352,0.979,0.95,0.352,0.384,0.972,0.136,0.332,0.278,0.409,0.343,0.618,0.352,0.074,0.075,0.92,0.658,0.862,0.091,0.956,0.975,0.018,0.261,0.521,0.074,0.072,0.171,0.166,0.265,0.795,0.939,0.615,0.828,0.494,,0.494,0.988,0.127,0.468,0.483,0.204,0.06,0.705,0.352,0.05,0.987,0.915,0.935,0.506,0.739,0.352,0.627,0.057,0.834,0.19,0.014,0.955,0.032,0.703,0.88,0.088,0.618,0.037,0.685,0.223,0.779,0.941,0.081,0.069,0.974,0.781,0.926,0.752,0.729,0.965,0.352,0.192,0.352,0.014,0.347,0.842,0.101,0.438,0.383,0.106,0.653,0.297,0.352,0.96,0.352,0.299,0.352,0.479,0.516,0.437,0.618,0.106,0.95,0.174,,0.346,0.13,0.673,0.891,0.032,0.709,0.126,0.357,0.184,0.036,0.977,0.926,0.223,0.987,0.648,,,0.283,0.965,,,,,,,,,,,,,0.45961148,0.105,0.078,0.613,0.114,0.217,0.481,0.066,0.805,0.611,0.03,0.979,0.057,,0.714,0.363,0.352,0.284,0.215,0.289,0.668,0.911,0.865,0.243,0.033,0.043,0.618,0.289,0.698,0.901,0.494,0.618,0.99,0.392,0.718,0.05,0.144,0.098,0.131,0.352,0.352,0.075,0.936,0.528,0.279,0.315,0.824,0.018,0.352,0.034,0.902,0.352,,0.773,0.602,0.966,,0.073,0.464,0.064
1979,0.108,0.082,0.028,0.622,0.024,0.348,0.979,0.95,0.348,0.384,0.972,0.136,0.332,0.3,0.409,0.343,0.618,0.348,0.3,0.214,0.92,0.658,0.862,0.188,0.956,0.975,0.018,0.433,0.521,0.074,0.072,0.171,0.166,0.265,0.795,0.939,0.682,0.828,0.494,,0.593,0.988,0.813,0.563,0.65,0.204,0.06,0.705,0.348,0.05,0.987,0.915,0.935,0.506,0.739,0.348,0.568,0.057,0.834,0.19,0.025,0.955,0.025,0.703,0.88,0.073,0.618,0.037,0.685,0.223,0.779,0.941,0.106,0.043,0.974,0.781,0.926,0.752,0.729,0.965,0.348,0.198,0.348,0.053,0.347,0.842,0.101,0.438,0.357,0.106,0.684,0.297,0.348,0.96,0.348,0.299,0.348,0.479,0.516,0.437,0.618,0.155,0.95,0.174,,0.346,0.13,0.363,0.891,0.032,0.709,0.126,0.357,0.307,0.036,0.977,0.926,0.203,0.987,0.648,,,0.283,0.965,,,,,,,,,,,,,0.47015923,0.163,0.078,0.613,0.046,0.217,0.481,0.066,0.805,0.611,0.03,0.979,0.057,,0.714,0.363,0.348,0.284,0.215,0.289,0.668,0.911,0.893,0.243,0.04,0.043,0.618,0.289,0.698,0.901,0.494,0.618,0.99,0.392,0.745,0.05,0.114,0.098,0.131,0.348,0.348,0.075,0.936,0.528,0.279,0.315,0.824,0.018,0.348,0.034,0.902,0.348,,0.805,0.602,0.966,,0.073,0.464,0.064
1980,0.098,0.082,0.028,0.622,0.024,0.352,0.979,0.925,0.352,0.384,0.972,0.136,0.292,0.3,0.433,0.343,0.618,0.352,0.138,0.214,0.92,0.658,0.862,0.533,0.956,0.975,0.03,0.433,0.521,0.156,0.05,0.171,0.166,0.265,0.795,0.914,0.549,0.892,0.494,,0.593,0.988,0.813,0.563,0.697,0.204,0.042,0.705,0.352,0.053,0.987,0.915,0.935,0.506,0.739,0.352,0.84,0.057,0.834,0.192,0.206,0.955,0.025,0.394,0.922,0.229,0.618,0.037,0.703,0.223,0.681,0.941,0.077,0.043,0.974,0.781,0.926,0.752,0.729,0.965,0.352,0.166,0.352,0.12,0.418,0.842,0.101,0.438,0.135,0.106,0.571,0.297,0.352,0.96,0.352,0.299,0.352,0.479,0.516,0.437,0.618,0.169,0.95,0.181,,0.346,0.13,0.363,0.891,0.032,0.709,0.213,0.389,0.307,0.6,0.977,0.969,0.273,0.987,0.648,,,0.283,0.971,,,,,,,,,,,,,0.47442675,0.163,0.078,0.613,0.046,0.155,0.408,0.066,0.805,0.599,0.03,0.979,0.104,,0.714,0.363,0.352,0.284,0.312,0.333,0.668,0.911,0.893,0.243,0.025,0.043,0.618,0.333,0.71,0.364,0.494,0.618,0.99,0.392,0.781,0.05,0.072,0.098,0.42,0.352,0.352,0.075,0.936,0.528,0.055,0.378,0.824,0.109,0.352,0.055,0.902,0.352,,0.805,0.602,0.897,,0.061,0.464,0.183
1981,0.098,0.082,0.028,0.622,0.024,0.348,0.979,0.948,0.348,0.384,0.972,0.136,0.168,0.3,0.433,0.343,0.659,0.348,0.138,0.214,0.92,0.658,0.895,0.602,0.956,0.975,0.03,0.436,0.521,0.156,0.05,0.171,0.166,0.265,0.795,0.882,0.549,0.892,0.494,,0.593,0.988,0.813,0.563,0.697,0.232,0.042,0.705,0.348,0.053,0.987,0.915,0.935,0.506,0.739,0.348,0.63,0.057,0.763,0.114,0.255,0.955,0.025,0.471,0.922,0.229,0.659,0.037,0.703,0.223,0.636,0.941,0.077,0.043,0.974,0.781,0.926,0.763,0.729,0.965,0.348,0.166,0.348,0.12,0.375,0.842,0.101,0.438,0.055,0.106,0.571,0.297,0.348,0.96,0.348,0.315,0.348,0.479,0.516,0.437,0.659,0.169,0.95,0.181,,0.346,0.13,0.363,0.891,0.032,0.72,0.213,0.389,0.408,0.6,0.977,0.969,0.273,0.987,0.648,,,0.283,0.971,,,,,,,,,,,,,0.47401273,0.163,0.078,0.613,0.046,0.155,0.522,0.066,0.805,0.573,0.03,0.979,0.104,,0.714,0.363,0.348,0.284,0.312,0.333,0.668,0.911,0.893,0.243,0.025,0.043,0.659,0.333,0.71,0.364,0.494,0.659,0.99,0.392,0.781,0.05,0.046,0.098,0.42,0.348,0.348,0.075,0.936,0.528,0.058,0.516,0.824,0.109,0.348,0.055,0.932,0.348,,0.805,0.602,0.897,,0.061,0.464,0.11
1982,0.098,0.082,0.028,0.622,0.024,0.352,0.979,0.948,0.352,0.384,0.972,0.136,0.194,0.3,0.433,0.343,0.659,0.352,0.61,0.214,0.92,0.658,0.895,0.544,0.956,0.975,0.041,0.436,0.521,0.372,0.05,0.171,0.186,0.265,0.795,0.882,0.549,0.892,0.494,,0.593,0.988,0.813,0.563,0.697,0.246,0.042,0.705,0.352,0.053,0.987,0.915,0.962,0.506,0.739,0.352,0.254,0.057,0.763,0.114,0.255,0.964,0.025,0.471,0.922,0.229,0.659,0.037,0.703,0.223,0.636,0.941,0.066,0.043,0.974,0.781,0.926,0.763,0.729,0.965,0.352,0.088,0.352,0.12,0.375,0.842,0.101,0.438,0.055,0.106,0.571,0.297,0.352,0.96,0.352,0.315,0.352,0.479,0.516,0.437,0.659,0.169,0.95,0.181,,0.346,0.13,0.363,0.891,0.032,0.728,0.213,0.389,0.408,0.549,0.977,0.969,0.273,0.987,0.689,,,0.283,0.971,,,,,,,,,,,,,0.47419745,0.163,0.078,0.613,0.046,0.125,0.373,0.066,0.805,0.46,0.03,0.979,0.104,,0.714,0.363,0.352,0.284,0.312,0.333,0.668,0.911,0.893,0.243,0.044,0.043,0.659,0.333,0.71,0.364,0.494,0.659,0.99,0.392,0.811,0.05,0.03,0.098,0.42,0.352,0.352,0.075,0.936,0.528,0.058,0.561,0.824,0.078,0.352,0.055,0.932,0.352,,0.805,0.602,0.897,,0.061,0.464,0.11
1983,0.098,0.082,0.028,0.622,0.257,0.349,0.979,0.948,0.349,0.384,0.972,0.136,0.169,0.258,0.433,0.343,0.659,0.349,0.644,0.214,0.92,0.658,0.895,0.544,0.956,0.975,0.041,0.436,0.521,0.498,0.05,0.171,0.353,0.265,0.795,0.882,0.549,0.892,0.494,,0.593,0.988,0.813,0.563,0.721,0.222,0.042,0.766,0.349,0.053,0.987,0.915,0.962,0.506,0.739,0.349,0.335,0.065,0.815,0.114,0.255,0.964,0.031,0.471,0.922,0.192,0.659,0.037,0.703,0.223,0.636,0.962,0.076,0.043,0.974,0.781,0.926,0.763,0.729,0.965,0.349,0.094,0.349,0.12,0.375,0.842,0.101,0.438,0.055,0.106,0.467,0.297,0.349,0.96,0.349,0.315,0.349,0.479,0.516,0.437,0.659,0.169,0.95,0.181,,0.346,0.13,0.363,0.891,0.032,0.728,0.213,0.389,0.408,0.549,0.977,0.969,0.273,0.987,0.689,,,0.283,0.971,,,,,,,,,,,,,0.4797898,0.163,0.078,0.613,0.046,0.125,0.373,0.066,0.805,0.539,0.03,0.979,0.104,,0.714,0.363,0.349,0.284,0.312,0.318,0.668,0.911,0.893,0.243,0.044,0.043,0.659,0.318,0.71,0.364,0.494,0.659,0.99,0.392,0.835,0.065,0.03,0.098,0.452,0.349,0.349,0.075,0.936,0.528,0.155,0.621,0.824,0.07,0.349,0.055,0.932,0.349,,0.805,0.602,0.897,,0.061,0.464,0.11
1984,0.098,0.082,0.028,0.622,0.945,0.349,0.979,0.948,0.349,0.384,0.972,0.136,0.148,0.258,0.433,0.343,0.683,0.349,0.611,0.214,0.92,0.658,0.895,0.544,0.956,0.975,0.041,0.436,0.521,0.489,0.05,0.171,0.475,0.265,0.795,0.882,0.549,0.892,0.494,,0.593,0.988,0.703,0.563,0.341,0.222,0.042,0.766,0.349,0.053,0.987,0.915,0.962,0.506,0.739,0.349,0.368,0.128,0.815,0.114,0.255,0.964,0.047,0.471,0.922,0.192,0.683,0.037,0.703,0.223,0.623,0.962,0.076,0.043,0.974,0.781,0.926,0.763,0.729,0.965,0.349,0.094,0.349,0.12,0.375,0.842,0.101,0.438,0.055,0.106,0.467,0.297,0.349,0.96,0.349,0.315,0.349,0.479,0.516,0.437,0.683,0.169,0.95,0.181,,0.346,0.13,0.363,0.891,0.032,0.728,0.213,0.389,0.151,0.549,0.977,0.969,0.273,0.987,0.689,,,0.283,0.971,,,,,,,,,,,,,0.48406368,0.163,0.078,0.749,0.046,0.165,0.373,0.066,0.805,0.653,0.03,0.979,0.104,,0.714,0.363,0.349,0.284,0.312,0.344,0.668,0.911,0.893,0.243,0.044,0.043,0.683,0.344,0.71,0.364,0.494,0.683,0.99,0.392,0.835,0.071,0.03,0.098,0.468,0.349,0.349,0.075,0.936,0.528,0.155,0.707,0.824,0.07,0.349,0.179,0.932,0.349,,0.805,0.602,0.897,,0.061,0.464,0.11
1985,0.098,0.082,0.054,0.622,0.945,0.383,0.979,0.948,0.383,0.384,0.972,0.136,0.183,0.258,0.433,0.343,0.683,0.383,0.848,0.328,0.92,0.658,0.895,0.544,0.956,0.975,0.041,0.436,0.521,0.489,0.05,0.171,0.475,0.265,0.795,0.882,0.549,0.892,0.494,,0.593,0.988,0.703,0.563,0.336,0.222,0.042,0.766,0.383,0.053,0.987,0.915,0.962,0.506,0.739,0.383,0.368,0.313,0.831,0.114,0.255,0.959,0.067,0.471,0.922,0.201,0.683,0.037,0.703,0.223,0.753,0.962,0.076,0.043,0.974,0.781,0.926,0.763,0.729,0.965,0.383,0.094,0.383,0.12,0.39,0.842,0.101,0.438,0.055,0.106,0.467,0.297,0.383,0.96,0.383,0.315,0.383,0.479,0.516,0.437,0.683,0.169,0.95,0.181,,0.346,0.13,0.268,0.891,0.032,0.723,0.213,0.389,0.151,0.549,0.977,0.969,0.273,0.987,0.689,,,0.283,0.971,,,,,,,,,,,,,0.49414012,0.163,0.078,0.749,0.07,0.165,0.373,0.066,0.805,0.684,0.03,0.979,0.104,,0.714,0.363,0.383,0.284,0.312,0.54,0.668,0.911,0.893,0.243,0.074,0.043,0.683,0.54,0.71,0.364,0.494,0.683,0.99,0.392,0.883,0.071,0.03,0.098,0.468,0.383,0.383,0.075,0.936,0.528,0.155,0.707,0.824,0.07,0.383,0.71,0.932,0.383,,0.805,0.613,0.897,,0.061,0.464,0.11
1986,0.098,0.082,0.054,0.622,0.945,0.49,0.979,0.948,0.49,0.384,0.972,0.136,0.183,0.258,0.433,0.343,0.683,0.49,0.848,0.583,0.92,0.658,0.895,0.544,0.956,0.975,0.041,0.436,0.521,0.489,0.05,0.171,0.43,0.265,0.795,0.939,0.549,0.892,0.494,,0.593,0.988,0.703,0.563,0.396,0.222,0.042,0.781,0.49,0.053,0.987,0.915,0.962,0.506,0.739,0.49,0.368,0.313,0.831,0.114,0.255,0.959,0.172,0.715,0.922,0.221,0.683,0.048,0.703,0.223,0.768,0.962,0.076,0.043,0.974,0.781,0.926,0.763,0.729,0.965,0.49,0.094,0.49,0.12,0.417,0.842,0.101,0.438,0.055,0.106,0.467,0.314,0.49,0.96,0.49,0.315,0.49,0.523,0.516,0.437,0.683,0.169,0.95,0.181,,0.346,0.13,0.268,0.891,0.032,0.718,0.213,0.389,0.167,0.549,0.977,0.969,0.273,0.987,0.689,,,0.283,0.971,,,,,,,,,,,,,0.5034968,0.163,0.053,0.749,0.07,0.122,0.26,0.284,0.805,0.855,0.03,0.979,0.104,,0.714,0.363,0.49,0.284,0.312,0.583,0.668,0.911,0.893,0.243,0.074,0.043,0.683,0.583,0.71,0.364,0.494,0.683,0.99,0.392,0.818,0.071,0.03,0.098,0.468,0.49,0.49,0.075,0.936,0.528,0.155,0.707,0.816,0.153,0.49,0.962,0.932,0.49,,0.805,0.626,0.897,,0.061,0.464,0.11
1987,0.098,0.082,0.054,0.622,0.945,0.49,0.979,0.948,0.49,0.384,0.972,0.136,0.149,0.258,0.433,0.343,0.683,0.49,0.848,0.612,0.92,0.658,0.895,0.544,0.956,0.975,0.122,0.436,0.521,0.489,0.05,0.171,0.409,0.265,0.832,0.939,0.549,0.892,0.494,,0.593,0.988,0.632,0.563,0.396,0.222,0.042,0.945,0.49,0.053,0.987,0.746,0.962,0.506,0.739,0.49,0.46,0.214,0.831,0.114,0.205,0.959,0.205,0.715,0.922,0.221,0.683,0.421,0.703,0.223,0.768,0.962,0.076,0.043,0.974,0.781,0.926,0.763,0.729,0.965,0.49,0.094,0.49,0.12,0.636,0.842,0.101,0.438,0.055,0.106,0.323,0.443,0.49,0.96,0.49,0.315,0.49,0.523,0.516,0.437,0.683,0.169,0.95,0.181,,0.346,0.13,0.268,0.891,0.032,0.718,0.213,0.389,0.167,0.549,0.977,0.969,0.273,0.987,0.689,,,0.283,0.971,,,,,,,,,,,,,0.5100446,0.163,0.076,0.749,0.07,0.122,0.26,0.516,0.805,0.855,0.03,0.979,0.13,,0.714,0.363,0.49,0.284,0.312,0.583,0.668,0.911,0.893,0.243,0.074,0.043,0.683,0.583,0.71,0.364,0.494,0.683,0.99,0.392,0.818,0.071,0.03,0.098,0.468,0.49,0.49,0.075,0.936,0.528,0.185,0.707,0.808,0.303,0.49,0.964,0.932,0.49,,0.805,0.63,0.897,,0.061,0.464,0.11
1988,0.098,0.082,0.054,0.622,0.945,0.49,0.979,0.948,0.49,0.276,0.972,0.136,0.194,0.258,0.433,0.343,0.683,0.49,0.848,0.612,0.92,0.658,0.895,0.544,0.956,0.975,0.22,0.436,0.521,0.489,0.071,0.171,0.409,0.265,0.873,0.939,0.549,0.892,0.494,,0.593,0.988,0.607,0.563,0.62,0.222,0.042,0.945,0.49,0.061,0.987,0.837,0.962,0.506,0.739,0.49,0.469,0.214,0.831,0.114,0.205,0.959,0.205,0.715,0.922,0.221,0.683,0.421,0.703,0.223,0.768,0.962,0.076,0.043,0.974,0.781,0.926,0.852,0.729,0.965,0.49,0.043,0.49,0.12,0.765,0.842,0.101,0.438,0.055,0.106,0.265,0.443,0.49,0.96,0.49,0.315,0.49,0.523,0.516,0.437,0.683,0.169,0.95,0.151,,0.346,0.13,0.268,0.891,0.032,0.718,0.213,0.505,0.167,0.549,0.977,0.969,0.273,0.987,0.689,,,0.283,0.971,,,,,,,,,,,,,0.5132357,0.163,0.076,0.688,0.07,0.122,0.26,0.516,0.805,0.855,0.03,0.979,0.13,,0.714,0.363,0.49,0.284,0.312,0.496,0.668,0.911,0.893,0.243,0.074,0.043,0.683,0.496,0.71,0.467,0.494,0.683,0.99,0.392,0.818,0.071,0.03,0.098,0.468,0.49,0.49,0.075,0.936,0.264,0.185,0.765,0.808,0.303,0.49,0.964,0.932,0.49,,0.773,0.644,0.897,,0.068,0.464,0.274
1989,0.098,0.082,0.054,0.622,0.89,0.49,0.979,0.948,0.49,0.276,0.972,0.136,0.194,0.258,0.433,0.343,0.683,0.49,0.848,0.612,0.92,0.658,0.895,0.544,0.956,0.975,0.389,0.37,0.521,0.489,0.071,0.171,0.409,0.265,0.873,0.939,0.549,0.892,0.528,,0.593,0.988,0.607,0.507,0.841,0.222,0.053,0.945,0.49,0.061,0.987,0.837,0.962,0.506,0.739,0.49,0.469,0.214,0.831,0.114,0.205,0.959,0.205,0.715,0.922,0.221,0.683,0.431,0.88,0.223,0.758,0.962,0.084,0.043,0.974,0.781,0.926,0.852,0.729,0.965,0.49,0.043,0.49,0.12,0.857,0.842,0.101,0.438,0.055,0.106,0.237,0.443,0.49,0.96,0.49,0.315,0.49,0.523,0.516,0.469,0.683,0.169,0.95,0.151,,0.346,0.13,0.212,0.891,0.032,0.718,0.322,0.597,0.167,0.549,0.977,0.969,0.242,0.987,0.689,,,0.283,0.971,,,,,,,,,,,,,0.520557,0.163,0.076,0.559,0.296,0.122,0.26,0.516,0.805,0.914,0.03,0.979,0.13,,0.714,0.363,0.49,0.284,0.312,0.24,0.668,0.911,0.893,0.243,0.074,0.043,0.683,0.24,0.71,0.649,0.528,0.87,0.99,0.392,0.818,0.071,0.03,0.098,0.468,0.49,0.49,0.075,0.936,0.264,0.185,0.83,0.808,0.303,0.49,0.964,0.932,0.49,,0.773,0.644,0.897,,0.068,0.464,0.274
1990,0.098,0.158,0.251,0.705,0.89,0.633,0.979,0.948,0.224,0.305,0.972,0.8,0.194,0.258,0.922,0.343,0.615,0.761,0.848,0.612,0.92,0.658,0.895,0.544,0.956,0.975,0.855,0.382,0.587,0.441,0.099,0.318,0.409,0.378,0.938,0.959,0.549,0.892,0.979,,0.625,0.988,0.607,0.382,0.841,0.222,0.074,0.945,0.949,0.061,0.987,0.865,0.962,0.793,0.83,0.202,0.651,0.228,0.847,0.134,0.252,0.959,0.205,0.715,0.952,0.449,0.615,0.537,0.95,0.223,0.758,0.962,0.084,0.056,0.989,0.781,0.926,0.852,0.702,0.965,0.59,0.079,0.708,0.12,0.862,0.671,0.101,0.486,0.257,0.106,0.2,0.454,0.936,0.96,0.864,0.315,0.63,0.523,0.492,0.469,0.615,0.457,0.95,0.146,,0.629,0.387,0.212,0.891,0.032,0.712,0.792,0.665,0.167,0.838,0.977,0.986,0.554,0.987,0.689,,,0.925,0.987,,,,,,,,,,,,,0.5817965,0.18,0.076,0.677,0.296,0.878,0.292,0.516,0.805,0.982,0.03,0.979,0.666,,0.778,0.802,0.591,0.239,0.312,0.104,0.668,0.956,0.893,0.225,0.146,0.043,0.615,0.104,0.769,0.836,0.979,0.956,0.99,0.395,0.818,0.08,0.057,0.112,0.492,0.447,0.27,0.075,0.936,0.264,0.308,0.837,0.797,0.357,0.675,0.964,0.942,0.605,,0.806,0.644,0.897,,0.182,0.464,0.274
1991,0.066,0.144,0.676,0.705,0.9,0.659,0.979,0.948,0.526,0.233,0.952,0.807,0.228,0.435,0.922,0.343,0.532,0.801,0.899,0.612,0.92,0.658,0.895,0.579,0.956,0.975,0.94,0.382,0.587,0.441,0.099,0.479,0.417,0.438,0.958,0.972,0.549,0.892,0.979,0.987,0.58,0.988,0.607,0.413,0.841,0.222,0.238,0.945,0.949,0.26,0.987,0.865,0.962,0.849,0.83,0.202,0.651,0.33,0.847,0.134,0.252,0.959,0.205,0.715,0.952,0.514,0.541,0.581,0.95,0.223,0.758,0.962,0.084,0.056,0.989,0.781,0.926,0.852,0.702,0.965,0.59,0.109,0.549,0.12,0.862,0.687,0.092,0.486,0.508,0.106,0.2,0.454,0.897,0.96,0.877,0.347,0.643,0.427,0.492,0.498,0.656,0.479,0.95,0.146,,0.753,0.486,0.28,0.891,0.032,0.712,0.889,0.735,0.167,0.842,0.977,0.986,0.697,0.987,0.689,,,,,,,,,,,,,,,0.694,,0.6021214,,,0.677,0.296,0.878,0.292,0.516,0.805,0.982,0.03,0.979,0.666,,0.778,0.858,0.591,0.239,0.312,0.104,0.668,0.956,0.893,0.122,0.186,0.035,0.532,0.104,0.903,0.872,0.979,0.956,0.99,0.395,0.818,0.08,0.155,0.216,0.368,0.447,0.27,0.075,0.936,0.264,0.308,0.837,0.797,0.394,0.725,0.964,0.942,0.605,,0.806,0.644,0.897,0.343,0.182,0.632,0.274
1992,0.046,0.155,0.768,0.705,0.9,0.566,0.979,0.948,0.545,0.233,0.981,0.836,0.253,0.435,0.922,0.343,0.358,0.833,0.899,0.612,0.92,0.658,0.895,0.682,0.956,0.975,0.94,0.409,0.587,0.441,0.099,0.479,0.417,0.438,0.958,0.972,0.549,0.892,0.979,0.987,0.661,0.988,0.607,0.413,0.841,0.222,0.267,0.945,0.949,0.312,0.987,0.865,0.962,0.849,0.83,0.257,0.666,0.33,0.847,0.134,0.204,0.959,0.205,0.715,0.952,0.548,0.525,0.437,0.95,0.125,0.758,0.962,0.084,0.056,0.989,0.781,0.926,0.852,0.702,0.965,0.59,0.097,0.549,0.128,0.862,0.818,0.092,0.486,0.508,0.106,0.366,0.567,0.963,0.96,0.899,0.347,0.643,0.661,0.492,0.498,0.656,0.719,0.95,0.146,,0.876,0.55,0.482,0.891,0.036,0.712,0.889,0.735,0.167,0.871,0.977,0.986,0.669,0.987,0.692,,,,,,,,,,,,,,,0.694,,0.61058044,,,0.677,0.296,0.878,0.324,0.58,0.805,0.982,0.03,0.979,0.779,,0.778,0.946,0.597,0.261,0.312,0.104,0.668,0.956,0.893,0.058,0.534,0.135,0.542,0.104,0.903,0.872,0.979,0.956,0.99,0.395,0.787,0.08,0.155,0.216,0.223,0.17,0.134,0.075,0.936,0.264,0.308,0.87,0.797,0.394,0.744,0.964,0.942,0.515,,0.806,0.644,0.897,0.343,0.187,0.672,0.274
1993,0.046,0.168,0.768,0.705,0.9,0.473,0.979,0.948,0.558,0.223,0.981,0.836,0.253,0.435,0.922,0.343,0.358,0.833,0.899,0.612,0.92,0.658,0.895,0.536,0.956,0.975,0.94,0.409,0.587,0.547,0.099,0.497,0.374,0.438,0.958,0.972,0.549,0.892,0.979,0.987,0.699,0.988,0.607,0.413,0.841,0.222,0.267,0.945,0.949,0.312,0.987,0.865,0.962,0.849,0.83,0.257,0.743,0.358,0.847,0.349,0.253,0.964,0.21,0.715,0.952,0.548,0.668,0.437,0.95,0.125,0.771,0.962,0.084,0.056,0.989,0.83,0.926,0.852,0.702,0.965,0.59,0.139,0.549,0.128,0.921,0.783,0.092,0.486,0.508,0.106,0.366,0.66,0.946,0.96,0.899,0.399,0.643,0.661,0.492,0.498,0.656,0.719,0.95,0.146,,0.876,0.55,0.555,0.948,0.08,0.712,0.889,0.735,0.167,0.871,0.977,0.986,0.669,0.987,0.692,,,,,,,,,,,,,,,0.694,,0.61902857,,,0.677,0.343,0.878,0.143,0.58,0.805,0.982,0.03,0.979,0.779,,0.778,0.946,0.597,0.215,0.312,0.104,0.668,0.956,0.893,0.058,0.623,0.135,0.542,0.104,0.903,0.872,0.925,0.956,0.99,0.395,0.787,0.097,0.155,0.216,0.672,0.17,0.134,0.075,0.936,0.264,0.308,0.87,0.797,0.394,0.683,0.964,0.942,0.465,,0.806,0.644,0.897,0.343,0.187,0.672,0.274
1994,0.046,0.168,0.768,0.705,0.9,0.475,0.979,0.948,0.215,0.223,0.981,0.836,0.253,0.435,0.922,0.343,0.358,0.812,0.899,0.612,0.92,0.658,0.895,0.562,0.956,0.975,0.94,0.409,0.587,0.541,0.099,0.497,0.374,0.438,0.958,0.972,0.549,0.892,0.979,0.987,0.696,0.988,0.504,0.413,0.841,0.222,0.267,0.945,0.949,0.312,0.987,0.865,0.962,0.849,0.891,0.271,0.928,0.358,0.368,0.429,0.253,0.964,0.214,0.715,0.952,0.57,0.672,0.46,0.95,0.125,0.771,0.962,0.084,0.056,0.989,0.83,0.926,0.852,0.702,0.965,0.59,0.139,0.571,0.348,0.921,0.783,0.092,0.486,0.508,0.106,0.534,0.66,0.946,0.96,0.921,0.381,0.643,0.661,0.492,0.498,0.721,0.719,0.95,0.146,,0.876,0.645,0.555,0.948,0.089,0.712,0.889,0.735,0.151,0.871,0.977,0.986,0.669,0.987,0.692,,,,,,,,,,,,,,,0.694,,0.62244,,,0.677,0.343,0.934,0.143,0.58,0.805,0.982,0.03,0.979,0.779,,0.786,0.946,0.597,0.14,0.312,0.104,0.668,0.956,0.893,0.058,0.698,0.135,0.594,0.104,0.903,0.872,0.901,0.956,0.99,0.395,0.787,0.097,0.155,0.216,0.672,0.17,0.134,0.075,0.936,0.264,0.308,0.87,0.797,0.394,0.683,0.933,0.942,0.497,,0.836,0.644,0.916,0.231,0.316,0.672,0.274
1995,0.046,0.168,0.768,0.705,0.9,0.48,0.979,0.923,0.215,0.223,0.981,0.836,0.253,0.435,0.922,0.343,0.521,0.717,0.899,0.612,0.92,0.658,0.895,0.488,0.956,0.975,0.94,0.409,0.587,0.548,0.112,0.497,0.388,0.438,0.958,0.972,0.549,0.892,0.979,0.987,0.696,0.988,0.669,0.413,0.841,0.222,0.267,0.945,0.949,0.312,0.987,0.886,0.962,0.849,0.891,0.331,0.928,0.358,0.193,0.429,0.198,0.975,0.232,0.715,0.952,0.577,0.656,0.814,0.95,0.12,0.771,0.962,0.092,0.056,0.989,0.83,0.926,0.852,0.702,0.965,0.555,0.139,0.571,0.348,0.921,0.783,0.092,0.486,0.471,0.106,0.534,0.685,0.946,0.96,0.921,0.381,0.736,0.695,0.492,0.545,0.721,0.719,0.95,0.146,,0.876,0.645,0.555,0.948,0.418,0.712,0.889,0.735,0.135,0.871,0.977,0.986,0.607,0.987,0.692,,,,,,,,,,,,,,,0.694,,0.6324686,,,0.677,0.343,0.934,0.143,0.58,0.805,0.982,0.03,0.979,0.779,,0.824,0.946,0.597,0.211,0.312,0.104,0.668,0.956,0.893,0.058,0.733,0.135,0.594,0.104,0.903,0.872,0.901,0.956,0.99,0.395,0.787,0.097,0.155,0.216,0.672,0.267,0.134,0.125,0.936,0.264,0.308,0.87,0.797,0.394,0.643,0.933,0.942,0.497,,0.836,0.644,0.931,0.375,0.803,0.672,0.274
1996,0.022,0.168,0.768,0.705,0.9,0.498,0.979,0.955,0.331,0.223,0.981,0.836,0.253,0.435,0.922,0.343,0.758,0.435,0.899,0.612,0.92,0.658,0.895,0.488,0.956,0.975,0.94,0.424,0.62,0.548,0.131,0.497,0.388,0.438,0.958,0.972,0.549,0.892,0.979,0.987,0.696,0.988,0.702,0.413,0.841,0.222,0.254,0.97,0.975,0.312,0.987,0.886,0.962,0.849,0.891,0.442,0.928,0.358,0.193,0.429,0.198,0.975,0.232,0.715,0.952,0.577,0.841,0.814,0.95,0.096,0.771,0.962,0.092,0.056,0.989,0.83,0.926,0.852,0.702,0.965,0.555,0.139,0.571,0.348,0.921,0.783,0.115,0.486,0.452,0.106,0.534,0.685,0.946,0.96,0.921,0.381,0.736,0.679,0.492,0.545,0.721,0.719,0.95,0.146,,0.876,0.645,0.555,0.948,0.418,0.712,0.889,0.735,0.135,0.871,0.977,0.986,0.584,0.987,0.692,,,,,,,,,,,,,,,0.694,,0.6353371,,,0.538,0.343,0.934,0.143,0.58,0.805,0.982,0.03,0.979,0.779,,0.836,0.946,0.597,0.225,0.312,0.104,0.668,0.956,0.893,0.099,0.763,0.135,0.678,0.104,0.926,0.872,0.867,0.956,0.99,0.395,0.787,0.097,0.155,0.216,0.672,0.267,0.134,0.125,0.936,0.264,0.33,0.87,0.797,0.394,0.548,0.977,0.942,0.497,,0.836,0.644,0.931,0.375,0.831,0.672,0.274
1997,0.022,0.168,0.7,0.705,0.9,0.482,0.979,0.955,0.331,0.223,0.981,0.824,0.241,0.435,0.922,0.343,0.781,0.616,0.899,0.612,0.92,0.658,0.895,0.488,0.956,0.975,0.94,0.424,0.62,0.482,0.131,0.218,0.388,0.438,0.958,0.972,0.549,0.892,0.979,0.987,0.696,0.988,0.844,0.413,0.841,0.222,0.254,0.97,0.975,0.312,0.987,0.912,0.962,0.849,0.891,0.442,0.945,0.27,0.193,0.429,0.156,0.975,0.353,0.715,0.96,0.602,0.893,0.876,0.95,0.096,0.771,0.962,0.142,0.056,0.989,0.83,0.926,0.852,0.702,0.965,0.555,0.138,0.571,0.25,0.921,0.783,0.115,0.486,0.097,0.106,0.534,0.685,0.946,0.96,0.921,0.381,0.736,0.618,0.492,0.545,0.721,0.658,0.95,0.146,,0.876,0.645,0.555,0.948,0.418,0.712,0.889,0.735,0.135,0.871,0.977,0.986,0.584,0.987,0.692,,,,,,,,,,,,,,,0.797,,0.63386285,,,0.538,0.292,0.934,0.097,0.58,0.805,0.982,0.03,0.979,0.779,,0.836,0.946,0.597,0.222,0.312,0.104,0.741,0.956,0.893,0.196,0.763,0.135,0.678,0.104,0.926,0.872,0.899,0.956,0.99,0.395,0.787,0.097,0.155,0.216,0.672,0.267,0.086,0.125,0.936,0.264,0.367,0.87,0.797,0.394,0.548,0.977,0.942,0.497,,0.836,0.644,0.931,0.375,0.831,0.672,0.274
1998,0.022,0.168,0.7,0.705,0.9,0.451,0.979,0.955,0.331,0.223,0.981,0.824,0.248,0.435,0.922,0.343,0.822,0.616,0.899,0.612,0.92,0.713,0.895,0.488,0.956,0.975,0.94,0.424,0.62,0.549,0.182,0.211,0.388,0.438,0.958,0.972,0.549,0.892,0.979,0.987,0.696,0.988,0.844,0.413,0.841,0.171,0.254,0.97,0.975,0.312,0.987,0.912,0.962,0.849,0.954,0.442,0.945,0.346,0.193,0.434,0.156,0.975,0.353,0.715,0.96,0.602,0.843,0.876,0.95,0.138,0.771,0.962,0.221,0.056,0.989,0.83,0.926,0.852,0.702,0.965,0.555,0.153,0.571,0.374,0.951,0.783,0.115,0.486,0.097,0.106,0.534,0.665,0.946,0.96,0.921,0.381,0.736,0.618,0.492,0.545,0.7,0.697,0.95,0.146,0.79,0.802,0.645,0.555,0.948,0.418,0.712,0.889,0.735,0.234,0.871,0.977,0.986,0.584,0.987,0.692,,,,,,,,,,,,,,,0.797,,0.6359602,,,0.538,0.292,0.934,0.097,0.554,0.805,0.982,0.03,0.979,0.779,,0.836,0.946,0.597,0.222,0.312,0.104,0.741,0.956,0.822,0.166,0.763,0.135,0.595,0.104,0.926,0.872,0.899,0.956,0.99,0.395,0.787,0.097,0.155,0.216,0.672,0.319,0.086,0.125,0.936,0.264,0.367,0.87,0.797,0.394,0.537,0.977,0.942,0.329,,0.82,0.644,0.931,0.375,0.831,0.672,0.274
1999,0.022,0.168,0.765,0.705,0.947,0.433,0.979,0.955,0.331,0.223,0.981,0.824,0.421,0.435,0.922,0.343,0.822,0.157,0.899,0.612,0.92,0.713,0.895,0.488,0.956,0.975,0.94,0.424,0.579,0.549,0.182,0.211,0.388,0.493,0.958,0.972,0.549,0.892,0.979,0.987,0.696,0.988,0.844,0.735,0.841,0.171,0.19,0.97,0.975,0.312,0.987,0.912,0.962,0.849,0.978,0.442,0.945,0.346,0.147,0.42,0.176,0.975,0.331,0.715,0.96,0.602,0.907,0.876,0.95,0.756,0.771,0.962,0.221,0.056,0.989,0.83,0.926,0.852,0.702,0.965,0.555,0.153,0.571,0.374,0.951,0.783,0.115,0.486,0.097,0.106,0.534,0.72,0.946,0.96,0.921,0.381,0.736,0.618,0.492,0.545,0.7,0.697,0.95,0.146,0.79,0.909,0.645,0.555,0.948,0.418,0.712,0.868,0.669,0.281,0.871,0.977,0.986,0.584,0.987,0.692,,,,,,,,0.786,,,,,,,0.797,,0.64120907,,,0.538,0.292,0.934,0.097,0.533,0.805,0.982,0.03,0.979,0.779,,0.836,0.946,0.587,0.273,0.312,0.104,0.741,0.956,0.539,0.236,0.763,0.135,0.595,0.104,0.926,0.872,0.962,0.956,0.99,0.395,0.787,0.108,0.155,0.216,0.672,0.319,0.086,0.22,0.936,0.264,0.388,0.87,0.797,0.394,0.475,0.977,0.942,0.329,,0.792,0.67,0.931,0.375,0.831,0.672,0.274
2000,0.022,0.168,0.881,0.705,0.947,0.469,0.979,0.955,0.331,0.282,0.981,0.824,0.591,0.47,0.922,0.654,0.904,0.306,0.899,0.612,0.92,0.736,0.895,0.488,0.956,0.975,0.925,0.424,0.535,0.583,0.212,0.211,0.388,0.516,0.958,0.972,0.549,0.917,0.979,0.987,0.696,0.988,0.844,0.735,0.841,0.171,0.168,0.97,0.975,0.312,0.987,0.72,0.962,0.849,0.978,0.442,0.945,0.346,0.147,0.453,0.176,0.979,0.578,0.566,0.96,0.602,0.95,0.876,0.95,0.751,0.771,0.962,0.395,0.042,0.989,0.89,0.926,0.852,0.702,0.965,0.555,0.256,0.571,0.43,0.963,0.747,0.115,0.486,0.097,0.106,0.534,0.69,0.948,0.96,0.921,0.677,0.708,0.637,0.492,0.574,0.7,0.778,0.95,0.144,0.79,0.913,0.725,0.555,0.948,0.418,0.712,0.868,0.825,0.281,0.871,0.977,0.986,0.549,0.987,0.692,,,,,,,,0.786,,,,,,,0.797,,0.65909606,,,0.538,0.343,0.934,0.142,0.533,0.805,0.982,0.03,0.979,0.848,,0.858,0.946,0.531,0.309,0.312,0.104,0.741,0.956,0.481,0.3,0.763,0.135,0.655,0.104,0.939,0.872,0.962,0.954,0.99,0.532,0.787,0.212,0.155,0.233,0.672,0.285,0.086,0.949,0.936,0.264,0.463,0.964,0.797,0.394,0.498,0.977,0.942,0.311,,0.781,0.67,0.931,0.375,0.831,0.672,0.16
2001,0.133,0.168,0.881,0.705,0.926,0.537,0.979,0.955,0.331,0.244,0.981,0.824,0.591,0.47,0.922,0.696,0.904,0.666,0.899,0.612,0.92,0.736,0.895,0.488,0.956,0.975,0.925,0.425,0.516,0.594,0.212,0.211,0.388,0.516,0.958,0.975,0.549,0.917,0.979,0.987,0.696,0.988,0.844,0.735,0.841,0.171,0.057,0.97,0.975,0.312,0.987,0.877,0.962,0.849,0.961,0.442,0.945,0.346,0.147,0.501,0.176,0.979,0.578,0.51,0.96,0.662,0.95,0.852,0.95,0.751,0.771,0.962,0.395,0.042,0.989,0.89,0.926,0.852,0.702,0.965,0.555,0.256,0.56,0.469,0.963,0.747,0.115,0.486,0.097,0.106,0.534,0.69,0.948,0.96,0.921,0.677,0.737,0.637,0.492,0.556,0.611,0.778,0.95,0.144,0.79,0.913,0.725,0.555,0.948,0.449,0.712,0.891,0.825,0.281,0.871,0.977,0.986,0.494,0.987,0.692,,,,,,,,0.786,,,,,,,0.797,,0.66573447,,,0.466,0.286,0.934,0.885,0.533,0.805,0.982,0.03,0.979,0.848,,0.858,0.946,0.519,0.277,0.275,0.104,0.833,0.956,0.467,0.3,0.763,0.135,0.902,0.104,0.939,0.872,0.962,0.954,0.99,0.532,0.787,0.212,0.155,0.233,0.606,0.296,0.086,0.949,0.936,0.264,0.477,0.964,0.797,0.394,0.538,0.977,0.935,0.217,,0.755,0.67,0.931,0.375,0.831,0.702,0.051
2002,0.448,0.154,0.881,0.717,0.904,0.537,0.979,0.955,0.331,0.168,0.981,0.824,0.591,0.449,0.922,0.696,0.83,0.666,0.899,0.641,0.92,0.764,0.895,0.488,0.956,0.975,0.925,0.425,0.56,0.517,0.212,0.211,0.341,0.516,0.958,0.975,0.549,0.917,0.979,0.987,0.484,0.988,0.844,0.735,0.841,0.171,0.057,0.97,0.975,0.312,0.987,0.877,0.962,0.849,0.964,0.442,0.945,0.346,0.147,0.559,0.176,0.979,0.578,0.57,0.96,0.662,0.95,0.808,0.95,0.784,0.757,0.962,0.395,0.078,0.989,0.89,0.926,0.852,0.702,0.965,0.537,0.331,0.56,0.469,0.963,0.747,0.11,0.486,0.086,0.106,0.534,0.69,0.948,0.96,0.921,0.677,0.737,0.422,0.367,0.556,0.746,0.778,0.95,0.144,0.845,0.913,0.725,0.555,0.948,0.415,0.712,0.891,0.825,0.281,0.871,0.977,0.986,0.414,0.987,0.692,,,,,,,,0.786,,,,,,,0.797,,0.6702825,,,0.669,0.286,0.934,0.885,0.497,0.805,0.982,0.03,0.979,0.848,,0.858,0.946,0.488,0.283,0.275,0.104,0.833,0.956,0.727,0.732,0.763,0.135,0.902,0.104,0.939,0.872,0.962,0.954,0.99,0.532,0.787,0.212,0.155,0.233,0.54,0.296,0.086,0.949,0.936,0.264,0.663,0.964,0.797,0.394,0.598,0.977,0.909,0.273,,0.722,0.67,0.931,0.375,0.831,0.702,0.051
2003,0.448,0.316,0.881,0.717,0.904,0.539,0.979,0.955,0.26,0.168,0.981,0.824,0.591,0.449,0.922,0.696,0.89,0.666,0.877,0.641,0.92,0.764,0.895,0.488,0.956,0.975,0.925,0.476,0.571,0.517,0.212,0.211,0.502,0.516,0.958,0.975,0.549,0.917,0.979,0.987,0.484,0.988,0.844,0.735,0.841,0.171,0.057,0.97,0.975,0.312,0.987,0.877,0.962,0.849,0.964,0.442,0.957,0.346,0.147,0.559,0.176,0.979,0.578,0.57,0.96,0.685,0.95,0.781,0.95,0.784,0.712,0.962,0.395,0.505,0.989,0.89,0.926,0.852,0.702,0.965,0.537,0.456,0.505,0.469,0.963,0.747,0.11,0.486,0.137,0.106,0.534,0.69,0.948,0.96,0.921,0.677,0.737,0.663,0.367,0.556,0.825,0.778,0.95,0.144,0.845,0.913,0.725,0.555,0.948,0.415,0.712,0.891,0.825,0.281,0.871,0.977,0.986,0.414,0.987,0.692,,,,,,,,0.786,,,,,,,0.797,,0.67753106,,,0.669,0.286,0.934,0.885,0.497,0.805,0.982,0.03,0.979,0.848,,0.858,0.946,0.439,0.283,0.275,0.104,0.833,0.956,0.932,0.796,0.763,0.135,0.873,0.104,0.939,0.872,0.962,0.954,0.99,0.532,0.787,0.212,0.155,0.233,0.54,0.296,0.086,0.904,0.936,0.264,0.731,0.964,0.797,0.394,0.573,0.977,0.821,0.314,,0.678,0.67,0.931,0.375,0.831,0.702,0.051
2004,0.448,0.36,0.909,0.717,0.904,0.467,0.979,0.955,0.44,0.186,0.981,0.824,0.591,0.305,0.925,0.517,0.847,0.666,0.889,0.641,0.92,0.776,0.895,0.336,0.956,0.975,0.925,0.476,0.545,0.524,0.269,0.211,0.502,0.516,0.958,0.975,0.549,0.917,0.979,0.987,0.484,0.988,0.844,0.735,0.841,0.171,0.057,0.97,0.975,0.312,0.987,0.877,0.962,0.849,0.964,0.626,0.957,0.346,0.147,0.559,0.176,0.979,0.619,0.57,0.96,0.685,0.95,0.716,0.95,0.784,0.712,0.962,0.337,0.389,0.989,0.89,0.926,0.852,0.702,0.965,0.504,0.456,0.505,0.469,0.963,0.747,0.11,0.486,0.761,0.106,0.534,0.69,0.948,0.96,0.921,0.677,0.737,0.744,0.367,0.556,0.825,0.778,0.95,0.144,0.845,0.913,0.725,0.688,0.948,0.477,0.728,0.891,0.825,0.281,0.871,0.977,0.986,0.414,0.987,0.692,,,,,,,,0.786,,,,,,,0.797,,0.6817062,,,0.669,0.286,0.934,0.885,0.497,0.805,0.982,0.03,0.979,0.848,,0.858,0.946,0.439,0.283,0.275,0.205,0.833,0.956,0.932,0.796,0.792,0.135,0.933,0.205,0.939,0.872,0.962,0.954,0.99,0.532,0.787,0.179,0.155,0.233,0.45,0.329,0.086,0.904,0.936,0.264,0.731,0.964,0.797,0.394,0.598,0.977,0.821,0.314,,0.678,0.67,0.931,0.375,0.831,0.702,0.051
2005,0.448,0.399,0.909,0.717,0.904,0.604,0.979,0.955,0.389,0.208,0.981,0.824,0.591,0.305,0.925,0.496,0.873,0.666,0.889,0.727,0.92,0.776,0.895,0.336,0.956,0.975,0.925,0.481,0.588,0.584,0.269,0.211,0.502,0.547,0.958,0.973,0.56,0.917,0.979,0.987,0.484,0.988,0.844,0.722,0.841,0.171,0.057,0.97,0.975,0.312,0.987,0.877,0.962,0.849,0.964,0.626,0.957,0.346,0.147,0.559,0.176,0.979,0.619,0.57,0.96,0.685,0.95,0.653,0.95,0.717,0.712,0.962,0.229,0.307,0.989,0.89,0.926,0.852,0.702,0.965,0.437,0.45,0.505,0.419,0.963,0.747,0.11,0.594,0.761,0.106,0.534,0.69,0.948,0.96,0.921,0.677,0.737,0.751,0.415,0.556,0.874,0.778,0.95,0.144,0.845,0.913,0.725,0.688,0.931,0.604,0.728,0.891,0.825,0.281,0.871,0.977,0.986,0.483,0.987,0.692,,,,,,,,0.786,,,,,,,0.797,,0.68344635,,,0.669,0.286,0.934,0.885,0.497,0.805,0.982,0.03,0.977,0.848,,0.858,0.946,0.439,0.283,0.275,0.148,0.833,0.956,0.932,0.776,0.792,0.135,0.963,0.148,0.951,0.872,0.962,0.954,0.99,0.532,0.787,0.179,0.155,0.309,0.485,0.329,0.086,0.904,0.936,0.264,0.731,0.964,0.797,0.394,0.661,0.977,0.869,0.111,,0.678,0.675,0.931,0.375,0.831,0.702,0.051
2006,0.448,0.399,0.909,0.717,0.904,0.604,0.979,0.955,0.351,0.181,0.981,0.802,0.591,0.305,0.925,0.496,0.873,0.666,0.889,0.727,0.895,0.776,0.895,0.336,0.956,0.975,0.925,0.481,0.599,0.584,0.269,0.211,0.502,0.547,0.958,0.973,0.56,0.917,0.986,0.987,0.484,0.988,0.844,0.722,0.865,0.171,0.057,0.97,0.975,0.313,0.987,0.765,0.962,0.849,0.964,0.607,0.957,0.346,0.128,0.562,0.176,0.979,0.619,0.583,0.96,0.724,0.95,0.689,0.923,0.723,0.712,0.962,0.18,0.278,0.989,0.89,0.926,0.852,0.702,0.965,0.432,0.45,0.505,0.419,0.963,0.747,0.112,0.624,0.845,0.106,0.481,0.69,0.948,0.96,0.928,0.677,0.737,0.751,0.415,0.487,0.874,0.778,0.95,0.144,0.857,0.913,0.725,0.8,0.931,0.61,0.73,0.891,0.825,0.281,0.857,0.977,0.986,0.596,0.987,0.692,,,,,,,,0.786,,,,,,,0.797,,0.6838983,,,0.692,0.246,0.934,0.885,0.497,0.805,0.982,0.03,0.977,0.848,,0.858,0.946,0.422,0.284,0.275,0.151,0.833,0.956,0.932,0.776,0.792,0.107,0.963,0.151,0.951,0.872,0.962,0.954,0.99,0.473,0.787,0.179,0.155,0.388,0.447,0.329,0.101,0.899,0.936,0.264,0.731,0.964,0.801,0.393,0.744,0.977,0.844,0.153,,0.728,0.675,0.931,0.375,0.831,0.702,0.051
2007,0.448,0.435,0.909,0.682,0.904,0.604,0.979,0.955,0.351,0.168,0.981,0.827,0.591,0.284,0.925,0.436,0.838,0.666,0.889,0.727,0.92,0.753,0.884,0.336,0.956,0.975,0.925,0.481,0.6,0.584,0.269,0.211,0.502,0.547,0.958,0.973,0.56,0.917,0.986,0.987,0.484,0.988,0.844,0.722,0.923,0.171,0.057,0.97,0.975,0.336,0.987,0.687,0.962,0.849,0.964,0.583,0.957,0.346,0.143,0.562,0.176,0.979,0.619,0.583,0.96,0.724,0.95,0.796,0.939,0.734,0.712,0.962,0.17,0.278,0.989,0.89,0.926,0.852,0.702,0.965,0.518,0.377,0.477,0.419,0.963,0.747,0.112,0.643,0.845,0.106,0.347,0.69,0.961,0.96,0.939,0.677,0.737,0.751,0.415,0.528,0.862,0.778,0.95,0.11,0.857,0.913,0.725,0.845,0.931,0.61,0.74,0.891,0.825,0.276,0.824,0.977,0.986,0.706,0.987,0.692,,,,,,,,0.786,,,,,,,0.797,,0.6829663,,,0.692,0.223,0.934,0.885,0.497,0.805,0.982,0.03,0.977,0.848,,0.858,0.946,0.416,0.284,0.265,0.169,0.833,0.956,0.932,0.776,0.792,0.13,0.963,0.169,0.951,0.872,0.962,0.954,0.99,0.428,0.787,0.179,0.137,0.419,0.447,0.325,0.183,0.922,0.936,0.264,0.708,0.964,0.801,0.393,0.744,0.977,0.871,0.174,,0.728,0.675,0.931,0.375,0.831,0.702,0.051
2008,0.448,0.435,0.909,0.682,0.904,0.448,0.979,0.955,0.351,0.168,0.981,0.827,0.591,0.29,0.945,0.436,0.871,0.666,0.889,0.727,0.92,0.814,0.884,0.336,0.956,0.975,0.925,0.481,0.592,0.545,0.269,0.211,0.502,0.547,0.958,0.973,0.526,0.93,0.986,0.987,0.484,0.988,0.844,0.722,0.915,0.171,0.057,0.97,0.975,0.336,0.987,0.691,0.962,0.849,0.964,0.57,0.957,0.263,0.143,0.56,0.176,0.979,0.623,0.583,0.96,0.72,0.95,0.796,0.939,0.746,0.712,0.962,0.166,0.278,0.989,0.89,0.913,0.852,0.702,0.965,0.526,0.442,0.451,0.419,0.953,0.747,0.112,0.636,0.845,0.106,0.347,0.712,0.961,0.96,0.945,0.677,0.747,0.767,0.694,0.528,0.862,0.778,0.95,0.142,0.857,0.872,0.725,0.838,0.931,0.585,0.74,0.891,0.848,0.276,0.824,0.977,0.986,0.706,0.987,0.692,,,,,,,,0.804,,,,,,,0.797,,0.68464607,,,0.692,0.247,0.934,0.885,0.508,0.805,0.982,0.03,0.977,0.867,,0.863,0.946,0.424,0.284,0.265,0.169,0.833,0.956,0.932,0.776,0.792,0.114,0.963,0.169,0.951,0.872,0.962,0.954,0.99,0.478,0.792,0.179,0.137,0.419,0.447,0.334,0.183,0.917,0.936,0.264,0.69,0.964,0.801,0.384,0.767,0.977,0.916,0.186,,0.728,0.675,0.931,0.375,0.831,0.702,0.033
2009,0.449,0.435,0.909,0.717,0.904,0.724,0.979,0.955,0.375,0.163,0.981,0.827,0.591,0.226,0.94,0.436,0.871,0.666,0.889,0.727,0.92,0.814,0.884,0.336,0.956,0.975,0.925,0.465,0.601,0.582,0.341,0.211,0.534,0.547,0.958,0.973,0.561,0.939,0.986,0.987,0.466,0.988,0.844,0.722,0.915,0.171,0.057,0.97,0.975,0.336,0.987,0.713,0.962,0.849,0.964,0.547,0.961,0.275,0.143,0.501,0.156,0.979,0.623,0.577,0.96,0.498,0.95,0.796,0.939,0.754,0.712,0.962,0.139,0.285,0.989,0.89,0.925,0.852,0.702,0.965,0.526,0.475,0.427,0.419,0.953,0.747,0.112,0.696,0.845,0.106,0.314,0.713,0.961,0.96,0.945,0.677,0.634,0.481,0.831,0.528,0.856,0.778,0.95,0.15,0.857,0.912,0.718,0.812,0.931,0.585,0.735,0.895,0.784,0.276,0.824,0.977,0.986,0.802,0.987,0.692,,,,,,,,0.834,,,,,,,0.797,,0.68517977,,,0.692,0.29,0.934,0.885,0.487,0.805,0.982,0.03,0.977,0.867,,0.863,0.946,0.433,0.284,0.274,0.169,0.833,0.956,0.932,0.776,0.792,0.114,0.963,0.169,0.951,0.872,0.95,0.954,0.99,0.478,0.792,0.179,0.141,0.419,0.447,0.342,0.164,0.948,0.936,0.264,0.695,0.964,0.801,0.379,0.767,0.977,0.95,0.186,,0.71,0.675,0.931,0.375,0.831,0.702,0.056
2010,0.457,0.435,0.909,0.717,0.904,0.772,0.979,0.955,0.375,0.142,0.981,0.827,0.61,0.22,0.938,0.407,0.871,0.612,0.891,0.727,0.92,0.819,0.864,0.338,0.956,0.975,0.925,0.465,0.579,0.547,0.365,0.211,0.613,0.547,0.958,0.973,0.601,0.939,0.986,0.987,0.466,0.988,0.844,0.722,0.9,0.178,0.057,0.97,0.975,0.338,0.987,0.752,0.962,0.915,0.964,0.569,0.959,0.538,0.143,0.569,0.147,0.972,0.623,0.624,0.96,0.589,0.972,0.796,0.953,0.786,0.691,0.962,0.107,0.268,0.989,0.89,0.925,0.859,0.72,0.965,0.528,0.493,0.463,0.427,0.953,0.747,0.112,0.7,0.839,0.106,0.485,0.714,0.974,0.96,0.952,0.691,0.871,0.52,0.806,0.499,0.885,0.809,0.95,0.307,0.872,0.912,0.708,0.812,0.923,0.622,0.735,0.895,0.848,0.279,0.797,0.977,0.986,0.8,0.987,0.692,,,,,,,,0.858,,,,,,,0.797,,0.69329774,,,0.687,0.329,0.934,0.885,0.597,0.795,0.982,0.03,0.977,0.867,,0.858,0.952,0.43,0.255,0.274,0.134,0.834,0.956,0.932,0.807,0.792,0.17,0.963,0.134,0.951,0.872,0.973,0.963,0.99,0.435,0.816,0.179,0.171,0.43,0.375,0.266,0.164,0.942,0.942,0.259,0.656,0.97,0.804,0.322,0.641,0.977,0.954,0.186,,0.704,0.675,0.931,0.375,0.834,0.767,0.116
2011,0.45,0.435,0.909,0.643,0.903,0.772,0.979,0.955,0.351,0.16,0.981,0.825,0.61,0.217,0.938,0.106,0.871,0.652,0.891,0.727,0.92,0.813,0.864,0.338,0.956,0.975,0.925,0.452,0.589,0.55,0.365,0.211,0.691,0.547,0.958,0.973,0.582,0.939,0.986,0.987,0.466,0.988,0.844,0.742,0.9,0.229,0.057,0.97,0.975,0.338,0.987,0.752,0.962,0.915,0.964,0.548,0.959,0.515,0.143,0.555,0.147,0.962,0.623,0.641,0.96,0.588,0.972,0.746,0.953,0.786,0.691,0.962,0.11,0.272,0.989,0.89,0.925,0.859,0.72,0.965,0.516,0.493,0.606,0.427,0.953,0.747,0.112,0.706,0.839,0.127,0.485,0.714,0.974,0.96,0.952,0.691,0.871,0.52,0.806,0.499,0.868,0.809,0.95,0.41,0.872,0.912,0.71,0.812,0.933,0.605,0.735,0.895,0.848,0.285,0.769,0.977,0.986,0.8,0.987,0.673,,,,,,,,0.858,,,,,,,0.797,,0.6930782,,,0.74,0.329,0.934,0.885,0.608,0.786,0.982,0.03,0.977,0.867,,0.858,0.952,0.425,0.27,0.274,0.127,0.834,0.956,0.932,0.807,0.792,0.17,0.963,0.341,0.951,0.872,0.973,0.963,0.99,0.485,0.816,0.037,0.181,0.43,0.465,0.272,0.164,0.942,0.942,0.644,0.656,0.97,0.81,0.307,0.687,0.977,0.954,0.186,,0.704,0.675,0.931,0.318,0.834,0.767,0.116
2012,0.444,0.435,0.909,0.726,0.892,0.772,0.979,0.955,0.351,0.16,0.981,0.825,0.603,0.217,0.895,0.151,0.871,0.653,0.883,0.727,0.92,0.813,0.85,0.328,0.956,0.975,0.925,0.466,0.653,0.55,0.365,0.211,0.693,0.547,0.958,0.979,0.601,0.939,0.986,0.987,0.466,0.988,0.844,0.751,0.9,0.256,0.057,0.965,0.975,0.338,0.987,0.752,0.962,0.886,0.948,0.622,0.952,0.515,0.143,0.469,0.147,0.964,0.623,0.641,0.96,0.625,0.972,0.767,0.953,0.786,0.691,0.965,0.11,0.272,0.989,0.89,0.925,0.859,0.72,0.965,0.527,0.493,0.557,0.427,0.953,0.755,0.112,0.701,0.839,0.244,0.524,0.714,0.974,0.96,0.952,0.691,0.845,0.497,0.629,0.502,0.805,0.778,0.95,0.433,0.872,0.912,0.718,0.812,0.933,0.604,0.735,0.895,0.828,0.285,0.769,0.977,0.986,0.815,0.987,0.673,,,,,,,,0.858,,,,,,,0.797,,0.69344133,,,0.74,0.329,0.934,0.885,0.608,0.775,0.982,0.03,0.977,0.857,,0.858,0.952,0.408,0.29,0.267,0.123,0.834,0.956,0.932,0.807,0.785,0.226,0.963,0.341,0.951,0.872,0.962,0.96,0.99,0.485,0.816,0.037,0.181,0.43,0.474,0.239,0.164,0.942,0.942,0.658,0.65,0.97,0.81,0.296,0.687,0.977,0.954,0.186,,0.678,0.669,0.931,0.465,0.824,0.767,0.116
2013,0.421,0.436,0.966,0.726,0.883,0.789,0.979,0.965,0.48,0.136,0.981,0.823,0.695,0.255,0.898,0.161,0.871,0.684,0.892,0.727,0.92,0.818,0.829,0.186,0.972,0.975,0.97,0.447,0.791,0.547,0.326,0.204,0.708,0.665,0.958,0.976,0.609,0.972,0.986,0.975,0.466,0.97,0.844,0.751,0.877,0.093,0.088,0.971,0.975,0.31,0.987,0.766,0.962,0.941,0.926,0.757,0.951,0.507,0.099,0.606,0.155,0.92,0.623,0.641,0.96,0.735,0.972,0.727,0.939,0.776,0.699,0.965,0.21,0.264,0.989,0.895,0.891,0.85,0.754,0.965,0.515,0.528,0.618,0.419,0.955,0.755,0.138,0.72,0.787,0.184,0.537,0.699,0.947,0.96,0.959,0.71,0.849,0.579,0.522,0.505,0.74,0.768,0.95,0.438,0.889,0.9,0.662,0.657,0.922,0.649,0.704,0.895,0.843,0.289,0.769,0.977,0.986,0.73,0.987,0.676,,,,,,,,0.853,,,,,,,0.86,,0.6919385,,,0.74,0.322,0.946,0.885,0.622,0.78,0.976,0.03,0.975,0.851,,0.843,0.957,0.424,0.29,0.302,0.161,0.834,0.956,0.932,0.747,0.785,0.258,0.945,0.192,0.951,0.851,0.953,0.951,0.99,0.511,0.816,0.014,0.181,0.427,0.418,0.229,0.175,0.942,0.96,0.63,0.5,0.963,0.81,0.31,0.575,0.946,0.954,0.186,,0.58,0.714,0.931,0.453,0.824,0.759,0.165
2014,0.398,0.436,0.966,0.762,0.883,0.789,0.979,0.965,0.48,0.078,0.981,0.823,0.715,0.251,0.917,0.179,0.871,0.684,0.892,0.727,0.896,0.82,0.864,0.253,0.972,0.975,0.965,0.415,0.799,0.547,0.326,0.204,0.716,0.665,0.958,0.976,0.609,0.972,0.986,0.975,0.466,0.97,0.844,0.751,0.877,0.099,0.088,0.971,0.975,0.286,0.987,0.797,0.962,0.941,0.926,0.676,0.951,0.507,0.118,0.606,0.155,0.955,0.623,0.641,0.954,0.735,0.972,0.727,0.939,0.782,0.694,0.965,0.21,0.182,0.989,0.895,0.891,0.85,0.754,0.965,0.52,0.532,0.604,0.414,0.955,0.755,0.138,0.738,0.787,0.157,0.555,0.718,0.947,0.96,0.959,0.71,0.763,0.714,0.537,0.484,0.748,0.793,0.95,0.452,0.889,0.9,0.599,0.657,0.922,0.649,0.704,0.895,0.823,0.289,0.769,0.977,0.986,0.75,0.987,0.681,,,,,,,,0.853,,,,,,,0.86,,0.68930167,,,0.74,0.333,0.946,0.885,0.622,0.78,0.976,0.03,0.975,0.851,,0.843,0.957,0.405,0.298,0.302,0.161,0.834,0.956,0.932,0.747,0.778,0.258,0.945,0.124,0.951,0.851,0.953,0.954,0.99,0.511,0.826,0.014,0.159,0.436,0.304,0.229,0.175,0.903,0.96,0.663,0.574,0.968,0.81,0.34,0.42,0.946,0.954,0.186,,0.5,0.714,0.931,0.27,0.819,0.802,0.115
2015,0.406,0.436,0.966,0.791,0.839,0.789,0.979,0.965,0.471,0.038,0.981,0.83,0.783,0.236,0.903,0.256,0.871,0.684,0.925,0.727,0.939,0.82,0.901,0.324,0.972,0.981,0.946,0.481,0.804,0.546,0.326,0.204,0.713,0.665,0.958,0.976,0.609,0.972,0.986,0.975,0.466,0.97,0.844,0.751,0.893,0.068,0.088,0.971,0.975,0.261,0.987,0.832,0.962,0.941,0.926,0.855,0.951,0.507,0.121,0.654,0.155,0.955,0.623,0.841,0.954,0.697,0.972,0.727,0.939,0.814,0.667,0.968,0.247,0.189,0.989,0.895,0.891,0.85,0.754,0.965,0.508,0.532,0.567,0.419,0.955,0.755,0.138,0.731,0.787,0.146,0.694,0.497,0.947,0.96,0.959,0.71,0.825,0.714,0.566,0.518,0.719,0.793,0.95,0.485,0.889,0.9,0.593,0.657,0.94,0.746,0.704,0.895,0.823,0.264,0.769,0.977,0.986,0.759,0.987,0.681,,,,,,,,0.853,,,,,,,0.86,,0.69163126,,,0.719,0.37,0.946,0.911,0.599,0.78,0.976,0.03,0.981,0.86,,0.843,0.957,0.368,0.298,0.294,0.161,0.877,0.956,0.932,0.747,0.778,0.258,0.945,0.144,0.951,0.851,0.953,0.965,0.99,0.511,0.815,0.014,0.159,0.436,0.239,0.166,0.175,0.895,0.96,0.743,0.497,0.968,0.807,0.34,0.456,0.946,0.954,0.171,,0.473,0.714,0.94,0.104,0.843,0.802,0.115
2016,0.402,0.436,0.966,0.791,0.843,0.789,0.975,0.965,0.416,0.027,0.981,0.876,0.813,0.236,0.899,0.256,0.879,0.702,0.902,0.731,0.939,0.82,0.878,0.324,0.972,0.981,0.946,0.481,0.804,0.522,0.311,0.185,0.737,0.665,0.958,0.982,0.529,0.972,0.975,0.975,0.466,0.97,0.844,0.582,0.893,0.068,0.109,0.971,0.975,0.226,0.987,0.851,0.962,0.941,0.926,0.884,0.951,0.507,0.121,0.66,0.174,0.955,0.632,0.883,0.954,0.678,0.948,0.743,0.939,0.797,0.609,0.968,0.247,0.251,0.989,0.895,0.891,0.85,0.727,0.965,0.538,0.524,0.601,0.374,0.955,0.755,0.146,0.777,0.769,0.146,0.758,0.432,0.976,0.96,0.934,0.71,0.825,0.714,0.566,0.518,0.69,0.793,0.95,0.492,0.889,0.9,0.578,0.657,0.94,0.696,0.704,0.895,0.859,0.283,0.769,0.977,0.986,0.787,0.987,0.681,,,,,,,,0.831,,,,,,,0.836,,0.6868324,,,0.685,0.37,0.946,0.911,0.431,0.779,0.958,0.03,0.981,0.902,,0.843,0.957,0.356,0.121,0.294,0.161,0.826,0.956,0.912,0.747,0.779,0.351,0.925,0.09,0.951,0.837,0.953,0.965,0.99,0.511,0.839,0.014,0.159,0.461,0.255,0.103,0.175,0.94,0.96,0.76,0.307,0.972,0.773,0.284,0.521,0.946,0.954,0.158,,0.521,0.714,0.94,0.084,0.843,0.719,0.09
2017,0.419,0.501,0.958,0.791,0.794,0.79,0.959,0.965,0.5,0.031,0.981,0.925,0.828,0.236,0.895,0.23,0.894,0.732,0.926,0.704,0.939,0.815,0.878,0.343,0.966,0.981,0.946,0.481,0.773,0.468,0.275,0.157,0.721,0.659,0.967,0.982,0.617,0.972,0.975,0.975,0.371,0.97,0.844,0.659,0.923,0.088,0.136,0.971,0.975,0.202,0.987,0.851,0.962,0.914,0.926,0.864,0.935,0.49,0.803,0.66,0.181,0.955,0.646,0.883,0.954,0.612,0.961,0.673,0.959,0.797,0.629,0.968,0.244,0.261,0.989,0.895,0.915,0.858,0.727,0.965,0.534,0.437,0.55,0.329,0.965,0.742,0.154,0.744,0.836,0.099,0.747,0.497,0.976,0.96,0.929,0.751,0.774,0.714,0.546,0.518,0.751,0.71,0.838,0.476,0.889,0.9,0.545,0.601,0.883,0.746,0.733,0.895,0.865,0.266,0.65,0.977,0.986,0.848,0.987,0.72,,,,,,,,0.831,,,,,,,0.835,,0.6883408,,,0.689,0.425,0.946,0.911,0.389,0.777,0.945,0.03,0.981,0.902,,0.864,0.944,0.356,0.088,0.246,0.223,0.881,0.956,0.912,0.777,0.708,0.371,0.886,0.102,0.951,0.837,0.919,0.965,0.99,0.496,0.839,0.014,0.159,0.461,0.224,0.144,0.227,0.916,0.944,0.799,0.343,0.972,0.755,0.27,0.54,0.98,0.946,0.398,,0.339,0.674,0.94,0.057,0.811,0.742,0.135
2018,0.431,0.609,0.958,0.791,0.842,0.921,0.959,0.963,0.416,0.027,0.981,0.916,0.844,0.21,0.895,0.266,0.806,0.776,0.926,0.641,0.903,0.853,0.878,0.325,0.966,0.981,0.873,0.424,0.783,0.462,0.294,0.197,0.638,0.595,0.967,0.882,0.544,0.972,0.978,0.975,0.389,0.97,0.871,0.659,0.948,0.089,0.147,0.971,0.975,0.524,0.987,0.847,0.962,0.914,0.926,0.92,0.935,0.476,0.828,0.66,0.192,0.955,0.669,0.883,0.954,0.758,0.935,0.626,0.959,0.781,0.622,0.94,0.242,0.278,0.989,0.887,0.915,0.858,0.718,0.965,0.497,0.52,0.715,0.361,0.965,0.742,0.156,0.746,0.837,0.094,0.811,0.667,0.976,0.96,0.929,0.777,0.829,0.714,0.547,0.518,0.792,0.714,0.827,0.486,0.851,0.899,0.463,0.597,0.905,0.851,0.801,0.895,0.855,0.266,0.16,0.977,0.986,0.823,0.987,0.72,,,,,,,,0.91,,,,,,,0.852,,0.6902849,,,0.71,0.374,0.931,0.911,0.364,0.787,0.945,0.03,0.981,0.899,,0.89,0.952,0.349,0.166,0.168,0.112,0.893,0.956,0.912,0.8,0.685,0.339,0.81,0.146,0.951,0.848,0.889,0.965,0.99,0.482,0.865,0.014,0.171,0.489,0.253,0.155,0.217,0.926,0.944,0.753,0.368,0.972,0.755,0.225,0.583,0.98,0.937,0.471,,0.248,0.674,0.94,0.06,0.827,0.829,0.101
2019,0.396,0.624,0.958,0.753,0.811,0.927,0.949,0.968,0.474,0.027,0.981,0.89,0.852,0.188,0.895,0.341,0.843,0.776,0.791,0.496,0.903,0.871,0.913,0.292,0.966,0.981,0.795,0.433,0.773,0.47,0.545,0.149,0.533,0.422,0.967,0.965,0.523,0.966,0.978,0.975,0.409,0.97,0.84,0.716,0.958,0.113,0.141,0.977,0.975,0.517,0.987,0.791,0.962,0.925,0.917,0.904,0.925,0.455,0.852,0.87,0.192,0.966,0.696,0.847,0.776,0.75,0.935,0.632,0.959,0.764,0.581,0.975,0.242,0.158,0.989,0.874,0.915,0.887,0.718,0.965,0.53,0.52,0.647,0.4,0.965,0.742,0.141,0.711,0.77,0.114,0.765,0.595,0.976,0.96,0.949,0.755,0.829,0.691,0.846,0.499,0.885,0.754,0.827,0.486,0.851,0.929,0.44,0.77,0.905,0.851,0.801,0.903,0.815,0.266,0.146,0.977,0.986,0.786,0.987,0.72,,,,,,,,0.917,,,,,,,0.84,,0.691771,,,0.71,0.341,0.913,0.911,0.306,0.787,0.933,0.051,0.981,0.899,,0.879,0.963,0.349,0.236,0.22,0.359,0.873,0.936,0.913,0.777,0.7,0.296,0.85,0.221,0.951,0.845,0.889,0.953,0.99,0.407,0.865,0.014,0.176,0.489,0.253,0.201,0.25,0.936,0.944,0.723,0.423,0.972,0.746,0.233,0.685,0.98,0.937,0.496,,0.169,0.578,0.928,0.096,0.832,0.84,0.064
2020,0.412,0.624,0.939,0.753,0.9,0.927,0.949,0.978,0.466,0.027,0.981,0.847,0.839,0.176,0.895,0.341,0.829,0.085,0.83,0.461,0.937,0.883,0.913,0.401,0.966,0.981,0.831,0.397,0.66,0.459,0.477,0.227,0.547,0.422,0.941,0.965,0.537,0.966,0.985,0.975,0.415,0.97,0.869,0.622,0.96,0.139,0.113,0.977,0.975,0.49,0.987,0.783,0.936,0.925,0.924,0.931,0.928,0.287,0.852,0.871,0.192,0.956,0.705,0.954,0.859,0.765,0.946,0.632,0.977,0.708,0.568,0.975,0.224,0.188,0.989,0.898,0.928,0.887,0.747,0.965,0.558,0.517,0.609,0.411,0.965,0.742,0.162,0.731,0.831,0.114,0.566,0.73,0.976,0.96,0.963,0.755,0.829,0.691,0.859,0.499,0.852,0.754,0.918,0.491,0.868,0.925,0.486,0.695,0.831,0.929,0.828,0.903,0.835,0.297,0.121,0.977,0.986,0.739,0.987,0.72,,,,,,,,0.913,,,,,,,0.84,,0.68711734,,,0.643,0.463,0.913,0.907,0.306,0.802,0.884,0.051,0.899,0.857,,0.859,0.951,0.267,0.111,0.187,0.366,0.876,0.936,0.889,0.777,0.63,0.232,0.882,0.154,0.951,0.878,0.918,0.964,0.99,0.407,0.901,0.022,0.149,0.721,0.253,0.173,0.18,0.936,0.919,0.755,0.4,0.972,0.736,0.294,0.721,0.98,0.897,0.509,,0.186,0.625,0.918,0.074,0.824,0.74,0.117
2021,0.08,0.621,0.939,0.643,0.895,0.893,0.949,0.978,0.462,0.067,0.981,0.847,0.839,0.185,0.895,0.341,0.856,0.132,0.839,0.442,0.937,0.811,0.81,0.449,0.966,0.981,0.9,0.397,0.652,0.473,0.513,0.227,0.506,0.366,0.941,0.965,0.436,0.965,0.97,0.975,0.415,0.97,0.874,0.563,0.949,0.147,0.137,0.977,0.975,0.452,0.987,0.783,0.936,0.925,0.898,0.893,0.904,0.287,0.912,0.871,0.192,0.903,0.705,0.945,0.886,0.665,0.934,0.659,0.977,0.759,0.654,0.975,0.233,0.307,0.989,0.898,0.928,0.858,0.77,0.965,0.558,0.623,0.606,0.324,0.965,0.723,0.139,0.632,0.831,0.124,0.543,0.819,0.954,0.96,0.963,0.755,0.857,0.691,0.859,0.513,0.87,0.768,0.918,0.096,0.933,0.925,0.511,0.601,0.746,0.911,0.848,0.903,0.838,0.324,0.108,0.977,0.986,0.751,0.987,0.72,,,,,,,,0.913,,,,,,,0.833,,0.6804804,,,0.739,0.463,0.924,0.917,0.264,0.802,0.872,0.051,0.899,0.857,,0.837,0.954,0.293,0.111,0.188,0.379,0.889,0.946,0.882,0.851,0.51,0.26,0.879,0.207,0.951,0.911,0.918,0.964,0.99,0.15,0.901,0.057,0.149,0.721,0.253,0.166,0.18,0.953,0.919,0.774,0.383,0.972,0.757,0.3,0.716,0.966,0.953,0.509,,0.18,0.563,0.918,0.059,0.824,0.792,0.103
2022,0.035,0.652,0.934,0.643,0.823,0.914,0.949,0.968,0.353,0.128,0.981,0.847,0.839,0.256,0.943,0.341,0.856,0.14,0.798,0.442,0.937,0.833,0.831,0.431,0.966,0.981,0.931,0.361,0.708,0.462,0.554,0.217,0.683,0.366,0.956,0.965,0.432,0.974,0.985,0.975,0.415,0.97,0.874,0.438,0.938,0.21,0.132,0.977,0.981,0.374,0.987,0.783,0.942,0.951,0.898,0.892,0.914,0.287,0.932,0.768,0.167,0.93,0.705,0.889,0.904,0.709,0.962,0.659,0.972,0.786,0.636,0.975,0.176,0.362,0.989,0.919,0.928,0.882,0.774,0.965,0.533,0.623,0.589,0.313,0.965,0.716,0.177,0.613,0.831,0.149,0.627,0.839,0.954,0.96,0.963,0.755,0.936,0.691,0.881,0.513,0.813,0.755,0.918,0.096,0.933,0.925,0.511,0.684,0.697,0.81,0.848,0.903,0.869,0.325,0.108,0.977,0.986,0.779,0.987,0.72,,,,,,,,0.913,,,,,,,0.815,,0.67851394,,,0.754,0.318,0.937,0.889,0.277,0.802,0.868,0.051,0.899,0.823,,0.837,0.962,0.212,0.186,0.212,0.355,0.889,0.946,0.887,0.719,0.354,0.298,0.905,0.203,0.885,0.895,0.918,0.977,0.99,0.11,0.901,0.057,0.078,0.721,0.253,0.087,0.18,0.935,0.89,0.774,0.394,0.972,0.85,0.323,0.614,0.966,0.957,0.509,,0.194,0.608,0.918,0.101,0.801,0.87,0.099
2023,0.035,0.652,0.959,0.643,0.882,0.834,0.949,0.968,0.388,0.102,0.981,0.847,0.682,0.227,0.921,0.341,0.894,0.14,0.784,0.757,0.937,0.833,0.831,0.393,0.917,0.981,0.931,0.361,0.73,0.448,0.449,0.218,0.683,0.366,0.956,0.965,0.511,0.974,0.985,0.975,0.415,0.97,0.874,0.466,0.827,0.21,0.115,0.977,0.981,0.339,0.987,0.86,0.942,0.785,0.898,0.915,0.914,0.287,0.932,0.791,0.234,0.93,0.718,0.893,0.893,0.708,0.962,0.659,0.962,0.77,0.585,0.975,0.185,0.384,0.989,0.817,0.928,0.815,0.774,0.965,0.573,0.753,0.477,0.161,0.965,0.74,0.177,0.652,0.831,0.135,0.684,0.746,0.954,0.96,0.916,0.755,0.936,0.623,0.895,0.513,0.82,0.753,0.951,0.096,0.957,0.925,0.511,0.767,0.697,0.772,0.883,0.903,0.707,0.317,0.042,0.977,0.986,0.779,0.987,0.72,,,,,,,,0.913,,,,,,,0.738,,0.67751956,,,0.73,0.336,0.937,0.874,0.296,0.746,0.868,0.036,0.938,0.823,,0.81,0.946,0.257,0.186,0.2,0.38,0.783,0.975,0.887,0.746,0.484,0.45,0.89,0.262,0.943,0.921,0.918,0.977,0.99,0.11,0.901,0.111,0.078,0.442,0.358,0.13,0.18,0.953,0.89,0.774,0.464,0.972,0.908,0.323,0.621,0.966,0.948,0.509,,0.19,0.596,0.918,0.168,0.801,0.87,0.124
2024,0.04,0.699,0.95,0.643,0.882,0.818,0.949,0.928,0.39,0.102,0.981,0.854,0.433,0.395,0.846,0.341,0.908,0.14,0.784,0.757,0.937,0.833,0.877,0.393,0.945,0.981,0.931,0.36,0.69,0.437,0.397,0.201,0.611,0.328,0.956,0.965,0.511,0.98,0.985,0.975,0.415,0.97,0.887,0.482,0.671,0.264,0.102,0.977,0.981,0.26,0.987,0.86,0.942,0.785,0.898,0.766,0.914,0.194,0.932,0.78,0.141,0.913,0.699,0.893,0.904,0.724,0.962,0.659,0.962,0.774,0.643,0.975,0.233,0.42,0.989,0.809,0.928,0.815,0.774,0.947,0.556,0.613,0.477,0.127,0.815,0.74,0.16,0.654,0.831,0.156,0.805,0.707,0.954,0.96,0.963,0.755,0.888,0.584,0.896,0.417,0.82,0.635,0.951,0.096,0.957,0.877,0.321,0.638,0.697,0.781,0.883,0.88,0.683,0.355,0.042,0.977,0.986,0.779,0.987,0.72,,,,,,,,0.934,,,,,,,0.656,,0.6670391,,,0.73,0.344,0.937,0.784,0.308,0.746,0.913,0.036,0.946,0.846,,0.81,0.937,0.223,0.186,0.235,0.333,0.783,0.975,0.887,0.746,0.357,0.45,0.885,0.262,0.943,0.921,0.85,0.962,0.99,0.133,0.948,0.084,0.078,0.459,0.358,0.141,0.18,0.953,0.89,0.841,0.513,0.972,0.908,0.259,0.62,0.961,0.948,0.509,,0.19,0.566,0.918,0.187,0.813,0.87,0.109
