Date,AFG,AGO,ALB,ARE,ARG,ARM,AUS,AUT,AZE,BDI,BEL,BEN,BFA,BGD,BGR,BHR,BIH,BLR,BOL,BRA,BRB,BTN,BWA,CAF,CAN,CHE,CHL,CHN,CIV,CMR,COD,COG,COL,COM,CPV,CRI,CUB,CYP,CZE,DEU,DJI,DNK,DOM,DZA,ECU,EGY,ERI,ESP,EST,ETH,FIN,FJI,FRA,GAB,GBR,GEO,GHA,GIN,GMB,GNB,GNQ,GRC,GTM,GUY,HKG,HND,HRV,HTI,HUN,IDN,IND,IRL,IRN,IRQ,ISL,ISR,ITA,JAM,JOR,JPN,KAZ,KEN,KGZ,KHM,KOR,KWT,LAO,LBN,LBR,LBY,LKA,LSO,LTU,LUX,LVA,MAR,MDA,MDG,MDV,MEX,MKD,MLI,MLT,MMR,MNE,MNG,MOZ,MRT,MUS,MWI,MYS,NAM,NER,NGA,NIC,NLD,NOR,NPL,NZL,OMN,OWID_BAD,OWID_BAV,OWID_GDR,OWID_GFR,OWID_HAN,OWID_HSE,OWID_HSG,OWID_KOS,OWID_MEC,OWID_MOD,OWID_PMA,OWID_RVN,OWID_SAX,OWID_SIC,OWID_SML,OWID_TUS,OWID_WRL,OWID_YAR,OWID_YPR,OWID_ZAN,PAK,PAN,PER,PHL,PNG,POL,PRK,PRT,PRY,PSE,QAT,ROU,RUS,RWA,SAU,SDN,SEN,SGP,SLB,SLE,SLV,SOM,SRB,SSD,STP,SUR,SVK,SVN,SWE,SWZ,SYC,SYR,TCD,TGO,THA,TJK,TKM,TLS,TTO,TUN,TUR,TWN,TZA,UGA,UKR,URY,USA,UZB,VAT,VEN,VNM,VUT,YEM,ZAF,ZMB,ZWE
1789,0.104,,,,0.083,,0.043,0.144,,,0.523,,,0.066,0.133,,0.133,,,0.144,,,,,,,0.053,0.115,,,,,0.123,,,,0.06,,0.144,0.07,,0.348,0.061,,,0.186,,0.427,0.022,0.085,0.629,,0.467,,0.173,,,,,,,0.133,0.104,,,,,0.03,0.148,,0.066,0.173,0.065,0.133,,0.133,,,,0.019,0.022,,,,0.017,0.274,0.059,,,0.251,,,,,0.022,0.074,0.022,,,0.198,0.133,,,0.119,0.58,,,,,,,,,,,0.477,0.264,0.041,,0.066,0.255,0.058,,,0.123,0.014,0.116,,0.124,0.05,0.348,,0.504,0.066,,0.257,0.1725,,,,,,,,,0.073,0.017,0.046,,,,0.102,0.022,,0.099,,,,,,,,0.133,,,,0.148,,0.629,,,0.133,,,0.059,,,,,0.057,0.133,0.115,,,,,0.405,0.101,0.074,0.079,,,0.043,,,
1790,0.104,,,,0.083,,0.043,0.144,,,0.523,,,0.066,0.133,,0.133,,,0.144,,,,,,,0.053,0.115,,,,,0.123,,,,0.046,,0.144,0.07,,0.348,0.061,,,0.186,,0.427,0.022,0.085,0.629,,0.467,,0.173,,,,,,,0.133,0.104,,,,,0.043,0.148,,0.066,0.173,0.065,0.133,,0.133,,,,0.01,0.022,,,,0.017,0.274,0.059,,,0.251,,,,,0.022,0.063,0.022,,,0.198,0.133,,,0.076,0.58,,,,,,,,,,,0.477,0.264,0.041,,0.066,0.255,0.058,,,0.123,0.014,0.116,,0.124,0.05,0.348,,0.504,0.066,,0.257,0.17282812,,,,,,,,,0.123,0.017,0.046,,,,0.102,0.022,,0.099,,,,,,,,0.133,,,,0.148,,0.629,,,0.133,,,0.059,,,,,0.057,0.133,0.115,,,,,0.405,0.101,0.074,0.079,,,0.043,,,
1791,0.104,,,,0.083,,0.043,0.144,,,0.523,,,0.066,0.133,,0.133,,,0.144,,,,,,,0.053,0.115,,,,,0.123,,,,0.046,,0.144,0.07,,0.348,0.061,,,0.186,,0.427,0.022,0.085,0.629,,0.509,,0.173,,,,,,,0.133,0.104,,,,,0.043,0.148,,0.066,0.173,0.065,0.133,,0.133,,,,0.01,0.022,,,,0.016,0.274,0.059,,,0.251,,,,,0.022,0.063,0.022,,,0.198,0.133,,,0.076,0.58,,,,,,,,,,,0.477,0.264,0.041,,0.066,0.255,0.058,,,0.123,0.014,0.116,,0.124,0.05,0.348,,0.504,0.066,,0.257,0.17218749,,,,,,,,,0.072,0.016,0.046,,,,0.102,0.022,,0.099,,,,,,,,0.133,,,,0.148,,0.629,,,0.133,,,0.059,,,,,0.057,0.133,0.115,,,,,0.405,0.101,0.074,0.079,,,0.043,,,
1792,0.104,,,,0.083,,0.043,0.144,,,0.523,,,0.066,0.133,,0.133,,,0.144,,,,,,,0.053,0.115,,,,,0.123,,,,0.046,,0.144,0.07,,0.4,0.061,,,0.186,,0.427,0.022,0.085,0.629,,0.283,,0.173,,,,,,,0.133,0.104,,,,,0.055,0.148,,0.066,0.173,0.065,0.133,,0.133,,,,0.01,0.022,,,,0.018,0.274,0.059,,,0.251,,,,,0.022,0.063,0.022,,,0.198,0.133,,,0.138,0.58,,,,,,,,,,,0.477,0.264,0.041,,0.066,0.255,0.058,,,0.123,0.014,0.116,,0.124,0.05,0.348,,0.524,0.066,,0.257,0.17142187,,,,,,,,,0.072,0.018,0.046,,,,0.102,0.022,,0.099,,,,,,,,0.133,,,,0.148,,0.629,,,0.133,,,0.059,,,,,0.057,0.133,0.115,,,,,0.405,0.101,0.074,0.079,,,0.043,,,
1793,0.104,,,,0.083,,0.043,0.144,,,0.523,,,0.076,0.133,,0.133,,,0.144,,,,,,,0.053,0.115,,,,,0.123,,,,0.046,,0.144,0.07,,0.4,0.061,,,0.186,,0.427,0.022,0.085,0.629,,0.29,,0.173,,,,,,,0.133,0.104,,,,,0.063,0.148,,0.076,0.173,0.065,0.133,,0.133,,,,0.01,0.022,,,,0.018,0.274,0.059,,,0.251,,,,,0.022,0.076,0.022,,,0.198,0.133,,,0.138,0.58,,,,,,,,,,,0.477,0.264,0.041,,0.066,0.255,0.058,,,0.123,0.014,0.116,,0.124,0.05,0.348,,0.524,0.066,,0.257,0.17201562,,,,,,,,,0.072,0.018,0.046,,,,0.102,0.022,,0.099,,,,,,,,0.133,,,,0.148,,0.629,,,0.133,,,0.059,,,,,0.057,0.133,0.115,,,,,0.405,0.101,0.074,0.079,,,0.043,,,
1794,0.104,,,,0.083,,0.055,0.144,,,0.373,,,0.076,0.133,,0.133,,,0.144,,,,,,,0.053,0.115,,,,,0.123,,,,0.046,,0.144,0.07,,0.4,0.061,,,0.186,,0.427,0.022,0.085,0.629,,0.396,,0.173,,,,,,,0.133,0.104,,,,,0.1,0.148,,0.076,0.173,0.065,0.133,,0.133,,,,0.01,0.022,,,,0.018,0.274,0.059,,,0.251,,,,,0.022,0.076,0.022,,,0.198,0.133,,,0.138,0.58,,,,,,,,,,,0.477,0.264,0.041,,0.066,0.255,0.058,,,0.123,0.014,0.116,,0.124,0.05,0.348,,0.524,0.066,,0.257,0.17189062,,,,,,,,,0.096,0.018,0.046,,,,0.102,0.022,,0.099,,,,,,,,0.133,,,,0.148,,0.629,,,0.133,,,0.059,,,,,0.057,0.133,0.115,,,,,0.405,0.101,0.074,0.079,,,0.043,,,
1795,0.104,,,,0.083,,0.07,0.144,,,0.373,,,0.076,0.133,,0.133,0.022,,0.144,,,,,,,0.053,0.115,,,,,0.123,,,,0.046,,0.144,0.07,,0.4,0.07,,,0.186,,0.427,0.022,0.085,0.629,,0.457,,0.173,,,,,,,0.133,0.104,,,,,0.1,0.148,,0.076,0.173,0.065,0.133,,0.133,,,,0.01,0.022,,,,0.018,0.274,0.059,,,0.251,,,0.022,,0.022,0.076,0.022,,,0.198,0.133,,,0.138,0.58,,,,,,,,,,,0.477,0.264,0.041,,0.066,0.255,0.058,,,0.123,0.014,0.116,,0.078,0.05,0.348,,0.524,0.066,,0.257,0.17267187,,,,,,,,,0.07,0.018,0.046,,,,0.102,0.022,,0.099,,,,,,,,0.133,,,,0.148,,0.629,,,0.133,,,0.059,,,,,0.057,0.133,0.115,,,,,0.405,0.101,0.074,0.079,,,0.043,,,
1796,0.104,,,,0.083,,0.07,0.144,,,0.457,,,0.076,0.133,,0.133,0.022,,0.144,,,,,,,0.053,0.107,,,,,0.123,,,,0.046,,0.144,0.07,,0.4,0.12,,,0.186,,0.427,0.022,0.085,0.629,,0.457,,0.259,,,,,,,0.133,0.104,,,,,0.1,0.148,,0.076,0.259,0.065,0.133,,0.133,,,,0.01,0.022,,,,0.018,0.274,0.059,,,0.251,,,0.022,,0.022,0.076,0.022,,,0.198,0.133,,,0.138,0.58,,,,,,,,,,,0.511,0.264,0.041,,0.066,0.255,0.058,,,0.123,0.014,0.116,,0.078,0.05,0.348,,0.524,0.066,,0.257,0.17370968,,,,,,,,,,0.018,0.046,,,,0.102,0.022,,0.099,,,,,,,,0.133,,,,0.148,,0.629,,,0.133,,,0.059,,,,,0.057,0.133,0.107,,,,,0.405,0.101,0.074,0.079,,,0.043,,,
1797,0.104,,,,0.083,,0.07,0.144,,,0.457,,,0.076,0.133,,0.133,0.022,,0.144,,,,,,,0.053,0.107,,,,,0.123,,,,0.046,,0.144,0.07,,0.4,0.12,,,0.186,,0.427,0.022,0.085,0.629,,0.457,,0.259,,,,,,,0.133,0.104,,,,,0.1,0.148,,0.076,0.259,0.065,0.133,,0.133,,,,0.01,0.022,,,,0.018,0.274,0.059,,,0.251,,,0.022,,0.022,0.076,0.022,,,0.198,0.133,,,0.138,0.58,,,,,,,,,,,0.511,0.264,0.041,,0.066,0.255,0.058,,,0.123,0.021,0.116,,0.078,0.231,0.348,,0.524,0.066,,0.257,0.17674193,,,,,,,,,,0.018,0.046,,,,0.102,0.022,,0.099,,,,,,,,0.133,,,,0.148,,0.629,,,0.133,,,0.059,,,,,0.057,0.133,0.107,,,,,0.405,0.101,0.074,0.079,,,0.043,,,
1798,0.104,,,,0.083,,0.07,0.144,,,0.457,,,0.076,0.133,,0.133,0.022,,0.144,,,,,,0.692,0.053,0.107,,,,,0.123,,,,0.046,,0.144,0.07,,0.4,0.12,,,0.186,,0.427,0.022,0.085,0.629,,0.457,,0.259,,,,,,,0.133,0.104,,,,,0.059,0.148,,0.076,0.259,0.065,0.133,,0.133,,,,0.01,0.022,,,,0.018,0.274,0.059,,,0.251,,,0.022,,0.022,0.076,0.022,,,0.198,0.133,,,0.138,0.58,,,,,,,,,,,0.511,0.264,0.041,,0.066,0.255,0.058,,,0.123,0.021,0.116,,0.078,,0.348,,0.524,0.066,,0.257,0.1851129,,,,,,,,,,0.018,0.046,,,,0.102,0.022,,0.099,,,,,,,,0.133,,,,0.148,,0.629,,,0.133,,,0.059,,,,,0.057,0.133,0.107,,,,,0.405,0.101,0.173,0.079,,,0.043,,,
1799,0.104,,,,0.083,,0.07,0.144,,,0.457,,,0.076,0.133,,0.133,0.022,,0.144,,,,,,0.692,0.053,0.107,,,,,0.123,,,,0.046,,0.144,0.07,,0.4,0.12,,,0.186,,0.427,0.022,0.085,0.629,,0.457,,0.259,,,,,,,0.133,0.104,,,,,0.059,0.148,,0.076,0.259,0.065,0.133,,0.133,,,,0.01,0.022,,,,0.018,0.274,0.059,,,0.251,,,0.022,,0.022,0.049,0.022,,,0.198,0.133,,,0.138,0.58,,,,,,,,,,,0.511,0.264,0.041,,0.066,0.255,0.058,,,0.123,0.021,0.116,,0.078,,0.348,,0.524,0.066,,0.273,0.18730645,,,,,,,,,,0.018,0.046,,,,0.102,0.022,,0.099,,,,,,,,0.133,,,,0.148,,0.629,,,0.133,,,0.059,,,,,0.057,0.133,0.107,,,,,0.405,0.101,0.173,0.079,,,0.043,,,
1800,0.104,,,,0.083,,0.07,0.144,,,0.476,,,0.076,0.133,,0.133,0.022,,0.144,,,,,,0.692,0.053,0.107,,,,,0.123,,,,0.046,,0.144,0.07,,0.54,0.12,,,0.186,,0.427,0.022,0.085,0.629,,0.476,,0.259,,,,,,,0.133,0.098,,,,,0.059,0.148,0.016,0.076,0.259,0.065,0.133,,0.133,,,,0.01,0.022,,,,0.021,0.274,0.059,,,0.251,,,0.022,,0.022,0.046,0.022,,,0.198,0.133,,,0.138,0.58,,,,,,,,,,,0.511,0.264,0.041,,0.066,0.255,0.058,,,0.123,0.021,0.116,,0.078,,0.348,,0.524,0.066,,0.25,0.1825238,,,,,,,,,,0.021,0.046,,,,0.102,0.022,,0.099,,,,,,,,0.133,,,,0.148,,0.629,,,0.133,,,0.059,,,,,0.057,0.133,0.107,,,,,0.405,0.101,0.074,0.079,,,0.043,,,
1801,0.104,,,,0.083,,0.07,0.144,,,0.57,,,0.076,0.133,,0.133,0.026,,0.144,,,,,,0.692,0.053,0.107,,,,,0.123,,,,0.046,,0.144,0.07,,0.54,0.12,,,0.186,,0.427,0.026,0.085,0.629,,0.57,,0.276,0.026,,,,,,0.133,0.098,,,,,0.038,0.148,0.016,0.076,0.276,0.065,0.133,,0.133,,,,0.01,0.026,,,,0.016,0.274,0.059,,,0.251,,,0.026,,0.026,0.046,0.026,,,0.198,0.133,,,0.138,0.58,,,,,,,,,,,0.511,0.264,0.041,,0.066,0.255,0.058,,,0.123,0.021,0.116,,0.078,,0.348,,0.524,0.066,,0.25,0.18652381,,,,,,,,,,0.016,0.046,,,,0.102,0.026,,0.099,,,,,,,,0.133,,,,0.148,,0.629,,,0.133,,,0.059,,,,,0.057,0.133,0.107,,,,,0.405,0.101,0.074,0.079,,,0.043,,,
1802,0.104,,,,0.083,,0.07,0.144,,,0.57,,,0.076,0.133,,0.133,0.026,,0.144,,,,,,0.692,0.053,0.107,,,,,0.123,,,,0.046,,0.144,0.07,,0.54,0.12,,,0.186,,0.427,0.026,0.085,0.629,,0.57,,0.276,0.026,,,,,,0.133,0.098,,,,,0.026,0.148,0.016,0.076,0.276,0.065,0.133,,0.133,,,,0.01,0.026,,,,0.019,0.274,0.059,,,0.251,,,0.026,,0.026,0.046,0.026,,,0.198,0.133,,,0.138,0.58,,,,,,,,,,,0.565,0.264,0.041,,0.066,0.255,0.058,,,0.123,0.021,0.116,,0.078,,0.348,0.096,0.524,0.066,,0.25,0.18479687,,,,,,,,,,0.019,0.046,,,,0.102,0.026,,0.099,,,,,,,,0.133,,,,0.148,,0.629,,,0.133,,,0.059,,,,,0.057,0.133,0.107,,,,,0.405,0.101,0.074,0.079,,,0.043,,,
1803,0.104,,,,0.083,,0.07,0.144,,,0.57,,,0.076,0.133,,0.133,0.026,,0.144,,,,,,0.692,0.053,0.107,,,,,0.123,,,,0.046,,0.144,0.07,,0.54,0.137,,,0.186,,0.427,0.026,0.085,0.629,,0.57,,0.276,0.026,,,,,,0.133,0.098,,,,,0.018,0.148,0.016,0.076,0.276,0.065,0.133,,0.133,,,,0.01,0.026,,,,0.024,0.274,0.059,,,0.251,,,0.026,,0.026,0.046,0.026,,,0.198,0.133,,,0.138,0.58,,,,,,,,,,,0.565,0.264,0.041,,0.066,0.285,0.066,,,0.201,0.021,0.116,,0.078,,,0.096,0.524,0.066,,0.25,0.18187301,,,,,,,,,,0.024,0.046,,,,0.102,0.026,,0.099,,,,,,,,0.133,,,,0.148,,0.629,,,0.133,,,0.059,,,,,0.057,0.133,0.107,,,,,0.405,0.101,0.074,0.079,,,0.043,,,
1804,0.104,,,,0.083,,0.07,0.144,,,0.57,,,0.076,0.133,,0.133,0.026,,0.144,,,,,,0.716,0.042,0.107,,,,,0.123,,,,0.046,,0.144,0.07,,0.54,0.137,,,0.186,,0.427,0.026,0.085,0.629,,0.57,,0.276,0.026,,,,,,0.133,0.098,,,,,0.042,0.148,0.016,0.076,0.276,0.065,0.133,,0.133,,,,0.01,0.026,,,,0.019,0.274,0.059,,,0.251,,,0.026,,0.026,0.046,0.026,,,0.198,0.133,,,0.138,0.58,,,,,,,,,,,0.565,0.264,0.041,,0.066,0.285,0.066,,,0.201,0.021,0.116,,0.078,,,0.096,0.524,0.066,,0.25,0.18415625,,,,,,,,,,0.019,0.046,,,,0.102,0.026,,0.099,,,,,,,,0.296,,,,0.148,0.144,0.629,,,0.133,,,0.059,,,,,0.057,0.133,0.107,,,,,0.405,0.101,0.074,0.079,,,0.043,,,
1805,0.104,,,,0.083,,0.07,0.144,,,0.57,,,0.076,0.133,,0.133,0.026,,0.144,,,,,,0.716,0.042,0.107,,,,,0.123,,,,0.046,,0.144,0.07,,0.54,0.165,,,0.186,,0.427,0.026,0.085,0.629,,0.57,,0.276,0.026,,,,,,0.133,0.098,,,,,0.052,0.148,0.016,0.076,0.276,0.065,0.133,,0.133,,,,0.01,0.026,,,,0.019,0.274,0.059,,,0.251,,,0.026,,0.026,0.046,0.026,,,0.198,0.133,,,0.138,0.58,,,,,,,,,,,0.565,0.264,0.041,,0.066,0.285,0.066,,,0.201,0.021,0.116,,0.078,,,0.096,0.524,0.066,,0.25,0.18521875,,,,,,,,,,0.019,0.046,,,,0.102,0.026,,0.099,,,,,,,,0.296,,,,0.148,0.144,0.629,,,0.133,,,0.059,,,,,0.057,0.133,0.107,,,,,0.405,0.101,0.104,0.079,,,0.043,,,
1806,0.104,,,,0.083,,0.07,0.144,,,0.57,,,0.076,0.133,,0.133,0.026,,0.144,,,,,,0.716,0.042,0.107,,,,,0.123,,,,0.046,,0.144,0.07,,0.54,0.165,,,0.186,,0.427,0.026,0.085,0.629,,0.57,,0.276,0.026,,,,,,0.133,0.098,,,,,0.052,0.148,0.016,0.076,0.276,0.065,0.133,,0.133,,,,0.01,0.026,,,,0.019,0.274,0.059,,,0.251,,,0.026,,0.026,0.046,0.026,,,0.198,0.133,,,0.138,0.58,,,,,,,,,,,0.565,0.264,0.041,,0.066,0.285,0.066,,,0.201,0.021,0.116,,0.078,,,0.096,0.524,0.051,,0.25,0.18483077,,,,,,,,,,0.019,0.046,,,,0.102,0.026,,0.099,,,,,,,,0.296,,,,0.148,0.144,0.629,,,0.133,,,0.059,,,,,0.057,0.133,0.107,,,,,0.405,0.101,0.104,0.079,,,0.043,,,
1807,0.104,,,,0.083,,0.07,0.144,,,0.57,,,0.076,0.133,,0.133,0.026,,0.144,,,,,,0.716,0.052,0.107,,,,,0.123,,,,0.046,,0.144,0.07,,0.54,0.165,,,0.186,,0.427,0.026,0.085,0.629,,0.57,,0.276,0.026,,,,,,0.133,0.098,,,,,0.146,0.148,0.016,0.076,0.276,0.065,0.133,,0.133,,,,0.01,0.026,,,,0.019,0.274,0.059,,,0.251,,,0.026,,0.026,0.046,0.026,,,0.198,0.133,,,0.138,0.58,,,,,,,,,,,0.565,0.264,0.041,,0.066,0.285,0.066,,,0.201,0.053,0.116,,0.078,,,0.096,0.524,0.078,,0.25,0.18889394,,,,,,,,,0.225,0.019,0.097,,,,0.102,0.026,,0.099,,,,,,,,0.296,,,,0.148,0.144,0.629,,,0.133,,,0.059,,,,,0.057,0.133,0.107,,,,,0.405,0.101,0.118,0.079,,,0.043,,,
1808,0.104,,,,0.083,,0.07,0.144,,,0.57,,,0.076,0.133,,0.133,0.026,,0.144,,,,,,0.716,0.052,0.107,,,,,0.123,,,,0.046,,0.144,0.125,,0.54,0.165,,,0.186,,0.484,0.026,0.085,0.629,,0.57,,0.276,0.026,,,,,,0.133,0.098,,,,,0.146,0.148,0.016,0.076,0.276,0.065,0.133,,0.133,,,,0.01,0.026,,,,0.019,0.274,0.059,,,0.251,,,0.026,,0.026,0.046,0.026,,,0.198,0.133,,,0.138,0.58,,,,,,,,,,,0.565,0.264,0.041,,0.066,0.285,0.076,,,0.201,0.18,0.116,,0.078,,,0.096,0.524,0.078,,,0.19326563,,,,,,,,,0.225,0.019,0.097,,,,0.102,0.026,,0.099,,,,,,,,0.296,,,,0.148,0.144,0.629,,,0.133,,,0.059,,,,,0.057,0.133,0.107,,,,,0.405,0.101,0.13,0.079,,,0.043,,,
1809,0.104,,,,0.083,,0.07,0.144,,,0.57,,,0.076,0.133,,0.133,0.026,,0.144,,,,,,0.716,0.052,0.107,,,,,0.123,,,,0.046,,0.144,0.215,,0.54,0.123,,,0.186,,0.484,0.026,0.085,0.51,,0.57,,0.276,0.026,,,,,,0.133,0.098,,,,,0.146,0.148,0.016,0.076,0.276,0.065,0.133,,0.133,,,,0.01,0.026,,,,0.019,0.274,0.059,,,0.251,,,0.026,,0.026,0.046,0.026,,,0.198,0.133,,,0.138,0.58,,,,,,,,,,,0.565,0.264,0.041,,0.066,0.285,0.119,,,0.201,0.18,0.116,,0.078,,,0.096,0.524,0.078,,,0.2010303,,,,,,,,,0.225,0.019,0.046,,,,0.102,0.026,,0.099,,,,,,,,0.296,,,,0.148,0.144,0.629,,,0.133,,,0.059,,,,,0.057,0.133,0.107,,,,,0.405,0.101,0.13,0.07,,,0.043,,,
1810,0.104,,,,0.083,,0.07,0.144,,,0.57,,,0.076,0.133,,0.133,0.026,,0.144,,,,,,0.716,0.116,0.107,,,,,0.169,,,,0.046,,0.144,0.215,,0.54,0.089,,,0.186,,0.484,0.026,0.085,0.51,,0.57,,0.276,0.026,,,,,,0.133,0.098,,,,,0.146,0.148,0.016,0.076,0.276,0.065,0.133,,0.133,,,,0.01,0.026,,,,0.019,0.274,0.059,,,0.251,,,0.026,,0.026,0.046,0.026,,,0.232,0.133,,,0.138,0.58,,,,,,,,,,,0.565,0.264,0.041,,0.066,0.285,0.119,,,0.201,0.18,0.116,,0.078,,,0.096,0.54,0.078,,,0.20561539,,,,,,,,,0.225,0.019,0.046,,,,0.102,0.026,,0.099,,,,,,,,0.296,,,,0.148,0.144,0.629,,,0.133,,,0.059,,,,,0.057,0.133,0.107,,,,,0.405,0.101,,0.171,,,0.043,,,
1811,0.104,,,,0.207,,0.07,0.144,,,0.57,,,0.076,0.133,,0.133,0.026,,0.144,,,,,,0.716,0.141,0.107,,,,,0.169,,,,0.046,,0.144,0.215,,0.54,0.089,,,0.186,,0.484,0.026,0.085,0.51,,0.57,,0.276,0.026,,,,,,0.133,0.098,,,,,0.146,0.148,0.016,0.076,0.276,0.065,0.133,,0.133,,,,0.01,0.026,,,,0.019,0.274,0.059,,,0.251,,,0.026,,0.026,0.046,0.026,,,0.232,0.133,,,0.138,0.58,,,,,,,,,,,0.57,0.264,0.041,,0.066,0.285,0.119,,,,0.18,0.263,,0.078,,,0.096,0.54,0.078,,,0.19684127,,,,,,,,,0.225,0.019,0.046,0.065,,,0.102,0.026,,0.099,,,,,,,,0.296,,,,0.148,0.144,0.629,,,0.133,,,0.059,,,,,0.057,0.133,0.107,,,,,0.405,0.101,,0.213,,,0.043,,,
1812,0.104,,,,0.207,,0.07,0.144,,,0.57,,,0.076,0.133,,0.133,0.026,,0.144,,,,,,0.716,0.141,0.107,,,,,0.169,,,,0.046,,0.144,0.215,,0.54,0.089,,,0.186,,0.484,0.026,0.085,0.51,,0.57,,0.276,0.026,,,,,,0.133,0.098,,,,,0.146,0.148,0.016,0.076,0.276,0.065,0.133,,0.133,,,,0.01,0.026,,,,0.019,0.274,0.059,,,0.251,,,0.026,,0.026,0.046,0.026,,,0.232,0.133,,,0.138,0.58,,,,,,,,,,,0.57,0.264,0.041,,0.066,0.285,0.119,,,,0.18,0.263,,0.078,,,0.096,0.54,0.078,,,0.19684127,,,,,,,,,0.225,0.019,0.046,0.065,,,0.102,0.026,,0.099,,,,,,,,0.296,,,,0.148,0.144,0.629,,,0.133,,,0.059,,,,,0.057,0.133,0.107,,,,,0.405,0.101,,0.213,,,0.043,,,
1813,0.104,,,,0.207,,0.07,0.144,0.026,,0.57,,,0.076,0.133,,0.133,0.026,,0.144,,,,,,0.716,0.141,0.107,,,,,0.169,,,,0.046,,0.144,0.215,,0.54,0.089,,,0.186,,0.484,0.026,0.085,0.51,,0.57,,0.276,0.026,,,,,,0.133,0.098,,,,,0.146,0.148,0.016,0.076,0.276,0.065,0.133,,0.133,,,,0.01,0.026,,,,0.019,0.274,0.059,,,0.251,,,0.026,,0.026,0.046,0.026,,,0.216,0.133,,,0.138,0.58,,,,,,,,,,,0.464,0.264,0.041,,0.066,0.285,0.119,,,0.163,0.18,0.263,,0.078,,,0.096,0.54,0.078,,,0.20701493,,,,,,,,,0.225,0.019,0.046,0.065,,,0.102,0.026,,0.099,,,,,,,,0.296,,,,0.148,0.144,0.629,,,0.133,,,0.059,,,,,0.057,0.133,0.107,,,,,0.405,0.101,,0.173,,,0.043,,,
1814,0.104,,,,0.207,,0.07,0.144,0.026,,0.464,,,0.076,0.133,,0.133,0.026,,0.144,,,,,,0.716,0.04,0.107,,,,,0.169,,,,0.046,,0.144,0.215,,0.54,0.089,,,0.186,,0.484,0.026,0.085,0.51,,0.57,,0.276,0.026,,,,,,0.133,0.098,,,,,0.146,0.148,0.016,0.076,0.276,0.065,0.133,,0.133,,,,0.01,0.026,,,,0.016,0.274,0.059,,,0.251,,,0.026,,0.026,0.046,0.026,,,0.216,0.133,,,0.138,0.58,,,,,,,,,,,0.464,0.264,0.041,,0.066,0.285,0.119,,,0.164,0.147,0.263,,0.078,0.057,0.675,0.096,0.54,0.078,,0.334,0.20857143,,,,,,,,,0.225,0.016,0.046,0.019,,,0.102,0.026,,0.099,,,,,,,,0.133,,,,0.148,0.144,0.629,,,0.133,,,0.059,,,,,0.057,0.133,0.107,,,,,0.405,0.101,0.102,0.173,,,0.043,,,
1815,0.104,,,,0.207,,0.07,0.144,0.026,,0.78,,,0.076,0.133,,0.133,0.026,,0.144,,,,,,0.716,0.04,0.107,,,,,0.169,,,,0.046,,0.144,0.215,,0.54,0.089,,,0.186,,0.413,0.026,0.085,0.51,,0.696,,0.276,0.026,,,,,,0.133,0.098,,,,,0.146,0.148,0.016,0.076,0.276,0.065,0.133,,0.133,0.252,,,0.01,0.026,,,,0.013,0.274,0.059,,,0.251,,,0.026,0.784,0.026,0.046,0.026,,,0.216,0.133,,,0.138,0.58,,,,,,,,,,,0.78,0.288,0.041,,0.066,0.285,0.119,,,0.221,0.147,0.263,,0.078,0.057,0.675,0.096,0.54,0.078,,0.334,0.22504167,,,,,,,,,0.225,0.013,0.046,0.014,,,0.102,0.026,,0.099,,,,,,,,0.321,,,,0.148,0.144,0.629,,,0.133,,,0.059,,,,,0.057,0.133,0.107,,,,,0.405,0.101,0.102,0.173,,,0.043,,,
1816,0.104,,,,0.207,,0.07,0.144,0.026,,0.81,,,0.076,0.133,,0.133,0.026,,0.144,,,,,,0.716,0.04,0.107,,,,,0.169,,,,0.046,,0.144,0.215,,0.54,0.089,,,0.186,,0.413,0.026,0.085,0.51,,0.696,,0.276,0.026,,,,,,0.133,0.098,,,,,0.146,0.148,0.016,0.076,0.276,0.065,0.133,,0.133,0.252,,,0.01,0.026,,,,0.016,0.274,0.059,,,0.251,,,0.026,0.784,0.026,0.046,0.026,,,0.239,0.133,,,0.138,0.58,,,,,,,,,,,0.81,0.288,0.041,,0.066,0.285,0.119,,,0.243,0.147,0.263,,0.078,0.057,0.675,0.096,0.54,0.078,,0.334,0.226125,,,,,,,,,0.225,0.016,0.046,0.014,,,0.102,0.026,,0.099,,,,,,,,0.321,,,,0.148,0.144,0.629,,,0.133,,,0.059,,,,,0.057,0.133,0.107,,,,,0.405,0.101,0.102,0.173,,,0.043,,,
1817,0.104,,,,0.207,,0.07,0.144,0.026,,0.81,,,0.076,0.133,,0.133,0.026,,0.144,,,,,,0.716,0.098,0.107,,,,,0.169,,,,0.046,,0.144,0.215,,0.54,0.089,,,0.186,,0.413,0.026,0.085,0.51,,0.696,,0.276,0.026,,,,,,0.133,0.098,,,,,0.146,0.148,0.016,0.076,0.276,0.065,0.133,,0.133,0.252,,,0.01,0.026,,,,0.016,0.274,0.059,,,0.251,,,0.026,0.784,0.026,0.046,0.026,0.381,,0.239,0.133,,,0.138,0.58,,,,,,,,,,,0.81,0.288,0.041,,0.066,0.285,0.119,,,0.202,0.147,0.263,,0.078,0.057,0.675,0.096,0.54,0.078,,0.334,0.22926028,,,,,,,,,0.225,0.016,0.046,0.014,,,0.102,0.026,,0.099,,,,,,,,0.321,,,,0.148,0.144,0.629,,,0.133,,,0.059,,,,,0.057,0.133,0.107,,,,,0.405,0.101,0.078,0.173,,,0.043,,,
1818,0.104,,,,0.207,,0.07,0.144,0.026,,0.81,,,0.065,0.133,,0.133,0.026,,0.144,,,,,,0.716,0.123,0.107,,,,,0.169,,,,0.046,,0.144,0.215,,0.54,0.089,,,0.186,,0.413,0.026,0.085,0.51,,0.696,,0.276,0.026,,,,,,0.133,0.098,,,,,0.146,0.148,0.016,0.065,0.276,0.065,0.133,,0.133,0.252,,,0.01,0.026,,,,0.016,0.274,0.059,,,0.251,,,0.026,0.784,0.026,0.046,0.026,0.381,,0.239,0.133,,,0.138,0.58,,,,,,,,,,,0.81,0.288,0.041,,0.066,0.285,0.205,,,0.202,0.147,0.263,,0.078,0.057,0.675,0.096,0.54,0.078,,0.334,0.23063013,,,,,,,,,0.225,0.016,0.046,0.014,,,0.102,0.026,,0.099,,,,,,,,0.321,,,,0.148,0.144,0.629,,,0.133,,,0.059,,,,,0.057,0.133,0.107,,,,,0.405,0.101,0.078,0.173,,,0.043,,,
1819,0.104,,,,0.207,,0.07,0.144,0.026,,0.81,,,0.065,0.133,,0.133,0.026,,0.144,,,,,,0.716,0.166,0.107,,,,,0.169,,,,0.046,,0.144,0.215,,0.54,0.089,,,0.186,,0.413,0.026,0.085,0.51,,0.696,,0.276,0.026,,,,,,0.133,0.098,,,,,0.146,0.148,0.016,0.065,0.276,0.065,0.133,,0.133,0.252,,,0.01,0.026,,,,0.016,0.274,0.059,,,0.251,,,0.026,0.784,0.026,0.046,0.026,0.381,,0.239,0.133,,,0.138,0.58,,,,,,,,,,,0.81,0.288,0.041,,0.066,0.306,0.238,,,0.248,0.147,0.263,,0.078,0.057,0.675,0.096,0.54,0.078,,0.334,0.23483333,,,,,,,,,0.225,0.016,0.046,0.014,,,0.102,0.026,,0.133,,,,,,,,0.321,,,,0.148,0.144,0.629,,,0.133,,,0.059,,,,,0.057,0.133,0.107,,,,,0.405,0.101,0.078,0.173,,,0.043,,,
1820,0.104,,,,0.207,,0.104,0.144,0.026,,0.81,,,0.065,0.133,,0.133,0.026,,0.144,,,,,,0.716,0.294,0.107,,,,,0.169,,,,0.046,,0.144,0.215,,0.54,0.089,,,0.186,,0.455,0.026,0.085,0.51,,0.696,,0.276,0.026,,,,,,0.133,0.098,,,,,0.146,0.148,0.016,0.065,0.276,0.065,0.133,,0.133,0.252,,,0.01,0.026,,,,0.016,0.274,0.059,,,0.251,,,0.026,0.784,0.026,0.049,0.026,0.381,,0.239,0.133,,,0.138,0.58,,,,,,,,,,,0.81,0.288,0.041,,0.066,0.306,0.238,,,0.248,0.147,0.508,,0.078,0.057,0.675,0.112,0.54,0.078,,0.334,0.24364789,,,,,,,,,0.191,0.016,0.176,0.014,,,0.102,0.026,,0.133,,,,,,,,0.321,,,,0.148,0.144,0.629,,,0.133,,,0.059,,,,,0.057,0.133,0.107,,,,,0.405,0.101,0.078,,,,0.043,,,
1821,0.104,,,,0.207,,0.104,0.144,0.026,,0.81,,,0.065,0.133,,0.133,0.026,,0.144,,,,,,0.716,0.294,0.107,,,,,0.217,,,,0.046,,0.144,0.215,,0.54,0.089,,,0.186,,0.455,0.026,0.085,0.51,,0.632,,0.276,0.026,,,,,,0.133,0.098,,,,,0.36,0.148,0.016,0.065,0.276,0.065,0.133,,0.133,0.252,,,0.01,0.026,,,,0.016,0.274,0.059,,0.463,0.251,,,0.026,0.784,0.026,0.049,0.026,0.381,,0.309,0.133,,,0.138,0.58,,,,,,,,,,,0.81,0.288,0.041,,0.066,0.306,0.238,,,0.248,0.147,0.508,,0.481,0.057,0.675,0.095,0.54,0.078,,0.334,0.25756165,,,,,,0.386,,,0.191,0.016,0.176,0.014,,,0.102,0.026,,0.133,0.186,,,,,,,0.321,0.186,,,0.148,0.144,0.629,,,0.133,,,0.059,,,,,0.057,0.133,0.107,,,,,0.405,0.101,0.078,,,,0.043,,,
1822,0.104,,,,0.207,,0.104,0.144,0.026,,0.81,,,0.065,0.133,,0.133,0.026,,0.199,,,,,,0.716,0.31,0.107,,,,,0.217,,,,0.046,,0.144,0.215,,0.54,0.193,,,0.186,,0.455,0.026,0.085,0.51,,0.632,,0.276,0.026,,,,,,0.238,,,,,,0.36,0.148,0.016,0.065,0.276,0.065,0.133,,0.133,0.252,,,0.01,0.026,,,,0.016,0.274,0.059,,0.463,0.251,,,0.026,0.784,0.026,0.05,0.026,0.381,,0.264,0.133,,,0.138,0.58,,,,,,,,,,,0.81,0.288,0.041,,0.066,0.306,0.238,,,0.248,0.147,0.508,,0.481,0.057,0.675,0.095,0.54,0.078,,0.334,0.25824323,,,,,,0.386,,,0.191,0.016,0.176,0.014,,,0.102,0.026,,0.037,0.186,,,,,,,0.321,0.186,,,0.148,0.144,0.629,,,0.133,,,0.059,,,,,0.057,0.133,0.107,,,,,0.405,0.101,0.078,,,,0.043,,,
1823,0.104,,,,0.207,,0.104,0.144,0.026,,0.81,,,0.065,0.133,,0.133,0.026,,0.23,,,,,,0.716,0.403,0.107,,,,,0.217,,,,0.046,,0.144,0.215,,0.54,,,,0.186,,0.455,0.026,0.085,0.51,,0.632,,0.276,0.026,,,,,,0.238,0.063,,,,,0.36,0.148,0.016,0.065,0.276,0.065,0.133,,0.133,0.252,,,0.01,0.026,,,,0.016,0.274,0.059,,0.463,0.251,,,0.026,0.784,0.026,0.063,0.026,0.381,,0.264,0.133,,,0.138,0.58,,,,,,,,,,,0.81,0.288,0.041,,0.066,0.306,0.238,,,0.248,0.147,0.508,,0.481,0.057,0.675,0.095,0.54,0.078,,0.334,0.25833783,,,,,,0.386,,,0.191,0.016,0.176,0.014,,,0.102,0.026,,0.037,0.186,,,,,,,0.321,0.186,,,0.148,0.144,0.629,,,0.133,,,0.059,,,,,0.057,0.133,0.107,,,,,0.405,0.101,0.078,,,,0.043,,,
1824,0.104,,,,0.207,,0.104,0.144,0.026,,0.81,,,0.065,0.133,,0.133,0.026,,0.23,,,,,,0.716,0.403,0.107,,,,,0.217,,,,0.046,,0.144,0.215,,0.54,,,,0.186,,0.412,0.026,0.085,0.51,,0.632,,0.276,0.026,,,,,,0.238,0.063,,,,,0.36,0.148,0.016,0.065,0.276,0.065,0.133,,0.133,0.252,,,0.01,0.026,,,,0.016,0.274,0.059,,0.463,0.251,,,0.026,0.784,0.026,0.063,0.026,0.381,,0.264,0.133,,,0.138,0.58,,,,,,,,,,,0.81,0.288,0.041,,0.066,0.306,0.238,,,0.248,0.147,0.508,,0.481,0.057,0.675,0.095,0.54,0.078,,0.334,0.25751352,,,,,,0.386,,,0.191,0.016,0.158,0.014,,,0.102,0.026,,0.037,0.186,,,,,,,0.321,0.186,,,0.148,0.144,0.629,,,0.133,,,0.059,,,,,0.057,0.133,0.107,,,,,0.405,0.101,0.078,,,,0.043,,,
1825,0.104,,,,0.207,,0.104,0.144,0.026,,0.81,,,0.065,0.133,,0.133,0.026,0.086,0.23,,,,,,0.716,0.403,0.107,,,,,0.217,,,,0.046,,0.144,0.215,,0.54,,,,0.186,,0.412,0.026,0.085,0.51,,0.632,,0.276,0.026,,,,,,0.238,0.063,,,,,0.36,0.148,0.016,0.065,0.276,0.065,0.133,,0.133,0.252,,,0.01,0.026,,,,0.016,0.274,0.059,,0.463,0.251,,,0.026,0.784,0.026,0.063,0.026,0.381,,0.387,0.133,,,0.138,0.58,,,,,,,,,,,0.81,0.288,0.041,,0.066,0.306,0.238,,,0.248,0.147,0.508,,0.481,0.057,0.675,0.095,0.54,0.078,,0.334,0.2609079,,,,,,0.386,,,0.191,0.016,0.158,0.014,,,0.102,0.026,,0.037,0.186,,,,,,,0.321,0.186,,,0.148,0.144,0.629,,,0.133,,,0.059,,,,,0.057,0.133,0.107,,,,0.537,0.405,0.101,0.105,,,,0.043,,,
1826,0.104,,,,0.207,,0.104,0.144,0.017,,0.81,,,0.065,0.133,,0.133,0.017,0.086,0.23,,,,,,0.716,0.403,0.107,,,,,0.217,,,,0.046,,0.144,0.215,,0.54,,,,0.186,,0.412,0.017,0.085,0.51,,0.632,,0.276,0.017,,,,,,0.238,0.063,,,,,0.36,0.148,0.016,0.065,0.276,0.065,0.133,,0.133,0.252,,,0.01,0.017,,,,0.016,0.274,0.059,,0.463,0.251,,,0.017,0.784,0.017,0.063,0.017,0.381,,0.387,0.133,,,0.138,0.58,,,,,,,,,,,0.81,0.288,0.041,,0.066,0.306,0.238,,,0.248,0.147,0.508,,0.481,0.057,0.675,0.095,0.54,0.078,,0.334,0.26014474,,,,,,0.386,,,0.191,0.016,0.138,0.014,,,0.102,0.017,,0.037,0.186,,,,,,,0.321,0.186,,,0.148,0.144,0.629,,,0.133,,,0.059,,,,,0.057,0.133,0.107,,,,0.537,0.405,0.101,0.076,,,,0.043,,,
1827,0.104,,,,0.207,,0.104,0.144,0.017,,0.81,,,0.065,0.133,,0.133,0.017,0.086,0.23,,,,,,0.716,0.403,0.107,,,,,0.217,,,,0.046,,0.144,0.215,,0.54,,,,0.186,,0.412,0.017,0.085,0.51,,0.632,,0.276,0.017,,,,,,0.238,0.063,,,,,0.36,0.148,0.016,0.065,0.276,0.065,0.133,,0.133,0.252,,,0.01,0.017,,,,0.013,0.274,0.059,,0.463,0.251,,,0.017,0.784,0.017,0.063,0.017,0.381,,0.387,0.133,,,0.138,0.58,,,,,,,,,,,0.81,0.288,0.041,,0.066,0.306,0.238,,,0.248,0.147,0.508,,0.481,0.057,0.675,0.095,0.54,0.078,,0.334,0.26001316,,,,,,0.386,,,0.191,0.013,0.086,0.014,,,0.102,0.017,,0.037,0.186,,,,,,,0.321,0.186,,,0.148,0.144,0.629,,,0.133,,,0.059,,,,,0.057,0.133,0.107,,,,0.537,0.405,0.101,0.076,,,,0.043,,,
1828,0.104,,,,0.207,,0.104,0.144,0.017,,0.81,,,0.065,0.133,,0.133,0.017,0.086,0.23,,,,,,0.716,0.331,0.107,,,,,0.217,,,,0.046,,0.144,0.215,,0.54,,,,0.186,,0.412,0.017,0.085,0.51,,0.632,,0.276,0.017,,,,,,0.238,0.063,,,,,0.36,0.148,0.016,0.065,0.276,0.065,0.133,,0.133,0.252,,,0.01,0.017,,,,0.017,0.274,0.059,,0.463,0.251,,,0.017,0.784,0.017,0.063,0.017,0.381,,0.387,0.133,,,0.138,0.58,,,,,,,,,,,0.81,0.288,0.041,,0.066,0.306,0.238,,,0.248,0.147,0.508,,0.481,0.057,0.675,0.095,0.54,0.078,,0.334,0.2585,,,,,,0.386,,,0.152,0.017,0.078,0.014,,,0.102,0.017,,0.037,0.186,,,,,,,0.321,0.186,,,0.148,0.144,0.629,,,0.133,,,0.059,,,,,0.057,0.133,0.107,,,,0.537,0.405,0.101,0.076,,,,0.043,,,
1829,0.104,,,,0.207,,0.104,0.144,0.017,,0.81,,,0.065,0.133,,0.133,0.017,0.095,0.23,,,,,,0.716,0.331,0.107,,,,,0.217,,,,0.046,,0.144,0.215,,0.54,,,,0.186,,0.412,0.017,0.085,0.51,,0.632,,0.276,0.017,,,,,,0.238,0.063,,,,,0.36,0.148,0.016,0.065,0.276,0.065,0.133,,0.133,0.252,,,0.01,0.017,,,,0.017,0.274,0.059,,0.463,0.251,,,0.017,0.784,0.017,0.063,0.017,0.172,,0.387,0.133,,,0.138,0.58,,,,,,,,,,,0.81,0.288,0.041,,0.066,0.306,0.238,,,0.248,0.147,0.508,,0.481,0.057,0.675,0.095,0.54,0.078,,0.334,0.25586843,,,,,,0.386,,,0.152,0.017,0.078,0.014,,,0.102,0.017,,0.037,0.186,,,,,,,0.321,0.186,,,0.148,0.144,0.629,,,0.133,,,0.059,,,,,0.057,0.133,0.107,,,,0.537,0.405,0.101,0.076,,,,0.043,,,
1830,0.104,,,,0.207,,0.104,0.144,0.017,,0.436,,,0.065,0.151,,0.151,0.017,0.095,0.23,,,,,,0.694,0.36,0.107,,,,,0.217,,,,0.046,,0.144,0.215,,0.54,,,0.245,0.186,,0.412,0.017,0.085,0.51,,0.699,,0.384,0.017,,,,,,0.238,0.063,,,,,0.36,0.148,0.016,0.065,0.384,0.065,0.151,,0.151,0.252,,,0.01,0.017,,,,0.017,0.274,0.059,,0.463,0.251,,,0.017,0.784,0.017,0.063,0.017,0.172,,0.387,0.151,,,0.138,0.539,,,,,,,,,,,0.81,0.288,0.041,,0.066,0.306,0.238,,,0.248,0.147,0.508,,0.481,0.057,0.675,0.08,0.54,0.078,,0.334,0.26125318,,,,,,0.386,,,0.192,0.017,0.078,0.014,,,0.102,0.017,,0.037,0.186,,,,,,,0.321,0.186,,,0.148,0.144,0.629,,,0.151,,,0.059,,,,,0.057,0.151,0.107,,,,0.566,0.405,0.101,0.061,0.259,,,0.043,,,
1831,0.104,,,,0.207,,0.104,0.144,0.017,,0.436,,,0.065,0.151,,0.151,0.017,0.095,0.23,,,,,,0.694,0.344,0.107,,,,,0.217,,,,0.046,,0.144,0.215,,0.54,,,0.253,0.186,,0.449,0.017,0.085,0.51,,0.699,,0.384,0.017,,,,,,0.238,0.063,,,,,0.36,0.148,0.016,0.065,0.384,0.065,0.151,,0.151,0.252,,,0.01,0.017,,,,0.017,0.274,0.059,,0.463,0.251,,,0.017,0.784,0.017,0.063,0.017,0.172,,0.387,0.151,,,0.138,0.539,,,,,,,,,,,0.81,0.288,0.041,,0.066,0.306,0.238,,,0.248,0.147,0.508,,0.481,0.057,0.675,0.08,0.54,0.078,,0.334,0.2619747,,,,,,0.386,,,0.192,0.017,0.078,0.014,,,0.102,0.017,,0.037,0.186,,,,,,,0.337,0.186,,,0.148,0.144,0.629,,,0.186,,,0.059,,,,,0.057,0.151,0.107,,,,0.566,0.405,0.101,0.031,0.259,,,0.043,,,
1832,0.104,,,,0.207,,0.104,0.144,0.017,,0.625,,,0.065,0.151,,0.151,0.017,0.095,0.23,,,,,,0.694,0.32,0.107,,,,,0.247,,,,0.046,,0.144,0.215,,0.54,,,0.253,0.186,,0.449,0.017,0.085,0.51,,0.699,,0.384,0.017,,,,,,0.238,0.063,,,,,0.36,0.148,0.016,0.065,0.384,0.065,0.151,,0.151,0.252,,,0.01,0.017,,,,0.017,0.274,0.059,,0.463,0.251,,,0.017,0.784,0.017,0.063,0.017,0.172,,0.387,0.151,,,0.138,0.539,,,,,,,,,,,0.81,0.288,0.041,,0.066,0.306,0.238,,,0.248,0.147,0.508,,0.481,0.057,0.675,0.08,0.54,0.078,,0.334,0.2643038,,,,,,0.386,,,0.105,0.017,0.078,0.014,,,0.102,0.017,,0.037,0.186,,,,,,,0.337,0.186,,,0.148,0.144,0.629,,,0.186,,,0.059,,,,,0.057,0.151,0.107,,,,0.566,0.405,0.101,0.031,0.259,,,0.043,,,
1833,0.104,,,,0.207,,0.104,0.144,0.017,,0.625,,,0.065,0.151,,0.151,0.017,0.095,0.23,,,,,,0.694,0.296,0.107,,,,,0.247,,,,0.046,,0.144,0.215,,0.54,,,0.253,0.186,,0.449,0.017,0.085,0.51,,0.699,,0.407,0.017,,,,,,0.281,0.063,,,,,0.36,0.148,0.016,0.065,0.407,0.065,0.151,,0.151,0.252,,,0.01,0.017,,,,0.017,0.274,0.059,,0.463,0.251,,,0.017,0.784,0.017,0.063,0.017,0.172,,0.387,0.151,,,0.138,0.539,,,,,,,,,,,0.81,0.288,0.041,,0.066,0.306,0.238,,,0.248,0.147,0.508,,0.481,0.057,0.675,0.08,0.54,0.078,,0.334,0.26705062,,,,,,0.386,,,0.105,0.017,0.078,0.014,,,0.102,0.017,,0.037,0.186,,,,,,,0.337,0.186,,,0.148,0.144,0.629,,,0.186,,,0.059,,,,,0.057,0.151,0.107,,,,0.566,0.405,0.101,0.031,0.259,,,0.043,,,
1834,0.104,,,,0.207,,0.104,0.144,0.017,,0.625,,,0.065,0.151,,0.151,0.017,0.095,0.23,,,,,,0.694,0.296,0.107,,,,,0.247,,,,0.046,,0.144,0.215,,0.54,,,0.253,0.186,,0.449,0.017,0.085,0.51,,0.699,,0.476,0.017,,,,,,0.281,0.063,,,,,0.36,0.148,0.016,0.065,0.476,0.065,0.151,,0.151,0.252,,,0.01,0.017,,,,0.017,0.274,0.059,,0.463,0.251,,,0.017,0.784,0.017,0.063,0.017,0.172,,0.387,0.151,,,0.138,0.539,,,,,,,,,,,0.81,0.288,0.041,,0.066,0.306,0.238,,,0.248,0.147,0.508,,0.481,0.057,0.675,0.08,0.54,0.078,,0.334,0.2689114,,,,,,0.386,,,0.105,0.017,0.129,0.014,,,0.102,0.017,,0.037,0.186,,,,,,,0.337,0.186,,,0.148,0.144,0.629,,,0.186,,,0.059,,,,,0.057,0.151,0.107,,,,0.566,0.405,0.101,0.031,0.286,,,0.043,,,
1835,0.104,,,,0.207,,0.104,0.144,0.017,,0.625,,,0.065,0.151,,0.151,0.017,0.095,0.23,,,,,,0.694,0.296,0.107,,,,,0.247,,,,0.046,,0.144,0.215,,0.54,,,0.253,0.186,,0.449,0.017,0.085,0.51,,0.699,,0.639,0.017,,,,,,0.281,0.063,,,,,0.36,0.148,0.016,0.065,0.639,0.065,0.151,,0.151,0.252,,,0.01,0.017,,,,0.017,0.274,0.059,,0.463,,,,0.017,0.784,0.017,0.063,0.017,0.172,,0.387,0.151,,,0.138,0.539,,,,,,,,,,,0.81,0.288,0.041,,0.066,0.306,0.238,,,0.248,0.147,0.508,,0.481,0.057,0.675,0.08,0.54,0.078,,0.334,0.2770641,,,,,,0.386,,,0.105,0.017,0.409,0.014,,,0.102,0.017,,0.037,0.186,,,,,,,0.508,0.186,,,0.148,0.144,0.629,,,0.186,,,0.059,,,,,0.057,0.151,0.107,,,,0.566,0.405,0.101,0.031,0.29,,,0.043,,,
1836,0.104,,,,0.207,,0.104,0.144,0.017,,0.625,,,0.065,0.151,,0.151,0.017,0.095,0.23,,,,,,0.694,0.296,0.107,,,,,0.247,,,,0.046,,0.144,0.215,,0.54,,,0.253,0.186,,0.449,0.017,0.085,0.51,,0.699,,0.639,0.017,,,,,,0.281,0.063,,,,,0.36,0.148,0.016,0.065,0.639,0.065,0.151,,0.151,0.252,,,0.01,0.017,,,,0.017,0.274,0.059,,0.463,,,,0.017,0.784,0.017,0.063,0.017,0.172,,0.387,0.151,,,0.138,0.539,,,,,,,,,,,0.81,0.288,0.041,,0.066,0.306,0.238,,,0.248,0.147,0.508,,0.481,0.057,0.675,0.08,0.54,0.078,,0.334,0.27741027,,,,,,0.386,,,0.105,0.017,0.409,0.014,,,0.102,0.017,,0.037,0.186,,,,,,,0.535,0.186,,,0.148,0.144,0.629,,,0.186,,,0.059,,,,,0.057,0.151,0.107,,,,0.566,0.405,0.101,0.031,0.29,,,0.043,,,
1837,0.104,,,,0.207,,0.104,0.144,0.017,,0.625,,,0.065,0.151,,0.151,0.017,0.095,0.23,,,,,,0.694,0.296,0.107,,,,,0.192,,,,0.046,,0.144,0.215,,0.54,,,0.253,0.186,,0.449,0.017,0.085,0.51,,0.699,,0.639,0.017,,,,,,0.281,0.063,,,,,0.36,0.148,0.016,0.065,0.639,0.065,0.151,,0.151,0.252,,,0.01,0.017,,,,0.017,0.274,0.059,,0.463,,,,0.017,0.784,0.017,0.063,0.017,0.172,,0.387,0.151,,,0.138,0.539,,,,,,,,,,,0.81,0.288,0.041,,0.066,0.306,0.238,,,0.248,0.147,0.508,,0.481,0.057,0.675,0.08,0.54,0.078,,0.334,0.27670512,,,,,,0.386,,,0.105,0.017,0.409,0.014,,,0.102,0.017,,0.037,0.186,,,,,,,0.535,0.186,,,0.148,0.144,0.629,,,0.186,,,0.059,,,,,0.057,0.151,0.107,,,,0.566,0.405,0.101,0.031,0.29,,,0.043,,,
1838,0.104,,,,0.207,,0.104,0.144,0.017,,0.625,,,0.065,0.151,,0.151,0.017,0.095,0.23,,,,,,0.694,0.338,0.107,,,,,0.192,,,0.637,0.046,,0.144,0.215,,0.54,,,0.253,0.186,,0.449,0.017,0.085,0.51,,0.699,,0.659,0.017,,,,,,0.281,0.059,,,0.48,,0.36,0.148,0.016,0.065,0.659,0.065,0.151,,0.151,0.252,,,0.01,0.017,,,,0.017,0.274,0.059,,0.463,,,,0.017,0.784,0.017,0.063,0.017,0.172,,0.387,0.151,,,0.138,0.539,,,,,,,,,,0.099,0.81,0.288,0.041,,0.066,0.306,0.238,,,0.248,0.147,0.508,,0.481,0.057,0.675,0.08,0.54,0.078,,0.334,0.27846342,,,,,,0.386,,,0.105,0.017,0.409,0.014,,,0.102,0.017,,0.037,0.186,,,,,0.106,,0.535,0.186,,,0.148,0.144,0.629,,,0.186,,,0.059,,,,,0.057,0.151,0.107,,,,0.566,0.276,0.101,0.031,0.29,,,0.043,,,
1839,0.104,,,,0.207,,0.104,0.144,0.017,,0.625,,,0.065,0.298,,0.298,0.017,0.095,0.23,,,,,,0.694,0.338,0.107,,,,,0.192,,,0.637,0.046,,0.144,0.215,,0.54,,,0.253,0.186,,0.449,0.017,0.085,0.51,,0.699,,0.659,0.017,,,,,,0.281,0.062,,,0.48,,0.36,0.148,0.016,0.065,0.659,0.065,0.298,,0.298,0.252,,,0.01,0.017,,,,0.013,0.274,0.059,,0.463,,,,0.017,0.784,0.017,0.063,0.017,0.172,,0.387,0.298,,,0.138,0.539,,,,,,,,,,0.099,0.81,0.288,0.041,,0.066,0.306,0.238,,,0.248,0.147,0.508,,0.481,0.057,0.675,0.08,0.54,0.078,,0.334,0.28009757,,,,0.065,,0.386,,,0.093,0.013,0.409,0.014,,,0.102,0.017,,0.037,0.186,,,,,0.106,,0.535,0.186,,,0.148,0.144,0.629,,,0.186,,,0.059,,,,,0.057,0.298,0.107,,,,0.566,0.276,0.101,0.031,0.29,,,0.043,,,
1840,0.104,,,,0.207,,0.104,0.144,0.017,,0.747,,,0.065,0.333,,0.333,0.017,0.095,0.23,,,,,,0.694,0.338,0.107,,,,,0.192,,,0.637,0.046,,0.144,0.215,,0.54,,,0.253,0.203,,0.449,0.017,0.085,0.51,,0.699,,0.659,0.017,,,,,,0.281,0.062,,,0.48,,0.36,0.176,0.016,0.065,0.659,0.078,0.333,,0.333,0.252,,,0.01,0.017,,,,0.013,0.274,0.059,,0.463,,,,0.017,0.784,0.017,0.063,0.017,0.172,,0.387,0.333,,,0.138,0.539,,,,,,,,,,0.099,0.81,0.288,0.041,,0.066,0.306,0.238,,,0.248,0.147,0.508,,0.481,0.057,0.675,0.08,0.54,0.078,,0.334,0.28154877,,,,0.065,,0.386,,,0.093,0.013,0.409,0.023,,,0.102,0.017,,0.037,0.203,,,,,0.106,,0.535,0.203,,,0.176,0.144,0.629,,,0.333,,,0.059,,,,,0.057,0.333,0.107,,,,0.566,0.276,0.101,0.031,0.29,,,0.043,,,
1841,0.104,,,,0.207,,0.659,0.144,0.017,,0.747,,,0.065,0.333,,0.333,0.017,0.095,0.23,,,,,0.754,0.694,0.338,0.107,,,,,0.192,,,0.66,0.046,,0.144,0.215,,0.54,,,0.253,0.203,,0.449,0.017,0.085,0.51,,0.699,,0.659,0.017,,,,,,0.281,0.062,,,0.48,,0.36,0.176,0.016,0.065,0.659,0.078,0.333,,0.333,0.252,,,0.01,0.017,,,,0.013,0.274,0.059,,0.463,,,,0.017,0.784,0.017,0.063,0.017,0.172,,0.387,0.333,,,0.138,0.539,,,,,,,,,,0.099,0.81,0.288,0.041,0.881,0.066,0.306,0.238,,,0.248,0.147,0.508,,0.481,0.057,0.675,0.08,0.54,0.078,,0.334,0.30282143,,,,0.065,,0.386,,,0.093,0.013,0.409,0.048,,,0.102,0.017,,0.037,0.203,,,,,0.106,,0.535,0.203,,,0.176,0.144,0.629,,,0.333,,,0.059,,,,,0.057,0.333,0.107,,,,0.566,0.276,0.101,0.031,0.29,,,0.043,,,
1842,0.104,,,,0.207,,0.659,0.144,0.017,,0.747,,,0.065,0.333,,0.333,0.017,0.095,0.23,,,,,0.754,0.694,0.338,0.107,,,,,0.192,,,0.63,0.046,,0.144,0.215,,0.54,,,0.253,0.242,,0.449,0.017,0.085,0.51,,0.699,,0.659,0.017,,,,,,0.281,0.062,,,0.48,,0.36,0.176,0.016,0.065,0.659,0.078,0.333,,0.333,0.252,,,0.01,0.017,,,,0.013,0.274,0.059,,0.463,,,,0.017,0.784,0.017,0.063,0.017,0.172,,0.387,0.333,,,0.138,0.539,,,,,,,,,,0.099,0.81,0.353,0.041,0.881,0.066,0.306,0.238,,,0.248,0.147,0.508,,0.481,0.057,0.675,0.08,0.54,0.078,,0.334,0.30370238,,,,0.065,,0.386,,,0.093,0.013,0.409,0.048,,,0.102,0.017,,0.037,0.242,,,,,0.106,,0.535,0.242,,,0.176,0.144,0.629,,,0.333,,,0.059,,,,,0.057,0.333,0.107,,,,0.566,0.276,0.101,0.031,0.29,,,0.043,,,
1843,0.104,,,,0.207,,0.659,0.144,0.017,,0.747,,,0.065,0.333,,0.333,0.017,0.095,0.23,,,,,0.754,0.694,0.338,0.107,,,,,0.296,,,0.67,0.046,,0.144,0.215,,0.54,,,0.253,0.242,,0.449,0.017,0.085,0.51,,0.699,,0.659,0.017,,,,,,0.281,0.062,,,0.48,,0.36,0.176,0.016,0.065,0.659,0.078,0.333,,0.333,0.252,,,0.01,0.017,,,,0.013,0.274,0.059,,0.463,,,,0.017,0.784,0.017,0.063,0.017,0.172,,0.387,0.333,,,0.138,0.539,,,,,,,,,,0.099,0.81,0.427,0.041,0.881,0.066,0.306,0.238,,,0.248,0.147,0.508,,0.481,0.057,0.675,0.08,0.54,0.078,,0.334,0.30629763,,,,0.065,,0.386,,,0.093,0.013,0.409,0.048,,,0.102,0.017,,0.037,0.242,,,,,0.106,,0.535,0.242,,,0.176,0.144,0.629,,,0.333,,,0.059,,,,,0.057,0.333,0.107,,,,0.566,0.276,0.101,0.031,0.29,,,0.043,,,
1844,0.104,,,,0.207,,0.659,0.144,0.017,,0.747,,,0.065,0.333,,0.333,0.017,0.095,0.23,,,,,0.754,0.694,0.304,0.107,,,,,0.296,,,0.67,0.046,,0.144,0.215,,0.54,0.283,,0.253,0.242,,0.449,0.017,0.085,0.51,,0.699,,0.703,0.017,,,,,,0.332,0.062,,,0.48,,0.36,0.182,0.016,0.065,0.703,0.078,0.333,,0.333,0.252,,,0.01,0.017,,,,0.013,0.274,0.059,,0.463,,,,0.017,0.784,0.017,0.063,0.017,0.172,,0.387,0.333,,,0.138,0.539,,,,,,,,,,0.099,0.81,0.427,0.041,0.881,0.066,0.306,0.238,,,0.248,0.147,0.508,,0.481,0.057,0.675,0.08,0.54,0.078,,0.334,0.30681175,,,,0.065,,0.386,,,0.093,0.013,0.409,0.048,,,0.102,0.017,,0.037,0.242,,,,,0.106,,0.535,0.242,,,0.182,0.144,0.629,,,0.333,,,0.059,,,,,0.057,0.333,0.107,,,,0.566,0.276,0.101,0.031,0.29,,,0.043,,,
1845,0.104,,,,0.207,,0.659,0.144,0.017,,0.747,,,0.065,0.333,,0.333,0.017,0.095,0.23,,,,,0.754,0.694,0.342,0.107,,,,,0.296,,,0.67,0.046,,0.144,0.215,,0.54,0.283,,0.253,0.242,,0.449,0.017,0.085,0.51,,0.699,,0.703,0.017,,,,,,0.332,0.062,,,0.48,,0.36,0.182,0.016,0.065,0.703,0.078,0.333,,0.333,0.252,,,0.01,0.017,,,,0.013,0.274,0.059,,0.463,,,,0.017,0.784,0.017,0.063,0.017,0.172,,0.387,0.333,,,0.138,0.539,,,,,,,,,,0.099,0.81,0.427,0.041,0.881,0.066,0.306,0.238,,,0.248,0.147,0.508,,0.481,0.057,0.675,0.08,0.54,0.061,,0.334,0.30737647,,,,0.065,,0.386,,,0.093,0.013,0.436,0.048,,,0.102,0.017,,0.037,0.242,,,,,0.106,,0.535,0.242,,,0.182,0.144,0.629,,,0.333,,,0.059,,,,,0.057,0.333,0.107,,,,0.566,0.276,0.101,0.031,0.29,,,0.043,,,
1846,0.104,,,,0.207,,0.659,0.144,0.017,,0.747,,,0.065,0.333,,0.333,0.017,0.095,0.23,,,,,0.754,0.694,0.342,0.107,,,,,0.296,,,0.67,0.046,,0.144,0.215,,0.54,0.283,,0.253,0.242,,0.449,0.017,0.085,0.51,,0.699,,0.703,0.017,,,,,,0.332,0.062,,,0.48,,0.36,0.182,0.016,0.065,0.703,0.078,0.333,,0.333,0.252,,,0.01,0.017,,,,0.013,0.274,0.059,,0.463,,,,0.017,0.784,0.017,0.063,0.017,0.172,,0.387,0.333,,,0.138,0.539,,,,,,,,,,0.099,0.81,0.427,0.03,0.881,0.066,0.306,0.238,,,0.248,0.147,0.508,,0.481,0.057,0.675,0.08,0.54,0.061,,0.297,0.30530587,,,,0.065,,0.386,,,0.093,0.013,0.263,0.048,,,0.102,0.017,,0.037,0.242,,,,,0.106,,0.535,0.242,,,0.182,0.144,0.629,,,0.333,,,0.059,,,,,0.071,0.333,0.107,,,,0.566,0.276,0.101,0.062,0.29,,,0.043,,,
1847,0.104,,,,0.207,,0.659,0.144,0.017,,0.747,,,0.065,0.333,,0.333,0.017,0.095,0.23,,,,,0.754,0.694,0.342,0.107,,,,,0.296,,,0.67,0.046,,0.144,0.215,,0.54,0.283,,0.253,0.242,,0.449,0.017,0.085,0.51,,0.699,,0.703,0.017,,,,,,0.332,0.062,,,0.48,,0.442,0.182,0.016,0.065,0.703,0.078,0.333,,0.333,0.252,,,0.01,0.017,,,,0.013,0.274,0.059,,0.463,,,,0.017,0.784,0.017,0.063,0.017,0.172,,0.387,0.333,,,0.138,0.539,,,,,,,,,,0.099,0.81,0.427,0.03,0.881,0.066,0.306,0.238,,,0.248,0.147,0.508,,0.481,0.057,0.675,0.08,0.54,0.061,,0.297,0.3067294,,,,0.065,,0.386,,,0.093,0.013,0.263,0.067,,,0.102,0.017,,0.037,0.242,,,,,0.106,,0.535,0.242,,,0.182,0.144,0.629,,,0.333,,,0.059,,,,,0.071,0.333,0.107,,,,0.566,0.276,0.101,0.109,0.263,,,0.043,,,
1848,0.104,,,,0.207,,0.659,0.307,0.029,,0.747,,,0.065,0.333,,0.333,0.029,0.095,0.23,,,,,0.754,0.758,0.342,0.107,,,,,0.364,,,0.686,0.046,,0.307,0.291,,0.719,0.283,,0.253,0.242,,0.449,0.029,0.085,0.51,,0.759,,0.703,0.029,,,,,,0.332,0.062,,,0.48,,0.372,0.566,0.016,0.065,0.703,0.097,0.333,,0.333,0.322,,,0.01,0.029,,,,0.013,0.274,0.059,,0.463,,,,0.029,0.784,0.029,0.063,0.029,0.172,,0.387,0.333,,,0.138,0.539,,,,,,,,,,0.099,0.81,0.427,0.03,0.881,0.066,0.306,0.238,,,0.248,0.147,0.508,,0.481,0.057,0.675,0.08,0.54,0.038,,0.336,0.32155293,,,,0.065,,0.386,,,0.093,0.013,0.263,0.067,,,0.102,0.029,,0.037,0.242,,,,,0.106,,0.535,0.242,,,0.566,0.307,0.629,,,0.333,,,0.059,,,,,0.071,0.333,0.107,,,,0.566,0.276,0.101,0.137,0.247,,,0.043,,,
1849,0.104,,,,0.207,,0.659,0.234,0.029,,0.747,,,0.065,0.333,,0.333,0.029,0.095,0.23,,,,,0.754,0.819,0.368,0.107,,,,,0.403,,,0.686,0.046,,0.234,0.291,,0.767,0.283,,0.253,0.311,,0.449,0.029,0.085,0.51,,0.759,,0.703,0.029,,,,,,0.332,0.062,,,0.48,,0.372,0.566,0.016,0.065,0.703,0.097,0.333,,0.333,0.51,,,0.01,0.029,,,,0.017,0.274,0.059,,0.463,,,,0.029,0.784,0.029,0.063,0.029,0.172,,0.387,0.333,,,0.138,0.539,,,,,,,,,,0.099,0.844,0.427,0.03,0.881,0.066,0.306,0.238,,,0.414,0.181,0.642,,0.481,0.057,0.214,0.08,0.54,0.038,,0.303,0.32751766,,,,0.065,,0.386,,,0.093,0.017,0.376,0.067,,,0.102,0.029,,0.037,0.311,,,,,0.106,,0.535,0.311,,,0.566,0.234,0.629,,,0.333,,,0.059,,,,,0.071,0.333,0.107,,,,0.566,0.365,0.101,0.178,0.275,,,0.043,,,
1850,0.104,,,,0.258,,0.659,0.182,0.029,,0.747,,,0.065,0.333,,0.333,0.029,0.095,0.23,,,,,0.754,0.819,0.368,0.103,,,,,0.438,,,0.686,0.046,,0.182,0.291,,0.83,0.283,,0.253,0.28,,0.449,0.029,0.085,0.51,,0.759,,0.703,0.029,,,,,,0.332,0.062,,,0.48,,0.372,0.393,0.016,0.065,0.703,0.097,0.333,,0.333,0.537,,,0.014,0.029,,,,0.017,0.274,0.059,,0.463,,,,0.029,0.784,0.029,0.063,0.029,0.172,,0.387,0.333,,,0.138,0.595,,,,,,,,,,0.099,0.844,0.427,0.03,0.881,0.066,0.373,0.238,,,0.414,0.181,0.642,,0.481,0.057,0.214,0.095,0.54,0.038,,0.339,0.32829413,,,,0.065,,0.386,,,0.093,0.017,0.505,0.067,,,0.111,0.029,,0.037,0.28,,,,,0.106,,0.535,0.28,,,0.393,0.182,0.629,,,0.333,,,0.059,,,,,0.071,0.333,0.103,,,,0.566,0.365,0.101,0.044,0.292,,,0.043,,,
1851,0.104,,,,0.258,,0.659,0.182,0.029,,0.747,,,0.065,0.333,,0.333,0.029,0.095,0.23,,,,,0.754,0.819,0.347,0.086,,,,,0.438,,,0.686,0.046,,0.182,0.291,,0.83,0.283,,0.253,0.362,,0.449,0.029,0.083,0.51,,0.702,,0.703,0.029,,,,,,0.332,0.062,,,0.48,,0.372,0.393,0.016,0.065,0.703,0.097,0.333,,0.333,0.537,,,0.014,0.029,,,,0.017,0.274,0.059,,0.463,,,,0.029,0.784,0.029,0.063,0.029,0.172,,0.387,0.333,,,0.138,0.595,,,,,,,,,,0.099,0.844,0.427,0.03,0.881,0.066,0.373,0.238,,,0.414,0.148,0.642,,0.481,0.057,0.214,0.095,0.54,0.038,,0.339,0.3314643,,,,0.065,,0.386,,,0.093,0.017,0.505,0.067,,,0.111,0.029,,0.037,0.362,,,,,0.106,,0.535,0.362,,,0.393,0.182,0.629,,,0.333,,,0.059,,,,,0.071,0.333,0.086,,,,0.566,0.365,0.101,0.044,0.292,,,0.333,,,
1852,0.104,,,,0.319,,0.659,0.182,0.029,,0.747,,,0.065,0.333,,0.333,0.029,0.095,0.23,,,,,0.754,0.819,0.347,0.086,,,,,0.438,,,0.686,0.046,,0.182,0.291,,0.83,0.283,,0.253,0.362,,0.449,0.029,0.083,0.51,,0.702,,0.703,0.029,,,,,,0.332,0.062,,,0.48,,0.372,0.393,0.025,0.065,0.703,0.097,0.333,,0.333,0.537,,,0.014,0.029,,,,0.017,0.274,0.059,,0.463,,,,0.029,0.784,0.029,0.063,0.029,0.172,,0.387,0.333,,,0.138,0.595,,,,,,,,,,0.099,0.844,0.462,0.03,0.881,0.066,0.373,0.238,,,0.414,0.148,0.642,,0.481,0.057,0.214,0.095,0.54,0.038,,0.339,0.33291668,,,,0.065,,0.386,,,0.093,0.017,0.505,0.067,,,0.111,0.029,,0.037,0.362,,,,,0.106,,0.535,0.362,,,0.393,0.182,0.629,,,0.333,,,0.059,,,,,0.071,0.333,0.086,,,,0.566,0.365,0.101,0.061,0.292,,,0.333,,,
1853,0.104,,,,0.319,,0.659,0.182,0.029,,0.747,,,0.065,0.333,,0.333,0.029,0.095,0.23,,,,,0.754,0.819,0.347,0.086,,,,,0.438,,,0.686,0.046,,0.182,0.291,,0.83,0.283,,0.253,0.362,,0.449,0.029,0.083,0.51,,0.702,,0.703,0.029,,,,,,0.332,0.062,,,0.48,,0.372,0.393,0.025,0.065,0.703,0.097,0.333,,0.333,0.537,,,0.014,0.029,,,,0.017,0.274,0.059,,0.463,,,,0.029,0.784,0.029,0.063,0.029,0.172,,0.387,0.333,,,0.138,0.595,,,,,,,,,,0.099,0.844,0.462,0.03,0.881,0.066,0.373,0.238,,,0.414,0.148,0.642,,0.481,0.057,0.214,0.095,0.54,0.038,,0.339,0.3332262,,,,0.065,,0.386,,,0.093,0.017,0.531,0.067,,,0.111,0.029,,0.037,0.362,,,,,0.106,,0.535,0.362,,,0.393,0.182,0.629,,,0.333,,,0.059,,,,,0.071,0.333,0.086,,,,0.566,0.365,0.101,0.061,0.292,,,0.333,,,
1854,0.104,,,,0.319,,0.659,0.182,0.029,,0.747,,,0.065,0.333,,0.333,0.029,0.095,0.23,,,,,0.754,0.819,0.347,0.086,,,,,0.438,,,0.686,0.046,,0.182,0.291,,0.83,0.283,,0.253,0.362,,0.485,0.029,0.083,0.51,,0.702,,0.703,0.029,,,,,,0.332,0.062,,,0.48,,0.372,0.393,0.025,0.065,0.703,0.097,0.333,,0.333,0.537,,,0.018,0.029,,,,0.017,0.274,0.059,,0.463,,,,0.029,0.784,0.029,0.063,0.029,0.172,,0.387,0.333,,,0.138,0.595,,,,,,,,,,0.099,0.844,0.488,0.03,0.881,0.066,0.373,0.238,,,0.414,0.148,0.642,,0.481,0.057,0.214,0.095,0.54,0.038,,0.339,0.3340119,,,,0.065,,0.386,,,0.093,0.017,0.531,0.067,,,0.111,0.029,,0.037,0.362,,,,,0.106,,0.535,0.362,,,0.393,0.182,0.629,,,0.333,,,0.059,,,,,0.071,0.333,0.086,,,,0.566,0.365,0.101,0.061,0.292,,,0.333,,,
1855,0.104,,,,0.319,,0.659,0.182,0.05,,0.747,,,0.065,0.333,,0.333,0.05,0.095,0.23,,,,,0.754,0.819,0.347,0.086,,,,,0.392,,,0.686,0.046,,0.182,0.291,,0.83,0.283,,0.253,0.362,,0.485,0.05,0.077,0.51,,0.702,,0.703,0.05,,,,,,0.332,0.062,,,0.48,,0.372,0.393,0.025,0.065,0.703,0.097,0.333,,0.333,0.537,,,0.018,0.05,,,,0.017,0.274,0.059,,0.463,,,,0.05,0.784,0.05,0.063,0.05,0.172,,0.387,0.333,,,0.138,0.595,,,,,,,,,,0.099,0.844,0.488,0.03,0.881,0.066,0.373,0.238,,,0.414,0.148,0.642,,0.481,0.057,0.214,0.095,0.54,0.038,,0.339,0.33685714,,,,0.065,,0.47,,,0.093,0.017,0.531,0.065,,,0.111,0.05,,0.037,0.362,,,,,0.106,,0.535,0.362,,,0.393,0.182,0.629,,,0.333,,,0.059,,,,,0.071,0.333,0.086,,,,0.566,0.365,0.101,0.061,0.48,,,0.333,,,
1856,0.104,,,,0.319,,0.659,0.182,0.05,,0.747,,,0.065,0.333,,0.333,0.05,0.095,0.23,,,,,0.754,0.819,0.347,0.086,,,,,0.392,,,0.686,0.046,,0.182,0.291,,0.83,0.283,,0.253,0.362,,0.485,0.05,0.077,0.51,,0.702,,0.703,0.05,,,,,,0.332,0.062,,,0.48,,0.372,0.393,0.025,0.065,0.703,0.097,0.333,,0.333,0.537,,,0.018,0.05,,,,0.017,0.274,0.059,,0.463,,,,0.05,0.784,0.05,0.08,0.05,0.172,,0.387,0.333,,,0.138,0.595,,,,,,,,,,0.099,0.844,0.488,0.03,0.881,0.066,0.373,0.238,,,0.414,0.148,0.642,,0.481,0.057,0.214,0.095,0.54,0.038,,0.339,0.33288234,,,0.031,0.065,,0.47,,,0.158,0.017,0.531,0.065,,,0.111,0.05,,0.037,0.362,,,,,0.106,,0.535,0.362,,,0.393,0.182,0.629,,,0.333,,,0.059,,,,,0.071,0.333,0.086,,,,0.566,0.365,0.101,0.061,0.48,,,0.333,,,
1857,0.104,,,,0.319,,0.659,0.182,0.05,,0.747,,,0.065,0.357,,0.357,0.05,0.095,0.23,,,,,0.754,0.819,0.368,0.086,,,,,0.392,,,0.686,0.046,,0.182,0.291,,0.857,0.283,,0.253,0.362,,0.446,0.05,0.077,0.51,,0.702,,0.703,0.05,,,,,,0.332,0.062,,,0.48,,0.372,0.393,0.025,0.065,0.703,0.097,0.357,,0.357,0.537,,,0.018,0.05,,,,0.017,0.274,0.059,,0.463,,,,0.05,0.784,0.05,0.08,0.05,0.172,,0.448,0.357,,,0.138,0.595,,,,,,,,,,0.099,0.844,0.488,0.03,0.881,0.066,0.373,0.238,,,0.414,0.148,0.642,,0.481,0.085,0.675,0.095,0.54,0.038,,0.339,0.34295294,,,0.033,0.065,,0.47,,,0.158,0.017,0.531,0.065,,,0.126,0.05,,0.037,0.362,,,,,0.106,,0.535,0.362,,,0.393,0.182,0.629,,,0.357,,,0.059,,,,,0.129,0.357,0.086,,,,0.566,0.365,0.101,0.061,0.556,,,0.357,,,
1858,0.104,,,,0.319,,0.659,0.182,0.05,,0.747,,,0.079,0.374,,0.374,0.05,0.095,0.23,,,,,0.754,0.819,0.368,0.086,,,,,0.392,,,0.686,0.046,,0.182,0.291,,0.857,0.283,,0.253,0.362,,0.446,0.05,0.077,0.51,,0.702,,0.703,0.05,,,,,,0.332,0.062,,,0.48,,0.372,0.393,0.025,0.079,0.703,0.097,0.374,,0.374,0.537,,,0.018,0.05,,,,0.017,0.274,0.059,,0.463,,,,0.05,0.784,0.05,0.08,0.05,0.172,,0.349,0.374,,,0.138,0.595,,,,,,,,,,0.077,0.844,0.488,0.03,0.881,0.066,0.373,0.238,,,0.414,0.148,0.642,,0.481,0.085,0.675,0.095,0.54,0.038,,0.339,0.34205884,,,0.033,0.079,,0.47,,,0.158,0.017,0.531,0.065,,,0.126,0.05,,0.037,0.362,,,,,0.106,,0.535,0.362,,,0.393,0.182,0.629,,,0.374,,,0.059,,,,,0.129,0.374,0.086,,,,0.566,0.365,0.101,0.075,0.556,,,0.374,,,
1859,0.104,,,,0.319,,0.659,0.182,0.05,,0.747,,,0.138,0.374,,0.374,0.05,0.095,0.23,,,,,0.754,0.819,0.398,0.086,,,,,0.392,,,0.659,0.046,,0.182,0.291,,0.857,0.283,,0.253,0.362,,0.446,0.05,0.077,0.51,,0.702,,0.703,0.05,,,,,,0.332,0.062,,,0.48,,0.372,0.393,0.025,0.138,0.703,0.097,0.374,,0.374,0.537,,,0.018,0.05,,,,0.017,0.274,0.059,,0.463,,,,0.05,0.784,0.05,0.08,0.05,0.172,,0.349,0.374,,,0.138,0.595,,,,,,,,,,0.077,0.844,0.488,0.03,0.881,0.066,0.373,0.238,,,0.414,0.148,0.642,,0.481,0.085,0.675,0.095,0.54,0.038,,0.302,0.34272942,,,0.033,0.138,,0.47,,,0.158,0.017,0.531,0.065,,,0.126,0.05,,0.037,0.362,,,,,0.106,,0.535,0.362,,,0.393,0.182,0.629,,,0.374,,,0.059,,,,,0.129,0.374,0.086,,,,0.566,0.365,0.101,0.107,0.556,,,0.374,,,
1860,0.104,,,,0.528,,0.659,0.182,0.039,,0.747,,,0.164,0.374,,0.374,0.039,0.095,0.23,,,,,0.754,0.819,0.398,0.086,,,,,0.392,,,0.63,0.046,,0.182,0.291,,0.857,0.283,,0.167,0.362,,0.446,0.039,0.077,0.51,,0.702,,0.703,0.039,,,,,,0.332,0.062,,,0.48,,0.399,0.416,0.025,0.164,0.703,0.131,0.374,,0.374,0.537,,,0.02,0.039,,,,0.013,0.274,0.059,,0.463,,,,0.039,0.784,0.039,0.08,0.039,0.172,,0.382,0.374,,,0.138,0.595,,,,,,,,,,0.097,0.844,0.488,0.03,0.881,0.066,0.373,0.238,,,0.414,0.148,0.642,,0.481,,,0.095,0.54,0.038,,0.302,0.35178313,,,0.022,0.164,,0.47,,,0.158,0.013,0.531,0.065,,,0.417,0.039,,0.037,0.362,,,,,0.106,,0.535,0.362,,,0.416,0.182,0.671,,,0.374,,,0.059,,,,,0.129,0.374,0.086,,,,0.837,0.365,0.101,0.096,0.556,,,0.374,,,
1861,0.104,,,,0.577,,0.659,0.182,0.081,,0.747,,,0.164,0.374,,0.374,0.081,0.095,0.23,,,,,0.754,0.819,0.398,0.086,,,,,0.364,,,0.687,0.046,,0.182,0.291,,0.857,0.165,,0.167,0.362,,0.446,0.081,0.077,0.51,,0.702,,0.703,0.081,,,,,,0.332,0.062,,,0.48,,0.399,0.488,0.025,0.164,0.703,0.131,0.374,,0.374,0.537,,,0.02,0.081,,,,0.017,0.274,0.059,,0.463,,,,0.081,0.784,0.081,0.08,0.081,0.351,,0.406,0.374,,,0.138,0.595,,,,,,,,,,0.097,0.844,0.65,0.03,0.881,0.066,0.373,0.269,,,0.414,0.148,0.642,,0.481,,,0.095,0.54,,,0.302,0.36414635,,,0.022,0.164,,0.47,,,0.161,0.017,0.531,0.065,,,0.417,0.081,,0.037,0.362,,,,,0.106,,0.535,0.362,,,0.488,0.182,0.795,,,0.374,,,0.059,,,,,0.129,0.374,0.086,,,,0.837,0.483,0.101,0.077,0.556,,,0.374,,,
1862,0.104,,,,0.577,,0.659,0.182,0.081,,0.747,,,0.164,0.374,,0.374,0.081,0.095,0.23,,,,,0.754,0.819,0.398,0.086,,,,,0.364,,,0.687,0.046,,0.182,0.291,,0.857,0.165,,0.167,0.362,,0.446,0.081,0.077,0.51,,0.702,,0.703,0.081,,,,,,0.332,0.062,,,0.48,,0.399,0.488,0.025,0.164,0.703,0.131,0.374,,0.374,0.582,,,0.02,0.081,,,,0.017,0.274,0.059,,0.463,,,,0.081,0.784,0.081,0.08,0.081,0.526,,0.406,0.374,,,0.138,0.595,,,,,,,,,,0.132,0.844,0.65,0.03,0.881,0.066,0.373,0.269,,,0.414,0.148,0.642,,0.481,,,0.095,0.54,,,,0.36837038,,,0.022,0.164,,0.47,,,0.161,0.017,0.531,0.065,,,0.417,0.081,,0.037,0.362,,,,,0.106,,0.535,0.362,,,0.488,0.182,0.795,,,0.374,,,0.059,,,,,0.129,0.374,0.086,,,,0.837,0.508,0.101,0.077,0.556,,,0.374,,,
1863,0.104,,,,0.776,,0.659,0.182,0.081,,0.747,,,0.164,0.374,,0.374,0.081,0.095,0.23,,,,,0.754,0.819,0.398,0.086,,,,,0.427,,,0.687,0.046,,0.182,0.291,,0.857,0.165,,0.167,0.362,,0.446,0.081,0.077,0.51,,0.702,,0.703,0.081,,,,,,0.332,0.062,,,0.48,,0.399,0.488,0.025,0.164,0.703,0.131,0.374,,0.374,0.582,,,0.02,0.081,,,,0.017,0.274,0.059,,0.463,,,,0.081,0.784,0.081,0.08,0.081,0.526,,0.406,0.374,,,0.138,0.595,,,,,,,,,,0.132,0.844,0.65,0.03,0.881,0.066,0.373,0.269,,,0.414,0.148,0.642,,0.481,,,0.095,0.54,,,,0.37122223,,,0.022,0.164,,0.47,,,0.13,0.017,0.531,0.065,,,0.417,0.081,,0.037,0.362,,,,,0.106,,0.535,0.362,,,0.488,0.182,0.795,,,0.374,,,0.059,,,,,0.129,0.374,0.086,,,,0.837,0.508,0.101,0.077,0.556,,,0.374,,,
1864,0.104,,,,0.776,,0.659,0.182,0.081,,0.747,,,0.164,0.374,,0.374,0.081,0.095,0.23,,,,,0.754,0.819,0.414,0.086,,,,,0.427,,,0.687,0.046,,0.182,0.291,,0.857,0.165,,0.167,0.362,,0.446,0.081,0.077,0.51,,0.702,,0.703,0.081,,,,,,0.332,0.062,,,0.48,,0.399,0.488,0.025,0.164,0.703,0.131,0.374,,0.374,0.582,,,0.02,0.081,,,,0.017,0.274,0.059,,0.463,,,,0.081,0.784,0.081,0.09,0.081,0.268,,0.406,0.374,,,0.138,0.595,,,,,,,,,,0.132,0.844,0.65,0.03,0.881,0.066,0.373,0.269,,,0.414,0.148,0.642,,0.481,,,0.095,0.54,,,,0.3674321,,,0.022,0.164,,0.47,,,0.15,0.017,0.531,0.014,,,0.417,0.081,,0.037,0.362,,,,,0.106,,0.535,0.362,,,0.488,0.182,0.795,,,0.374,,,0.059,,,,,0.085,0.374,0.086,,,,0.837,0.508,0.101,0.077,0.556,,,0.374,,,
1865,0.104,,,,0.776,,0.659,0.182,0.081,,0.747,,,0.164,0.374,,0.374,0.081,0.095,0.23,,,,,0.754,0.819,0.502,0.108,,,,,0.427,,,0.687,0.046,,0.182,0.291,,0.857,0.165,,0.199,0.362,,0.446,0.081,0.077,0.51,,0.702,,0.703,0.081,,,,,,0.345,0.062,,,0.48,,0.399,0.488,0.025,0.164,0.703,0.131,0.374,,0.374,0.582,,,0.02,0.081,,,,0.017,0.274,0.059,,0.463,,,,0.081,0.784,0.081,0.09,0.081,0.268,,0.406,0.374,,,0.138,0.595,,,,,,,,,,0.132,0.844,0.65,0.03,0.881,0.066,0.373,0.269,,,0.414,0.148,0.642,,0.481,,,0.095,0.54,,,,0.37008643,,,0.022,0.164,,0.47,,,0.15,0.017,0.531,0.014,,,0.477,0.081,,0.037,0.362,,,,,0.106,,0.535,0.362,,,0.488,0.182,0.795,,,0.374,,,0.059,,,,,0.085,0.374,0.108,,,,0.837,0.508,0.101,0.077,0.556,,,0.374,,,
1866,0.104,,,,0.776,,0.659,0.182,0.081,,0.747,,,0.164,0.374,,0.374,0.081,0.095,0.23,,,,,0.754,0.819,0.502,0.108,,,,,0.427,,,0.687,0.046,,0.182,0.291,,0.857,0.462,,0.199,0.362,,0.446,0.081,0.077,0.51,,0.702,,0.703,0.081,,,,,,0.345,0.062,,,0.48,,0.399,0.493,0.025,0.164,0.703,0.131,0.374,,0.374,0.582,,,0.02,0.081,,,,0.014,0.274,0.059,,0.463,,,,0.081,0.784,0.081,0.09,0.081,0.268,,0.406,0.374,,,0.138,0.595,,,,,,,,,,0.132,0.844,0.65,0.03,0.881,0.066,0.373,0.269,,,0.432,0.148,0.642,,0.481,,,0.095,0.54,,,,0.37576544,,,0.022,0.164,,0.47,,,0.15,0.014,0.531,0.014,,,0.477,0.081,,0.037,0.362,,,,,0.106,,0.535,0.362,,,0.493,0.182,0.795,,,0.374,,,0.059,,,,,0.085,0.374,0.108,,,,0.837,0.651,0.101,0.077,0.556,,,0.374,,,
1867,0.104,,,,0.776,,0.659,0.317,0.081,,0.747,,,0.164,0.374,,0.374,0.081,0.095,0.23,,,,,0.754,0.819,0.502,0.108,,,,,0.427,,,0.687,0.046,,0.317,0.309,,0.857,0.462,,0.199,0.362,,0.446,0.081,0.077,0.51,,0.702,,0.703,0.081,,,,,,0.345,0.062,,,0.48,,0.399,0.608,0.025,0.164,0.703,0.131,0.374,,0.374,0.582,,,0.02,0.081,,,,0.014,0.274,0.059,,0.463,,,,0.081,0.784,0.081,0.09,0.081,0.268,,0.415,0.374,,,0.138,0.595,,,,,,,,,,0.132,0.844,0.65,0.03,0.881,0.066,0.373,0.269,,,,,0.642,,0.481,,,0.095,0.562,,,,0.38156962,,,0.022,0.164,,0.47,,,0.15,0.014,0.531,0.014,,,0.477,0.081,,0.037,0.362,,0.314,,,0.106,,0.535,0.362,,,0.608,0.317,0.795,,,0.374,,,0.059,,,,,0.085,0.374,0.108,,,,0.837,0.651,0.101,0.077,0.556,,,0.374,,,
1868,0.104,,,,0.776,,0.659,0.614,0.081,,0.747,,,0.164,0.374,,0.374,0.081,0.095,0.23,,,,,0.754,0.819,0.502,0.108,,,,,0.427,,,0.687,0.046,,0.614,0.376,,0.857,0.462,,0.163,0.362,,0.446,0.081,0.077,0.51,,0.702,,0.747,0.081,,,,,,0.345,0.062,,,0.48,,0.399,0.597,0.025,0.164,0.747,0.131,0.374,,0.374,0.582,,,0.02,0.081,,,,0.014,0.274,0.059,,0.463,,,,0.081,0.784,0.081,0.09,0.081,0.268,,0.415,0.374,,,0.138,0.595,,,,,,,,,,0.132,0.844,0.65,0.03,0.881,0.066,0.373,0.388,,,,,0.642,,,,,0.095,,,,,0.3780548,,,0.022,0.164,,0.47,,,,0.014,0.531,0.014,,,0.477,0.081,,0.037,0.362,,0.314,,,0.106,,0.535,0.362,,,0.597,0.614,0.795,,,0.374,,,0.059,0.081,,,,0.085,0.374,0.108,,,,0.837,0.651,0.101,0.077,0.556,,,0.374,,,
1869,0.104,,,,0.776,,0.659,0.614,0.081,,0.747,,,0.164,0.374,,0.374,0.081,0.095,0.23,,,,,0.754,0.819,0.502,0.108,,,,,0.427,,,0.687,0.049,,0.614,0.376,,0.857,0.462,,0.153,0.362,,0.528,0.081,0.077,0.535,,0.702,,0.694,0.081,,,,,,0.345,0.062,,,0.48,,0.399,0.585,0.025,0.164,0.694,0.131,0.374,,0.374,0.582,,,0.097,0.081,,,,0.014,0.274,0.059,,0.463,,,,0.081,0.784,0.081,0.09,0.081,0.342,,0.415,0.374,,,0.138,0.595,,,,,,,,,,0.132,0.844,0.65,0.03,0.881,0.066,0.373,0.388,,,,,0.642,,,,,0.095,,,,,0.3810411,,,0.022,0.164,,0.47,,,,0.014,0.531,0.014,,,0.477,0.081,,0.037,0.362,,0.314,,,0.106,,0.535,0.362,,,0.585,0.614,0.827,,,0.374,,,0.059,0.081,,,,0.085,0.374,0.108,,,,0.837,0.651,0.101,0.077,0.556,,,0.374,,,
1870,0.104,,,,0.776,,0.659,0.614,0.081,,0.747,,,0.164,0.374,,0.374,0.081,0.095,0.23,,,,,0.754,0.819,0.502,0.108,,,,,0.427,,,0.602,0.049,,0.614,0.376,,0.857,0.462,,0.153,0.375,,0.536,0.081,0.077,0.535,,0.445,,0.694,0.081,,,,,,0.345,0.114,,,0.48,,0.399,0.585,0.042,0.164,0.694,0.131,0.374,,0.374,0.582,,,0.345,0.081,,,,0.014,0.274,0.059,,0.463,,,,0.081,0.784,0.081,0.09,0.081,0.342,,0.462,0.374,,,0.138,0.595,,,,,,,,,,0.132,0.844,0.65,0.03,0.881,0.066,0.373,0.388,,,,,0.642,,,,,0.095,,,,,0.38168493,,,0.022,0.164,,0.47,,,,0.014,0.531,0.045,,,0.477,0.081,,0.037,0.375,,0.339,,,0.106,,0.535,0.375,,,0.585,0.614,0.827,,,0.374,,,0.059,0.081,,,,0.085,0.374,0.108,,,,0.837,0.651,0.101,0.077,0.504,,,0.374,,,
1871,0.104,,,,0.776,,0.659,0.614,0.081,,0.747,,,0.164,0.374,,0.374,0.081,0.095,0.23,,,,,0.754,0.819,0.502,0.108,,,,,0.427,,,0.602,0.049,,0.614,0.532,,0.857,0.462,,0.153,0.375,,0.536,0.081,0.077,0.535,,0.445,,0.724,0.081,,,,,,0.345,0.03,,,0.48,,0.399,0.585,0.042,0.164,0.724,0.131,0.374,,0.374,0.619,,,0.345,0.081,,,,0.014,0.274,0.059,,0.463,,,,0.081,0.784,0.081,0.09,0.081,0.342,,0.462,0.374,,,0.138,0.595,,,,,,,,,,0.132,0.844,0.65,0.03,0.881,0.066,0.373,0.388,,,,,0.642,,,,,0.095,,,,,0.39244443,,,0.022,0.164,,0.47,,,,0.014,0.531,0.32,,,0.477,0.081,,0.037,0.375,,0.339,,,0.162,,0.535,0.375,,,0.585,0.614,0.827,,,0.374,,,0.059,0.081,,,,0.085,0.374,0.108,,,,0.837,0.651,0.101,,0.504,,,0.374,,,
1872,0.104,,,,0.776,,0.659,0.614,0.081,,0.747,,,0.164,0.374,,0.374,0.081,0.095,0.23,,,,,0.754,0.819,0.502,0.108,,,,,0.427,,,0.602,0.049,,0.614,0.532,,0.857,0.462,,0.153,0.375,,0.536,0.081,0.077,0.535,,0.733,,0.724,0.081,,,,,,0.345,0.03,,,0.48,,0.399,0.585,0.042,0.164,0.724,0.131,0.374,,0.374,0.619,,,0.345,0.081,,,,0.014,0.274,0.059,,0.463,,,,0.081,0.784,0.081,0.09,0.081,0.342,,0.462,0.374,,,0.138,0.595,,,,,,,,,,0.132,0.844,0.65,0.03,0.881,0.066,,,,,,,,,,,,0.095,,,,,0.39532351,,,0.022,0.164,,0.47,,,,0.014,0.531,0.32,,,0.477,0.081,,0.037,0.375,,0.339,,,0.162,,0.535,0.375,,,0.585,0.614,0.827,,,0.374,,,0.059,0.081,,,,0.085,0.374,0.108,,,,0.837,0.651,0.101,,0.504,,,0.374,,,
1873,0.104,,,,0.776,,0.659,0.614,0.081,,0.747,,,0.164,0.374,,0.374,0.081,0.095,0.23,,,,,0.754,0.819,0.502,0.108,,,,,0.427,,,0.602,0.049,,0.614,0.532,,0.857,0.462,,0.153,0.375,,0.536,0.081,0.077,0.535,,0.733,,0.724,0.081,,,,,,0.345,0.03,,,0.48,,0.399,0.585,0.042,0.164,0.724,0.131,0.374,,0.374,0.619,,,0.345,0.081,,,,0.016,0.274,0.066,,0.463,,,,0.081,0.784,0.081,0.09,0.081,0.342,,0.462,0.374,,,0.138,0.595,,,,,,,,,,0.132,0.844,0.65,0.03,0.881,0.066,,,,,,,,,,,,0.095,,,,,0.3954559,,,0.022,0.164,,0.47,,,,0.016,0.531,0.32,,,0.477,0.081,,0.037,0.375,,0.339,,,0.162,,0.535,0.375,,,0.585,0.614,0.827,,,0.374,,,0.066,0.081,,,,0.085,0.374,0.108,,,,0.837,0.651,0.101,,0.504,,,0.374,,,
1874,0.104,,,,0.776,,0.659,0.614,0.081,,0.747,,,0.196,0.374,,0.374,0.081,0.095,0.23,,,,,0.754,0.819,0.502,0.108,,,,,0.427,,,0.602,0.049,,0.614,0.532,,0.857,0.462,,0.153,0.375,,0.536,0.081,0.077,0.535,,0.733,,0.724,0.081,,,,,,0.345,0.03,,,0.48,,0.399,0.585,0.042,0.196,0.724,0.131,0.374,,0.374,0.619,,,0.364,0.081,,,,0.016,0.274,0.209,,0.463,,,,0.081,0.784,0.081,0.09,0.081,0.342,,0.462,0.374,,,0.138,0.595,,,,,,,,,,0.132,0.844,0.65,0.03,0.881,0.066,,,,,,,,,,,,0.092,,,,,0.3982647,,,0.022,0.196,,0.47,,,,0.016,0.531,0.32,,,0.477,0.081,,0.037,0.375,,0.339,,,0.162,,0.535,0.375,,,0.585,0.614,0.827,,,0.374,,,0.209,0.081,,,,0.085,0.374,0.108,,,,0.837,0.651,0.101,,0.504,,,0.374,,,
1875,0.104,,,,0.776,,0.659,0.614,0.081,,0.747,,,0.196,0.374,,0.374,0.081,0.095,0.23,,,,,0.754,0.819,0.502,0.108,,,,,0.427,,,0.602,0.049,,0.614,0.532,,0.857,0.462,,0.153,0.375,,0.52,0.081,0.077,0.535,,0.733,,0.724,0.081,,,,,,0.345,0.03,,,0.48,,0.399,0.585,0.042,0.196,0.724,0.131,0.374,,0.374,0.619,,,0.364,0.081,,,,0.016,0.274,0.209,,0.463,,,,0.081,0.784,0.081,0.09,0.081,0.342,,0.462,0.374,,,0.138,0.595,,,,,,,,,,0.132,0.844,0.65,0.03,0.881,0.066,,,,,,,,,,,,0.071,,,,,0.39772058,,,0.022,0.196,,0.47,,,,0.016,0.531,0.32,,,0.477,0.081,,0.037,0.375,,0.339,,,0.162,,0.535,0.375,,,0.585,0.614,0.827,,,0.374,,,0.209,0.081,,,,0.085,0.374,0.108,,,,0.837,0.651,0.101,,0.504,,,0.374,,,
1876,0.104,,,,0.776,,0.659,0.614,0.081,,0.747,,,0.196,0.374,,0.374,0.081,0.095,0.23,,,,,0.754,0.819,0.502,0.108,,,,,0.427,,,0.602,0.049,,0.614,0.532,,0.857,0.462,,0.25,0.375,,0.52,0.081,0.077,0.535,,0.733,,0.724,0.081,,,,,,0.345,0.03,,,0.48,,0.399,0.585,0.042,0.196,0.724,0.131,0.374,,0.374,0.619,,,0.364,0.081,,0.081,,0.021,0.274,0.209,,0.463,,,,0.081,0.784,0.081,0.09,0.081,0.342,,0.462,0.374,,,0.138,0.595,,,,,,,,,,0.132,0.844,0.65,0.03,0.881,0.066,,,,,,,,,,,,0.071,,,,,0.39770588,,,0.022,0.196,,0.47,,,,0.021,0.531,0.32,,,0.477,0.081,,0.037,0.375,,0.339,,,0.162,,0.535,0.375,,,0.585,0.614,0.827,,,0.374,,,0.209,0.081,,,,0.085,0.374,0.108,,,,0.734,0.651,0.101,,0.504,,,0.374,,,
1877,0.104,,,,0.776,,0.659,0.614,0.081,,0.747,,,0.196,0.322,,0.322,0.081,0.095,0.23,,,,,0.754,0.819,0.502,0.108,,,,,0.427,,,0.602,0.049,,0.614,0.532,,0.857,0.462,,0.25,0.413,,0.52,0.081,0.077,0.535,,0.733,,0.724,0.081,,,,,,0.345,0.03,,,0.48,,0.399,0.585,0.042,0.196,0.724,0.131,0.322,,0.322,0.619,,,0.364,0.081,,0.081,,0.028,0.274,0.209,,0.463,,,,0.081,0.784,0.081,0.09,0.081,0.342,,0.458,0.322,,,0.138,0.595,,,,,,,,,,0.145,0.844,0.65,0.03,0.881,0.066,,,,,,,,,,,,0.071,,,,,0.3977353,,,0.022,0.196,,0.47,,,,0.028,0.531,0.32,,,0.477,0.081,,0.037,0.413,,0.339,,,0.162,,0.535,0.413,,,0.585,0.614,0.827,,,0.322,,,0.209,0.081,,,,0.085,0.322,0.108,,,,0.734,0.651,0.101,,0.504,,,0.322,,,
1878,0.104,,,,0.776,,0.659,0.614,0.081,,0.747,,,0.196,0.541,,0.322,0.081,0.095,0.23,,,,,0.754,0.819,0.502,0.108,,,,,0.427,,,0.602,0.049,,0.614,0.532,,0.857,0.462,,0.25,0.413,,0.52,0.081,0.077,0.535,,0.733,,0.724,0.081,,,,,,0.345,0.03,,,0.48,,0.399,0.585,0.042,0.196,0.724,0.131,0.322,,0.322,0.619,,,0.364,0.081,,0.081,,0.028,0.274,0.209,,0.463,,,,0.081,0.784,0.081,0.09,0.081,0.342,,0.458,0.322,,,0.138,0.595,,,,,,,,,,0.145,0.844,0.65,0.03,0.881,0.066,,,,,,,,,,,,0.071,,,,,0.39975363,,,0.022,0.196,,0.47,,,,0.028,0.531,0.32,,,0.477,0.081,,0.037,0.413,,0.339,,,0.162,,0.531,0.413,,,0.585,0.614,0.827,,,0.322,,,0.209,0.081,,,,0.085,0.322,0.108,,,,0.734,0.651,0.101,,0.504,,,0.322,,,
1879,0.104,,,,0.776,,0.659,0.614,0.081,,0.747,,,0.196,0.618,,,0.081,0.095,0.23,,,,,0.754,0.819,0.502,0.108,,,,,0.427,,,0.602,0.05,,0.614,0.532,,0.857,0.462,,0.25,0.413,,0.52,0.081,0.077,0.535,,0.733,,0.724,0.081,,,,,,0.345,0.03,,,0.48,,0.399,0.585,0.042,0.196,0.724,0.131,0.322,,0.322,0.619,,,0.364,0.081,,0.081,,0.028,0.274,0.209,,0.463,,,,0.081,0.784,0.081,0.09,0.081,0.342,,0.458,0.322,,,0.138,0.595,,,,,,,,,,0.145,0.844,0.65,0.03,0.881,0.066,,,,,,,,,,,,0.071,,,,,0.40126088,,,0.022,0.196,,0.47,,,,0.028,0.531,0.32,,,0.477,0.081,,0.037,0.413,,0.339,,,0.162,,0.557,0.413,,,0.585,0.614,0.827,,,0.322,,,0.209,0.081,,,,0.085,0.322,0.108,,,,0.734,0.651,0.101,,0.504,,,0.322,,,
1880,0.109,,,,0.776,,0.659,0.614,0.081,,0.747,,,0.196,0.618,,,0.081,0.095,0.23,,,,,0.754,0.819,0.534,0.108,,,,,0.427,,,0.602,0.05,,0.614,0.532,,0.875,0.462,,0.267,0.413,,0.52,0.081,0.077,0.535,,0.764,,0.791,0.081,,,,,,0.345,0.03,,,0.48,,0.399,0.585,0.042,0.196,0.791,0.131,0.289,,0.289,0.619,,,0.364,0.081,,0.081,,0.028,0.274,0.209,,0.463,,,,0.081,0.784,0.081,0.096,0.081,0.342,,0.458,0.289,,,0.138,0.595,,,,,,,,,,0.145,0.844,0.694,0.03,0.881,0.066,,,,,,,,,,,,0.071,,,,,0.40468115,,,0.022,0.196,,0.514,,,,0.028,0.531,0.32,,,0.477,0.081,,0.037,0.413,,0.339,,,0.162,,0.557,0.413,,,0.585,0.614,0.827,,,0.289,,,0.209,0.081,,,,0.09,0.289,0.108,,,,0.734,0.651,0.101,,0.504,,,0.289,,,
1881,0.109,,,,0.776,,0.659,0.614,0.081,,0.747,,,0.196,0.572,,,0.081,0.095,0.23,,,,,0.754,0.819,0.5,0.108,,,,,0.427,,,0.602,0.05,,0.614,0.532,,0.875,0.462,,0.267,0.413,,0.52,0.081,0.077,0.535,,0.764,,0.791,0.081,,,,,,0.345,0.03,,,0.48,,0.399,0.585,0.042,0.196,0.791,0.131,0.289,,0.289,0.619,,,0.364,0.081,,0.081,,0.032,0.274,0.209,,0.463,,,,0.081,0.784,0.081,0.096,0.081,0.342,,0.458,0.289,,,0.138,0.595,,,,,,,,,,0.145,0.844,0.694,0.03,0.881,0.066,,,,,,,,,,,,0.071,,,,,0.40368116,,,0.022,0.196,,0.514,,,,0.032,0.531,0.32,,,0.477,0.081,,0.037,0.413,,0.339,,,0.169,,0.557,0.413,,,0.585,0.614,0.827,,,0.289,,,0.209,0.081,,,,0.09,0.289,0.108,,,,0.734,0.651,0.101,,0.504,,,0.289,,,
1882,0.109,,,,0.776,,0.659,0.614,0.081,,0.747,,,0.196,0.572,,,0.081,0.095,0.23,,,,,0.754,0.819,0.5,0.108,,,,,0.427,,,0.602,0.05,,0.614,0.532,,0.875,0.302,,0.267,0.373,,0.52,0.081,0.077,0.535,,0.764,,0.791,0.081,,,,,,0.345,0.03,,,0.48,,0.399,0.585,0.042,0.196,0.791,0.131,0.289,,0.289,0.619,,,0.364,0.081,,0.081,,0.049,0.274,0.209,,0.463,,,,0.081,0.784,0.081,0.096,0.081,0.342,,0.458,0.289,,,0.138,0.595,,,,,,,,,,0.145,0.844,0.694,0.03,0.881,0.066,,,,,,,,,,,,0.071,,,,,0.40133333,,,0.022,0.196,,0.514,,,,0.049,0.531,0.32,,,0.477,0.081,,0.037,0.373,,0.339,,,0.169,,0.557,0.373,,,0.585,0.614,0.827,,,0.289,,,0.209,0.081,,,,0.111,0.289,0.108,,,,0.734,0.651,0.101,,0.504,,,0.289,,,
1883,0.109,,,,0.776,,0.659,0.614,0.086,,0.747,,,0.196,0.572,,,0.086,0.095,0.23,,,,,0.754,0.819,0.5,0.108,,,,,0.427,,,0.602,0.05,,0.614,0.532,,0.875,0.24,,0.267,0.373,,0.52,0.086,0.077,0.535,,0.764,,0.816,0.086,,,,,,0.383,0.03,,,0.48,,0.399,0.585,0.042,0.196,0.816,0.131,0.289,,0.289,0.619,,,0.364,0.086,,0.086,,0.049,0.274,0.209,,0.463,,,,0.086,0.784,0.086,0.096,0.086,0.342,,0.458,0.289,,,0.138,0.595,,,,,,,,,,0.145,0.844,0.694,0.03,0.881,0.066,,,,,,,,,,,,0.071,,,,,0.40265217,,,0.022,0.196,,0.514,,,,0.049,0.531,0.32,,,0.477,0.086,,0.037,0.373,,0.339,,,0.169,,0.557,0.373,,,0.585,0.614,0.827,,,0.289,,,0.209,0.086,,,,0.111,0.289,0.108,,,,0.734,0.651,0.101,,0.589,,,0.289,,,
1884,0.109,,,,0.776,,0.659,0.614,0.086,,0.747,,,0.196,0.572,,,0.086,0.095,0.23,,,,,0.754,0.819,0.5,0.108,,,,,0.427,,,0.589,0.05,,0.614,0.532,,0.875,0.24,,0.267,0.373,,0.52,0.086,0.077,0.535,,0.764,,0.816,0.086,,,,,,0.383,0.03,,,0.48,,0.399,0.585,0.042,0.196,0.816,0.131,0.289,,0.289,0.619,,,0.364,0.086,,0.086,,0.049,0.274,0.209,,0.463,,,,0.086,0.784,0.086,0.096,0.086,0.342,,0.458,0.289,,,0.138,0.595,,,,,,,,,,0.145,0.844,0.694,0.03,0.934,0.066,,,,,,,,,,,,0.071,,,,,0.4032319,,,0.022,0.196,,0.514,,,,0.049,0.531,0.32,,,0.477,0.086,,0.037,0.373,,0.339,,,0.169,,0.557,0.373,,,0.585,0.614,0.827,,,0.289,,,0.209,0.086,,,,0.111,0.289,0.108,,,,0.734,0.651,0.101,,0.589,,,0.289,,,
1885,0.109,,,,0.776,,0.659,0.614,0.086,,0.747,,,0.196,0.572,,,0.086,0.095,0.23,,,,,0.754,0.819,0.505,0.108,,,,,0.427,,,0.589,0.05,,0.614,0.532,,0.875,0.24,,0.267,0.373,,0.52,0.086,0.077,0.535,,0.764,,0.816,0.086,,,,,,0.383,0.03,,,0.48,,0.399,0.585,0.042,0.196,0.816,0.131,0.289,,0.289,0.619,,,0.364,0.086,,0.086,,0.067,0.274,0.209,,0.463,,,,0.086,0.784,0.086,0.096,0.086,0.342,,0.458,0.289,,,0.138,0.595,,,,,,,,,,0.145,0.844,0.694,0.03,0.934,0.066,,,,,,,,,,,,0.071,,,,,0.4033623,,,0.022,0.196,,0.514,,,,0.067,0.531,0.306,,,0.477,0.086,,0.037,,,0.339,,,0.169,,0.557,,,,0.585,0.614,0.827,,,0.289,,,0.209,0.086,,,,0.111,0.289,0.108,,,,0.734,0.651,0.101,,0.589,,,0.289,,,
1886,0.109,,,,0.776,,0.659,0.614,0.086,,0.747,,,0.196,0.572,,,0.086,0.095,0.23,,,,,0.754,0.819,0.505,0.108,,,,,0.393,,,0.589,0.05,,0.614,0.532,,0.875,0.24,,0.267,0.373,,0.52,0.086,0.077,0.535,,0.764,,0.816,0.086,,,,,,0.383,0.03,,,0.48,,0.399,0.585,0.042,0.196,0.816,0.131,0.289,,0.289,0.619,,,0.364,0.086,,0.086,,0.075,0.274,0.209,,0.463,,,,0.086,0.784,0.086,0.096,0.086,0.342,,0.458,0.289,,,0.319,0.595,,,,,,,,,,0.145,0.844,0.694,0.03,0.934,0.066,,,,,,,,,,,,0.048,,,,,0.4064203,,,0.022,0.196,,0.514,,,,0.075,0.531,0.306,,,0.477,0.086,,0.037,,,0.339,,,0.212,,0.557,,,,0.585,0.614,0.827,,,0.289,,,0.209,0.086,,,,0.111,0.289,0.108,,,,0.77,0.651,0.101,,0.589,,,0.289,,,
1887,0.109,,,,0.776,,0.659,0.614,0.086,,0.747,,,0.196,0.572,,,0.086,0.095,0.23,,,,,0.754,0.819,0.505,0.108,,,,,0.393,,,0.589,0.138,,0.614,0.532,,0.875,0.24,,0.267,0.373,,0.52,0.086,0.077,0.535,,0.764,,0.816,0.086,,,,,,0.383,0.03,,,0.48,,0.399,0.585,0.042,0.196,0.816,0.131,0.256,,0.256,0.619,,,0.364,0.086,,0.086,,0.075,0.274,0.209,,0.463,,,,0.086,0.784,0.086,0.096,0.086,0.342,,0.458,0.256,,,0.319,0.595,,,,,,,,,,0.171,0.844,0.694,0.03,0.934,0.066,,,,,,,,,,,,0.057,,,,,0.4090435,,,0.022,0.196,,0.514,,,,0.075,0.531,0.306,,,0.477,0.086,,0.037,,,0.339,,,0.212,,0.557,,,,0.585,0.614,0.827,,,0.256,,,0.209,0.086,,,,0.111,0.256,0.108,,,,0.861,0.651,0.101,,0.589,,,0.256,,,
1888,0.109,,,,0.776,,0.659,0.614,0.086,,0.747,,,0.196,0.572,,,0.086,0.095,0.43,,,,,0.754,0.819,0.505,0.108,,,,,0.393,,,0.642,0.151,,0.614,0.532,,0.875,0.24,,0.267,0.373,,0.52,0.086,0.077,0.535,,0.764,,0.816,0.086,,,,,,0.383,0.03,,,0.48,,0.399,0.585,0.042,0.196,0.816,0.131,0.256,,0.256,0.619,,,0.364,0.086,,0.086,,0.075,0.274,0.209,,0.463,,,,0.086,0.784,0.086,0.096,0.086,0.342,,0.458,0.256,,,0.319,0.595,,,,,,,,,,0.171,0.844,0.694,0.03,0.934,0.066,,,,,,,,,,,,0.057,,,,,0.4129855,,,0.022,0.196,,0.514,,,,0.075,0.531,0.306,,,0.477,0.086,,0.037,,,0.339,,,0.212,,0.557,,,,0.585,0.614,0.827,,,0.256,,,0.209,0.086,,,,0.111,0.256,0.108,,,,0.861,0.657,0.101,,0.589,,,0.256,,,
1889,0.109,,,,0.776,,0.659,0.614,0.086,,0.747,,,0.196,0.572,,,0.086,0.095,0.505,,,,,0.754,0.819,0.505,0.108,,,,,0.393,,,0.66,0.151,,0.614,0.532,,0.875,0.24,,0.267,0.373,,0.52,0.086,0.08,0.585,,0.764,,0.816,0.086,,,,,,0.383,0.03,,,0.48,,0.399,0.585,0.042,0.196,0.816,0.131,0.256,,0.256,0.619,,,0.364,0.086,,0.086,,0.075,0.274,0.209,,0.463,,,,0.086,0.784,0.086,0.096,0.086,0.342,,0.458,0.256,,,0.319,0.595,,,,,,,,,,0.171,0.844,0.752,0.03,0.934,0.066,,,,,,,,,,,,0.057,,,,,0.415942,,,0.022,0.196,,0.514,,,,0.075,0.531,0.306,,,0.477,0.086,,0.037,,,0.339,,,0.212,,0.557,,,,0.585,0.614,0.827,,,0.256,,,0.209,0.086,,,,0.111,0.256,0.108,,,,0.861,0.657,0.101,,0.589,,,0.256,,,
1890,0.109,,,,0.776,,0.659,0.614,0.086,,0.747,,,0.196,0.572,,,0.086,0.095,0.505,,,,,0.754,0.819,0.475,0.101,,,,,0.393,,,0.66,0.161,,0.614,0.532,,0.875,0.24,,0.313,0.373,,0.52,0.086,0.09,0.585,,0.764,,0.816,0.086,,,,,,0.383,0.03,,,0.48,,0.399,0.585,0.052,0.196,0.816,0.125,0.294,,0.294,0.619,,,0.429,0.086,,0.086,,0.075,0.274,0.209,,0.463,,,,0.086,0.784,0.086,0.096,0.086,0.342,,0.458,0.294,,,0.319,0.595,,,,,,,,,,0.184,0.844,0.752,0.03,0.934,0.066,,,,,,,,,,,,0.057,,,,,0.4175507,,,0.022,0.196,,0.476,,,,0.075,0.531,0.306,,,0.477,0.086,,0.037,,,0.339,,,0.212,,0.557,,,,0.585,0.614,0.827,,,0.294,,,0.209,0.086,,,,0.111,0.294,0.101,,,,0.861,0.657,0.101,,0.589,,,0.294,,,
1891,0.077,,,,0.776,,0.659,0.614,0.086,,0.747,,,0.196,0.572,,,0.086,0.095,0.547,,,,,0.754,0.819,0.475,0.101,,,,,0.393,,,0.66,0.161,,0.614,0.532,,0.875,0.24,,0.313,0.373,,0.52,0.086,0.09,0.585,,0.764,,0.816,0.086,,,,,,0.383,0.03,,,0.48,,0.399,0.585,0.052,0.196,0.816,0.125,0.294,,0.294,0.619,,,0.429,0.086,,0.086,,0.075,0.274,0.209,,0.463,,,,0.086,0.784,0.086,0.096,0.086,0.342,,0.458,0.294,,,0.319,0.595,,,,,,,,,,0.184,0.844,0.752,0.03,0.934,0.066,,,,,,,,,,,,0.057,,,,,0.4224058,,,0.347,0.196,,0.476,,,,0.075,0.531,0.306,,,0.477,0.086,,0.037,,,0.339,,,0.212,,0.557,,,,0.585,0.614,0.827,,,0.294,,,0.209,0.086,,,,0.111,0.294,0.101,,,,0.861,0.657,0.101,,0.589,,,0.294,,,
1892,0.077,,,,0.776,,0.659,0.614,0.086,,0.747,,,0.196,0.572,,,0.086,0.095,0.547,,,,,0.754,0.819,0.514,0.101,,,,,0.393,,,0.66,0.161,,0.614,0.532,,0.875,0.24,,0.313,0.373,,0.52,0.086,0.09,0.585,,0.764,,0.816,0.086,,,,,,0.383,0.038,,,0.48,,0.399,0.585,0.052,0.196,0.816,0.125,0.294,,0.294,0.619,,,0.429,0.086,,0.086,,0.075,0.274,0.209,,0.463,,,,0.086,0.784,0.086,0.096,0.086,0.342,,0.458,0.294,,,0.319,0.595,,,,,,,,,,0.184,0.844,0.752,0.03,0.934,0.066,,,,,,,,,,,,0.057,,,,,0.42308694,,,0.347,0.196,,0.476,,,,0.075,0.531,0.306,,,0.477,0.086,,0.037,,,0.339,,,0.212,,0.557,,,,0.585,0.614,0.827,,,0.294,,,0.209,0.086,,,,0.111,0.294,0.101,,,,0.861,0.657,0.101,,0.589,,,0.294,,,
1893,0.077,,,,0.776,,0.659,0.614,0.086,,0.747,,,0.196,0.572,,,0.086,0.095,0.547,,,,,0.754,0.819,0.514,0.101,,,,,0.393,,,0.66,0.161,,0.614,0.532,,0.875,0.24,,0.313,0.373,,0.52,0.086,0.09,0.585,,0.764,,0.816,0.086,,,,,,0.383,0.038,,,0.48,,0.399,0.585,0.052,0.196,0.816,0.138,0.294,,0.294,0.619,,,0.429,0.086,,0.086,,0.075,0.274,,,0.463,,,,0.086,0.784,0.086,0.096,0.086,0.342,,0.458,0.294,,,0.319,0.595,,,,,,,,,,0.391,0.844,0.752,0.03,0.934,0.066,,,,,,,,,,,,0.057,,,,,0.42627537,,,0.347,0.196,,0.476,,,,0.075,0.531,0.306,,,0.477,0.086,,0.037,,,0.339,,,0.212,,0.557,,,,0.585,0.614,0.827,,,0.294,,,0.209,0.086,,,,0.111,0.294,0.101,,,,0.861,0.657,0.101,,0.589,,,0.294,,,
1894,0.077,,,,0.776,,0.659,0.614,0.214,,0.747,,,0.196,0.572,,,0.214,0.095,0.547,,,,,0.754,0.819,0.514,0.101,,,,,0.393,,,0.66,0.161,,0.614,0.532,,0.875,0.24,,0.313,0.373,,0.52,0.214,0.09,0.585,,0.764,,0.816,0.214,,,,,,0.383,0.038,,,0.48,,0.399,0.635,0.052,0.196,0.816,0.138,0.294,,0.294,0.619,,,0.429,0.214,,0.214,,0.119,0.274,,,0.463,,,,0.214,0.784,0.214,0.096,0.214,0.342,,0.458,0.294,,,0.319,0.595,,,,,,,,,,0.391,0.844,0.752,0.03,0.934,0.066,,,,,,,,,,,,0.057,,,,,0.42949274,,,0.347,0.196,,0.476,,,,0.119,0.531,0.306,,,0.477,0.214,,0.037,,,0.339,,,0.212,,0.557,,,,0.635,0.614,0.827,,,0.294,,,0.209,0.214,,,,0.111,0.294,0.101,,,,0.861,0.657,0.101,,0.589,,,0.294,,,
1895,0.077,,,,0.776,,0.659,0.614,0.214,,0.747,,,0.196,0.639,,,0.214,0.095,0.547,,,,,0.754,0.819,0.514,0.101,,,,,0.393,,,0.66,0.108,,0.614,0.532,,0.875,0.24,,0.448,0.373,,0.52,0.214,0.09,0.585,,0.764,,0.816,0.214,,,,,,0.383,0.038,,,0.48,,0.399,0.626,0.052,0.196,0.816,0.138,0.294,,0.294,0.619,,,0.429,0.214,,0.214,,0.146,0.274,,,0.463,,,,0.214,0.784,0.214,0.096,0.214,0.342,,0.458,0.294,,,0.319,0.595,,,,,,,,,,0.391,0.844,0.752,0.03,0.934,0.066,,,,,,,,,,,,0.057,,,,,0.4328116,,,0.347,0.196,,0.538,,,,0.146,0.531,0.306,,,0.477,0.214,,0.037,,,0.339,,,0.212,,0.557,,,,0.626,0.614,0.827,,,0.294,,,0.209,0.214,,,,0.111,0.294,,,,,0.861,0.657,0.101,,0.589,,,0.294,,,
1896,0.077,,,,0.776,,0.659,0.614,0.214,,0.747,,,0.196,0.639,,,0.214,0.095,0.547,,,,,0.754,0.819,0.514,0.101,,,,,0.393,,,0.66,0.105,,0.614,0.532,,0.875,0.24,,0.448,0.373,,0.52,0.214,0.09,0.585,,0.764,,0.816,0.214,,,,,,0.383,0.038,,,0.48,,0.399,0.626,0.052,0.196,0.816,0.138,0.294,,0.294,0.619,,,0.429,0.214,,0.214,,0.179,0.274,,,0.463,,,,0.214,0.784,0.214,0.096,0.214,0.346,,0.458,0.294,,,0.319,0.595,,,,,,,,,,0.391,0.844,0.752,0.03,0.934,0.066,,,,,,,,,,,,0.057,,,,,0.433,,,0.347,0.196,,0.511,,,,0.179,0.531,0.306,,,0.477,0.214,,0.037,,,0.339,,,0.212,,0.557,,,,0.626,0.614,0.827,,,0.294,,,0.209,0.214,0.214,,,0.111,0.294,,,,,0.861,0.663,0.101,,0.589,,,0.294,,,
1897,0.077,,,,0.776,,0.659,0.614,0.214,,0.747,,,0.196,0.639,,,0.214,0.095,0.547,,,,,0.754,0.819,0.514,0.101,,,,,0.393,,,0.66,0.105,,0.614,0.532,,0.875,0.24,,0.448,0.373,,0.52,0.214,0.09,0.585,,0.764,,0.816,0.214,,,,,,0.383,0.038,,,0.48,,0.399,0.626,0.052,0.196,0.816,0.138,0.294,,0.294,0.619,,,0.429,0.214,,0.214,,0.179,0.274,,,0.463,,,,0.214,0.784,0.214,0.096,0.214,0.129,,0.458,0.294,,,0.319,0.595,,,,,,,,,,0.391,0.844,0.752,0.03,0.934,0.066,,,,,,,,,,,,0.057,,,,,0.42985508,,,0.347,0.196,,0.511,,,,0.179,0.531,0.306,,,0.477,0.214,,0.037,,,0.339,,,0.212,,0.557,,,,0.626,0.614,0.827,,,0.294,,,0.209,0.214,0.214,,,0.111,0.294,,,,,0.861,0.663,0.101,,0.589,,,0.294,,,
1898,0.077,,,,0.776,,0.659,0.614,0.214,,0.747,,,0.196,0.639,,,0.214,0.095,0.547,,,,,0.754,0.819,0.514,0.101,,,,,0.393,,,0.66,0.41,,0.614,0.532,,0.875,0.24,,0.448,0.373,,0.52,0.214,0.09,0.585,,0.764,,0.816,0.214,,,,,,0.383,0.038,,,0.48,,0.399,0.626,0.052,0.196,0.816,0.138,0.305,,0.305,0.619,,,0.508,0.214,,0.214,,0.179,0.274,,,0.463,,,,0.214,0.784,0.214,0.096,0.214,0.129,,0.458,0.305,,,0.319,0.595,,,,,,,,,,0.391,0.844,0.752,0.03,0.934,0.066,,,,,,,,,,,,0.057,,,,,0.43557972,,,0.347,0.196,,0.511,,,,0.179,0.531,0.306,,,0.477,0.214,,0.037,,,0.339,,,0.212,,0.557,,,,0.626,0.614,0.827,,,0.305,,,0.209,0.214,0.214,,,0.111,0.305,,,,,0.861,0.663,0.101,,0.589,,,0.305,,,
1899,0.077,,,,0.776,,0.659,0.614,0.214,,0.747,,,0.196,0.639,,,0.214,0.101,0.547,,,,,0.754,0.819,0.514,0.101,,,,,0.393,,,0.66,0.548,,0.614,0.532,,0.898,0.24,,0.448,0.373,,0.52,0.214,0.09,0.585,,0.764,,0.816,0.214,,,,,,0.383,0.024,,,0.48,,0.399,0.626,0.052,0.196,0.816,0.138,0.305,,0.305,0.619,,,0.508,0.214,,0.214,,0.197,0.274,,,0.463,,,,0.214,0.784,0.214,0.096,0.214,0.129,,0.458,0.305,,,0.319,0.595,,,,,,,,,,0.391,0.844,0.752,0.03,0.934,0.066,,,,,,,,,,,,0.057,,,,,0.43805796,,,0.347,0.196,,0.511,,,,0.197,0.531,0.306,,,0.477,0.214,,0.037,,,0.339,,,0.212,,0.557,,,,0.626,0.614,0.827,,,0.305,,,0.209,0.214,0.214,,,0.111,0.305,,,,,0.861,0.663,0.101,,0.589,,,0.305,,,
1900,0.077,0.011,,,0.776,,0.659,0.614,0.214,,0.747,0.188,,0.196,0.639,0.099,,0.214,0.115,0.547,0.402,0.243,0.198,,0.754,0.819,0.514,0.101,0.091,,0.005,,0.393,0.055,0.128,0.66,0.548,0.358,0.614,0.596,0.034,0.898,0.472,0.088,0.448,0.373,0.189,0.52,0.214,0.09,0.585,0.535,0.764,,0.816,0.214,,0.257,0.457,0.025,0.005,0.383,0.024,0.635,0.79,0.48,,0.399,0.626,0.052,0.196,0.816,0.138,0.305,0.817,0.305,0.619,0.505,,0.543,0.214,0.034,0.214,0.24,0.197,0.337,0.139,,0.463,,0.642,0.14,0.214,0.812,0.214,0.096,0.214,0.129,0.464,0.455,0.305,0.074,0.656,0.319,0.595,,0.032,,0.531,0.074,0.63,0.079,,,0.391,0.844,0.811,0.03,0.934,0.071,,,,,,,,,,,,0.057,,,0.502,,0.3702927,,0.646,0.347,0.196,,0.511,0.301,0.189,,0.197,0.531,0.306,,0.078,0.502,0.214,,0.037,0.059,,0.364,0.304,0.119,0.212,0.202,0.557,0.059,0.18,0.734,0.626,0.614,0.827,0.39,,0.305,,,0.216,0.214,0.214,0.056,0.376,0.111,0.305,0.168,,0.327,,0.861,0.663,0.101,,0.569,,,0.305,0.113,,0.192
1901,0.077,0.011,,,0.776,,0.659,0.614,0.214,,0.747,0.188,,0.196,0.639,0.099,,0.214,0.115,0.547,0.402,0.243,0.198,,0.754,0.819,0.514,0.107,0.091,,0.005,,0.393,0.055,0.128,0.66,0.548,0.358,0.614,0.601,0.034,0.898,0.472,0.088,0.448,0.373,0.189,0.52,0.214,0.09,0.585,0.535,0.764,,0.816,0.214,,0.257,0.457,0.025,0.005,0.383,0.024,0.635,0.79,0.48,,0.399,0.626,0.052,0.196,0.816,0.138,0.305,0.817,0.305,0.64,0.505,,0.543,0.214,0.034,0.214,0.24,0.197,0.337,0.139,,0.463,,0.642,0.14,0.214,0.812,0.214,0.096,0.214,0.13,0.464,0.455,0.305,0.074,0.656,0.319,0.595,,0.032,,0.531,0.074,0.63,0.079,,,0.391,0.844,0.811,0.03,0.934,0.071,,,,,,,,,,,,0.057,,,0.502,,0.37069106,,0.646,0.347,0.196,,0.511,0.301,0.189,,0.197,0.531,0.306,,0.078,0.502,0.214,,0.037,0.059,,0.364,0.304,0.119,0.212,0.202,0.557,0.059,0.18,0.734,0.626,0.614,0.827,0.39,,0.305,,,0.232,0.214,0.214,0.056,0.376,0.111,0.305,0.168,,0.327,,0.861,0.663,0.101,,0.569,,,0.305,0.113,,0.192
1902,0.138,0.011,,,0.759,,0.659,0.614,0.214,,0.747,0.188,,0.196,0.639,0.099,,0.214,0.115,0.547,0.402,0.243,0.198,,0.754,0.819,0.514,0.107,0.092,,0.005,,0.393,0.055,0.128,0.66,0.548,0.358,0.614,0.601,0.034,0.898,0.472,0.088,0.448,0.373,0.189,0.52,0.214,0.09,0.585,0.535,0.742,,0.816,0.214,0.532,0.257,0.457,0.025,0.005,0.383,0.024,0.635,0.79,0.48,,0.399,0.626,0.052,0.196,0.816,0.138,0.305,0.817,0.305,0.64,0.505,,0.543,0.214,0.034,0.214,0.24,0.197,0.337,0.139,,0.463,,0.642,0.14,0.214,0.812,0.214,0.096,0.214,0.13,0.464,0.455,0.305,0.074,0.656,0.319,0.595,,0.032,,0.531,0.074,0.63,0.079,,,0.391,0.844,0.811,0.03,0.934,0.071,,,,,,,,,,,,0.057,,,0.502,,0.3723226,,0.646,0.347,0.196,,0.511,0.319,0.189,,0.197,0.531,0.306,,0.078,0.502,0.214,,0.037,0.059,,0.364,0.304,0.119,0.212,0.202,0.557,0.059,0.18,0.734,0.626,0.614,0.827,0.39,,0.305,,,0.232,0.214,0.214,0.056,0.376,0.111,0.305,0.168,,0.327,,0.861,0.663,0.101,,0.569,,,0.305,0.113,,0.192
1903,0.139,0.011,,,0.759,,0.659,0.614,0.214,,0.747,0.188,,0.196,0.639,0.099,,0.214,0.115,0.547,0.402,0.243,0.198,,0.754,0.819,0.514,0.107,0.083,,0.005,0.069,0.447,0.055,0.128,0.66,0.548,0.358,0.614,0.601,0.034,0.898,0.472,0.088,0.448,0.373,0.189,0.52,0.214,0.09,0.585,0.535,0.742,,0.816,0.214,0.532,0.257,0.457,0.025,0.005,0.383,0.024,0.635,0.79,0.48,,0.399,0.626,0.052,0.196,0.816,0.138,0.305,0.817,0.305,0.64,0.505,,0.543,0.214,0.034,0.214,0.24,0.197,0.337,0.139,,0.463,,0.642,0.14,0.214,0.812,0.214,0.096,0.214,0.13,0.464,0.455,0.305,0.074,0.656,0.319,0.595,,0.032,,0.531,0.074,0.63,0.079,,,0.391,0.844,0.811,0.03,0.934,0.071,,,,,,,,,,,,0.057,,,0.578,,0.3737008,,0.646,0.347,0.196,0.647,0.511,0.317,0.189,,0.197,0.531,0.306,,0.078,0.502,0.214,,0.038,0.059,,0.364,0.304,0.119,0.212,0.202,0.557,0.059,0.18,0.734,0.626,0.614,0.827,0.39,0.455,0.305,,,0.232,0.214,0.214,0.056,0.376,0.111,0.305,0.168,,0.327,,0.861,0.663,0.101,,0.569,,,0.305,0.113,,0.192
1904,0.139,0.011,,,0.759,,0.659,0.614,0.214,,0.747,0.188,,0.196,0.639,0.099,,0.214,0.115,0.547,0.402,0.243,0.198,,0.754,0.819,0.514,0.107,0.083,,0.005,0.069,0.447,0.055,0.128,0.66,0.548,0.358,0.614,0.601,0.034,0.898,0.472,0.088,0.457,0.373,0.189,0.52,0.214,0.09,0.585,0.535,0.742,,0.816,0.214,0.532,0.257,0.457,0.025,0.005,0.383,0.024,0.679,0.79,0.48,,0.399,0.626,0.052,0.196,0.816,0.138,0.305,0.817,0.305,0.64,0.505,,0.543,0.214,0.034,0.214,0.24,0.199,0.337,0.139,,0.463,,0.642,0.14,0.214,0.812,0.214,0.096,0.214,0.13,0.464,0.455,0.305,0.074,0.656,0.319,0.595,,0.032,0.265,0.531,0.074,0.63,0.079,,,0.391,0.844,0.811,0.03,0.934,0.073,,,,,,,,,,,,0.057,,,0.578,,0.37290698,,0.646,0.347,0.196,0.647,0.511,0.317,0.189,,0.199,0.531,0.306,,0.078,0.502,0.214,,0.038,0.059,0.312,0.364,0.304,0.119,0.212,0.202,0.558,0.059,0.18,0.734,0.626,0.614,0.827,0.39,0.455,0.305,,,0.232,0.214,0.214,0.056,0.376,0.111,0.305,0.168,,0.327,,0.871,0.663,0.101,,0.569,,,0.305,0.113,,0.192
1905,0.139,0.011,,,0.752,,0.681,0.614,0.223,,0.747,0.188,,0.196,0.639,0.099,,0.223,0.115,0.547,0.402,0.243,0.198,,0.754,0.819,0.514,0.107,0.083,,0.005,0.069,0.447,0.055,0.128,0.66,0.548,0.358,0.614,0.601,0.034,0.898,0.472,0.088,0.457,0.373,0.189,0.52,0.223,0.09,0.607,0.535,0.782,,0.816,0.223,0.532,0.257,0.457,0.025,0.005,0.383,0.024,0.679,0.79,0.48,,0.399,0.626,0.052,0.196,0.816,0.138,0.305,0.817,0.305,0.64,0.505,,0.543,0.223,0.034,0.223,0.24,0.199,0.337,0.139,,0.463,,0.642,0.14,0.223,0.812,0.223,0.096,0.223,0.128,0.464,0.455,0.305,0.074,0.656,0.319,0.595,,0.032,0.265,0.531,0.074,0.63,0.079,,,0.391,0.844,0.811,0.03,0.934,0.073,,,,,,,,,,,,0.057,,,0.578,,0.37452713,,0.646,0.347,0.196,0.647,0.511,0.317,0.189,,0.199,0.531,0.306,,0.078,0.502,0.223,,0.038,0.059,0.312,0.364,0.304,0.119,0.212,0.202,0.558,0.059,0.18,0.734,0.626,0.614,0.827,0.39,0.455,0.305,,,0.357,0.223,0.223,0.056,0.376,0.111,0.305,0.168,,0.327,,0.871,0.663,0.101,,0.569,,,0.305,0.113,,0.192
1906,0.139,0.011,,,0.752,,0.681,0.614,0.246,,0.747,0.188,,0.196,0.639,0.099,,0.246,0.115,0.547,0.402,0.243,0.198,,0.754,0.819,0.514,0.107,0.083,,0.005,0.069,0.447,0.055,0.128,0.66,0.548,0.358,0.614,0.601,0.034,0.898,0.472,0.088,0.472,0.373,0.189,0.52,0.246,0.09,0.636,0.535,0.792,,0.816,0.246,0.532,0.257,0.457,0.025,0.005,0.383,0.024,0.679,0.79,0.48,,0.399,0.626,0.052,0.196,0.816,0.152,0.305,0.817,0.305,0.64,0.505,,0.543,0.246,0.036,0.246,0.24,0.199,0.337,0.139,,0.463,,0.642,0.14,0.246,0.812,0.246,0.129,0.246,0.128,0.464,0.455,0.305,0.074,0.656,0.319,0.595,,0.032,0.265,0.531,0.074,0.63,0.079,,,0.391,0.844,0.811,0.03,0.934,0.073,,,,,,,,,,,,0.057,,,0.578,,0.37833846,,0.646,0.347,0.196,0.647,0.511,0.317,0.189,,0.199,0.531,0.306,,0.078,0.502,0.246,,0.038,0.059,0.312,0.349,0.304,0.119,0.212,0.202,0.558,0.059,0.18,0.734,0.626,0.614,0.827,0.39,0.455,0.305,,,0.363,0.246,0.246,0.056,0.376,0.111,0.305,0.168,,0.327,,0.871,0.663,0.101,,0.569,,0.753,0.305,0.113,,0.192
1907,0.139,0.011,,,0.752,,0.681,0.614,0.265,,0.747,0.188,,0.196,0.639,0.099,,0.265,0.122,0.547,0.402,0.295,0.198,,0.754,0.819,0.514,0.107,0.083,,0.005,0.069,0.447,0.055,0.128,0.66,0.548,0.358,0.614,0.601,0.034,0.898,0.472,0.088,0.472,0.373,0.189,0.52,0.265,0.09,0.636,0.535,0.801,,0.816,0.265,0.532,0.257,0.457,0.025,0.005,0.383,0.024,0.679,0.79,0.48,,0.399,0.626,0.052,0.196,0.816,0.143,0.305,0.817,0.305,0.64,0.505,,0.543,0.265,0.036,0.265,0.24,0.199,0.337,0.139,,0.463,,0.642,0.14,0.265,0.812,0.265,0.129,0.265,0.128,0.464,0.455,0.305,0.074,0.656,0.319,0.595,,0.032,0.265,0.531,0.074,0.63,0.079,,,0.391,0.844,0.811,0.03,0.934,0.073,,,,,,,,,,,,0.057,,,0.578,,0.37893847,,0.646,0.347,0.196,0.647,0.511,0.317,0.189,,0.199,0.531,0.306,,0.078,0.502,0.265,,0.038,0.059,0.312,0.349,0.304,0.119,0.212,0.202,0.558,0.059,0.18,0.734,0.626,0.614,0.827,0.39,0.455,0.305,,,0.363,0.265,0.265,0.056,0.376,0.111,0.305,0.168,,0.327,,0.871,0.663,0.101,,0.569,,0.753,0.305,0.113,,0.192
1908,0.139,0.011,,,0.752,,0.681,0.614,0.262,,0.73,0.188,,0.196,0.639,0.099,,0.262,0.122,0.547,0.402,0.31,0.198,,0.754,0.819,0.514,0.107,0.083,,0.005,0.069,0.447,0.055,0.128,0.66,0.548,0.358,0.614,0.601,0.034,0.898,0.472,0.088,0.472,0.364,0.189,0.523,0.262,0.09,0.617,0.535,0.801,,0.816,0.262,0.532,0.257,0.457,0.025,0.005,0.383,0.024,0.679,0.79,0.48,,0.399,0.626,0.052,0.196,0.816,0.143,0.329,0.817,0.329,0.64,0.505,,0.543,0.262,0.036,0.262,0.24,0.199,0.337,0.139,,0.463,,0.642,0.14,0.262,0.812,0.262,0.129,0.262,0.128,0.464,0.455,0.329,0.074,0.656,0.319,0.595,,0.032,0.265,0.531,0.074,0.63,0.079,,,0.391,0.844,0.811,0.03,0.934,0.073,,,,,,,,,,,,0.057,,,0.578,,0.3789,,0.646,0.347,0.196,0.647,0.511,0.317,0.189,,0.199,0.531,0.306,,0.078,0.502,0.262,,0.038,0.059,0.312,0.349,0.304,0.119,0.212,0.202,0.558,0.059,0.18,0.734,0.626,0.614,0.827,0.391,0.455,0.329,,,0.363,0.262,0.262,0.056,0.376,0.111,0.329,0.168,,0.327,,0.871,0.663,0.101,,0.569,,0.753,0.329,0.113,,0.192
1909,0.139,0.011,,,0.752,,0.681,0.614,0.262,,0.73,0.188,,0.196,0.618,0.099,,0.262,0.122,0.547,0.402,0.31,0.198,,0.754,0.819,0.514,0.107,0.083,,0.009,0.069,0.447,0.055,0.128,0.66,0.548,0.358,0.614,0.601,0.034,0.898,0.472,0.088,0.472,0.364,0.189,0.523,0.262,0.09,0.617,0.535,0.801,,0.816,0.262,0.532,0.257,0.457,0.025,0.005,0.383,0.024,0.679,0.79,0.48,,0.399,0.626,0.052,0.196,0.816,0.143,0.355,0.817,0.355,0.639,0.505,,0.543,0.262,0.036,0.262,0.24,0.199,0.337,0.139,,0.463,,0.642,0.14,0.262,0.812,0.262,0.129,0.262,0.128,0.464,0.455,0.355,0.074,0.656,0.319,0.595,,0.032,0.265,0.531,0.074,0.63,0.087,,,0.391,0.844,0.811,0.03,0.934,0.073,,,,,,,,,,,,0.057,,,0.578,,0.37927693,,0.646,0.347,0.196,0.647,0.511,0.317,0.189,,0.199,0.531,0.306,,0.078,0.502,0.262,,0.038,0.059,0.327,0.362,0.304,0.119,0.212,0.202,0.558,0.059,0.18,0.734,0.626,0.614,0.827,0.39,0.455,0.355,,,0.363,0.262,0.262,0.056,0.376,0.111,0.355,0.168,,0.327,,0.871,0.663,0.101,,0.575,,0.753,0.355,0.113,,0.192
1910,0.141,0.011,,,0.757,,0.681,0.614,0.26,,0.741,0.188,,0.196,0.618,0.099,,0.26,0.122,0.547,0.402,0.31,0.198,,0.754,0.819,0.514,0.108,0.083,,0.009,0.069,0.447,0.055,0.13,0.66,0.548,0.366,0.614,0.601,0.034,0.898,0.472,0.088,0.472,0.364,0.189,0.523,0.26,0.09,0.617,0.535,0.801,0.072,0.828,0.26,0.532,0.257,0.457,0.025,0.005,0.395,0.024,0.679,0.79,0.48,,0.399,0.626,0.055,0.196,0.828,0.155,0.351,0.817,0.351,0.639,0.505,,0.536,0.26,0.032,0.26,0.24,0.156,0.337,0.139,,0.463,,0.642,0.141,0.26,0.812,0.26,0.129,0.26,0.128,0.464,0.45,0.351,0.074,0.656,0.319,0.595,,0.032,0.265,0.531,0.074,0.63,0.087,,,0.334,0.844,0.811,0.03,0.934,0.073,,,,,,,,,,,,0.062,,,0.578,,0.37590078,,0.646,0.347,0.196,0.647,0.546,0.321,0.189,,0.156,0.501,0.306,,0.078,0.502,0.26,,0.038,0.059,0.312,0.342,0.304,0.127,0.212,0.112,0.558,0.059,0.18,0.734,0.626,0.614,0.827,0.39,0.455,0.351,,,0.38,0.26,0.26,0.056,0.376,0.111,0.351,0.168,,0.327,,0.871,0.663,0.101,,0.579,,0.753,0.351,0.113,,0.192
1911,0.141,0.011,,,0.757,,0.681,0.614,0.263,,0.741,0.188,,0.196,0.618,0.099,,0.263,0.122,0.547,0.402,0.31,0.198,,0.755,0.819,0.514,0.108,0.083,,0.009,0.069,0.456,0.055,0.13,0.666,0.548,0.366,0.614,0.605,0.034,0.898,0.472,0.088,0.482,0.364,0.18,0.523,0.263,0.089,0.617,0.535,0.801,0.072,0.828,0.263,0.532,0.257,0.457,0.025,0.005,0.405,0.024,0.679,0.79,0.48,,0.399,0.626,0.055,0.196,0.828,0.155,0.345,0.817,0.345,0.639,0.505,,0.543,0.263,0.032,0.263,0.24,0.158,0.34,0.139,,0.463,0.047,0.642,0.141,0.263,0.812,0.263,0.129,0.263,0.126,0.464,0.459,0.345,0.074,0.656,0.319,0.595,0.107,0.032,0.265,0.531,0.074,0.63,0.087,,,0.365,0.844,0.811,0.03,0.934,0.073,,,,,,,,,,,,0.062,,,0.578,,0.37057462,,0.646,0.347,0.196,0.647,0.546,0.321,0.189,,,0.503,0.306,,0.078,0.502,0.263,,0.038,0.059,0.312,0.342,0.304,0.127,0.238,0.112,0.558,0.059,0.18,0.734,0.626,0.614,0.827,0.39,0.455,0.345,,,0.391,0.263,0.263,0.056,0.376,0.111,0.345,0.168,,0.327,,0.871,0.663,0.101,,0.579,,0.753,0.345,0.113,0.144,0.192
1912,0.141,0.011,0.403,,0.757,,0.681,0.614,0.263,,0.741,0.188,,0.196,0.618,0.099,,0.263,0.122,0.547,0.402,0.31,0.198,,0.755,0.819,0.514,0.167,0.082,,0.009,0.069,0.456,0.055,0.13,0.666,0.548,0.366,0.614,0.599,0.034,0.898,0.472,0.088,0.482,0.364,0.18,0.523,0.263,0.095,0.617,0.535,0.801,0.072,0.828,0.263,0.532,0.257,0.457,0.025,0.005,0.407,0.024,0.679,0.79,0.48,,0.39,0.626,0.055,0.196,0.828,0.155,0.31,0.817,0.31,0.642,0.505,,0.543,0.263,0.032,0.263,0.24,0.158,0.34,0.139,,0.463,0.047,0.642,0.141,0.263,0.812,0.263,0.244,0.263,0.126,0.464,0.463,0.31,0.074,0.656,0.319,0.593,0.107,0.032,0.265,0.531,0.074,0.63,0.087,,,0.321,0.844,0.811,0.03,0.934,0.073,,,,,,,,,,,,0.062,,,0.578,,0.37122962,,0.646,0.347,0.196,0.647,0.546,0.321,0.189,,,0.503,0.306,,0.078,0.502,0.263,,0.038,0.059,0.312,0.342,0.304,0.127,0.238,0.112,0.522,0.059,0.18,0.734,0.626,0.614,0.827,0.39,0.455,0.31,,,0.391,0.263,0.263,0.056,0.376,0.111,0.31,0.168,,0.327,,0.871,0.663,0.101,,0.579,,0.753,0.31,0.113,0.144,0.192
1913,0.141,0.011,0.403,,0.757,,0.681,0.614,0.263,,0.741,0.188,,0.196,0.618,0.099,,0.263,0.122,0.547,0.402,0.31,0.198,,0.755,0.819,0.514,0.233,0.082,,0.009,0.069,0.456,0.055,0.13,0.666,0.548,0.366,0.614,0.599,0.034,0.898,0.472,0.088,0.482,0.364,0.18,0.523,0.263,0.099,0.617,0.535,0.801,0.072,0.828,0.263,0.532,0.257,0.457,0.025,0.005,0.407,0.024,0.679,0.79,0.48,,0.39,0.626,0.055,0.196,0.828,0.155,0.251,0.817,0.251,0.642,0.505,,0.543,0.263,0.032,0.263,0.24,0.158,0.34,0.139,,0.463,0.047,0.642,0.141,0.263,0.812,0.263,0.259,0.263,0.126,0.464,0.463,0.251,0.074,0.656,0.319,0.573,0.107,0.032,0.265,0.531,0.074,0.63,0.087,,,0.321,0.844,0.811,0.03,0.934,0.066,,,,,,,,,,,,0.062,,,0.578,,0.3713926,,0.646,0.347,0.196,0.647,0.546,0.321,0.189,,,0.503,0.306,,0.078,0.502,0.263,,0.038,0.059,0.312,0.342,0.304,0.127,0.238,0.112,0.522,0.059,0.18,0.734,0.626,0.614,0.827,0.39,0.455,0.251,,,0.391,0.263,0.263,0.077,0.376,0.111,0.251,0.168,,0.327,,0.873,0.663,0.101,,0.579,,0.753,0.251,0.113,0.144,0.192
1914,0.141,0.011,0.448,,0.757,,0.681,0.619,0.25,,0.432,0.188,,0.196,0.618,0.099,,0.25,0.122,0.547,0.402,0.31,0.198,,0.732,0.795,0.514,0.233,0.083,,0.009,0.069,0.456,,0.13,0.666,0.548,0.366,0.619,0.523,0.034,0.898,0.472,0.088,0.482,0.364,0.18,0.523,0.25,0.099,0.575,0.535,0.786,0.072,0.819,0.25,0.532,0.257,0.457,0.025,0.005,0.407,0.024,0.679,0.79,0.48,,0.39,0.543,0.055,0.196,0.819,0.15,0.207,0.817,0.207,0.623,0.505,,0.543,0.25,0.032,0.25,0.24,0.158,0.34,0.139,,0.463,0.047,0.642,0.141,0.25,0.328,0.25,0.241,0.25,0.126,0.464,0.447,0.496,0.074,0.656,0.319,0.585,0.107,0.032,0.265,0.531,0.074,0.63,0.087,,0.59,0.321,0.844,0.811,0.03,0.927,0.066,,,,,,,,,,,,0.062,,,0.578,,0.36560294,,0.646,0.347,0.196,0.647,0.546,0.329,0.189,,,0.516,0.306,,0.078,0.502,0.25,,0.038,0.054,0.312,0.342,0.239,0.127,0.238,0.112,0.496,0.054,0.18,0.734,0.543,0.619,0.827,0.39,0.455,0.207,,,0.391,0.25,0.25,0.077,0.376,0.111,0.207,0.168,0.248,0.327,,0.873,0.663,0.101,,0.579,,0.753,0.207,0.113,0.144,0.192
1915,0.141,0.011,0.355,,0.757,,0.663,0.619,0.212,,0.432,0.188,,0.196,0.618,0.099,,0.212,0.122,0.547,0.402,0.31,0.198,,0.732,0.795,0.514,0.233,0.082,,0.009,0.069,0.456,,0.13,0.666,0.548,0.384,0.619,0.482,0.034,0.898,0.472,0.088,0.482,0.364,0.18,0.523,0.212,0.099,0.575,0.535,0.786,0.072,0.819,0.212,0.532,0.257,0.457,0.025,0.005,0.41,0.024,0.679,0.79,0.48,,0.368,0.543,0.055,0.196,0.819,0.15,0.205,0.817,0.205,0.586,0.505,,0.543,0.212,0.021,0.212,0.24,0.158,0.34,0.139,,0.463,0.047,0.642,0.141,0.212,0.328,0.212,0.241,0.212,0.129,0.464,0.447,0.28,0.074,0.656,0.319,0.589,0.107,0.032,0.265,0.531,0.074,0.63,0.097,,0.59,0.321,0.844,0.811,0.03,0.927,0.066,,,,,,,,,,,,0.062,,,0.578,,0.361875,,0.646,0.347,0.196,0.65,0.477,0.329,0.189,,,0.518,0.306,,0.078,0.502,0.212,,0.038,0.054,0.312,0.342,0.239,0.127,0.238,0.112,0.28,0.054,0.18,0.734,0.543,0.619,0.827,0.39,0.455,0.205,,,0.391,0.212,0.212,0.077,0.376,0.111,0.205,0.168,0.248,0.327,,0.874,0.663,0.101,,0.576,,0.753,0.205,0.113,0.144,0.192
1916,0.141,0.011,0.382,,0.764,,0.663,0.619,0.212,0.21,0.432,0.188,,0.196,0.618,0.099,,0.212,0.122,0.547,0.402,0.31,0.198,,0.732,0.795,0.514,0.233,0.083,,0.009,0.069,0.456,,0.13,0.666,0.548,0.384,0.619,0.469,0.034,0.898,0.367,0.088,0.492,0.364,0.18,0.523,0.212,0.099,0.575,0.535,0.793,0.072,0.819,0.212,0.532,0.257,0.457,0.025,0.005,0.41,0.024,0.679,0.79,0.48,,0.359,0.543,0.055,0.196,0.819,0.15,0.205,0.862,0.205,0.576,0.505,,0.543,0.212,0.021,0.212,0.24,0.158,0.34,0.139,,0.463,0.047,0.642,0.141,0.212,0.328,0.212,0.241,0.212,0.129,0.464,0.447,0.28,0.074,0.656,0.319,0.502,0.107,0.032,0.265,0.531,0.074,0.63,0.09,,0.59,0.321,0.844,0.819,0.03,0.927,0.066,,,,,,,,,,,,0.062,,,0.578,,0.35644606,,0.646,0.347,0.196,0.65,0.494,0.329,0.189,,,0.518,0.306,,0.078,0.483,0.212,0.159,0.038,0.054,0.312,0.342,0.239,0.127,0.238,0.112,0.28,0.054,0.18,0.734,0.543,0.619,0.827,0.39,0.455,0.205,,0.088,0.391,0.212,0.212,0.077,0.376,0.111,0.205,0.176,0.248,0.327,,0.874,0.663,0.101,,0.57,,0.753,0.205,0.113,0.144,0.192
1917,0.141,0.011,0.382,,0.764,,0.663,0.619,0.221,0.21,0.432,0.188,,0.196,0.618,0.099,,0.221,0.122,0.547,0.402,0.31,0.198,,0.732,0.795,0.514,0.233,0.083,,0.009,0.069,0.456,,0.13,0.666,0.548,0.384,0.619,0.472,0.034,0.898,0.367,0.088,0.492,0.364,0.18,0.523,0.221,0.099,0.6,0.535,0.793,0.072,0.819,0.221,0.532,0.257,0.457,0.025,0.005,0.376,0.024,0.679,0.79,0.48,,0.359,0.543,0.055,0.196,0.819,0.15,0.205,0.862,0.205,0.576,0.505,,0.543,0.221,0.021,0.221,0.24,0.158,0.34,0.139,,0.463,0.047,0.642,0.141,0.221,0.328,0.221,0.241,0.221,0.129,0.464,0.435,0.28,0.074,0.656,0.319,0.457,0.107,0.032,0.265,0.531,0.074,0.63,0.09,,0.59,0.318,0.844,0.819,0.03,0.927,0.066,,,,,,,,,,,,0.062,,,0.578,,0.35747483,,0.646,0.347,0.196,0.65,0.494,0.329,0.189,,,0.518,0.306,,0.082,0.483,0.221,0.159,0.038,0.057,0.312,0.342,0.239,0.127,0.238,0.112,0.28,0.057,0.18,0.734,0.543,0.619,0.826,0.39,0.455,0.205,,0.088,0.391,0.221,0.221,0.077,0.608,0.111,0.205,0.176,0.248,0.327,,0.874,0.654,0.072,,0.57,,0.753,0.205,0.113,0.144,0.192
1918,0.141,0.011,0.381,,0.764,0.057,0.663,0.625,0.057,0.21,0.528,0.188,,0.196,0.618,0.099,,0.057,0.122,0.547,0.402,0.31,0.198,,0.725,0.795,0.514,0.233,0.083,,0.009,0.069,0.456,,0.13,0.666,0.548,0.384,0.796,0.49,0.034,0.898,0.367,0.088,0.492,0.364,0.18,0.523,0.887,0.099,0.563,0.535,0.793,0.072,0.819,0.057,0.532,0.257,0.457,0.025,0.005,0.376,0.024,0.74,0.79,0.48,,0.359,0.543,0.055,0.196,0.819,0.15,0.22,0.862,0.22,0.576,0.505,,0.543,0.057,0.021,0.057,0.24,0.158,0.34,0.139,0.668,0.463,0.047,0.642,0.141,0.439,0.476,0.057,0.241,0.057,0.129,0.464,0.444,0.295,0.074,0.656,0.319,0.457,0.107,0.032,0.265,0.531,0.074,0.63,0.09,,0.59,0.318,0.845,0.819,0.03,0.927,0.072,,,,,,,,,,,,0.062,,,0.578,,0.36865985,0.027,0.646,0.347,0.196,0.65,0.494,0.329,0.189,0.831,,0.531,0.306,0.337,0.102,0.483,0.057,0.159,0.038,0.057,0.312,0.342,0.239,0.127,0.238,0.112,0.295,0.057,0.18,0.734,0.543,0.625,0.83,0.39,0.455,0.317,,0.088,0.391,0.057,0.057,0.077,0.608,0.111,0.22,0.176,0.248,0.327,,0.902,0.625,0.072,,0.57,,0.753,,0.113,0.144,0.192
1919,0.139,0.011,0.381,,0.764,0.052,0.683,0.815,0.052,0.21,0.729,0.188,0.543,0.196,0.618,0.099,0.538,0.052,0.122,0.547,0.402,0.31,0.198,,0.727,0.781,0.514,0.233,0.083,,0.009,0.069,0.456,,0.13,0.64,0.548,0.396,0.796,0.745,0.034,0.898,0.367,0.088,0.492,0.364,0.18,0.523,0.887,0.099,0.667,0.535,0.805,0.072,0.836,0.052,0.532,0.257,0.457,0.025,0.005,0.376,0.024,0.74,0.79,0.48,,0.359,0.193,0.055,0.196,0.861,0.15,0.277,0.886,0.277,0.63,0.505,,0.543,0.052,0.019,0.052,0.24,0.162,0.343,0.139,0.663,0.463,0.047,0.642,0.141,0.618,0.682,0.052,0.25,0.052,0.129,0.464,0.459,0.538,0.074,0.656,0.319,,0.11,0.032,0.265,0.531,0.074,0.63,0.09,,0.59,0.318,0.845,0.819,0.03,0.927,0.072,,,,,,,,,,,,0.062,,,0.578,,0.3812365,0.027,0.646,0.347,0.196,0.65,0.458,0.329,0.189,0.831,,0.567,0.306,0.337,0.102,0.492,0.052,0.159,0.038,0.057,0.312,0.342,0.239,0.127,0.238,0.112,0.538,0.057,0.18,0.734,0.796,0.538,0.835,0.39,0.455,0.367,,0.088,0.391,0.052,0.052,0.077,0.608,0.111,0.277,0.176,0.248,0.327,,0.902,0.625,0.072,,0.583,,0.753,,0.113,0.144,0.192
1920,0.214,0.011,0.451,,0.761,0.041,0.683,0.818,0.041,0.21,0.753,0.188,0.524,0.196,0.613,0.095,0.538,0.041,0.122,0.547,0.402,0.31,0.198,0.048,0.727,0.781,0.534,0.233,0.087,,0.004,0.069,0.456,,0.13,0.671,0.548,0.396,0.796,0.758,0.034,0.898,0.367,0.088,0.492,0.364,0.188,0.523,0.903,0.099,0.688,0.535,0.811,0.072,0.845,0.041,0.517,0.257,0.457,0.025,0.005,0.376,0.023,0.74,0.804,0.486,,0.359,0.471,0.055,0.196,0.861,0.158,0.511,0.886,,0.651,0.512,,0.54,0.041,0.019,0.041,0.24,0.162,0.343,0.139,0.663,0.463,0.047,0.652,0.141,0.587,0.702,0.874,0.253,,0.129,0.464,0.439,0.538,0.074,0.656,0.319,,0.11,0.032,0.265,0.531,0.074,0.63,0.09,,0.59,0.297,0.845,0.819,0.031,0.933,0.072,,,,,,,,,,,,0.067,,,0.588,,0.38707286,0.027,0.646,0.347,0.196,0.65,0.382,0.329,0.189,0.813,,0.567,0.306,0.337,0.102,0.548,0.041,0.159,0.038,0.057,0.312,0.342,0.308,0.127,0.247,0.112,0.538,0.057,0.18,0.734,0.796,0.538,0.835,0.39,0.455,,0.33,0.088,0.391,0.041,0.041,0.074,0.608,0.111,0.303,0.176,0.248,0.327,,0.902,0.64,0.072,,0.583,,0.753,,0.113,0.144,0.192
1921,0.214,0.011,0.451,,0.761,0.043,0.683,0.818,0.043,0.21,0.753,0.188,0.524,0.196,0.613,0.095,0.538,0.043,0.122,0.547,0.402,0.31,0.198,0.048,0.747,0.781,0.534,0.233,0.094,,0.004,0.069,0.456,,0.13,0.671,0.548,0.396,0.796,0.758,0.034,0.898,0.367,0.088,0.492,0.364,0.188,0.523,0.916,0.099,0.688,0.535,0.811,0.072,0.845,0.043,0.517,0.263,0.457,0.025,0.005,0.367,0.025,0.74,0.808,0.486,,0.359,0.526,0.055,0.196,0.861,0.15,0.511,0.886,,0.651,0.512,,0.54,0.043,0.019,0.043,0.24,0.162,0.336,0.139,0.663,0.463,0.047,0.652,0.141,0.597,0.702,0.874,0.253,,0.094,0.464,0.439,0.538,0.085,0.656,0.319,,0.119,0.032,0.265,0.531,0.074,0.63,0.09,,0.59,0.297,0.845,0.819,0.032,0.933,0.072,,,,,,,,,,,,0.067,,,0.595,,0.38984668,0.027,0.649,0.347,0.196,0.65,0.382,0.329,0.189,0.823,,0.551,0.306,0.337,0.102,0.547,0.043,0.159,0.038,0.057,0.312,0.342,0.308,0.127,0.247,0.12,0.538,0.057,0.18,0.734,0.796,0.538,0.83,0.39,0.455,,0.33,0.088,0.391,0.043,0.043,0.07,0.608,0.111,0.303,0.213,0.248,0.327,,0.883,0.64,0.043,,0.583,,0.753,,0.113,0.144,0.192
1922,0.214,0.011,0.451,,0.771,0.057,0.683,0.818,0.057,0.21,0.753,0.188,0.524,0.196,0.613,0.095,0.538,0.057,0.122,0.547,0.402,0.31,0.198,0.048,0.747,0.781,0.534,0.233,0.094,,0.004,0.069,0.456,,0.13,0.671,0.548,0.396,0.796,0.758,0.034,0.898,0.367,0.088,0.492,0.364,0.188,0.523,0.916,0.099,0.694,0.535,0.811,0.072,0.845,0.057,0.517,0.263,0.457,0.025,0.005,0.347,0.024,0.74,0.808,0.486,,0.359,0.522,0.055,0.196,0.861,0.15,0.511,0.886,,0.604,0.512,0.439,0.54,0.057,0.019,0.057,0.24,0.162,0.336,0.139,0.663,0.463,0.047,0.652,0.141,0.597,0.702,0.874,0.253,,0.094,0.464,0.439,0.538,0.085,0.785,0.319,,0.087,0.032,0.265,0.531,0.074,0.63,0.09,0.111,0.59,0.297,0.845,0.819,0.032,0.933,0.072,,,,,,,,,,,,0.067,,,0.597,,0.3883595,0.027,0.649,0.347,0.196,0.65,0.382,0.329,0.189,0.835,,0.551,0.306,0.337,0.102,0.547,0.057,0.159,0.038,0.057,0.312,0.342,0.308,0.127,0.247,0.12,0.538,0.057,0.18,0.734,0.796,0.538,0.83,0.39,0.455,0.304,0.33,0.088,0.391,0.057,0.057,0.07,0.608,0.111,0.287,0.213,0.248,0.327,,0.902,0.656,0.057,,0.583,,0.753,,0.113,0.144,0.192
1923,0.225,0.011,0.451,,0.771,0.041,0.683,0.818,0.041,0.21,0.753,0.188,0.524,0.196,0.569,0.131,0.538,0.041,0.122,0.547,0.402,0.31,0.198,0.048,0.747,0.781,0.534,0.233,0.094,,0.004,0.069,0.456,,0.13,0.671,0.548,0.396,0.796,0.758,0.034,0.898,0.367,0.088,0.492,0.364,0.188,0.466,0.916,0.101,0.706,0.535,0.811,0.072,0.845,0.041,0.517,0.299,0.457,0.025,0.005,0.361,0.024,0.734,0.808,0.486,,0.359,0.518,0.055,0.196,0.885,0.162,0.511,0.892,,0.414,0.512,0.439,0.54,0.041,0.019,0.041,0.24,0.16,0.336,0.139,0.663,0.463,0.047,0.652,0.141,0.63,0.702,0.874,0.253,,0.094,0.464,0.423,0.538,0.085,0.785,0.319,,0.087,0.032,0.265,0.531,0.074,0.63,0.09,0.111,0.59,0.297,0.845,0.819,0.032,0.933,0.072,,,,,,,,,,,,0.067,,,0.597,,0.38811764,0.027,0.649,0.347,0.196,0.65,0.382,0.329,0.189,0.835,,0.551,0.306,0.337,0.102,0.561,0.041,0.159,0.038,0.062,0.312,0.342,0.308,0.127,0.247,0.12,0.538,0.062,0.18,0.734,0.796,0.538,0.83,0.39,0.455,0.304,0.33,0.088,0.391,0.041,0.041,0.07,0.608,0.111,0.421,0.213,0.248,0.327,,0.902,0.656,0.041,,0.583,,0.753,,0.113,0.144,0.151
1924,0.225,0.011,0.442,,0.795,0.04,0.683,0.818,0.04,0.21,0.753,0.188,0.524,0.196,0.622,0.4,0.538,0.04,0.122,0.547,0.402,0.31,0.198,0.048,0.747,0.781,0.534,0.233,0.094,,0.004,0.069,0.456,,0.13,0.671,0.548,0.399,0.796,0.758,0.034,0.898,0.367,0.088,0.492,0.364,0.188,0.436,0.916,0.101,0.753,0.535,0.811,0.072,0.849,0.04,0.517,0.299,0.457,0.025,0.005,0.372,0.024,0.734,0.808,0.486,,0.359,0.518,0.055,0.196,0.885,0.152,0.511,0.892,,0.421,0.512,0.439,0.54,0.04,0.019,0.04,0.24,0.16,0.336,0.139,0.663,0.463,0.047,0.652,0.141,0.633,0.702,0.874,0.253,,0.094,0.464,0.423,0.538,0.085,0.785,0.319,,0.066,0.032,0.265,0.555,0.074,0.63,0.09,0.111,0.586,0.297,0.845,0.819,0.032,0.933,0.072,,,,,,,,,,,,0.067,,,0.597,,0.39066666,0.027,0.649,0.347,0.196,0.65,0.382,0.329,0.189,0.835,,0.551,0.361,0.337,0.102,0.568,0.04,0.159,0.038,0.062,0.312,0.342,0.308,0.127,0.247,0.12,0.538,0.062,0.18,0.734,0.796,0.538,0.843,0.39,0.455,0.304,0.33,0.088,0.391,0.04,0.04,0.07,0.608,0.111,0.427,0.212,0.248,0.327,,0.902,0.656,0.04,,0.583,,0.753,,0.113,0.121,0.114
1925,0.272,0.011,0.376,,0.795,0.035,0.683,0.818,0.035,0.21,0.753,0.188,0.524,0.196,0.611,0.4,0.538,0.035,0.122,0.547,0.402,0.31,0.198,0.048,0.747,0.781,0.534,0.233,0.094,,0.004,0.069,0.456,,0.13,0.671,0.548,0.417,0.796,0.758,0.034,0.912,0.367,0.088,0.492,0.364,0.188,0.436,0.916,0.101,0.745,0.535,0.811,0.072,0.849,0.035,0.517,0.299,0.457,0.025,0.005,0.345,0.024,0.734,0.808,0.486,,0.359,0.518,0.055,0.196,0.885,0.141,0.511,0.892,,0.322,0.512,0.439,0.54,0.035,0.019,0.035,0.24,0.16,0.336,0.139,0.663,0.463,0.047,0.652,0.141,0.622,0.702,0.874,0.253,,0.094,0.464,0.377,0.538,0.085,0.785,0.319,,0.056,0.032,0.265,0.555,0.074,0.63,0.09,0.111,0.586,0.297,0.845,0.819,0.032,0.933,0.072,,,,,,,,,,,,0.067,,,0.597,,0.3890719,0.027,0.649,0.347,0.196,0.672,0.382,0.329,0.189,0.835,,0.551,0.361,0.337,0.102,0.568,0.035,0.159,0.038,0.062,0.312,0.342,0.308,0.127,0.247,0.12,0.538,0.062,0.18,0.734,0.796,0.538,0.843,0.39,0.455,0.282,0.33,0.088,0.391,0.035,0.035,0.07,0.608,0.111,0.398,0.212,0.248,0.327,,0.902,0.656,0.035,,0.583,,0.753,,0.113,0.121,0.114
1926,0.272,0.011,0.376,,0.795,0.03,0.683,0.818,0.03,0.21,0.753,0.188,0.524,0.196,0.621,0.4,0.538,0.03,0.122,0.547,0.402,0.31,0.198,0.048,0.747,0.781,0.541,0.233,0.094,,0.004,0.069,0.456,,0.127,0.671,0.549,0.401,0.796,0.758,0.034,0.912,0.367,0.088,0.492,0.364,0.188,0.436,0.916,0.101,0.758,0.535,0.811,0.072,0.86,0.03,0.517,0.299,0.457,0.025,0.005,0.34,0.024,0.734,0.808,0.486,,0.359,0.518,0.055,0.196,0.885,0.152,0.511,0.892,,0.286,0.512,0.439,0.555,0.03,0.019,0.03,0.24,0.16,0.336,0.139,0.663,0.463,0.047,0.652,0.141,0.655,0.702,0.874,0.253,,0.094,0.464,0.317,0.538,0.085,0.785,0.319,,0.056,0.032,0.265,0.571,0.074,0.63,0.09,0.111,0.586,0.297,0.845,0.819,0.032,0.933,0.072,,,,,,,,,,,,0.067,,,0.597,,0.38857517,0.027,0.649,0.347,0.196,0.672,0.382,0.329,0.189,0.855,,0.481,0.361,0.337,0.102,0.568,0.03,0.159,0.038,0.062,0.312,0.342,0.308,0.127,0.247,0.12,0.538,0.062,0.18,0.734,0.796,0.538,0.843,0.39,0.455,0.282,0.33,0.088,0.391,0.03,0.03,0.07,0.608,0.111,0.38,0.212,0.248,0.327,,0.902,0.656,0.03,,0.583,,0.753,,0.113,0.121,0.114
1927,0.272,0.011,0.376,,0.795,0.026,0.683,0.818,0.026,0.21,0.753,0.188,0.524,0.196,0.621,0.4,0.538,0.026,0.122,0.547,0.402,0.31,0.198,0.048,0.747,0.781,0.51,0.235,0.094,,0.004,0.069,0.456,,0.127,0.671,0.549,0.401,0.796,0.758,0.034,0.912,0.367,0.088,0.492,0.364,0.188,0.436,0.916,0.101,0.758,0.535,0.811,0.072,0.86,0.026,0.517,0.299,0.457,0.025,0.005,0.367,0.024,0.734,0.808,0.486,,0.359,0.513,0.055,0.196,0.885,0.152,0.511,0.892,,0.278,0.512,0.439,0.555,0.026,0.02,0.026,0.24,0.16,0.336,0.139,0.685,0.463,0.038,0.652,0.141,0.533,0.702,0.874,0.253,,0.094,0.464,0.317,0.538,0.085,0.785,0.319,,0.056,0.032,0.265,0.571,0.074,0.63,0.09,0.111,0.586,0.297,0.845,0.819,0.032,0.933,0.072,,,,,,,,,,,,0.067,,,0.597,,0.38740522,0.027,0.649,0.347,0.196,0.672,0.382,0.329,0.189,0.823,,0.461,0.361,0.337,0.102,0.568,0.026,0.159,0.038,0.062,0.312,0.342,0.308,0.127,0.247,0.12,0.538,0.062,0.18,0.734,0.796,0.538,0.843,0.39,0.455,0.282,0.33,0.088,0.391,0.026,0.026,0.07,0.608,0.111,0.38,0.212,0.248,0.327,,0.902,0.656,0.026,,0.583,,0.753,,0.113,0.121,0.114
1928,0.272,0.011,0.359,,0.792,0.026,0.683,0.818,0.026,0.21,0.753,0.188,0.524,0.196,0.621,0.4,0.52,0.026,0.122,0.547,0.402,0.31,0.198,0.048,0.747,0.781,0.51,0.245,0.094,,0.004,0.069,0.456,,0.127,0.671,0.549,0.401,0.78,0.758,0.034,0.912,0.367,0.088,0.492,0.364,0.188,0.436,0.916,0.101,0.758,0.535,0.811,0.072,0.86,0.026,0.517,0.299,0.457,0.025,0.005,0.371,0.024,0.734,0.808,0.486,,0.359,0.513,0.055,0.196,0.885,0.152,0.511,0.892,,0.266,0.512,0.439,0.555,0.026,0.02,0.026,0.24,0.16,0.336,0.139,0.685,0.463,0.038,0.652,0.141,0.533,0.702,0.874,0.253,,0.094,0.464,0.317,0.52,0.085,0.785,0.319,,0.05,0.032,0.265,0.571,0.087,0.63,0.09,0.111,0.586,0.305,0.845,0.819,0.032,0.933,0.072,,,,,,,,,,,,0.067,,,0.597,,0.38751635,0.027,0.649,0.347,0.196,0.672,0.382,0.329,0.189,0.823,,0.461,0.361,0.337,0.102,0.564,0.026,0.159,0.038,0.062,0.312,0.342,0.308,0.139,0.247,0.12,0.52,0.062,0.18,0.734,0.78,0.52,0.843,0.39,0.455,0.306,0.33,0.088,0.391,0.026,0.026,0.07,0.608,0.111,0.402,0.212,0.248,0.327,,0.902,0.656,0.026,,0.583,,0.753,,0.113,0.121,0.114
1929,0.26,0.011,0.359,,0.792,0.02,0.683,0.818,0.02,0.21,0.753,0.188,0.524,0.196,0.621,0.453,0.507,0.02,0.122,0.547,0.402,0.31,0.198,0.048,0.747,0.781,0.51,0.245,0.094,,0.004,0.069,0.442,,0.127,0.671,0.511,0.401,0.78,0.758,0.034,0.912,0.367,0.088,0.492,0.364,0.188,0.436,0.916,0.101,0.758,0.535,0.811,0.072,0.86,0.02,0.517,0.299,0.457,0.025,0.005,0.375,0.024,0.734,0.808,0.486,,0.359,0.513,0.055,0.196,0.885,0.152,0.511,0.892,,0.256,0.512,0.439,0.555,0.02,0.02,0.02,0.24,0.16,0.336,0.139,0.685,0.463,0.038,0.652,0.141,0.55,0.702,0.874,0.253,,0.094,0.464,0.317,0.507,0.085,0.785,0.319,,0.018,0.032,0.265,0.571,0.087,0.63,0.09,0.111,0.586,0.306,0.845,0.819,0.032,0.933,0.072,,,,,,,,,,,,0.067,,,0.597,,0.3871634,0.027,0.649,0.347,0.196,0.672,0.382,0.329,0.189,0.823,,0.461,0.361,0.337,0.102,0.564,0.02,0.159,0.038,0.062,0.312,0.342,0.308,0.139,0.247,0.12,0.507,0.062,0.18,0.734,0.78,0.507,0.843,0.39,0.455,0.306,0.33,0.088,0.391,0.02,0.02,0.07,0.608,0.111,0.398,0.212,0.248,0.327,,0.902,0.656,0.02,,0.583,,0.753,,0.113,0.121,0.114
1930,0.187,0.011,0.361,,0.799,0.013,0.683,0.799,0.013,0.21,0.753,0.188,0.532,0.196,0.621,0.453,0.507,0.013,0.122,0.603,0.402,0.31,0.21,0.048,0.746,0.781,0.51,0.245,0.094,,0.004,0.069,0.472,,0.127,0.68,0.511,0.395,0.78,0.758,0.034,0.912,0.259,0.088,0.492,0.364,0.186,0.436,0.916,0.101,0.758,0.535,0.811,0.072,0.86,0.013,0.501,0.299,0.457,0.025,0.005,0.375,0.024,0.734,0.808,0.486,,0.359,0.513,0.055,0.196,0.885,0.18,0.511,0.875,,0.255,0.605,0.439,0.555,0.013,0.02,0.013,0.24,0.16,0.341,0.139,0.685,0.471,0.038,0.667,0.141,0.553,0.702,0.874,0.241,,0.094,0.464,0.482,0.507,0.079,0.785,0.319,,0.013,0.027,0.265,0.571,0.087,0.63,0.09,0.112,0.586,0.306,0.845,0.819,0.032,0.933,0.072,,,,,,,,,,,,0.067,,,0.605,,0.38873857,0.03,0.649,0.375,0.196,0.672,0.416,0.317,0.189,0.823,,0.455,0.361,0.337,0.102,0.564,0.013,0.159,0.038,0.062,0.312,0.342,0.308,0.139,0.256,0.12,0.507,0.062,0.18,0.734,0.78,0.507,0.843,0.39,0.455,0.319,0.33,0.088,0.391,0.013,0.013,0.07,0.608,0.111,0.398,0.212,0.248,0.327,,0.902,0.656,0.013,,0.583,,0.753,,0.113,0.121,0.114
1931,0.187,0.011,0.361,,0.743,0.013,0.683,0.799,0.013,0.21,0.753,0.188,0.532,0.196,0.621,0.453,0.507,0.013,0.122,0.627,0.402,0.31,0.21,0.048,0.736,0.781,0.51,0.245,0.094,,0.004,0.069,0.472,,0.127,0.68,0.511,0.358,0.78,0.758,0.034,0.912,0.198,0.088,0.492,0.364,0.186,0.568,0.916,0.101,0.776,0.535,0.811,0.072,0.86,0.013,0.506,0.299,0.457,0.025,0.005,0.375,0.022,0.734,0.808,0.486,,0.359,0.513,0.055,0.196,0.885,0.18,0.511,0.875,,0.255,0.605,0.439,0.555,0.013,0.02,0.013,0.24,0.16,0.341,0.139,0.685,0.473,0.038,0.667,0.141,0.553,0.702,0.874,0.254,,0.094,0.464,0.482,0.507,0.079,0.785,0.319,,0.013,0.027,0.265,0.571,0.087,0.63,0.09,0.112,0.586,0.306,0.845,0.819,0.032,0.933,0.072,,,,,,,,,,,,0.073,,,0.605,,0.38888237,0.03,0.649,0.375,0.196,0.665,0.416,0.317,0.189,0.823,,0.455,0.361,0.337,0.102,0.564,0.013,0.17,0.038,0.062,0.312,0.342,0.308,0.139,0.255,0.12,0.507,0.062,0.18,0.734,0.78,0.507,0.843,0.39,0.455,0.303,0.33,0.088,0.391,0.013,0.013,0.07,0.608,0.111,0.398,0.207,0.248,0.327,,0.902,0.656,0.013,,0.583,,0.753,,0.119,0.121,0.114
1932,0.187,0.011,0.361,,0.743,0.01,0.683,0.799,0.01,0.21,0.753,0.188,,0.196,0.621,0.482,0.518,0.01,0.122,0.634,0.402,0.31,0.21,0.048,0.736,0.781,0.532,0.245,0.094,,0.004,0.069,0.472,,0.123,0.68,0.511,0.358,0.785,0.714,0.034,0.912,0.198,0.088,0.492,0.364,0.186,0.679,0.916,0.101,0.784,0.535,0.811,0.072,0.86,0.01,0.506,0.299,0.457,0.025,0.005,0.375,0.024,0.734,0.808,0.486,,0.359,0.513,0.055,0.196,0.885,0.18,0.511,0.875,,0.255,0.605,0.439,0.555,0.01,0.022,0.01,0.24,0.16,0.341,0.139,0.685,0.479,0.021,0.667,0.141,0.553,0.702,0.874,0.254,,0.094,0.496,0.515,0.518,0.079,0.785,0.319,,0.013,0.027,0.265,0.571,0.087,0.63,0.09,0.112,0.586,0.306,0.845,0.819,0.032,0.933,0.073,,,,,,,,,,,,0.073,,,0.605,,0.38904604,0.03,0.649,0.375,0.196,0.683,0.416,0.317,0.189,0.823,,0.455,0.361,0.337,0.102,0.564,0.01,0.182,0.038,0.062,0.312,0.342,0.308,0.139,0.185,0.12,0.518,0.062,0.18,0.734,0.785,0.518,0.844,0.39,0.455,0.303,0.33,0.088,0.391,0.01,0.01,0.07,0.608,0.111,0.398,0.207,0.248,0.327,,0.902,0.662,0.01,,0.583,,0.753,,0.119,0.121,0.114
1933,0.191,0.011,0.361,,0.813,0.005,0.683,0.612,0.005,0.21,0.769,0.188,,0.196,0.618,0.482,0.518,0.005,0.122,0.634,0.402,0.31,0.21,0.048,0.736,0.781,0.538,0.245,0.094,,0.004,0.069,0.472,,0.123,0.68,0.511,0.358,0.784,0.184,0.034,0.912,0.198,0.088,0.492,0.364,0.186,0.708,0.916,0.101,0.784,0.535,0.811,0.072,0.86,0.005,0.506,0.299,0.457,0.025,0.005,0.363,0.024,0.734,0.808,0.477,,0.359,0.513,0.054,0.196,0.885,0.18,0.511,0.875,,0.255,0.605,0.439,0.555,0.005,0.022,0.005,0.24,0.16,0.341,0.139,0.685,0.479,0.021,0.667,0.141,0.553,0.702,0.874,0.254,,0.094,0.496,0.515,0.518,0.079,0.785,0.319,,0.013,0.027,0.265,0.571,0.087,0.63,0.09,0.112,0.586,0.302,0.845,0.819,0.032,0.933,0.073,,,,,,,,,,,,0.073,,,0.605,,0.38485527,0.03,0.649,0.375,0.196,0.683,0.416,0.317,0.189,0.823,,0.446,0.361,0.337,0.102,0.564,0.005,0.182,0.038,0.062,0.312,0.342,0.308,0.139,0.185,0.12,0.518,0.062,0.18,0.734,0.784,0.518,0.851,0.39,0.455,0.303,0.33,0.088,0.419,0.005,0.005,0.07,0.608,0.111,0.398,0.207,0.248,0.327,,0.866,0.662,0.005,,0.583,,0.753,,0.119,0.121,0.114
1934,0.233,0.017,0.361,,0.813,0.004,0.683,0.468,0.004,0.21,0.769,0.188,,0.196,0.428,0.482,0.518,0.004,0.122,0.634,0.402,0.31,0.21,0.048,0.781,0.781,0.538,0.245,0.107,,0.004,0.069,0.472,,0.123,0.68,0.559,0.358,0.784,0.094,0.034,0.912,0.198,0.088,0.513,0.364,0.186,0.708,0.873,0.101,0.816,0.535,0.811,0.072,0.86,0.004,0.516,0.299,0.457,0.025,0.005,0.361,0.024,0.734,0.808,0.452,,0.361,0.513,0.054,0.196,0.885,0.153,0.511,0.875,,0.255,0.605,0.439,0.539,0.004,0.022,0.004,0.24,0.16,0.341,0.139,0.685,0.479,0.021,0.667,0.141,0.553,0.702,0.777,0.254,,0.094,0.496,0.503,0.518,0.079,0.785,0.319,,0.013,0.027,0.265,0.571,0.087,0.63,0.09,0.112,0.586,0.291,0.845,0.819,0.03,0.933,0.076,,,,,,,,,,,,0.073,,,0.605,,0.3820658,0.03,0.649,0.375,0.196,0.683,0.416,0.317,0.189,0.823,,0.42,0.372,0.337,0.102,0.564,0.004,0.182,0.038,0.062,0.312,0.342,0.308,0.139,0.185,0.12,0.518,0.062,0.18,0.734,0.784,0.518,0.851,0.39,0.455,0.303,0.33,0.088,0.467,0.004,0.004,0.07,0.608,0.111,0.398,0.182,0.248,0.327,,0.866,0.668,0.004,,0.583,,0.753,,0.119,0.121,0.114
1935,0.233,0.017,0.361,,0.813,0.004,0.683,0.432,0.004,0.21,0.769,0.188,,0.196,0.485,0.482,0.518,0.004,0.122,0.634,0.402,0.31,0.21,0.048,0.781,0.781,0.538,0.245,0.107,,0.004,0.069,0.472,,0.123,0.68,0.559,0.358,0.758,0.09,0.034,0.912,0.198,0.088,0.524,0.364,0.186,0.708,0.873,0.101,0.816,0.535,0.811,0.072,0.86,0.004,0.516,0.299,0.457,0.025,0.005,0.352,0.024,0.734,0.808,0.452,,0.392,0.504,0.054,0.196,0.885,0.153,0.511,0.875,,0.255,0.605,0.439,0.539,0.004,0.022,0.004,0.24,0.16,0.341,0.139,0.685,0.479,0.021,0.667,0.141,0.553,0.702,0.752,0.254,,0.094,0.496,0.51,0.518,0.079,0.785,0.319,,0.013,0.027,0.265,0.571,0.087,0.63,0.09,0.112,0.586,0.314,0.845,0.819,0.03,0.933,0.076,,,,,,,,,,,,0.073,,,0.605,,0.38236842,0.03,0.649,0.375,0.196,0.683,0.416,0.34,0.189,0.823,,0.42,0.372,0.337,0.102,0.564,0.004,0.182,0.038,0.062,0.312,0.342,0.308,0.139,0.185,0.12,0.518,0.062,0.18,0.734,0.758,0.518,0.851,0.39,0.455,0.303,0.33,0.088,0.467,0.004,0.004,0.07,0.608,0.111,0.398,0.182,0.248,0.327,,0.845,0.667,0.004,,0.601,,0.753,,0.119,0.128,0.114
1936,0.233,0.017,0.361,,0.813,0.004,0.683,0.432,0.004,0.21,0.769,0.188,,0.196,0.485,0.482,0.518,0.004,0.122,0.634,0.402,0.31,0.21,0.048,0.781,0.781,0.538,0.245,0.113,,0.004,0.069,0.497,,0.123,0.68,0.559,0.358,0.765,0.086,0.034,0.912,0.198,0.088,0.524,0.364,0.184,0.589,0.873,0.097,0.811,0.535,0.811,0.072,0.86,0.004,0.516,0.299,0.457,0.025,0.005,0.28,0.024,0.734,0.808,0.446,,0.408,0.487,0.054,0.196,0.885,0.153,0.511,0.875,,0.255,0.605,0.439,0.538,0.004,0.022,0.004,0.24,0.16,0.341,0.139,0.685,0.479,0.021,0.667,0.141,0.553,0.702,0.752,0.254,,0.094,0.496,0.51,0.518,0.079,0.785,0.319,,0.008,0.027,0.265,0.571,0.087,0.63,0.09,0.112,0.586,0.314,0.845,0.819,0.03,0.933,0.076,,,,,,,,,,,,0.073,,,0.605,,0.38158554,0.03,0.643,0.375,0.196,0.683,0.416,0.34,0.189,0.823,,0.42,0.361,0.337,0.102,0.564,0.004,0.182,0.038,0.062,0.312,0.342,0.308,0.139,0.185,0.12,0.518,0.062,0.18,0.734,0.765,0.518,0.851,0.39,0.455,0.303,0.33,0.088,0.467,0.004,0.004,0.07,0.608,0.111,0.398,0.182,0.248,0.327,,0.845,0.658,0.004,,0.689,,0.753,,0.119,0.128,0.114
1937,0.233,0.017,0.361,,0.813,0.003,0.683,0.428,0.003,0.21,0.769,0.188,,0.196,0.485,0.482,0.518,0.003,0.122,0.565,0.402,0.31,0.21,0.048,0.781,0.781,0.538,0.245,0.113,,0.004,0.069,0.497,,0.123,0.68,0.559,0.358,0.765,0.084,0.034,0.912,0.198,0.088,0.538,0.364,0.184,0.355,0.873,0.097,0.811,0.535,0.811,0.072,0.86,0.003,0.516,0.299,0.457,0.026,0.005,0.264,0.024,0.734,0.808,0.446,,0.408,0.457,0.054,0.196,0.885,0.153,0.511,0.875,,0.255,0.605,0.439,0.538,0.003,0.022,0.003,0.24,0.152,0.341,0.139,0.685,0.479,0.021,0.667,0.141,0.553,0.702,0.752,0.254,,0.094,0.496,0.51,0.518,0.079,0.785,0.319,,0.008,0.027,0.265,0.531,0.087,0.63,0.09,0.112,0.586,0.302,0.845,0.819,0.03,0.933,0.076,,,,,,,,,,,,0.073,,,0.605,,0.37892106,0.03,0.643,0.375,0.196,0.683,0.416,0.349,0.189,0.811,,0.42,0.334,0.337,0.102,0.553,0.003,0.182,0.039,0.062,0.312,0.342,0.308,0.139,0.185,0.13,0.518,0.062,0.18,0.734,0.765,0.518,0.851,0.39,0.455,0.303,0.33,0.088,0.467,0.003,0.003,0.07,0.608,0.111,0.398,0.173,0.248,0.327,,0.845,0.658,0.003,,0.724,,0.753,,0.119,0.128,0.114
1938,0.233,0.017,0.361,,0.813,0.003,0.683,0.428,0.003,0.21,0.769,0.188,,0.196,0.485,0.482,0.518,0.003,0.125,0.565,0.411,0.31,0.21,0.048,0.781,0.781,0.584,0.242,0.113,,0.004,0.069,0.497,,0.123,0.68,0.559,0.358,0.733,0.07,0.034,0.912,0.198,0.088,0.553,0.364,0.184,0.345,0.866,0.097,0.846,0.535,0.811,0.077,0.86,0.003,0.506,0.299,0.457,0.026,0.005,0.264,0.024,0.734,0.808,0.446,,0.408,0.445,0.054,0.196,0.885,0.153,0.511,0.875,,0.233,0.565,0.439,0.529,0.003,0.022,0.003,0.24,0.144,0.341,0.139,0.685,0.479,0.021,0.667,0.141,0.576,0.702,0.752,0.254,,0.094,0.496,0.524,0.518,0.079,0.785,0.319,,0.008,0.027,0.265,0.539,0.087,0.63,0.09,0.112,0.586,0.302,0.845,0.819,0.03,0.933,0.076,,,,,,,,,,,,0.073,,,0.605,,0.37817106,0.03,0.643,0.375,0.196,0.683,0.416,0.349,0.189,0.804,,0.42,0.334,0.337,0.102,0.516,0.003,0.182,0.039,0.062,0.312,0.342,0.308,0.139,0.185,0.13,0.518,0.062,0.18,0.734,0.733,0.518,0.812,0.39,0.455,0.303,0.33,0.088,0.467,0.003,0.003,0.07,0.608,0.111,0.398,0.151,0.248,0.327,,0.845,0.658,0.003,,0.724,,0.753,,0.119,0.128,0.114
1939,0.233,0.017,0.338,,0.813,0.003,0.68,,0.003,0.21,0.769,0.188,,0.196,0.485,0.482,0.518,0.003,0.125,0.57,0.426,0.31,0.21,0.048,0.756,0.781,0.624,0.242,0.113,,0.004,0.069,0.497,,0.123,0.68,0.559,0.358,0.129,0.053,0.034,0.912,0.198,0.088,0.553,0.364,0.181,0.312,0.849,0.097,0.795,0.535,0.759,0.073,0.844,0.003,0.51,0.299,0.457,0.026,0.005,0.264,0.024,0.734,0.808,0.446,,0.408,0.395,0.054,0.196,0.885,0.153,0.511,0.875,,0.223,0.565,0.439,0.535,0.003,0.022,0.003,0.24,0.117,0.341,0.139,0.685,0.479,0.021,0.667,0.141,0.546,0.702,0.752,0.254,,0.094,0.496,0.561,0.518,0.079,0.785,0.319,,0.008,0.027,0.265,0.539,0.087,0.63,0.09,0.112,0.586,0.302,0.845,0.819,0.03,0.925,0.076,,,,,,,,,,,,0.073,,,0.605,,0.3672914,0.03,0.643,0.375,0.196,0.683,0.416,0.34,0.189,,,0.42,0.358,0.337,0.102,0.483,0.003,0.182,0.039,0.062,0.312,0.342,0.254,0.139,0.185,0.13,0.518,0.062,0.18,0.734,0.167,0.518,0.812,0.39,0.455,0.294,0.33,0.088,0.467,0.003,0.003,0.07,0.608,0.111,0.398,0.151,0.248,0.327,,0.845,0.649,0.003,,0.724,,0.753,,0.119,0.128,0.114
1940,0.233,0.017,0.34,,0.813,0.003,0.662,,0.003,0.21,0.508,0.188,,0.196,0.487,0.482,0.373,0.003,0.125,0.57,0.456,0.31,0.21,0.048,0.756,0.781,0.624,0.242,0.113,,0.004,0.069,0.497,,0.123,0.684,0.574,0.358,0.013,0.049,0.034,0.507,0.198,0.088,0.553,0.364,0.289,0.235,0.003,0.097,0.753,0.535,0.288,0.073,0.844,0.003,0.51,0.299,0.474,0.026,0.005,0.177,0.024,0.734,0.808,0.446,,0.408,0.303,0.049,0.196,0.885,0.153,0.511,0.875,,0.223,0.565,0.439,0.535,0.003,0.022,0.003,0.24,0.122,0.341,0.08,0.685,0.487,0.021,0.667,0.141,0.003,0.122,0.003,0.254,0.003,0.094,0.496,0.623,0.373,0.079,0.785,0.319,,0.024,0.027,0.265,0.561,0.087,0.529,0.09,0.112,0.604,0.302,0.368,0.336,0.03,0.925,0.076,,,,,,,,,,,,0.073,,,0.633,,0.3407162,0.03,0.643,0.375,0.196,0.683,0.615,0.34,0.189,,,0.42,0.361,0.337,0.102,0.433,0.003,0.182,0.039,0.062,0.312,0.342,0.254,0.139,0.212,0.13,0.373,0.062,0.18,0.734,0.167,0.373,0.812,0.39,0.495,0.294,0.33,0.088,0.467,0.003,0.003,0.07,0.608,0.111,0.398,0.171,0.248,0.327,,0.845,0.607,0.003,,0.724,,0.753,,0.119,0.129,0.114
1941,0.233,0.017,0.333,,0.813,0.005,0.662,,0.005,0.21,0.378,0.188,,0.196,0.477,0.482,0.037,0.005,0.125,0.57,0.456,0.31,0.21,0.048,0.756,0.781,0.624,0.242,0.113,,0.004,0.069,0.497,,0.123,0.684,0.574,0.358,0.013,0.049,0.034,0.483,0.22,0.088,0.553,0.364,0.371,0.262,0.005,0.096,0.753,0.535,0.292,0.073,0.844,0.005,0.51,0.299,0.474,0.026,0.005,0.154,0.024,0.734,0.636,0.446,0.094,0.395,0.264,0.049,0.196,0.885,0.217,0.511,0.875,,0.223,0.565,0.439,0.529,0.005,0.022,0.005,0.24,0.07,0.341,0.08,0.685,0.487,0.031,0.667,0.141,0.005,0.122,0.005,0.254,0.005,0.094,0.496,0.623,0.037,0.079,0.785,0.319,,0.024,0.027,0.265,0.561,0.087,0.428,0.09,0.112,0.604,0.302,0.292,0.336,0.03,0.925,0.081,,,,,,,,,,,,0.073,,,0.654,,0.33167115,0.03,0.643,0.375,0.196,0.589,0.615,0.199,0.189,,,0.42,0.361,0.337,0.102,0.38,0.005,0.182,0.039,0.062,0.312,0.342,0.254,0.139,0.212,0.144,0.037,0.062,0.18,0.734,0.154,0.037,0.812,0.39,0.495,0.294,0.33,0.088,0.467,0.005,0.005,0.07,0.608,0.111,0.346,0.171,0.248,0.327,,0.845,0.598,0.005,,0.724,,0.753,,0.119,0.129,0.114
1942,0.233,0.017,0.333,,0.813,0.006,0.662,,0.006,0.21,0.365,0.188,,0.196,0.435,0.482,0.023,0.006,0.125,0.57,0.456,0.31,0.21,0.048,0.756,0.781,0.624,0.242,0.113,,0.004,0.069,0.497,,0.123,0.684,0.574,0.426,0.013,0.046,0.034,0.483,0.228,0.088,0.553,0.364,0.469,0.262,0.006,0.12,0.753,0.535,0.292,0.073,0.844,0.006,0.51,0.299,0.474,0.026,0.005,0.161,0.024,0.734,0.619,0.446,0.094,0.395,0.268,0.019,0.196,0.885,0.258,0.51,0.875,,0.223,0.565,0.439,0.442,0.006,0.022,0.006,0.24,0.07,0.343,0.08,0.685,0.487,,0.666,0.141,0.006,0.122,0.006,0.254,0.006,0.094,0.496,0.623,0.023,0.079,0.785,0.163,,0.024,0.027,0.265,0.561,0.087,0.419,0.09,0.112,0.604,0.302,0.292,0.336,0.03,0.925,0.081,,,,,,,,,,,,0.073,,,0.654,,0.3304189,0.03,0.643,0.375,0.196,0.606,0.615,0.041,0.189,,,0.42,0.361,0.337,0.102,0.38,0.006,0.182,0.039,0.062,0.312,0.148,0.254,0.139,0.212,0.146,0.023,0.062,0.18,0.734,0.154,0.023,0.812,0.39,0.495,0.302,0.33,0.088,0.467,0.006,0.006,0.022,0.608,0.111,0.346,0.171,0.248,0.327,,0.846,0.604,0.006,,0.724,,0.753,,0.119,0.129,0.114
1943,0.233,0.017,0.333,,0.722,0.006,0.662,,0.006,0.21,0.365,0.188,,0.196,0.435,0.482,0.023,0.006,0.125,0.57,0.456,0.31,0.21,0.048,0.756,0.781,0.624,0.242,0.113,,0.004,0.069,0.497,,0.123,0.684,0.574,0.426,0.013,0.046,0.034,0.483,0.228,0.088,0.553,0.364,0.48,0.334,0.006,0.127,0.753,0.535,0.292,0.073,0.844,0.006,0.51,0.299,0.474,0.026,0.005,0.17,0.024,0.734,0.619,0.446,0.094,0.407,0.231,0.019,0.196,0.885,0.258,0.51,0.875,,0.223,0.565,0.439,0.442,0.006,0.023,0.006,0.24,0.07,0.343,0.08,0.737,0.487,,0.666,0.141,0.006,0.122,0.006,0.254,0.006,0.094,0.496,0.623,0.023,0.079,0.785,0.163,,0.024,0.027,0.265,0.624,0.087,0.419,0.09,0.112,0.604,0.302,0.292,0.336,0.033,0.925,0.081,,,,,,,,,,,,0.073,,,0.652,,0.3318581,0.03,0.643,0.375,0.196,0.606,0.615,0.041,0.189,,,0.42,0.361,0.337,0.102,0.38,0.006,0.182,0.039,0.062,0.312,0.148,0.254,0.139,0.212,0.146,0.023,0.062,0.18,0.734,0.154,0.023,0.812,0.39,0.495,0.311,0.33,0.088,0.467,0.006,0.006,0.02,0.608,0.111,0.395,0.171,0.248,0.327,,0.897,0.61,0.006,,0.724,,0.753,,0.119,0.129,0.114
1944,0.233,0.017,0.083,,0.728,0.006,0.662,,0.006,0.21,0.365,0.188,,0.196,0.437,0.482,0.027,0.006,0.125,0.57,0.456,0.31,0.21,0.048,0.756,0.781,0.624,0.242,0.113,,0.004,0.069,0.497,,0.123,0.684,0.574,0.424,0.013,0.046,0.034,0.451,0.228,0.088,0.553,0.364,0.48,0.334,0.006,0.127,0.753,0.535,0.292,0.073,0.844,0.006,0.51,0.299,0.474,0.026,0.005,0.169,0.065,0.734,0.619,0.446,0.094,0.407,0.14,0.019,0.196,0.885,0.258,0.51,0.927,,0.407,0.66,0.439,0.442,0.006,0.023,0.006,0.24,0.07,0.343,0.08,0.737,0.382,,0.666,0.141,0.006,0.122,0.006,0.254,0.006,0.094,0.496,0.623,0.027,0.079,0.785,0.163,,0.024,0.027,0.265,0.639,0.089,0.419,0.09,0.112,0.604,0.302,0.292,0.318,0.033,0.925,0.081,,,,,,,,,,,,0.073,,,0.652,,0.33107382,0.03,0.643,0.375,0.196,0.606,0.615,0.041,0.189,0.39,,0.417,0.361,0.337,0.102,0.338,0.006,0.182,0.039,0.062,0.312,0.148,0.227,0.139,0.212,0.146,0.027,0.062,0.18,0.734,0.154,0.027,0.812,0.39,0.495,0.294,0.33,0.088,0.467,0.006,0.006,0.02,0.608,0.111,0.395,0.171,0.248,0.327,,0.897,0.61,0.006,,0.736,,0.753,,0.119,0.129,0.114
1945,0.233,0.017,0.002,,0.755,0.008,0.662,0.565,0.008,0.21,0.889,0.188,,0.196,0.178,0.482,0.112,0.008,0.126,0.662,0.456,0.31,0.21,0.05,0.756,0.796,0.624,0.245,0.113,,0.004,0.069,0.497,,0.151,0.684,0.574,0.432,0.274,,0.034,0.516,0.228,0.088,0.553,0.361,0.48,0.334,0.008,0.127,0.812,0.535,0.745,0.073,0.844,0.008,0.51,0.299,0.474,0.026,0.005,0.268,0.276,0.734,0.656,0.446,0.112,0.407,0.152,0.143,0.196,0.885,0.258,0.51,0.927,,0.412,0.662,0.439,0.441,0.008,0.023,0.008,0.24,0.309,0.343,0.099,0.737,0.415,,0.666,0.141,0.008,0.3,0.008,0.254,0.008,0.094,0.496,0.623,0.112,0.079,0.785,0.163,,0.024,0.027,0.265,0.639,0.089,0.453,0.09,0.117,0.604,0.302,0.372,0.369,0.033,0.925,0.081,,,,,,,,,,,,0.073,,,0.652,,0.35330874,0.03,0.643,0.375,0.196,0.606,0.615,0.079,0.261,0.369,0.08,0.417,0.361,0.33,0.102,0.316,0.008,0.182,0.039,0.063,0.312,0.148,0.221,0.139,0.228,0.146,0.112,0.063,0.18,0.756,0.274,0.112,0.812,0.39,0.495,0.289,0.33,0.088,0.467,0.008,0.008,0.02,0.608,0.111,0.41,0.215,0.248,0.327,,0.897,0.623,0.008,,0.736,,0.753,,0.119,0.129,0.121
1946,0.233,0.017,0.002,,0.787,0.008,0.757,0.622,0.008,0.21,0.91,0.191,,0.196,0.173,0.482,0.164,0.008,0.127,0.69,0.456,0.31,0.21,0.067,0.775,0.796,0.607,0.241,0.125,,0.004,0.079,0.452,0.064,0.151,0.684,0.574,0.432,0.405,,0.034,0.931,0.262,0.073,0.547,0.361,0.48,0.327,0.008,0.127,0.875,0.535,0.885,0.117,0.89,0.008,0.508,0.299,0.493,0.026,0.005,0.261,0.306,0.734,0.87,0.446,0.164,0.414,0.377,0.319,0.196,0.885,0.258,0.52,0.927,,0.617,0.662,0.439,0.723,0.008,0.023,0.008,0.243,0.565,0.343,0.214,0.737,0.415,,0.666,0.141,0.008,0.875,0.008,0.254,0.008,0.103,0.496,0.623,0.164,0.083,0.785,0.368,,0.024,0.027,0.265,0.626,0.089,0.61,0.09,0.124,0.604,0.302,0.922,0.824,0.033,0.925,0.084,,,,,,,,,,,,0.081,,,0.652,,0.39023334,0.03,0.643,0.375,0.196,0.606,0.633,0.482,0.359,0.393,0.003,0.417,0.367,0.33,0.102,0.251,0.008,0.182,0.039,0.063,0.335,0.463,0.293,0.139,0.228,0.146,0.164,0.063,0.18,0.756,0.405,0.164,0.871,0.39,0.495,0.319,0.33,0.108,0.467,0.008,0.008,0.087,0.609,0.111,0.432,0.324,0.248,0.353,0.008,0.915,0.664,0.008,,0.736,,0.753,,0.119,0.129,0.125
1947,0.233,0.017,0.002,,0.787,0.009,0.757,0.622,0.009,0.21,0.91,0.191,0.563,0.485,0.049,0.482,0.164,0.009,0.11,0.692,0.468,0.31,0.21,0.092,0.775,0.796,0.541,0.241,0.13,,0.004,0.079,0.452,0.073,0.151,0.684,0.574,0.432,0.411,,0.034,0.931,0.262,0.073,0.547,0.361,0.48,0.327,0.009,0.127,0.882,0.535,0.889,0.117,0.89,0.009,0.508,0.308,0.493,0.026,0.005,0.277,0.306,0.734,0.87,0.446,0.164,0.429,0.423,0.319,0.234,0.885,0.258,0.52,0.927,,0.781,0.662,0.455,0.732,0.009,0.023,0.009,0.243,0.565,0.343,0.214,0.737,0.419,,0.666,0.141,0.009,0.941,0.009,0.254,0.009,0.148,0.496,0.623,0.164,0.105,0.823,0.366,,0.026,0.027,0.265,0.626,0.089,0.61,0.09,0.131,0.604,0.302,0.922,0.824,0.036,0.931,0.086,,,,,,,,,,,,0.081,,,0.652,,0.39588815,0.03,0.643,0.375,0.485,0.701,0.633,0.569,0.359,0.393,0.003,0.417,0.299,0.33,0.102,0.191,0.009,0.182,0.039,0.071,0.354,0.463,0.293,0.139,0.228,0.146,0.164,0.071,0.18,0.764,0.411,0.164,0.871,0.39,0.495,0.453,0.349,0.108,0.467,0.009,0.009,0.087,0.609,0.111,0.428,0.299,0.248,0.353,0.009,0.915,0.683,0.009,,0.736,,0.753,,0.117,0.129,0.125
1948,0.233,0.017,0.002,,0.787,0.008,0.771,0.622,0.008,0.21,0.91,0.21,0.563,0.485,0.034,0.482,0.181,0.008,0.11,0.692,0.475,0.31,0.21,0.092,0.78,0.796,0.541,0.241,0.13,,0.004,0.079,0.417,0.07,0.151,0.63,0.574,0.432,0.082,,0.034,0.931,0.262,0.073,0.554,0.348,0.48,0.327,0.008,0.127,0.882,0.535,0.889,0.117,0.89,0.008,0.508,0.308,0.493,0.026,0.005,0.275,0.306,0.734,0.87,0.446,0.181,0.429,0.203,0.319,0.608,0.885,0.258,0.52,0.927,0.624,0.79,0.662,0.455,0.732,0.008,0.023,0.008,0.243,0.566,0.343,0.214,0.737,0.435,,0.777,0.141,0.008,0.941,0.008,0.254,0.008,0.148,0.496,0.623,0.181,0.113,0.847,0.382,,0.026,0.027,0.265,0.681,0.089,0.589,0.077,0.132,0.604,0.302,0.922,0.824,0.036,0.931,0.086,,,,,,,,,,,,0.081,,,0.652,,0.39412257,0.03,0.643,0.375,0.485,0.701,0.633,0.569,0.359,0.4,0.003,0.417,0.317,0.33,0.102,0.063,0.008,0.182,0.039,0.071,0.354,0.463,0.293,0.162,0.228,0.146,0.181,0.071,0.18,0.764,0.082,0.181,0.871,0.39,0.495,0.453,0.349,0.108,0.467,0.008,0.008,0.087,0.609,0.111,0.43,0.296,0.248,0.353,0.008,0.915,0.683,0.008,,0.731,,0.753,,0.106,0.129,0.125
1949,0.233,0.017,0.002,,0.787,0.006,0.771,0.622,0.006,0.21,0.91,0.21,0.563,0.485,0.024,0.482,0.193,0.006,0.11,0.692,0.475,0.31,0.21,0.092,0.78,0.796,0.541,0.072,0.13,,0.004,0.079,0.412,0.07,0.151,0.83,0.574,0.432,0.049,,0.034,0.931,0.262,0.073,0.578,0.348,0.48,0.327,0.006,0.127,0.944,0.535,0.889,0.117,0.89,0.006,0.508,0.308,0.493,0.026,0.005,0.275,0.31,0.734,0.87,0.446,0.193,0.429,0.067,0.442,0.608,0.885,0.258,0.52,0.927,0.624,0.796,0.662,0.455,0.732,0.006,0.023,0.006,0.243,0.566,0.343,0.214,0.737,0.435,,0.794,0.141,0.006,0.941,0.006,0.254,0.006,0.148,0.496,0.623,0.193,0.113,0.847,0.382,,0.026,0.027,0.265,0.683,0.089,0.589,0.077,0.132,0.604,0.302,0.922,0.824,0.036,0.931,0.086,,,0.382,0.889,,,,,,,,0.171,,,0.652,,0.39705768,0.03,0.643,0.375,0.485,0.695,0.443,0.569,0.359,0.384,0.003,0.417,0.332,,0.102,0.061,0.006,0.182,0.039,0.071,0.354,0.463,0.293,0.162,0.259,0.149,0.193,0.071,0.18,0.764,0.049,0.193,0.871,0.39,0.495,0.434,0.349,0.108,0.467,0.006,0.006,0.087,0.606,0.111,0.43,0.296,0.248,0.353,0.006,0.915,0.715,0.006,,0.625,,0.753,,0.093,0.129,0.125
1950,0.233,0.017,0.002,,0.779,0.007,0.852,0.659,0.007,0.21,0.91,0.21,0.59,0.519,0.024,0.482,0.228,0.007,0.11,0.698,0.5,0.326,0.21,0.097,0.817,0.81,0.553,0.014,0.13,,0.005,0.079,0.412,0.084,0.149,0.844,0.574,0.432,0.049,,0.034,0.931,0.262,0.073,0.578,0.365,0.386,0.356,0.007,0.127,0.958,0.554,0.889,0.147,0.89,0.007,0.534,0.308,0.493,0.026,0.01,0.435,0.317,0.734,0.874,0.662,0.228,0.424,0.018,0.48,0.632,0.885,0.363,0.562,0.927,0.624,0.799,0.662,0.453,0.732,0.007,0.021,0.007,0.243,0.42,0.362,0.214,0.737,0.435,,0.779,0.141,0.007,0.941,0.007,0.254,0.007,0.148,0.496,0.623,0.228,0.113,0.847,0.382,,0.026,0.027,0.265,0.683,0.086,0.589,0.077,0.121,0.604,0.313,0.922,0.824,0.05,0.931,0.086,,,0.382,0.902,,,,,,,,0.181,,,0.652,,0.40347096,0.03,0.643,0.375,0.519,0.7,0.443,0.569,0.359,0.369,0.002,0.417,0.332,,0.11,0.055,0.007,0.182,0.039,0.071,0.354,0.463,0.293,0.162,0.25,0.141,0.228,0.071,0.18,0.764,0.049,0.228,0.871,0.39,0.495,0.434,0.349,0.108,0.48,0.007,0.007,0.087,0.606,0.111,0.517,0.296,0.248,0.353,0.007,0.915,0.707,0.007,,0.625,,0.753,,0.088,0.129,0.125
1951,0.233,0.017,0.002,,0.779,0.007,0.852,0.659,0.007,0.21,0.91,0.21,0.59,0.504,0.024,0.482,0.269,0.007,0.101,0.698,0.5,0.326,0.21,0.097,0.817,0.81,0.553,0.014,0.13,,0.005,0.079,0.412,0.084,0.149,0.844,0.574,0.432,0.049,,0.034,0.931,0.262,0.073,0.578,0.365,0.386,0.356,0.007,0.127,0.958,0.554,0.889,0.147,0.89,0.007,0.514,0.323,0.493,0.026,0.01,0.445,0.317,0.734,0.874,0.662,0.269,0.421,0.018,0.48,0.632,0.885,0.372,0.556,0.927,0.624,0.799,0.662,0.453,0.732,0.007,0.021,0.007,0.243,0.42,0.362,0.214,0.737,0.435,0.256,0.779,0.141,0.007,0.941,0.007,0.254,0.007,0.148,0.496,0.623,0.269,0.113,0.847,0.382,,0.026,0.027,0.265,0.683,0.086,0.589,0.077,0.121,0.604,0.313,0.922,0.852,0.16,0.931,0.086,,,0.382,0.902,,,,,,,,0.181,,,0.652,,0.40433332,0.03,0.643,0.375,0.504,0.705,0.443,0.569,0.359,0.386,0.002,0.417,0.332,,0.11,0.055,0.007,0.182,0.039,0.071,0.354,0.463,0.341,0.176,0.25,0.141,0.269,0.071,0.18,0.764,0.049,0.269,0.871,0.39,0.495,0.458,0.349,0.108,0.48,0.007,0.007,0.087,0.606,0.111,0.517,0.315,0.248,0.353,0.007,0.912,0.707,0.007,,0.625,,0.753,,0.088,0.129,0.131
1952,0.233,0.017,0.002,,0.779,0.007,0.852,0.659,0.007,0.21,0.91,0.21,0.59,0.504,0.024,0.482,0.309,0.007,0.263,0.698,0.5,0.34,0.21,0.097,0.817,0.81,0.535,0.014,0.13,,0.005,0.079,0.412,0.084,0.149,0.844,0.507,0.432,0.049,,0.034,0.931,0.262,0.058,0.578,0.429,0.328,0.356,0.007,0.127,0.958,0.554,0.889,0.147,0.89,0.007,0.518,0.323,0.493,0.026,0.01,0.47,0.317,0.734,0.874,0.662,0.309,0.421,0.018,0.48,0.632,0.885,0.372,0.556,0.927,0.624,0.799,0.662,0.453,0.732,0.007,0.017,0.007,0.243,0.42,0.362,0.214,0.737,0.435,0.256,0.779,0.141,0.007,0.941,0.007,0.254,0.007,0.148,0.496,0.623,0.309,0.113,0.847,0.382,,0.026,0.027,0.265,0.683,0.086,0.589,0.077,0.121,0.604,0.313,0.922,0.852,0.207,0.931,0.086,,,0.376,0.924,,,,,,,,0.181,,,0.652,,0.40703204,0.03,0.643,0.375,0.504,0.72,0.443,0.569,0.359,0.386,0.002,0.417,0.332,,0.11,0.055,0.007,0.186,0.046,0.071,0.354,0.463,0.436,0.178,0.25,0.141,0.309,0.071,0.18,0.764,0.049,0.309,0.901,0.39,0.495,0.458,0.349,0.108,0.48,0.007,0.007,0.087,0.637,0.111,0.517,0.316,0.248,0.379,0.007,0.912,0.707,0.007,,0.625,,0.753,,0.088,0.129,0.131
1953,0.233,0.017,0.002,,0.779,0.008,0.852,0.659,0.008,0.21,0.91,0.21,0.59,0.527,0.03,0.482,0.313,0.008,0.311,0.698,0.5,0.364,0.21,0.107,0.817,0.81,0.535,0.014,0.13,,0.005,0.079,0.427,0.084,0.149,0.844,0.476,0.424,0.049,,0.034,0.931,0.262,0.073,0.578,0.536,0.293,0.356,0.008,0.127,0.958,0.554,0.889,0.147,0.89,0.008,0.518,0.323,0.493,0.026,0.01,0.47,0.338,0.734,0.874,0.662,0.313,0.421,0.018,0.49,0.632,0.885,0.336,0.556,0.927,0.624,0.799,0.662,0.453,0.889,0.008,0.017,0.008,0.243,0.535,0.362,0.281,0.737,0.435,0.258,0.779,0.141,0.008,0.941,0.008,0.254,0.008,0.148,0.496,0.623,0.313,0.113,0.847,0.382,,0.026,0.027,0.265,0.683,0.086,0.589,0.077,0.121,0.604,0.313,0.922,0.852,0.209,0.931,0.086,,,0.376,0.924,,,,,,,,0.181,,,0.652,,0.41121155,0.036,0.643,0.375,0.527,0.72,0.444,0.569,0.359,0.386,0.002,0.417,0.332,,0.11,0.055,0.008,0.186,0.041,0.156,0.354,0.463,0.436,0.178,0.25,0.141,0.313,0.156,0.18,0.764,0.049,0.313,0.901,0.39,0.495,0.458,0.349,0.113,0.48,0.008,0.008,0.087,0.662,0.111,0.543,0.316,0.248,0.384,0.008,0.912,0.707,0.008,,0.625,,0.753,,0.088,0.129,0.162
1954,0.233,0.017,0.002,,0.779,0.03,0.852,0.659,0.03,0.21,0.91,0.21,0.59,0.534,0.03,0.482,0.337,0.03,0.311,0.698,0.5,0.401,0.21,0.107,0.817,0.81,0.535,0.014,0.13,,0.006,0.079,0.48,0.084,0.149,0.844,0.454,0.424,0.076,,0.034,0.931,0.262,0.073,0.578,0.479,0.293,0.356,0.03,0.127,0.958,0.554,0.889,0.147,0.89,0.03,0.547,0.306,0.493,0.026,0.01,0.47,0.325,0.744,0.874,0.662,0.337,0.421,0.03,0.49,0.632,0.885,0.339,0.552,0.927,0.624,0.799,0.662,0.453,0.889,0.03,0.017,0.03,0.469,0.599,0.362,0.281,0.737,0.435,0.258,0.779,0.141,0.03,0.941,0.03,0.254,0.03,0.148,0.496,0.651,0.337,0.113,0.847,0.382,,0.026,0.027,0.265,0.731,0.086,0.589,0.077,0.121,0.604,0.313,0.922,0.852,0.209,0.931,0.086,,,0.414,0.924,,,,,,,,0.197,,,0.652,,0.4145705,0.036,0.643,0.375,0.534,0.72,0.444,0.569,0.359,0.386,0.002,0.417,0.326,,0.11,0.055,0.03,0.186,0.041,0.156,0.354,0.463,0.437,0.196,0.25,0.141,0.337,0.156,0.18,0.764,0.076,0.337,0.901,0.39,0.495,0.458,0.349,0.113,0.48,0.03,0.03,0.087,0.662,0.111,0.543,0.316,0.248,0.393,0.03,0.912,0.707,0.03,,0.625,,0.753,,0.088,0.139,0.162
1955,0.233,0.017,0.002,,0.779,0.032,0.852,0.734,0.032,0.21,0.91,0.21,0.59,0.545,0.023,0.482,0.352,0.032,0.311,0.698,0.5,0.401,0.21,0.107,0.817,0.81,0.535,0.013,0.13,,0.006,0.079,0.48,0.084,0.149,0.844,0.454,0.402,0.077,,0.034,0.931,0.262,0.061,0.578,0.479,0.293,0.356,0.032,0.142,0.958,0.554,0.889,0.153,0.89,0.032,0.545,0.306,0.493,0.026,0.01,0.47,0.117,0.744,0.874,0.662,0.352,0.421,0.03,0.49,0.632,0.885,0.308,0.552,0.927,0.624,0.799,0.662,0.453,0.889,0.032,0.017,0.032,0.485,0.599,0.375,0.281,0.737,0.435,0.258,0.779,0.141,0.032,0.941,0.032,0.232,0.032,0.148,0.496,0.651,0.352,0.113,0.847,0.382,,0.026,0.027,0.265,0.731,0.086,0.589,0.077,0.121,0.618,0.313,0.922,0.852,0.209,0.931,0.086,,,0.414,0.924,,,,,,,,0.15,,,0.652,,0.41322437,0.036,0.643,0.328,0.545,0.72,0.444,0.605,0.359,0.386,0.001,0.417,0.314,,0.092,0.055,0.032,0.186,0.045,0.156,0.354,0.463,0.437,0.196,0.25,0.141,0.352,0.156,0.183,0.786,0.077,0.352,0.901,0.39,0.495,0.458,0.349,0.113,0.48,0.032,0.032,0.087,0.664,0.111,0.495,0.328,0.248,0.42,0.032,0.912,0.707,0.032,,0.625,,0.753,,0.088,0.139,0.162
1956,0.233,0.017,0.002,,0.773,0.039,0.852,0.884,0.039,0.21,0.91,0.21,0.59,0.545,0.023,0.482,0.352,0.039,0.311,0.698,0.5,0.432,0.21,0.107,0.817,0.81,0.535,0.013,0.13,,0.006,0.085,0.48,0.084,0.149,0.844,0.454,0.396,0.08,,0.034,0.931,0.262,0.061,0.578,0.479,0.293,0.356,0.039,0.142,0.958,0.554,0.889,0.153,0.89,0.039,0.557,0.306,0.493,0.026,0.01,0.465,0.117,0.744,0.874,0.662,0.352,0.421,0.03,0.49,0.649,0.885,0.308,0.552,0.927,0.624,0.805,0.662,0.446,0.889,0.039,0.019,0.039,0.485,0.599,0.375,0.281,0.737,0.435,0.258,0.773,0.141,0.039,0.941,0.039,0.31,0.039,0.148,0.496,0.651,0.352,0.113,0.847,0.382,,0.026,0.027,0.265,0.731,0.086,0.589,0.077,0.121,0.618,0.313,0.922,0.852,0.209,0.931,0.086,,,0.414,0.924,,,,,,,,0.131,,,0.652,,0.41682053,0.036,0.643,0.328,0.545,0.72,0.444,0.605,0.359,0.397,0.001,0.417,0.314,,0.092,0.06,0.039,0.186,0.045,0.172,0.354,0.463,0.437,0.196,0.25,0.141,0.352,0.172,0.183,0.786,0.08,0.352,0.901,0.39,0.495,0.451,0.349,0.22,0.48,0.039,0.039,0.087,0.664,0.273,0.549,0.328,0.248,0.42,0.039,0.912,0.707,0.039,,0.625,,0.753,,0.088,0.139,0.162
1957,0.233,0.017,0.002,,0.789,0.043,0.861,0.884,0.043,0.21,0.923,0.21,0.59,0.545,0.023,0.482,0.359,0.043,0.311,0.698,0.505,0.462,0.21,0.14,0.817,0.81,0.535,0.009,0.13,,0.006,0.085,0.48,0.084,0.149,0.844,0.454,0.378,0.08,,0.034,0.931,0.262,0.061,0.578,0.479,0.293,0.356,0.043,0.142,0.958,0.554,0.889,0.153,0.89,0.043,0.7,0.339,0.493,0.026,0.01,0.465,0.117,0.744,0.874,0.662,0.359,0.329,0.031,0.488,0.649,0.894,0.308,0.552,0.927,0.624,0.805,0.662,0.446,0.889,0.043,0.026,0.043,0.485,0.599,0.375,0.279,0.737,0.435,0.258,0.773,0.141,0.043,0.941,0.043,0.476,0.043,0.148,0.496,0.651,0.359,0.113,0.847,0.382,,0.026,0.027,0.265,0.731,0.086,0.595,0.077,0.121,0.618,0.303,0.93,0.911,0.209,0.931,0.086,,,0.414,0.924,,,,,,,,0.131,,,0.669,,0.42333975,0.036,0.643,0.294,0.545,0.72,0.661,0.605,0.359,0.558,0.001,0.417,0.314,,0.092,0.062,0.043,0.212,0.045,0.204,0.354,0.463,0.437,0.196,0.25,0.141,0.359,0.204,0.183,0.786,0.08,0.359,0.901,0.39,0.495,0.454,0.349,0.22,0.453,0.043,0.043,0.087,0.665,0.458,0.549,0.328,0.248,0.42,0.043,0.917,0.724,0.043,,0.625,,0.753,,0.088,0.139,0.162
1958,0.233,0.017,0.002,,0.811,0.043,0.861,0.884,0.043,0.21,0.923,0.218,0.599,0.556,0.023,0.482,0.359,0.043,0.311,0.698,0.64,0.48,0.21,0.147,0.817,0.81,0.559,0.007,0.13,,0.007,0.085,0.588,0.084,0.149,0.844,0.454,0.359,0.08,,0.034,0.931,0.262,0.061,0.578,0.479,0.293,0.356,0.043,0.142,0.958,0.554,0.889,0.229,0.89,0.043,0.708,0.406,0.493,0.026,0.01,0.465,0.117,0.744,0.874,0.662,0.359,0.213,0.032,0.442,0.649,0.901,0.308,0.578,0.927,0.624,0.805,0.662,0.446,0.889,0.043,0.026,0.043,0.485,0.632,0.375,0.279,0.737,0.435,0.258,0.773,0.141,0.043,0.941,0.043,0.503,0.043,0.149,0.496,0.651,0.359,0.135,0.847,0.382,,0.026,0.027,0.195,0.731,0.086,0.67,0.077,0.121,0.618,0.303,0.93,0.911,0.214,0.931,0.086,,,0.414,0.924,,,,,,,,0.131,,,0.669,,0.4284359,0.036,0.643,0.294,0.556,0.72,0.661,0.605,0.359,0.558,0.001,0.417,0.314,,0.092,0.062,0.043,0.222,0.045,0.204,0.354,0.509,0.437,0.213,0.25,0.141,0.359,0.204,0.183,0.786,0.08,0.359,0.901,0.39,0.495,0.374,0.349,0.22,0.453,0.043,0.043,0.087,0.665,0.637,0.549,0.328,0.248,0.42,0.043,0.917,0.724,0.043,,0.821,,0.753,,0.088,0.139,0.162
1959,0.233,0.017,0.002,,0.831,0.045,0.861,0.884,0.045,0.213,0.923,0.221,0.598,0.504,0.023,0.482,0.359,0.045,0.311,0.698,0.64,0.48,0.21,0.189,0.817,0.81,0.65,0.006,0.13,,0.008,0.085,0.643,0.084,0.149,0.851,0.307,0.382,0.08,,0.034,0.931,0.262,0.061,0.578,0.479,0.293,0.356,0.045,0.142,0.958,0.554,0.889,0.229,0.89,0.045,0.708,0.376,0.493,0.026,0.026,0.465,0.117,0.744,0.874,0.646,0.359,0.213,0.038,0.399,0.649,0.901,0.322,0.591,0.927,0.624,0.811,0.662,0.446,0.889,0.045,0.026,0.045,0.485,0.632,0.375,0.279,0.737,0.435,0.258,0.799,0.141,0.045,0.941,0.045,0.503,0.045,0.222,0.496,0.651,0.359,0.135,0.847,0.382,,0.026,0.027,0.195,0.731,0.086,0.67,0.077,0.122,0.618,0.303,0.93,0.911,0.259,0.931,0.086,,,0.414,0.924,,,,,,,,0.131,,,0.669,,0.43097436,0.036,0.643,0.294,0.504,0.72,0.661,0.605,0.359,0.558,0.001,0.417,0.314,,0.092,0.062,0.045,0.195,0.045,0.155,0.507,0.582,0.437,0.213,0.25,0.141,0.359,0.155,0.183,0.786,0.08,0.359,0.901,0.39,0.495,0.394,0.353,0.22,0.453,0.045,0.045,0.087,0.665,0.637,0.549,0.328,0.248,0.42,0.045,0.917,0.724,0.045,,0.897,,0.753,,0.088,0.139,0.162
1960,0.233,0.017,0.002,,0.838,0.044,0.861,0.884,0.044,0.217,0.923,0.617,0.796,0.504,0.028,0.482,0.359,0.044,0.311,0.697,0.646,0.485,0.249,0.278,0.844,0.811,0.657,0.006,0.672,,0.17,0.368,0.64,0.084,0.149,0.851,0.15,0.561,0.104,,0.034,0.931,0.262,0.061,0.566,0.455,0.287,0.373,0.044,0.154,0.958,0.573,0.904,0.426,0.89,0.044,0.744,0.311,0.526,0.022,0.064,0.465,0.117,0.744,0.874,0.665,0.359,0.213,0.049,0.374,0.649,0.901,0.306,0.591,0.927,0.624,0.811,0.751,0.441,0.889,0.044,0.05,0.044,0.482,0.65,0.418,0.273,0.737,0.42,0.258,0.799,0.205,0.044,0.941,0.044,0.493,0.044,0.393,0.496,0.663,0.359,0.733,0.847,0.382,,0.032,0.027,0.281,0.729,0.098,0.67,0.082,0.274,0.751,0.287,0.93,0.939,0.267,0.931,0.086,,,0.414,0.924,,,,,,,,0.131,,,,,0.45774195,0.04,0.643,0.294,0.504,0.72,0.661,0.605,0.359,0.558,0.001,0.417,0.297,,0.106,0.061,0.044,0.286,0.048,0.152,0.751,0.582,0.466,0.313,0.25,0.206,0.359,0.152,0.183,0.786,0.104,0.359,0.915,0.401,0.495,0.38,0.525,0.387,0.481,0.044,0.044,0.093,0.684,0.637,0.536,0.355,0.248,0.41,0.044,0.917,0.724,0.044,,0.897,,0.753,,0.088,0.139,0.165
1961,0.233,0.017,0.002,,0.838,0.043,0.861,0.884,0.043,0.217,0.923,0.645,0.796,0.504,0.026,0.482,0.359,0.043,0.311,0.699,0.646,0.485,0.249,0.312,0.844,0.811,0.657,0.006,0.681,0.51,0.203,0.368,0.64,0.084,0.149,0.851,0.102,0.592,0.134,,0.034,0.931,0.29,0.061,0.566,0.455,0.251,0.373,0.043,0.161,0.958,0.573,0.904,0.426,0.891,0.043,0.722,0.306,0.535,0.022,0.064,0.472,0.117,0.744,0.874,0.645,0.359,0.213,0.052,0.372,0.649,0.901,0.328,0.573,0.941,0.624,0.811,0.751,0.441,0.889,0.043,0.05,0.043,0.482,0.59,0.468,0.273,0.737,0.42,0.258,0.799,0.229,0.043,0.941,0.043,0.496,0.043,0.44,0.496,0.663,0.359,0.733,0.847,0.382,,0.032,0.027,0.263,0.722,0.121,0.67,0.084,0.282,0.754,0.287,0.93,0.939,0.224,0.931,0.086,,,0.309,0.924,,,,,,,,0.133,,,,,0.46346796,0.04,0.649,0.284,0.504,0.72,0.661,0.605,0.359,0.558,0.001,0.417,0.297,,0.106,0.075,0.043,0.318,0.048,0.152,0.761,0.582,0.466,0.434,0.25,0.298,0.359,0.152,0.204,0.786,0.134,0.359,0.926,0.401,0.495,0.38,0.525,0.542,0.481,0.043,0.043,0.093,0.684,0.637,0.538,0.355,0.609,0.41,0.043,0.917,0.724,0.043,,0.897,,0.753,,0.088,0.139,0.165
1962,0.233,0.017,0.002,,0.824,0.044,0.861,0.884,0.044,0.369,0.923,0.645,0.796,0.504,0.026,0.482,0.359,0.044,0.311,0.708,0.646,0.485,0.273,0.312,0.844,0.811,0.657,0.006,0.68,0.51,0.203,0.368,0.64,0.086,0.149,0.891,0.064,0.592,0.134,,0.034,0.938,0.43,0.158,0.582,0.455,0.177,0.373,0.044,0.166,0.958,0.573,0.921,0.44,0.891,0.044,0.72,0.306,0.536,0.027,0.064,0.483,0.117,0.744,0.874,0.666,0.359,0.213,0.058,0.367,0.649,0.901,0.392,0.561,0.941,0.624,0.831,0.809,0.441,0.889,0.044,0.043,0.044,0.482,0.623,0.468,0.273,0.737,0.42,0.258,0.799,0.229,0.044,0.941,0.044,0.495,0.044,0.44,0.496,0.663,0.359,0.733,0.847,0.159,,0.032,0.027,0.374,0.722,0.121,0.67,0.084,0.282,0.754,0.287,0.93,0.939,0.229,0.931,0.086,,,0.309,0.924,,,,,,,,0.133,,,,,0.46788463,0.037,0.649,0.284,0.504,0.72,0.665,0.605,0.359,0.558,0.001,0.417,0.297,,0.106,0.075,0.044,0.317,0.057,0.143,0.761,0.582,0.466,0.474,0.25,0.298,0.359,0.143,0.214,0.786,0.134,0.359,0.932,0.401,0.495,0.37,0.525,0.542,0.481,0.044,0.044,0.093,0.782,0.637,0.541,0.362,0.609,0.463,0.044,0.917,0.724,0.044,,0.897,,0.753,,0.088,0.139,0.165
1963,0.233,0.017,0.002,,0.847,0.044,0.861,0.884,0.044,0.437,0.941,0.645,0.796,0.504,0.026,0.482,0.359,0.044,0.311,0.708,0.609,0.499,0.301,0.292,0.889,0.811,0.657,0.006,0.68,0.51,0.203,0.368,0.64,0.086,0.149,0.891,0.082,0.592,0.145,,0.034,0.944,0.712,0.337,0.57,0.455,0.177,0.373,0.044,0.166,0.958,0.573,0.924,0.44,0.891,0.044,0.72,0.306,0.542,0.027,0.064,0.491,0.099,0.744,0.874,0.644,0.359,0.213,0.06,0.367,0.649,0.901,0.409,0.486,0.941,0.624,0.854,0.809,0.441,0.889,0.044,0.288,0.044,0.482,0.614,0.483,0.273,0.737,0.42,0.258,0.799,0.229,0.044,0.941,0.044,0.508,0.044,0.44,0.496,0.663,0.359,0.733,0.847,0.085,,0.032,0.027,0.374,0.722,0.121,0.67,0.084,0.282,0.754,0.287,0.93,0.939,0.234,0.94,0.082,,,0.309,0.924,,,,,,,,0.133,,,,,0.4746282,0.103,0.592,0.323,0.504,0.72,0.638,0.605,0.359,0.558,0.001,0.417,0.297,,0.106,0.075,0.044,0.398,0.074,0.143,0.771,0.54,0.466,0.474,0.25,0.298,0.359,0.143,0.214,0.786,0.145,0.359,0.932,0.401,0.495,0.356,0.525,0.632,0.481,0.044,0.044,0.093,0.788,0.637,0.577,0.362,0.609,0.535,0.044,0.917,0.732,0.044,,0.897,,0.753,,0.088,0.139,0.165
1964,0.234,0.017,0.002,,0.858,0.044,0.861,0.884,0.044,0.437,0.941,0.62,0.796,0.504,0.026,0.482,0.359,0.044,0.281,0.549,0.609,0.499,0.301,0.292,0.889,0.811,0.704,0.006,0.68,0.51,0.203,0.35,0.64,0.088,0.149,0.891,0.082,0.592,0.145,,0.034,0.944,0.517,0.337,0.597,0.455,0.177,0.373,0.044,0.166,0.958,0.573,0.924,0.44,0.891,0.044,0.72,0.306,0.542,0.027,0.087,0.502,0.099,0.744,0.874,0.56,0.359,0.213,0.06,0.367,0.649,0.909,0.392,0.486,0.941,0.624,0.854,0.809,0.441,0.899,0.044,0.413,0.044,0.482,0.614,0.483,0.26,0.737,0.42,0.258,0.799,0.243,0.044,0.941,0.044,0.472,0.044,0.44,0.486,0.663,0.359,0.733,0.847,0.078,,0.032,0.027,0.374,0.722,0.176,0.628,0.084,0.282,0.754,0.287,0.93,0.939,0.252,0.94,0.082,,,0.309,0.924,,,,,,,,0.166,,,,,0.47538462,0.137,0.514,0.381,0.504,0.72,0.697,0.605,0.359,0.558,0.001,0.417,0.297,,0.106,0.075,0.044,0.404,0.074,0.154,0.771,0.54,0.466,0.474,0.25,0.298,0.359,0.154,0.247,0.786,0.145,0.359,0.932,0.401,0.495,0.333,0.525,0.63,0.481,0.044,0.044,0.093,0.788,0.637,0.577,0.362,0.609,0.541,0.044,0.917,0.74,0.044,,0.897,,0.753,,0.088,0.421,0.14
1965,0.241,0.017,0.001,,0.858,0.045,0.861,0.884,0.045,0.437,0.941,0.62,0.796,0.494,0.026,0.482,0.4,0.045,0.207,0.493,0.609,0.505,0.301,0.316,0.9,0.811,0.704,0.005,0.68,0.51,0.203,0.35,0.64,0.094,0.149,0.891,0.069,0.595,0.145,,0.034,0.944,0.517,0.36,0.603,0.455,0.177,0.373,0.045,0.166,0.958,0.573,0.924,0.44,0.899,0.045,0.716,0.306,0.701,0.027,0.087,0.502,0.105,0.744,0.843,0.56,0.4,0.213,0.07,0.353,0.649,0.909,0.392,0.486,0.941,0.624,0.854,0.789,0.441,0.902,0.045,0.442,0.045,0.482,0.614,0.483,0.261,0.737,0.42,0.258,0.799,0.243,0.045,0.941,0.045,0.444,0.045,0.44,0.486,0.663,0.4,0.733,0.847,0.078,,0.032,0.028,0.374,0.722,0.218,0.628,0.084,0.282,0.754,0.287,0.93,0.939,0.252,0.94,0.082,,,0.309,0.924,,,,,,,,0.166,,,,,0.47802565,0.137,0.45,0.381,0.494,0.72,0.697,0.594,0.417,0.558,0.001,0.417,0.297,,0.106,0.084,0.045,0.404,0.074,0.201,0.771,0.683,0.466,0.474,0.25,0.298,0.4,0.201,0.247,0.786,0.145,0.4,0.932,0.401,0.526,0.333,0.525,0.63,0.481,0.045,0.045,0.093,0.788,0.637,0.577,0.362,0.609,0.541,0.045,0.917,0.737,0.045,,0.897,,0.753,,0.088,0.488,0.14
1966,0.241,0.017,0.001,,0.858,0.045,0.861,0.884,0.045,0.435,0.941,0.62,0.796,0.494,0.026,0.482,0.4,0.045,0.189,0.493,0.797,0.505,0.744,0.294,0.9,0.811,0.724,0.005,0.68,0.51,0.203,0.35,0.64,0.094,0.149,0.891,0.069,0.595,0.145,,0.034,0.944,0.564,0.36,0.617,0.455,0.177,0.373,0.045,0.166,0.958,0.573,0.931,0.44,0.899,0.045,0.693,0.306,0.774,0.027,0.087,0.49,0.105,0.744,0.843,0.56,0.4,0.213,0.085,0.257,0.649,0.909,0.392,0.498,0.941,0.666,0.854,0.789,0.441,0.902,0.045,0.442,0.045,0.482,0.614,0.483,0.261,0.737,0.42,0.258,0.81,0.547,0.045,0.941,0.045,0.444,0.045,0.44,0.444,0.663,0.4,0.733,0.847,0.078,,0.032,0.028,0.374,0.722,0.206,0.628,0.089,0.282,0.754,0.287,0.93,0.939,0.252,0.94,0.082,,,0.309,0.924,,,,,,,,0.166,,,,,0.48440385,0.137,0.45,0.381,0.494,0.72,0.697,0.594,0.417,0.558,0.001,0.417,0.297,,0.106,0.079,0.045,0.404,0.074,0.201,0.771,0.727,0.466,0.474,0.25,0.298,0.4,0.201,0.247,0.786,0.145,0.4,0.932,0.408,0.526,0.333,0.525,0.63,0.481,0.045,0.045,0.093,0.788,0.637,0.577,0.362,0.6,0.533,0.045,0.917,0.76,0.045,,0.897,,0.753,,0.088,0.488,0.129
1967,0.241,0.017,0.001,,0.794,0.05,0.861,0.884,0.05,0.418,0.941,0.62,0.796,0.501,0.026,0.482,0.4,0.05,0.189,0.493,0.826,0.505,0.744,0.305,0.9,0.811,0.73,0.005,0.68,0.51,0.201,0.35,0.64,0.094,0.149,0.891,0.069,0.595,0.145,,0.032,0.944,0.567,0.36,0.617,0.455,0.177,0.373,0.05,0.166,0.958,0.573,0.931,0.452,0.899,0.05,0.722,0.306,0.774,0.027,0.087,0.276,0.116,0.779,0.843,0.56,0.4,0.213,0.085,0.295,0.649,0.909,0.392,0.525,0.941,0.808,0.854,0.707,0.441,0.902,0.05,0.436,0.05,0.482,0.614,0.483,0.261,0.737,0.42,0.258,0.81,0.547,0.05,0.941,0.05,0.444,0.05,0.44,0.444,0.663,0.4,0.733,0.847,0.078,,0.032,0.028,0.374,0.732,0.206,0.64,0.089,0.282,0.72,0.287,0.93,0.939,0.252,0.94,0.082,,,0.309,0.924,,,,,,,,0.166,,,,,0.4822372,0.137,0.305,0.381,0.501,0.72,0.697,0.595,0.417,0.558,0.001,0.427,0.297,,0.106,0.079,0.05,0.404,0.074,0.201,0.771,0.727,0.466,0.474,0.25,0.298,0.4,0.201,0.247,0.786,0.145,0.4,0.932,0.408,0.526,0.344,0.512,0.67,0.481,0.05,0.05,0.093,0.788,0.637,0.577,0.363,0.575,0.448,0.05,0.917,0.76,0.05,,0.897,,0.753,,0.088,0.488,0.129
1968,0.241,0.018,0.001,,0.794,0.05,0.901,0.884,0.05,0.418,0.941,0.62,0.796,0.504,0.026,0.482,0.4,0.05,0.189,0.477,0.826,0.513,0.744,0.305,0.9,0.811,0.73,0.005,0.68,0.51,0.201,0.151,0.64,0.094,0.149,0.891,0.05,0.595,0.16,,0.045,0.944,0.567,0.36,0.617,0.455,0.177,0.373,0.05,0.166,0.958,0.573,0.942,0.452,0.899,0.05,0.722,0.306,0.774,0.027,0.106,0.27,0.116,0.779,0.9,0.514,0.4,0.213,0.085,0.281,0.649,0.909,0.392,0.45,0.941,0.808,0.854,0.707,0.441,0.902,0.05,0.436,0.05,0.482,0.614,0.483,0.261,0.737,0.42,0.258,0.81,0.547,0.05,0.941,0.05,0.444,0.05,0.44,0.476,0.663,0.4,0.737,0.847,0.078,,0.032,0.028,0.374,0.853,0.206,0.64,0.083,0.282,0.72,0.287,0.938,0.939,0.252,0.94,0.082,,,0.309,0.924,,,,,,,,0.17,,,,,0.47903204,0.137,0.147,0.381,0.504,0.666,0.585,0.592,0.417,0.529,0.001,0.427,0.295,,0.125,0.082,0.05,0.404,0.074,0.201,0.771,0.727,0.466,0.451,0.199,0.298,0.4,0.201,0.247,0.786,0.16,0.4,0.932,0.39,0.526,0.344,0.512,0.67,0.481,0.05,0.05,0.093,0.788,0.637,0.577,0.363,0.575,0.445,0.05,0.917,0.771,0.05,,0.897,,0.753,,0.088,0.488,0.129
1969,0.241,0.03,0.001,,0.794,0.05,0.901,0.884,0.05,0.418,0.941,0.62,0.796,0.504,0.026,0.482,0.4,0.05,0.189,0.477,0.82,0.513,0.744,0.305,0.9,0.811,0.73,0.005,0.68,0.51,0.197,0.141,0.64,0.094,0.149,0.891,0.066,0.595,0.15,,0.045,0.944,0.567,0.36,0.723,0.455,0.177,0.373,0.05,0.166,0.958,0.573,0.942,0.452,0.899,0.05,0.766,0.285,0.774,0.027,0.046,0.27,0.115,0.776,0.9,0.514,0.4,0.213,0.1,0.281,0.649,0.909,0.392,0.45,0.941,0.808,0.854,0.707,0.441,0.902,0.05,0.436,0.05,0.482,0.614,0.483,0.261,0.737,0.42,0.245,0.81,0.547,0.05,0.941,0.05,0.444,0.05,0.44,0.476,0.663,0.4,0.743,0.847,0.078,,0.032,0.028,0.374,0.838,0.206,0.64,0.083,0.282,0.72,0.287,0.938,0.939,0.252,0.94,0.082,,,0.309,0.924,,,,,,,,0.17,,,,,0.47800642,0.137,0.147,0.381,0.504,0.632,0.519,0.592,0.417,0.551,0.001,0.436,0.275,,0.125,0.082,0.05,0.404,0.074,0.163,0.771,0.727,0.466,0.444,0.176,0.258,0.4,0.163,0.247,0.786,0.15,0.4,0.932,0.39,0.526,0.293,0.512,0.67,0.481,0.05,0.05,0.093,0.788,0.637,0.577,0.363,0.575,0.445,0.05,0.917,0.81,0.05,,0.897,,0.753,,0.088,0.488,0.123
1970,0.241,0.03,0.001,,0.794,0.049,0.914,0.884,0.049,0.443,0.945,0.645,0.796,0.465,0.029,0.486,0.4,0.049,0.193,0.477,0.867,0.513,0.744,0.305,0.9,0.836,0.709,0.005,0.702,0.51,0.179,0.141,0.64,0.094,0.149,0.891,0.066,0.6,0.143,,0.041,0.944,0.567,0.36,0.723,0.476,0.149,0.385,0.049,0.167,0.958,0.81,0.942,0.452,0.895,0.049,0.794,0.285,0.798,0.02,0.004,0.27,0.102,0.772,0.9,0.5,0.4,0.213,0.102,0.281,0.649,0.909,0.402,0.439,0.941,0.808,0.852,0.728,0.532,0.902,0.049,0.448,0.049,0.46,0.614,0.483,0.261,0.737,0.43,0.164,0.81,0.512,0.049,0.941,0.049,0.444,0.049,0.466,0.476,0.663,0.4,0.743,0.847,0.078,,0.032,0.03,0.374,0.792,0.206,0.628,0.083,0.277,0.734,0.294,0.938,0.939,0.26,0.94,0.277,,,0.351,0.931,,,,,,,,0.17,,,,,0.4821154,0.137,0.147,0.381,0.465,0.632,0.486,0.564,0.444,0.572,0.001,0.436,0.275,,0.146,0.082,0.049,0.408,0.065,0.146,0.771,0.727,0.636,0.444,0.152,0.077,0.4,0.146,0.247,0.815,0.143,0.4,0.931,0.394,0.567,0.247,0.506,0.67,0.571,0.049,0.049,0.093,0.813,0.637,0.558,0.372,0.575,0.445,0.049,0.851,0.86,0.049,,0.908,,0.753,,0.089,0.497,0.123
1971,0.241,0.03,0.001,0.216,0.794,0.05,0.914,0.914,0.05,0.443,0.945,0.64,0.796,0.585,0.032,0.553,0.4,0.05,0.178,0.495,0.867,0.513,0.751,0.305,0.9,0.836,0.709,0.005,0.702,0.51,0.178,0.141,0.64,0.094,0.149,0.891,0.066,0.6,0.143,,0.019,0.944,0.567,0.36,0.723,0.5,0.149,0.385,0.05,0.167,0.958,0.81,0.942,0.452,0.895,0.05,0.794,0.285,0.802,0.02,0.004,0.27,0.102,0.772,0.9,0.5,0.4,0.227,0.104,0.289,0.649,0.909,0.402,0.434,0.941,0.808,0.85,0.728,0.532,0.902,0.05,0.448,0.05,0.422,0.614,0.483,0.261,0.737,0.459,0.164,0.803,0.501,0.05,0.941,0.05,0.444,0.05,0.466,0.476,0.663,0.4,0.743,0.847,0.078,,0.032,0.03,0.374,0.805,0.217,0.628,0.092,0.277,0.734,0.294,0.938,0.939,0.26,0.94,0.293,,,0.351,0.931,,,,,,,,0.17,,,,,0.48106962,0.138,0.135,0.381,0.381,0.632,0.486,0.508,0.444,0.58,0.001,0.436,0.275,,0.156,0.082,0.05,0.408,0.065,0.146,0.769,0.727,0.636,0.478,0.152,0.077,0.4,0.146,0.247,0.815,0.143,0.4,0.935,0.394,0.567,0.241,0.506,0.67,0.571,0.05,0.05,0.093,0.813,0.637,0.56,0.372,0.575,0.365,0.05,0.851,0.875,0.05,,0.908,,0.753,,0.089,0.511,0.123
1972,0.241,0.03,0.001,0.216,0.787,0.05,0.922,0.914,0.05,0.443,0.954,0.659,0.796,0.812,0.032,0.553,0.4,0.05,0.157,0.495,0.867,0.546,0.751,0.305,0.9,0.836,0.709,0.005,0.702,0.535,0.178,0.141,0.64,0.094,0.149,0.891,0.063,0.6,0.143,,0.017,0.944,0.567,0.36,0.723,0.487,0.149,0.385,0.05,0.172,0.958,0.81,0.942,0.452,0.895,0.05,0.716,0.285,0.802,0.02,0.004,0.27,0.102,0.772,0.9,0.528,0.4,0.233,0.109,0.289,0.649,0.909,0.402,0.434,0.941,0.808,0.85,0.743,0.532,0.932,0.05,0.448,0.05,0.422,0.609,0.483,0.261,0.737,0.523,0.164,0.804,0.501,0.05,0.941,0.05,0.444,0.05,0.454,0.476,0.663,0.4,0.743,0.829,0.078,,0.032,0.03,0.374,0.805,0.217,0.628,0.092,0.277,0.775,0.294,0.938,0.939,0.26,0.952,0.306,,,0.351,0.931,,,,,,,,0.17,,,,,0.4829367,0.138,0.135,0.381,0.525,0.651,0.486,0.388,0.444,0.58,0.001,0.436,0.275,,0.166,0.082,0.05,0.408,0.065,0.142,0.769,0.727,0.636,0.436,0.152,0.077,0.4,0.142,0.247,0.827,0.143,0.4,0.935,0.394,0.567,0.241,0.506,0.67,0.571,0.05,0.05,0.093,0.813,0.637,0.561,0.367,0.575,0.28,0.05,0.834,0.875,0.05,,0.908,,0.753,,0.089,0.511,0.123
1973,0.205,0.03,0.001,0.216,0.796,0.05,0.922,0.914,0.05,0.443,0.954,0.553,0.796,0.812,0.032,0.563,0.4,0.05,0.157,0.495,0.867,0.546,0.751,0.322,0.9,0.836,0.42,0.005,0.702,0.562,0.178,0.141,0.636,0.092,0.149,0.891,0.063,0.634,0.143,,0.017,0.944,0.567,0.36,0.713,0.487,0.149,0.4,0.05,0.163,0.958,0.81,0.942,0.452,0.895,0.05,0.716,0.285,0.802,0.04,0.004,0.27,0.102,0.772,0.9,0.528,0.4,0.233,0.109,0.289,0.649,0.909,0.402,0.434,0.941,0.808,0.85,0.844,0.532,0.932,0.05,0.448,0.05,0.422,0.608,0.483,0.261,0.737,0.523,0.164,0.798,0.501,0.05,0.941,0.05,0.444,0.05,0.536,0.476,0.663,0.4,0.743,0.829,0.078,,0.032,0.03,0.374,0.805,0.217,0.628,0.097,0.289,0.775,0.294,0.938,0.939,0.26,0.952,0.306,,,0.36,0.931,,,,,,,,0.17,,,,,0.48189873,0.149,0.135,0.501,0.526,0.651,0.486,0.388,0.444,0.588,0.001,0.457,0.275,,0.166,0.082,0.05,0.423,0.065,0.147,0.769,0.727,0.636,0.414,0.132,0.076,0.4,0.147,0.247,0.827,0.143,0.4,0.95,0.391,0.567,0.241,0.434,0.67,0.571,0.05,0.05,0.093,0.813,0.637,0.585,0.367,0.575,0.249,0.05,0.736,0.875,0.05,,0.908,,0.753,,0.089,0.511,0.123
1974,0.148,0.033,0.001,0.216,0.776,0.05,0.922,0.914,0.05,0.443,0.954,0.554,0.796,0.812,0.032,0.553,0.398,0.05,0.157,0.495,0.867,0.546,0.751,0.322,0.9,0.852,0.304,0.005,0.702,0.562,0.178,0.141,0.636,0.101,0.154,0.891,0.063,0.527,0.143,,0.017,0.944,0.567,0.36,0.764,0.487,0.097,0.4,0.05,0.093,0.958,0.81,0.942,0.452,0.895,0.05,0.716,0.285,0.802,0.428,0.004,0.362,0.092,0.772,0.9,0.528,0.398,0.233,0.126,0.295,0.629,0.92,0.402,0.434,0.941,0.808,0.85,0.844,0.532,0.932,0.05,0.448,0.05,0.422,0.608,0.483,0.261,0.737,0.523,0.164,0.798,0.501,0.05,0.941,0.05,0.462,0.05,0.568,0.463,0.663,0.398,0.743,0.829,0.078,,0.032,0.03,0.374,0.863,0.213,0.628,0.097,0.278,0.775,0.29,0.938,0.939,0.26,0.952,0.304,,,0.36,0.931,,,,,,,,0.17,,,,,0.4855443,0.146,0.135,0.501,0.518,0.651,0.458,0.388,0.444,0.598,0.001,0.889,0.294,,0.166,0.082,0.05,0.391,0.074,0.16,0.769,0.727,0.636,0.414,0.125,0.076,0.398,0.16,0.247,0.831,0.143,0.398,0.95,0.391,0.567,0.241,0.434,0.67,0.571,0.05,0.05,0.093,0.813,0.637,0.572,0.367,0.575,0.249,0.05,0.702,0.875,0.05,,0.908,,0.753,,0.089,0.516,0.123
1975,0.148,0.057,0.001,0.216,0.762,0.05,0.922,0.914,0.05,0.443,0.954,0.554,0.796,0.787,0.032,0.553,0.427,0.05,0.157,0.495,0.867,0.546,0.767,0.322,0.903,0.852,0.304,0.005,0.702,0.562,0.178,0.141,0.636,0.286,0.565,0.891,0.063,0.675,0.143,,0.017,0.944,0.567,0.36,0.764,0.487,0.086,0.407,0.05,0.061,0.958,0.81,0.942,0.452,0.895,0.05,0.716,0.292,0.802,0.428,0.004,0.867,0.092,0.772,0.9,0.528,0.427,0.233,0.126,0.298,0.61,0.92,0.38,0.434,0.941,0.808,0.85,0.861,0.532,0.932,0.05,0.448,0.05,0.0,0.608,0.465,0.063,0.737,0.523,0.164,0.798,0.501,0.05,0.941,0.05,0.462,0.05,0.513,0.463,0.67,0.427,0.743,0.829,0.078,,0.032,0.058,0.374,0.863,0.218,0.628,0.102,0.318,0.775,0.29,0.938,0.939,0.26,0.952,0.313,,,0.36,0.931,,,,,,,,0.17,,,,,0.49394304,0.146,0.135,0.501,0.518,0.651,0.476,0.388,0.815,0.606,0.001,0.943,0.294,,0.166,0.082,0.05,0.385,0.08,0.16,0.769,0.736,0.636,0.414,0.125,0.076,0.427,0.16,0.505,0.86,0.143,0.427,0.95,0.391,0.567,0.229,0.453,0.67,0.571,0.05,0.05,0.03,0.813,0.637,0.572,0.367,0.575,0.225,0.05,0.702,0.896,0.05,,0.908,,0.753,,0.089,0.516,0.129
1976,0.148,0.108,0.001,0.216,0.65,0.052,0.922,0.939,0.052,0.484,0.954,0.554,0.796,0.8,0.032,0.553,0.427,0.052,0.157,0.495,0.896,0.546,0.787,0.322,0.908,0.852,0.304,0.005,0.702,0.562,0.178,0.141,0.636,0.286,0.741,0.891,0.063,0.675,0.143,,0.022,0.944,0.567,0.36,0.764,0.487,0.085,0.499,0.052,0.054,0.958,0.81,0.942,0.452,0.895,0.052,0.716,0.292,0.802,0.428,0.004,0.882,0.087,0.772,0.9,0.531,0.427,0.233,0.129,0.298,0.61,0.92,0.361,0.434,0.941,0.808,0.883,0.861,0.532,0.932,0.052,0.448,0.052,0.0,0.608,0.456,0.039,0.679,0.523,0.164,0.798,0.501,0.052,0.941,0.052,0.462,0.052,0.513,0.463,0.67,0.427,0.743,0.829,0.078,,0.032,0.05,0.374,0.882,0.218,0.628,0.102,0.318,0.775,0.29,0.938,0.939,0.26,0.952,0.321,,,0.36,0.931,,,,,,,,,,,,,0.49992993,0.146,0.135,0.501,0.518,0.651,0.511,0.388,0.815,0.606,0.001,0.96,0.294,,0.166,0.082,0.052,0.385,0.08,0.16,0.77,0.727,0.636,0.414,0.125,0.08,0.427,0.16,0.544,0.86,0.143,0.427,0.95,0.403,0.719,0.238,0.542,0.67,0.569,0.052,0.052,0.018,0.813,0.637,0.572,0.399,0.575,0.225,0.052,0.681,0.902,0.052,,0.908,0.049,0.709,,0.089,0.516,0.129
1977,0.143,0.108,0.001,0.216,0.65,0.052,0.922,0.939,0.052,0.427,0.954,0.554,0.796,0.8,0.032,0.553,0.427,0.052,0.157,0.5,0.896,0.534,0.787,0.296,0.908,0.852,0.304,0.005,0.702,0.562,0.178,0.141,0.636,0.329,0.741,0.891,0.063,0.675,0.143,,0.038,0.944,0.567,0.36,0.793,0.487,0.082,0.675,0.052,0.054,0.958,0.81,0.942,0.452,0.895,0.052,0.716,0.292,0.802,0.428,0.004,0.899,0.069,0.756,0.9,0.531,0.427,0.233,0.129,0.298,0.634,0.92,0.361,0.434,0.941,0.808,0.903,0.861,0.532,0.932,0.052,0.448,0.052,0.0,0.608,0.448,0.04,0.679,0.523,0.164,0.798,0.501,0.052,0.941,0.052,0.462,0.052,0.513,0.463,0.67,0.427,0.743,0.829,0.078,,0.032,0.05,0.374,0.882,0.218,0.628,0.113,0.332,0.775,0.279,0.938,0.939,0.26,0.952,0.337,,,0.36,0.931,,,,,,,,,,,,,0.500414,0.146,0.135,0.547,0.531,0.651,0.511,0.388,0.815,0.606,0.001,0.96,0.294,,0.166,0.082,0.052,0.385,0.08,0.158,0.77,0.727,0.636,0.414,0.105,0.08,0.427,0.158,0.544,0.86,0.143,0.427,0.95,0.403,0.573,0.238,0.542,0.67,0.569,0.052,0.052,0.018,0.813,0.637,0.532,0.399,0.575,0.225,0.052,0.681,0.911,0.052,,0.908,0.049,0.709,,0.089,0.516,0.129
1978,0.077,0.108,0.001,0.216,0.653,0.052,0.922,0.939,0.052,0.427,0.954,0.554,0.796,0.8,0.032,0.553,0.427,0.052,0.157,0.5,0.896,0.534,0.787,0.296,0.908,0.852,0.304,0.023,0.702,0.562,0.188,0.141,0.636,0.341,0.741,0.891,0.063,0.675,0.143,,0.238,0.944,0.598,0.36,0.793,0.487,0.072,0.889,0.052,0.054,0.958,0.81,0.942,0.452,0.895,0.052,0.716,0.292,0.802,0.428,0.004,0.899,0.062,0.756,0.9,0.525,0.427,0.233,0.129,0.298,0.634,0.92,0.366,0.434,0.941,0.808,0.903,0.861,0.532,0.932,0.052,0.446,0.052,0.0,0.608,0.448,0.04,0.679,0.523,0.164,0.798,0.501,0.052,0.941,0.052,0.462,0.052,0.513,0.477,0.67,0.427,0.743,0.829,0.078,,0.032,0.05,0.357,0.882,0.218,0.628,0.131,0.314,0.775,0.279,0.938,0.939,0.26,0.952,0.337,,,0.36,0.946,,,,,,,,,,,,,0.50286627,0.146,0.135,0.547,0.476,0.651,0.511,0.388,0.815,0.606,0.001,0.96,0.294,,0.166,0.082,0.052,0.385,0.08,0.158,0.77,0.727,0.636,0.414,0.1,0.08,0.427,0.158,0.544,0.86,0.143,0.427,0.95,0.403,0.635,0.224,0.542,0.67,0.569,0.052,0.052,0.018,0.813,0.637,0.519,0.399,0.575,0.225,0.052,0.681,0.911,0.052,,0.908,0.049,0.709,,0.089,0.516,0.129
1979,0.029,0.108,0.001,0.216,0.653,0.052,0.922,0.939,0.052,0.427,0.954,0.554,0.796,0.8,0.032,0.551,0.427,0.052,0.322,0.562,0.896,0.534,0.787,0.299,0.908,0.852,0.304,0.076,0.702,0.562,0.196,0.15,0.636,0.339,0.741,0.891,0.063,0.675,0.143,,0.25,0.944,0.82,0.373,0.822,0.464,0.072,0.958,0.052,0.054,0.958,0.81,0.942,0.452,0.895,0.052,0.749,0.292,0.802,0.428,0.011,0.899,0.062,0.756,0.9,0.525,0.427,0.233,0.129,0.298,0.647,0.92,0.41,0.426,0.941,0.808,0.903,0.861,0.532,0.932,0.052,0.446,0.052,0.005,0.608,0.448,0.04,0.679,0.523,0.17,0.798,0.514,0.052,0.941,0.052,0.462,0.052,0.513,0.502,0.67,0.427,0.743,0.829,0.078,,0.032,0.05,0.313,0.882,0.218,0.628,0.131,0.314,0.782,0.263,0.938,0.939,0.26,0.952,0.343,,,0.36,0.946,,,,,,,,,,,,,0.5077707,0.146,0.135,0.547,0.417,0.651,0.511,0.388,0.815,0.606,0.001,0.96,0.294,,0.166,0.082,0.052,0.416,0.08,0.159,0.77,0.727,0.776,0.414,0.089,0.077,0.427,0.159,0.544,0.86,0.143,0.427,0.95,0.403,0.635,0.203,0.542,0.67,0.569,0.052,0.052,0.018,0.824,0.637,0.527,0.4,0.575,0.225,0.052,0.681,0.917,0.052,,0.908,0.054,0.709,,0.089,0.516,0.129
1980,0.046,0.109,0.001,0.216,0.653,0.053,0.918,0.939,0.053,0.444,0.954,0.554,0.776,0.8,0.032,0.49,0.442,0.053,0.327,0.57,0.901,0.55,0.787,0.401,0.908,0.859,0.326,0.12,0.702,0.652,0.202,0.14,0.636,0.349,0.759,0.917,0.073,0.705,0.143,,0.257,0.944,0.82,0.373,0.843,0.453,0.064,0.958,0.053,0.054,0.958,0.81,0.942,0.475,0.903,0.053,0.778,0.316,0.802,0.428,0.239,0.899,0.055,0.797,0.904,0.527,0.442,0.233,0.146,0.285,0.623,0.92,0.216,0.255,0.953,0.808,0.929,0.876,0.595,0.932,0.053,0.456,0.053,0.053,0.639,0.481,0.041,0.679,0.527,0.17,0.724,0.514,0.053,0.941,0.053,0.462,0.053,0.513,0.502,0.67,0.442,0.743,0.829,0.078,,0.032,0.056,0.313,0.894,0.218,0.628,0.181,0.314,0.782,0.424,0.938,0.95,0.263,0.952,0.343,,,0.372,0.955,,,,,,,,,,,,,0.51985353,0.146,0.135,0.637,0.417,0.651,0.623,0.388,0.815,0.634,0.001,0.96,0.311,,0.178,0.082,0.053,0.416,0.08,0.156,0.778,0.727,0.768,0.414,0.124,0.07,0.442,0.156,0.581,0.774,0.143,0.442,0.958,0.403,0.681,0.198,0.434,0.67,0.754,0.053,0.053,0.018,0.824,0.637,0.517,0.414,0.575,0.388,0.053,0.681,0.929,0.053,,0.908,0.06,0.782,,0.093,0.516,0.639
1981,0.058,0.109,0.001,0.216,0.653,0.053,0.918,0.939,0.053,0.444,0.954,0.554,0.757,0.8,0.032,0.49,0.483,0.053,0.327,0.57,0.901,0.55,0.837,0.417,0.908,0.87,0.343,0.13,0.702,0.652,0.202,0.14,0.636,0.349,0.759,0.917,0.073,0.705,0.143,,0.257,0.944,0.82,0.377,0.825,0.477,0.067,0.958,0.053,0.054,0.958,0.81,0.942,0.485,0.903,0.053,0.747,0.316,0.799,0.437,0.239,0.899,0.055,0.784,0.904,0.643,0.483,0.215,0.146,0.302,0.623,0.929,0.195,0.255,0.953,0.808,0.929,0.889,0.595,0.932,0.053,0.456,0.053,0.053,0.635,0.484,0.041,0.679,0.549,0.17,0.724,0.514,0.053,0.941,0.053,0.462,0.053,0.513,0.502,0.67,0.483,0.743,0.829,0.078,,0.032,0.056,0.312,0.894,0.218,0.618,0.181,0.314,0.782,0.424,0.938,0.964,0.263,0.952,0.343,,,0.372,0.955,,,,,,,,,,,,,0.5213949,0.146,0.12,0.637,0.417,0.643,0.733,0.388,0.815,0.439,0.001,0.96,0.311,,0.178,0.082,0.053,0.416,0.08,0.156,0.803,0.727,0.768,0.414,0.124,0.07,0.483,0.156,0.581,0.774,0.143,0.483,0.958,0.403,0.681,0.198,0.413,0.67,0.754,0.053,0.053,0.018,0.824,0.637,0.503,0.414,0.575,0.388,0.053,0.674,0.929,0.053,,0.908,0.06,0.805,,0.093,0.516,0.72
1982,0.058,0.109,0.001,0.216,0.653,0.053,0.918,0.939,0.053,0.444,0.954,0.561,0.735,0.8,0.032,0.49,0.505,0.053,0.355,0.57,0.901,0.55,0.837,0.404,0.908,0.87,0.343,0.13,0.702,0.669,0.202,0.14,0.636,0.349,0.759,0.917,0.073,0.705,0.143,,0.257,0.944,0.82,0.377,0.853,0.477,0.067,0.958,0.053,0.054,0.958,0.81,0.942,0.485,0.903,0.053,0.666,0.316,0.799,0.437,0.239,0.904,0.039,0.784,0.904,0.631,0.505,0.229,0.146,0.302,0.623,0.929,0.195,0.246,0.953,0.808,0.929,0.889,0.595,0.932,0.053,0.456,0.053,0.053,0.761,0.484,0.041,0.679,0.549,0.17,0.724,0.522,0.053,0.941,0.053,0.462,0.053,0.513,0.502,0.67,0.505,0.743,0.829,0.078,,0.032,0.055,0.259,0.894,0.218,0.619,0.181,0.314,0.782,0.324,0.938,0.964,0.27,0.952,0.349,,,0.372,0.955,,,,,,,,,,,,,0.520293,0.146,0.12,0.637,0.417,0.643,0.733,0.388,0.815,0.274,0.001,0.96,0.311,,0.178,0.082,0.053,0.416,0.08,0.157,0.803,0.727,0.768,0.414,0.124,0.07,0.505,0.157,0.581,0.774,0.143,0.505,0.961,0.403,0.675,0.198,0.443,0.67,0.754,0.053,0.053,0.018,0.824,0.637,0.503,0.416,0.575,0.388,0.053,0.674,0.929,0.053,,0.908,0.06,0.805,,0.093,0.516,0.72
1983,0.058,0.109,0.001,0.216,0.77,0.051,0.918,0.939,0.051,0.442,0.954,0.561,0.778,0.8,0.032,0.49,0.505,0.051,0.465,0.57,0.901,0.55,0.837,0.423,0.916,0.87,0.407,0.13,0.702,0.705,0.202,0.14,0.636,0.349,0.759,0.917,0.073,0.705,0.143,,0.257,0.944,0.811,0.377,0.853,0.477,0.067,0.958,0.051,0.054,0.958,0.81,0.942,0.485,0.903,0.051,0.628,0.326,0.801,0.437,0.239,0.904,0.04,0.784,0.904,0.631,0.505,0.217,0.146,0.302,0.616,0.929,0.195,0.246,0.953,0.808,0.929,0.889,0.595,0.932,0.051,0.456,0.051,0.051,0.761,0.484,0.041,0.679,0.549,0.17,0.68,0.514,0.051,0.941,0.051,0.462,0.051,0.524,0.502,0.67,0.505,0.743,0.829,0.078,,0.032,0.055,0.259,0.877,0.218,0.613,0.181,0.314,0.778,0.324,0.938,0.964,0.27,0.952,0.349,,,0.372,0.955,,,,,,,,,,,,,0.52278984,0.146,0.12,0.637,0.417,0.643,0.733,0.388,0.815,0.324,0.001,0.96,0.311,,0.178,0.082,0.051,0.416,0.08,0.152,0.827,0.727,0.768,0.414,0.125,0.07,0.505,0.152,0.581,0.774,0.143,0.505,0.961,0.403,0.696,0.206,0.443,0.67,0.754,0.051,0.051,0.018,0.824,0.637,0.529,0.416,0.575,0.388,0.051,0.674,0.926,0.051,,0.908,0.06,0.805,,0.093,0.516,0.72
1984,0.058,0.109,0.001,0.216,0.915,0.051,0.918,0.939,0.051,0.442,0.954,0.561,0.757,0.8,0.032,0.49,0.505,0.051,0.465,0.57,0.901,0.538,0.837,0.423,0.916,0.87,0.409,0.13,0.702,0.752,0.202,0.14,0.641,0.349,0.785,0.917,0.073,0.705,0.143,,0.257,0.944,0.811,0.377,0.853,0.486,0.067,0.958,0.051,0.054,0.958,0.81,0.942,0.485,0.903,0.051,0.628,0.342,0.814,0.437,0.239,0.904,0.05,0.793,0.904,0.631,0.505,0.217,0.146,0.302,0.616,0.929,0.223,0.246,0.953,0.808,0.929,0.889,0.573,0.932,0.051,0.456,0.051,0.051,0.767,0.484,0.041,0.679,0.56,0.17,0.657,0.514,0.051,0.941,0.051,0.462,0.051,0.524,0.502,0.67,0.505,0.743,0.829,0.078,,0.032,0.058,0.259,0.877,0.218,0.613,0.181,0.342,0.752,0.324,0.938,0.964,0.27,0.959,0.349,,,0.372,0.955,,,,,,,,,,,,,0.52698725,0.146,0.12,0.641,0.417,0.651,0.733,0.388,0.815,0.577,0.001,0.96,0.311,,0.178,0.082,0.051,0.416,0.08,0.172,0.827,0.727,0.768,0.414,0.125,0.07,0.505,0.172,0.581,0.774,0.143,0.505,0.961,0.397,0.715,0.206,0.443,0.67,0.754,0.051,0.051,0.018,0.824,0.637,0.581,0.439,0.575,0.388,0.051,0.674,0.926,0.051,,0.901,0.06,0.805,,0.093,0.548,0.72
1985,0.058,0.109,0.001,0.216,0.915,0.055,0.914,0.939,0.055,0.431,0.954,0.561,0.757,0.8,0.032,0.49,0.506,0.055,0.789,0.738,0.901,0.504,0.837,0.423,0.916,0.87,0.409,0.13,0.702,0.752,0.202,0.14,0.641,0.349,0.785,0.917,0.073,0.705,0.147,,0.257,0.944,0.811,0.399,0.853,0.486,0.067,0.958,0.055,0.054,0.958,0.81,0.942,0.485,0.903,0.055,0.627,0.487,0.814,0.437,0.239,0.904,0.102,0.793,0.904,0.631,0.506,0.217,0.151,0.289,0.635,0.929,0.223,0.246,0.953,0.808,0.929,0.889,0.573,0.932,0.055,0.456,0.055,0.051,0.779,0.484,0.041,0.679,0.56,0.17,0.645,0.514,0.055,0.941,0.055,0.462,0.055,0.524,0.502,0.67,0.506,0.743,0.829,0.078,,0.032,0.058,0.353,0.877,0.218,0.609,0.181,0.342,0.776,0.324,0.938,0.964,0.27,0.959,0.349,,,0.372,0.955,,,,,,,,,,,,,0.53380257,0.146,0.12,0.641,0.417,0.651,0.714,0.388,0.815,0.588,0.001,0.96,0.311,,0.178,0.082,0.055,0.416,0.08,0.191,0.827,0.727,0.768,0.414,0.125,0.07,0.506,0.191,0.581,0.774,0.147,0.506,0.961,0.397,0.744,0.206,0.443,0.67,0.754,0.055,0.055,0.018,0.834,0.637,0.581,0.439,0.612,0.388,0.055,0.858,0.926,0.055,,0.901,0.06,0.805,,0.097,0.548,0.72
1986,0.058,0.109,0.001,0.216,0.915,0.106,0.914,0.939,0.106,0.415,0.954,0.561,0.757,0.8,0.032,0.49,0.506,0.106,0.789,0.783,0.901,0.504,0.837,0.423,0.916,0.87,0.407,0.13,0.697,0.752,0.202,0.14,0.637,0.367,0.785,0.917,0.071,0.705,0.147,,0.257,0.944,0.817,0.399,0.853,0.486,0.067,0.958,0.106,0.054,0.958,0.81,0.942,0.485,0.903,0.106,0.643,0.486,0.814,0.466,0.239,0.904,0.168,0.8,0.904,0.655,0.506,0.345,0.154,0.289,0.635,0.929,0.223,0.246,0.953,0.808,0.929,0.889,0.573,0.932,0.106,0.457,0.106,0.057,0.785,0.462,0.085,0.679,0.57,0.17,0.611,0.557,0.106,0.941,0.106,0.462,0.106,0.526,0.463,0.67,0.506,0.743,0.829,0.078,,0.032,0.058,0.353,0.877,0.218,0.609,0.181,0.342,0.774,0.324,0.938,0.964,0.27,0.959,0.349,,,0.347,0.955,,,,,,,,,,,,,0.5392038,0.146,0.121,0.641,0.417,0.644,0.714,0.547,0.815,0.588,0.001,0.96,0.311,,0.178,0.082,0.106,0.416,0.084,0.191,0.827,0.727,0.768,0.424,0.125,0.07,0.506,0.191,0.581,0.774,0.147,0.506,0.961,0.397,0.744,0.206,0.443,0.72,0.754,0.106,0.106,0.019,0.842,0.637,0.581,0.439,0.665,0.482,0.106,0.923,0.934,0.106,,0.901,0.103,0.805,,0.103,0.548,0.72
1987,0.06,0.109,0.001,0.216,0.915,0.108,0.914,0.939,0.108,0.426,0.954,0.561,0.788,0.8,0.032,0.49,0.506,0.108,0.789,0.796,0.901,0.504,0.837,0.423,0.916,0.87,0.407,0.13,0.706,0.752,0.202,0.14,0.604,0.367,0.785,0.917,0.071,0.705,0.147,,0.257,0.944,0.817,0.399,0.853,0.486,0.067,0.958,0.108,0.054,0.958,0.779,0.942,0.485,0.903,0.108,0.651,0.486,0.814,0.473,0.239,0.904,0.259,0.806,0.904,0.655,0.506,0.508,0.161,0.289,0.635,0.929,0.223,0.246,0.953,0.808,0.929,0.889,0.573,0.932,0.108,0.457,0.108,0.058,0.799,0.462,0.104,0.679,0.57,0.17,0.611,0.587,0.108,0.941,0.108,0.462,0.108,0.549,0.463,0.67,0.506,0.743,0.829,0.077,,0.032,0.09,0.353,0.877,0.218,0.609,0.181,0.342,0.774,0.324,0.938,0.964,0.27,0.959,0.349,,,0.347,0.955,,,,,,,,,,,,,0.5440637,0.146,0.121,0.641,0.417,0.644,0.731,0.8,0.815,0.588,0.001,0.96,0.312,,0.178,0.082,0.108,0.416,0.084,0.191,0.827,0.727,0.768,0.424,0.13,0.07,0.506,0.191,0.581,0.774,0.147,0.506,0.961,0.397,0.744,0.206,0.443,0.72,0.756,0.108,0.108,0.019,0.842,0.619,0.582,0.456,0.686,0.555,0.108,0.923,0.934,0.108,,0.901,0.11,0.805,,0.103,0.548,0.72
1988,0.063,0.109,0.001,0.216,0.915,0.123,0.914,0.939,0.123,0.532,0.954,0.561,0.798,0.8,0.032,0.49,0.552,0.123,0.789,0.9,0.901,0.516,0.837,0.423,0.916,0.87,0.461,0.13,0.706,0.752,0.202,0.14,0.561,0.367,0.793,0.917,0.071,0.705,0.147,,0.257,0.944,0.817,0.399,0.853,0.486,0.067,0.958,0.123,0.054,0.958,0.779,0.942,0.485,0.903,0.123,0.66,0.486,0.814,0.473,0.239,0.904,0.259,0.831,0.904,0.685,0.552,0.488,0.246,0.298,0.635,0.929,0.223,0.246,0.953,0.808,0.929,0.889,0.573,0.932,0.123,0.457,0.123,0.058,0.869,0.462,0.104,0.679,0.57,0.17,0.611,0.587,0.123,0.941,0.123,0.462,0.123,0.549,0.463,0.67,0.552,0.743,0.881,0.072,,0.032,0.097,0.353,0.877,0.218,0.609,0.181,0.449,0.774,0.415,0.938,0.964,0.27,0.959,0.384,,,0.347,0.955,,,,,,,,,,,,,0.55051595,0.146,0.121,0.641,0.443,0.644,0.731,0.8,0.815,0.588,0.001,0.96,0.312,,0.178,0.082,0.123,0.416,0.084,0.191,0.827,0.727,0.768,0.424,0.13,0.07,0.552,0.191,0.581,0.813,0.147,0.552,0.961,0.397,0.744,0.206,0.443,0.72,0.756,0.123,0.123,0.019,0.842,0.488,0.602,0.628,0.699,0.587,0.123,0.923,0.934,0.123,,0.9,0.11,0.805,,0.103,0.548,0.753
1989,0.063,0.109,0.001,0.216,0.915,0.133,0.914,0.939,0.133,0.532,0.954,0.561,0.798,0.8,0.037,0.49,0.552,0.133,0.789,0.9,0.901,0.569,0.837,0.423,0.916,0.87,0.59,0.13,0.706,0.752,0.196,0.14,0.561,0.387,0.793,0.917,0.071,0.705,0.201,,0.257,0.944,0.845,0.441,0.853,0.486,0.067,0.958,0.133,0.054,0.958,0.779,0.942,0.485,0.903,0.133,0.66,0.486,0.814,0.473,0.239,0.904,0.259,0.831,0.909,0.714,0.552,0.488,0.353,0.298,0.635,0.929,0.273,0.246,0.953,0.808,0.929,0.889,0.6,0.932,0.133,0.457,0.133,0.058,0.9,0.462,0.106,0.679,0.57,0.17,0.611,0.587,0.133,0.941,0.133,0.462,0.133,0.549,0.463,0.676,0.552,0.743,0.881,0.102,,0.032,0.097,0.353,0.877,0.218,0.609,0.204,0.449,0.774,0.415,0.938,0.964,0.27,0.959,0.384,,,0.347,0.955,,,,,,,,,,,,,0.5583987,0.146,0.121,0.641,0.501,0.644,0.731,0.8,0.815,0.721,0.001,0.96,0.335,,0.178,0.082,0.133,0.416,0.084,0.091,0.827,0.727,0.768,0.424,0.135,0.07,0.552,0.091,0.581,0.842,0.201,0.82,0.961,0.397,0.744,0.206,0.443,0.72,0.756,0.133,0.133,0.06,0.842,0.488,0.602,0.746,0.699,0.587,0.133,0.923,0.934,0.133,,0.9,0.127,0.805,,0.11,0.548,0.753
1990,0.044,0.15,0.01,0.216,0.915,0.797,0.914,0.939,0.35,0.532,0.954,0.85,0.788,0.8,0.8,0.49,0.591,0.541,0.789,0.913,0.911,0.59,0.837,0.423,0.916,0.87,0.921,0.126,0.72,0.804,0.252,0.203,0.568,0.419,0.808,0.924,0.071,0.717,0.936,,0.285,0.944,0.845,0.412,0.853,0.463,0.115,0.958,0.753,0.054,0.958,0.779,0.942,0.723,0.897,0.472,0.725,0.486,0.814,0.483,0.25,0.904,0.259,0.864,0.912,0.75,0.591,0.488,0.954,0.31,0.658,0.929,0.311,0.231,0.953,0.808,0.929,0.888,0.616,0.932,0.664,0.473,0.373,0.074,0.915,0.383,0.106,0.703,0.453,0.17,0.608,0.607,0.9,0.941,0.718,0.456,0.707,0.571,0.463,0.676,0.591,0.75,0.881,0.102,,0.284,0.494,0.369,0.868,0.218,0.627,0.759,0.593,0.778,0.542,0.938,0.964,0.493,0.948,0.384,,,0.886,0.961,,,,,,,,,,,,,0.60297674,0.18,0.132,0.641,0.539,0.836,0.704,0.8,0.815,0.924,0.001,0.96,0.786,,0.203,0.817,0.176,0.428,0.084,0.047,0.827,0.727,0.768,0.424,0.166,0.078,0.591,0.047,0.661,0.88,0.936,0.841,0.961,0.343,0.727,0.224,0.456,0.732,0.752,0.388,0.163,0.06,0.847,0.461,0.576,0.817,0.699,0.587,0.739,0.923,0.934,0.141,,0.908,0.2,0.805,,0.174,0.6,0.753
1991,0.056,0.187,0.705,0.216,0.932,0.842,0.914,0.939,0.429,0.532,0.954,0.875,0.811,0.8,0.836,0.49,0.619,0.605,0.789,0.913,0.911,0.59,0.837,0.423,0.916,0.888,0.937,0.126,0.72,0.854,0.252,0.429,0.738,0.497,0.844,0.931,0.071,0.717,0.936,0.961,0.259,0.944,0.845,0.382,0.853,0.463,0.239,0.958,0.857,0.273,0.958,0.793,0.942,0.786,0.897,0.572,0.741,0.486,0.814,0.483,0.25,0.904,0.259,0.864,0.912,0.773,0.669,0.449,0.954,0.31,0.706,0.929,0.311,0.201,0.953,0.808,0.929,0.888,0.616,0.932,0.665,0.481,0.488,0.074,0.915,0.388,0.113,0.703,0.508,0.17,0.608,0.607,0.9,0.941,0.815,0.456,0.783,0.588,0.463,0.676,0.729,0.8,0.881,0.102,,0.354,0.535,0.369,0.868,0.225,0.627,0.834,0.588,0.782,0.686,0.938,0.964,0.596,0.948,0.384,,,,,,,,,,,,,,,0.667,,0.62875146,,,0.641,0.539,0.868,0.704,0.802,0.815,0.924,0.001,0.96,0.786,,0.203,0.823,0.218,0.449,0.089,0.046,0.827,0.727,0.768,0.309,0.177,0.096,0.619,0.046,0.844,0.88,0.936,0.915,0.961,0.343,0.727,0.224,0.578,0.759,0.75,0.384,0.163,0.06,0.847,0.461,0.575,0.821,0.762,0.631,0.78,0.923,0.934,0.148,,0.908,0.251,0.805,0.328,0.188,0.707,0.753
1992,0.049,0.28,0.738,0.216,0.932,0.825,0.914,0.939,0.685,0.546,0.954,0.916,0.824,0.8,0.87,0.49,0.163,0.781,0.789,0.913,0.911,0.59,0.837,0.423,0.916,0.888,0.937,0.133,0.711,0.854,0.252,0.483,0.745,0.577,0.898,0.931,0.091,0.717,0.936,0.961,0.325,0.944,0.845,0.382,0.853,0.463,0.232,0.958,0.869,0.443,0.958,0.793,0.942,0.786,0.897,0.671,0.772,0.486,0.814,0.483,0.25,0.93,0.245,0.864,0.912,0.773,0.67,0.24,0.954,0.308,0.694,0.929,0.311,0.201,0.953,0.808,0.929,0.888,0.616,0.932,0.684,0.521,0.539,0.234,0.915,0.52,0.101,0.703,0.554,0.178,0.608,0.607,0.898,0.941,0.861,0.483,0.813,0.668,0.463,0.722,0.722,0.814,0.881,0.102,,0.813,0.554,0.451,0.868,0.225,0.627,0.834,0.608,0.782,0.713,0.938,0.964,0.596,0.948,0.384,,,,,,,,,,,,,,,0.667,,0.6451322,,,0.601,0.539,0.868,0.704,0.811,0.815,0.924,0.001,0.96,0.838,,0.203,0.823,0.77,0.449,0.089,0.046,0.827,0.727,0.768,0.294,0.315,0.12,0.625,0.046,0.844,0.88,0.936,0.928,0.961,0.343,0.754,0.224,0.583,0.759,0.766,0.394,0.1,0.06,0.847,0.461,0.575,0.837,0.766,0.67,0.879,0.923,0.934,0.175,,0.908,0.303,0.805,0.328,0.188,0.786,0.753
1993,0.055,0.256,0.738,0.216,0.932,0.825,0.914,0.939,0.659,0.499,0.954,0.916,0.824,0.8,0.856,0.49,0.163,0.789,0.789,0.913,0.911,0.599,0.837,0.412,0.916,0.888,0.937,0.134,0.711,0.871,0.252,0.521,0.745,0.577,0.898,0.931,0.091,0.717,0.936,0.961,0.325,0.944,0.845,0.409,0.853,0.463,0.217,0.958,0.869,0.457,0.958,0.793,0.942,0.786,0.897,0.647,0.85,0.486,0.814,0.537,0.25,0.931,0.245,0.866,0.912,0.753,0.67,0.24,0.954,0.308,0.694,0.929,0.321,0.201,0.953,0.808,0.929,0.888,0.605,0.932,0.71,0.529,0.586,0.443,0.924,0.507,0.101,0.703,0.554,0.178,0.608,0.733,0.898,0.941,0.861,0.507,0.812,0.687,0.466,0.728,0.748,0.814,0.881,0.102,,0.929,0.688,0.451,0.868,0.286,0.627,0.834,0.608,0.782,0.762,0.938,0.964,0.605,0.948,0.391,,,,,,,,,,,,,,,0.667,,0.65466285,,,0.601,0.539,0.868,0.67,0.811,0.815,0.924,0.001,0.96,0.843,,0.203,0.837,0.8,0.449,0.089,0.045,0.827,0.727,0.768,0.301,0.71,0.116,0.625,0.045,0.866,0.88,0.922,0.928,0.961,0.343,0.754,0.224,0.583,0.759,0.766,0.313,0.099,0.06,0.847,0.461,0.574,0.837,0.766,0.691,0.906,0.923,0.934,0.167,,0.908,0.303,0.805,0.337,0.194,0.786,0.753
1994,0.059,0.256,0.738,0.232,0.932,0.825,0.914,0.939,0.673,0.481,0.954,0.916,0.824,0.8,0.856,0.49,0.163,0.789,0.798,0.92,0.911,0.599,0.837,0.437,0.916,0.888,0.937,0.143,0.711,0.871,0.252,0.521,0.745,0.577,0.898,0.931,0.091,0.753,0.936,0.961,0.325,0.944,0.845,0.409,0.853,0.463,0.21,0.958,0.869,0.478,0.958,0.793,0.942,0.786,0.897,0.674,0.865,0.486,0.689,0.537,0.25,0.931,0.27,0.866,0.912,0.827,0.67,0.284,0.954,0.308,0.694,0.929,0.321,0.201,0.953,0.808,0.929,0.888,0.618,0.932,0.728,0.529,0.673,0.592,0.924,0.507,0.101,0.703,0.567,0.178,0.629,0.733,0.898,0.941,0.906,0.507,0.805,0.707,0.453,0.742,0.76,0.814,0.881,0.102,,0.929,0.772,0.451,0.868,0.434,0.627,0.834,0.608,0.782,0.762,0.938,0.964,0.605,0.948,0.391,,,,,,,,,,,,,,,0.667,,0.66234285,,,0.601,0.539,0.889,0.67,0.811,0.815,0.924,0.001,0.96,0.843,,0.203,0.837,0.793,0.296,0.089,0.045,0.827,0.727,0.768,0.301,0.707,0.116,0.625,0.045,0.866,0.88,0.922,0.928,0.961,0.343,0.754,0.224,0.583,0.759,0.766,0.313,0.099,0.06,0.847,0.461,0.574,0.837,0.766,0.697,0.92,0.923,0.934,0.18,,0.908,0.319,0.805,0.362,0.574,0.786,0.753
1995,0.051,0.256,0.767,0.245,0.932,0.864,0.914,0.939,0.673,0.481,0.954,0.916,0.824,0.8,0.856,0.49,0.163,0.792,0.798,0.92,0.911,0.599,0.837,0.437,0.916,0.888,0.937,0.159,0.711,0.871,0.252,0.515,0.745,0.577,0.898,0.931,0.1,0.714,0.936,0.961,0.325,0.944,0.845,0.409,0.853,0.463,0.205,0.958,0.913,0.489,0.958,0.793,0.942,0.786,0.897,0.725,0.865,0.486,0.673,0.555,0.264,0.931,0.299,0.866,0.912,0.852,0.677,0.65,0.954,0.308,0.694,0.929,0.321,0.201,0.953,0.808,0.929,0.888,0.618,0.932,0.714,0.529,0.675,0.594,0.924,0.507,0.107,0.703,0.567,0.178,0.629,0.762,0.898,0.941,0.906,0.507,0.805,0.707,0.453,0.742,0.76,0.814,0.881,0.102,,0.929,0.772,0.451,0.868,0.621,0.627,0.835,0.608,0.76,0.807,0.938,0.964,0.58,0.948,0.391,,,,,,,,,,,,,,,0.667,,0.6705257,,,0.601,0.539,0.889,0.69,0.811,0.815,0.924,0.001,0.96,0.843,,0.202,0.837,0.801,0.422,0.089,0.045,0.827,0.727,0.768,0.301,0.726,0.116,0.625,0.045,0.866,0.88,0.922,0.928,0.961,0.343,0.742,0.243,0.583,0.759,0.766,0.368,0.099,0.06,0.847,0.461,0.574,0.842,0.766,0.803,0.92,0.923,0.934,0.178,,0.908,0.319,0.805,0.366,0.842,0.786,0.753
1996,0.027,0.256,0.767,0.247,0.932,0.864,0.914,0.939,0.673,0.481,0.954,0.916,0.824,0.824,0.856,0.49,0.525,0.784,0.798,0.92,0.911,0.599,0.837,0.437,0.916,0.888,0.937,0.161,0.738,0.871,0.252,0.515,0.745,0.577,0.898,0.931,0.111,0.714,0.936,0.96,0.325,0.944,0.845,0.409,0.853,0.463,0.205,0.958,0.916,0.489,0.958,0.794,0.942,0.786,0.897,0.728,0.872,0.486,0.673,0.555,0.264,0.931,0.4,0.866,0.912,0.849,0.758,0.65,0.954,0.308,0.703,0.929,0.321,0.201,0.953,0.808,0.929,0.888,0.618,0.932,0.69,0.529,0.676,0.594,0.924,0.507,0.114,0.703,0.567,0.178,0.629,0.762,0.905,0.941,0.906,0.507,0.805,0.707,0.453,0.742,0.76,0.814,0.881,0.102,,0.929,0.772,0.466,0.868,0.698,0.627,0.835,0.597,0.745,0.807,0.938,0.964,0.522,0.948,0.4,,,,,,,,,,,,,,,0.667,,0.6744343,,,0.588,0.539,0.889,0.69,0.811,0.815,0.924,0.001,0.96,0.843,,0.222,0.844,0.801,0.431,0.089,0.045,0.827,0.727,0.768,0.341,0.726,0.116,0.625,0.045,0.882,0.88,0.922,0.928,0.961,0.343,0.737,0.243,0.583,0.759,0.766,0.368,0.099,0.06,0.852,0.461,0.574,0.858,0.766,0.791,0.92,0.923,0.934,0.178,,0.908,0.31,0.805,0.366,0.845,0.786,0.757
1997,0.022,0.256,0.767,0.247,0.932,0.854,0.914,0.939,0.673,0.481,0.954,0.916,0.824,0.819,0.871,0.49,0.529,0.746,0.798,0.92,0.911,0.599,0.837,0.437,0.924,0.888,0.937,0.161,0.75,0.871,0.252,0.409,0.745,0.577,0.898,0.931,0.116,0.714,0.936,0.96,0.325,0.944,0.845,0.409,0.853,0.463,0.205,0.958,0.916,0.489,0.958,0.794,0.942,0.786,0.897,0.728,0.876,0.486,0.673,0.555,0.264,0.931,0.449,0.866,0.905,0.849,0.77,0.65,0.954,0.308,0.713,0.929,0.36,0.201,0.953,0.808,0.929,0.888,0.607,0.932,0.69,0.529,0.673,0.594,0.924,0.507,0.114,0.703,0.488,0.178,0.629,0.762,0.915,0.941,0.906,0.507,0.805,0.707,0.453,0.742,0.76,0.814,0.881,0.102,,0.929,0.772,0.466,0.868,0.698,0.627,0.835,0.584,0.745,0.807,0.938,0.964,0.522,0.948,0.409,,,,,,,,,,,,,,,0.667,,0.6745314,,,0.588,0.539,0.889,0.69,0.811,0.815,0.924,0.001,0.96,0.843,,0.218,0.844,0.794,0.481,0.089,0.045,0.825,0.727,0.768,0.312,0.726,0.116,0.625,0.045,0.882,0.88,0.922,0.928,0.961,0.343,0.737,0.243,0.583,0.759,0.817,0.4,0.082,0.06,0.865,0.461,0.578,0.858,0.766,0.778,0.92,0.923,0.934,0.178,,0.908,0.31,0.805,0.366,0.845,0.786,0.796
1998,0.022,0.256,0.789,0.247,0.932,0.854,0.914,0.939,0.664,0.481,0.954,0.916,0.828,0.819,0.871,0.49,0.569,0.746,0.798,0.92,0.911,0.599,0.845,0.437,0.924,0.888,0.937,0.167,0.773,0.871,0.329,0.437,0.745,0.577,0.898,0.931,0.127,0.714,0.936,0.96,0.325,0.944,0.848,0.409,0.868,0.463,0.117,0.958,0.916,0.489,0.958,0.794,0.942,0.786,0.897,0.749,0.876,0.486,0.673,0.555,0.264,0.931,0.449,0.866,0.905,0.849,0.778,0.65,0.954,0.379,0.704,0.929,0.363,0.201,0.953,0.808,0.929,0.888,0.627,0.932,0.69,0.529,0.721,0.636,0.924,0.507,0.114,0.703,0.488,0.178,0.629,0.762,0.915,0.941,0.906,0.507,0.807,0.707,0.453,0.742,0.76,0.814,0.881,0.102,0.873,0.929,0.772,0.466,0.868,0.698,0.645,0.835,0.584,0.745,0.807,0.938,0.964,0.532,0.948,0.409,,,,,,,,,,,,,,,0.625,,0.6787557,,,0.588,0.573,0.889,0.69,0.805,0.815,0.924,0.001,0.96,0.843,,0.222,0.844,0.794,0.481,0.089,0.045,0.825,0.727,0.768,0.312,0.814,0.116,0.625,0.045,0.882,0.88,0.922,0.928,0.961,0.343,0.737,0.261,0.583,0.759,0.817,0.497,0.082,0.06,0.865,0.461,0.579,0.858,0.766,0.778,0.92,0.923,0.934,0.167,,0.884,0.334,0.805,0.366,0.845,0.786,0.784
1999,0.022,0.256,0.805,0.247,0.926,0.854,0.91,0.939,0.654,0.493,0.954,0.916,0.828,0.819,0.871,0.49,0.576,0.746,0.809,0.92,0.911,0.604,0.884,0.437,0.924,0.896,0.945,0.169,0.795,0.871,0.375,0.437,0.745,0.569,0.9,0.931,0.134,0.719,0.936,0.96,0.325,0.944,0.848,0.447,0.868,0.463,0.117,0.958,0.916,0.489,0.958,0.794,0.942,0.786,0.897,0.749,0.876,0.486,0.673,0.587,0.264,0.931,0.449,0.864,0.905,0.849,0.825,0.65,0.954,0.722,0.713,0.929,0.363,0.201,0.953,0.808,0.929,0.888,0.627,0.932,0.69,0.529,0.721,0.636,0.924,0.507,0.115,0.703,0.477,0.178,0.629,0.777,0.915,0.941,0.906,0.507,0.806,0.707,0.453,0.742,0.76,0.814,0.881,0.102,0.873,0.929,0.772,0.466,0.877,0.698,0.594,0.835,0.584,0.808,0.807,0.938,0.964,0.532,0.948,0.409,,,,,,,,0.561,,,,,,,0.625,,0.6816045,,,0.588,0.559,0.889,0.69,0.811,0.815,0.924,0.001,0.96,0.845,,0.222,0.844,0.795,0.481,0.089,0.045,0.825,0.727,0.693,0.338,0.814,0.116,0.615,0.045,0.882,0.88,0.922,0.928,0.961,0.343,0.737,0.261,0.583,0.759,0.836,0.516,0.082,0.085,0.865,0.461,0.593,0.858,0.766,0.785,0.909,0.923,0.934,0.141,,0.869,0.334,0.805,0.366,0.845,0.786,0.784
2000,0.022,0.256,0.834,0.247,0.926,0.854,0.922,0.939,0.665,0.437,0.954,0.916,0.828,0.803,0.893,0.494,0.799,0.727,0.809,0.92,0.911,0.592,0.884,0.449,0.924,0.914,0.945,0.198,0.809,0.875,0.375,0.431,0.745,0.569,0.9,0.931,0.134,0.713,0.936,0.96,0.342,0.944,0.848,0.468,0.883,0.462,0.073,0.958,0.92,0.489,0.958,0.794,0.942,0.786,0.909,0.749,0.929,0.48,0.638,0.587,0.279,0.931,0.707,0.864,0.907,0.849,0.931,0.65,0.954,0.738,0.713,0.929,0.363,0.201,0.953,0.808,0.929,0.888,0.668,0.932,0.693,0.591,0.716,0.636,0.914,0.507,0.121,0.703,0.477,0.178,0.629,0.793,0.915,0.941,0.906,0.593,0.817,0.707,0.489,0.756,0.76,0.814,0.881,0.102,0.873,0.929,0.772,0.485,0.877,0.718,0.594,0.848,0.668,0.802,0.802,0.938,0.964,0.538,0.948,0.409,,,,,,,,0.515,,,,,,,0.625,,0.6939604,,,0.616,0.555,0.889,0.706,0.811,0.815,0.924,0.001,0.96,0.845,,0.313,0.859,0.752,0.601,0.089,0.044,0.825,0.727,0.693,0.385,0.814,0.111,0.837,0.044,0.89,0.88,0.922,0.928,0.961,0.261,0.752,0.267,0.583,0.769,0.836,0.563,0.082,0.742,0.865,0.461,0.624,0.938,0.772,0.745,0.914,0.923,0.934,0.142,,0.851,0.356,0.797,0.366,0.845,0.786,0.786
2001,0.04,0.299,0.834,0.247,0.93,0.854,0.922,0.939,0.665,0.509,0.954,0.916,0.828,0.805,0.893,0.492,0.787,0.727,0.809,0.92,0.911,0.616,0.884,0.449,0.924,0.914,0.945,0.198,0.818,0.875,0.367,0.431,0.745,0.569,0.9,0.931,0.183,0.713,0.936,0.96,0.342,0.944,0.848,0.468,0.883,0.465,0.022,0.958,0.92,0.489,0.958,0.794,0.942,0.786,0.909,0.749,0.932,0.48,0.638,0.58,0.279,0.931,0.707,0.864,0.907,0.849,0.931,0.65,0.954,0.738,0.713,0.929,0.363,0.201,0.953,0.808,0.929,0.888,0.668,0.932,0.682,0.591,0.686,0.636,0.914,0.507,0.121,0.702,0.477,0.178,0.629,0.793,0.915,0.941,0.906,0.593,0.793,0.696,0.489,0.756,0.727,0.814,0.881,0.102,0.873,0.929,0.772,0.505,0.877,0.812,0.594,0.848,0.668,0.802,0.802,0.938,0.964,0.54,0.948,0.409,,,,,,,,0.515,,,,,,,0.608,,0.6958362,,,0.616,0.505,0.889,0.827,0.808,0.815,0.924,0.001,0.96,0.845,,0.313,0.859,0.727,0.617,0.088,0.045,0.833,0.727,0.693,0.385,0.814,0.111,0.928,0.045,0.89,0.877,0.922,0.928,0.961,0.261,0.756,0.267,0.583,0.769,0.836,0.563,0.074,0.79,0.865,0.461,0.625,0.938,0.772,0.745,0.914,0.923,0.932,0.142,,0.851,0.372,0.797,0.366,0.845,0.786,0.768
2002,0.447,0.501,0.849,0.247,0.925,0.854,0.922,0.939,0.665,0.509,0.954,0.916,0.828,0.749,0.914,0.492,0.855,0.722,0.809,0.924,0.911,0.616,0.884,0.449,0.924,0.934,0.953,0.205,0.793,0.875,0.367,0.431,0.745,0.569,0.9,0.931,0.183,0.713,0.936,0.96,0.463,0.944,0.848,0.468,0.883,0.465,0.016,0.958,0.949,0.489,0.958,0.794,0.942,0.786,0.901,0.745,0.932,0.48,0.638,0.663,0.292,0.931,0.707,0.864,0.907,0.849,0.931,0.65,0.954,0.738,0.713,0.929,0.363,0.221,0.953,0.808,0.929,0.888,0.65,0.932,0.695,0.641,0.686,0.629,0.914,0.507,0.137,0.702,0.446,0.178,0.629,0.793,0.915,0.941,0.906,0.593,0.808,0.659,0.489,0.756,0.8,0.814,0.881,0.102,0.873,0.929,0.772,0.505,0.877,0.84,0.594,0.848,0.668,0.802,0.802,0.938,0.964,0.555,0.948,0.441,,,,,,,,0.512,,,,,,,0.608,,0.7041582,,,0.616,0.508,0.889,0.827,0.808,0.815,0.924,0.001,0.96,0.845,,0.313,0.859,0.724,0.617,0.088,0.045,0.833,0.727,0.761,0.76,0.803,0.111,0.928,0.045,0.89,0.877,0.922,0.928,0.961,0.261,0.749,0.267,0.583,0.769,0.836,0.533,0.074,0.79,0.865,0.461,0.67,0.938,0.772,0.745,0.914,0.923,0.928,0.142,,0.843,0.372,0.797,0.366,0.845,0.776,0.768
2003,0.491,0.542,0.855,0.247,0.925,0.854,0.922,0.939,0.63,0.509,0.954,0.916,0.828,0.749,0.914,0.492,0.858,0.696,0.809,0.924,0.911,0.617,0.884,0.449,0.924,0.934,0.953,0.205,0.803,0.875,0.367,0.431,0.756,0.589,0.9,0.931,0.183,0.713,0.936,0.96,0.438,0.944,0.848,0.468,0.883,0.465,0.016,0.958,0.949,0.479,0.958,0.794,0.942,0.786,0.901,0.75,0.932,0.49,0.638,0.658,0.292,0.931,0.707,0.864,0.907,0.849,0.931,0.649,0.954,0.738,0.715,0.929,0.363,0.568,0.953,0.808,0.929,0.888,0.665,0.932,0.695,0.624,0.686,0.622,0.914,0.507,0.141,0.702,0.446,0.178,0.629,0.805,0.915,0.941,0.906,0.585,0.808,0.696,0.489,0.756,0.833,0.814,0.881,0.102,0.891,0.929,0.772,0.505,0.877,0.84,0.59,0.848,0.668,0.802,0.802,0.938,0.964,0.569,0.948,0.441,,,,,,,,0.601,,,,,,,0.608,,0.7080791,,,0.667,0.508,0.889,0.827,0.808,0.815,0.924,0.001,0.96,0.851,,0.313,0.859,0.728,0.617,0.088,0.045,0.833,0.727,0.761,0.788,0.803,0.111,0.928,0.045,0.89,0.877,0.938,0.928,0.961,0.261,0.749,0.248,0.583,0.769,0.837,0.533,0.074,0.79,0.865,0.461,0.712,0.938,0.772,0.754,0.914,0.923,0.928,0.133,,0.83,0.372,0.797,0.366,0.845,0.776,0.743
2004,0.491,0.542,0.855,0.247,0.929,0.854,0.922,0.939,0.581,0.509,0.954,0.916,0.828,0.749,0.914,0.492,0.858,0.696,0.809,0.924,0.911,0.617,0.884,0.449,0.924,0.934,0.953,0.206,0.803,0.875,0.367,0.431,0.756,0.575,0.9,0.931,0.183,0.817,0.936,0.96,0.438,0.944,0.848,0.468,0.883,0.465,0.016,0.958,0.949,0.479,0.958,0.794,0.942,0.786,0.901,0.849,0.932,0.49,0.631,0.69,0.292,0.931,0.707,0.869,0.907,0.849,0.931,0.6,0.954,0.73,0.715,0.929,0.363,0.587,0.953,0.808,0.929,0.888,0.665,0.932,0.695,0.624,0.703,0.622,0.914,0.507,0.141,0.702,0.78,0.178,0.629,0.792,0.915,0.941,0.906,0.585,0.808,0.696,0.476,0.756,0.833,0.814,0.881,0.102,0.891,0.929,0.772,0.515,0.877,0.84,0.605,0.848,0.668,0.802,0.802,0.938,0.964,0.569,0.948,0.441,,,,,,,,0.612,,,,,,,0.608,,0.71128815,,,0.667,0.552,0.903,0.827,0.809,0.815,0.924,0.001,0.96,0.865,,0.313,0.869,0.743,0.606,0.088,0.046,0.833,0.727,0.761,0.788,0.803,0.111,0.928,0.046,0.89,0.877,0.938,0.928,0.961,0.261,0.749,0.248,0.583,0.769,0.837,0.536,0.075,0.79,0.865,0.461,0.732,0.938,0.772,0.754,0.906,0.923,0.928,0.133,,0.83,0.382,0.797,0.338,0.845,0.776,0.743
2005,0.488,0.542,0.868,0.264,0.929,0.854,0.922,0.939,0.59,0.506,0.954,0.911,0.828,0.749,0.914,0.492,0.858,0.721,0.778,0.924,0.911,0.584,0.884,0.449,0.924,0.934,0.953,0.213,0.811,0.875,0.367,0.431,0.768,0.575,0.9,0.93,0.183,0.817,0.936,0.96,0.438,0.944,0.848,0.531,0.883,0.465,0.012,0.958,0.949,0.479,0.958,0.794,0.942,0.786,0.901,0.861,0.932,0.494,0.631,0.69,0.302,0.931,0.707,0.869,0.907,0.85,0.931,0.585,0.954,0.727,0.717,0.929,0.363,0.577,0.953,0.808,0.929,0.888,0.665,0.932,0.695,0.624,0.703,0.606,0.914,0.507,0.141,0.702,0.856,0.178,0.615,0.792,0.921,0.941,0.906,0.584,0.811,0.712,0.532,0.756,0.825,0.814,0.881,0.102,0.891,0.929,0.764,0.561,0.877,0.824,0.605,0.848,0.668,0.802,0.802,0.938,0.964,0.574,0.948,0.447,,,,,,,,0.612,,,,,,,0.595,,0.7133955,,,0.694,0.552,0.9,0.822,0.809,0.815,0.924,0.001,0.958,0.865,,0.306,0.869,0.719,0.597,0.104,0.071,0.833,0.727,0.761,0.788,0.823,0.095,0.928,0.071,0.89,0.877,0.938,0.928,0.961,0.261,0.744,0.275,0.583,0.783,0.837,0.46,0.055,0.79,0.865,0.461,0.732,0.938,0.759,0.754,0.916,0.93,0.928,0.114,,0.812,0.475,0.797,0.338,0.845,0.781,0.743
2006,0.49,0.542,0.868,0.259,0.929,0.854,0.922,0.939,0.59,0.527,0.954,0.911,0.828,0.745,0.914,0.492,0.858,0.722,0.786,0.925,0.911,0.589,0.884,0.449,0.924,0.934,0.953,0.213,0.812,0.875,0.367,0.431,0.768,0.574,0.9,0.93,0.183,0.817,0.936,0.96,0.438,0.944,0.848,0.531,0.883,0.465,0.012,0.958,0.949,0.479,0.958,0.746,0.942,0.786,0.901,0.861,0.932,0.494,0.631,0.702,0.305,0.931,0.718,0.869,0.907,0.85,0.931,0.62,0.954,0.748,0.717,0.929,0.367,0.585,0.953,0.808,0.929,0.888,0.665,0.932,0.705,0.624,0.703,0.606,0.914,0.525,0.141,0.702,0.869,0.178,0.607,0.807,0.928,0.941,0.905,0.587,0.811,0.712,0.522,0.756,0.83,0.814,0.881,0.102,0.891,0.929,0.764,0.583,0.877,0.824,0.609,0.838,0.668,0.802,0.801,0.938,0.964,0.626,0.948,0.447,,,,,,,,0.612,,,,,,,0.595,,0.7142881,,,0.69,0.545,0.9,0.822,0.809,0.815,0.924,0.001,0.958,0.865,,0.315,0.869,0.725,0.59,0.112,0.073,0.833,0.701,0.761,0.789,0.823,0.091,0.928,0.073,0.89,0.877,0.938,0.928,0.967,0.261,0.738,0.275,0.583,0.806,0.799,0.464,0.055,0.789,0.865,0.472,0.732,0.938,0.759,0.753,0.916,0.93,0.928,0.126,,0.786,0.501,0.797,0.338,0.845,0.781,0.742
2007,0.49,0.542,0.868,0.296,0.929,0.86,0.922,0.939,0.59,0.515,0.954,0.911,0.828,0.778,0.914,0.486,0.871,0.722,0.784,0.925,0.911,0.589,0.884,0.449,0.932,0.934,0.953,0.213,0.811,0.875,0.367,0.431,0.797,0.575,0.9,0.93,0.183,0.815,0.936,0.96,0.438,0.944,0.848,0.531,0.888,0.465,0.009,0.958,0.949,0.504,0.958,0.703,0.942,0.786,0.901,0.865,0.932,0.494,0.631,0.706,0.299,0.931,0.718,0.869,0.907,0.85,0.934,0.68,0.954,0.766,0.717,0.929,0.367,0.585,0.953,0.808,0.929,0.888,0.665,0.932,0.705,0.624,0.684,0.6,0.914,0.525,0.137,0.703,0.869,0.2,0.597,0.811,0.928,0.941,0.919,0.587,0.818,0.712,0.518,0.756,0.83,0.814,0.881,0.102,0.891,0.929,0.764,0.596,0.877,0.822,0.601,0.838,0.668,0.802,0.801,0.937,0.964,0.769,0.948,0.447,,,,,,,,0.615,,,,,,,0.595,,0.7142079,,,0.696,0.551,0.9,0.822,0.805,0.815,0.925,0.001,0.958,0.865,,0.346,0.889,0.711,0.59,0.112,0.073,0.833,0.701,0.761,0.791,0.823,0.091,0.928,0.073,0.89,0.877,0.938,0.928,0.967,0.261,0.738,0.277,0.565,0.806,0.822,0.448,0.059,0.823,0.865,0.456,0.726,0.938,0.759,0.753,0.916,0.93,0.928,0.127,,0.787,0.512,0.797,0.338,0.845,0.781,0.734
2008,0.49,0.538,0.868,0.296,0.929,0.856,0.928,0.939,0.59,0.515,0.954,0.911,0.828,0.778,0.913,0.486,0.874,0.739,0.773,0.925,0.911,0.678,0.881,0.449,0.932,0.934,0.953,0.213,0.811,0.875,0.367,0.431,0.797,0.575,0.9,0.93,0.183,0.815,0.936,0.96,0.438,0.944,0.848,0.531,0.891,0.466,0.009,0.958,0.949,0.503,0.958,0.705,0.941,0.786,0.901,0.83,0.932,0.468,0.626,0.702,0.302,0.931,0.718,0.866,0.907,0.85,0.934,0.68,0.954,0.75,0.717,0.929,0.367,0.585,0.95,0.808,0.929,0.888,0.665,0.932,0.705,0.626,0.681,0.6,0.908,0.525,0.138,0.707,0.869,0.176,0.597,0.811,0.94,0.941,0.922,0.584,0.796,0.712,0.535,0.756,0.827,0.814,0.881,0.101,0.891,0.929,0.764,0.571,0.877,0.829,0.601,0.838,0.668,0.802,0.801,0.937,0.964,0.783,0.948,0.449,,,,,,,,0.61,,,,,,,0.595,,0.71417415,,,0.696,0.549,0.9,0.822,0.817,0.815,0.925,0.001,0.958,0.865,,0.342,0.889,0.726,0.59,0.114,0.073,0.833,0.701,0.761,0.798,0.823,0.091,0.928,0.073,0.89,0.877,0.938,0.928,0.967,0.261,0.749,0.277,0.564,0.802,0.823,0.445,0.067,0.828,0.865,0.456,0.718,0.938,0.759,0.754,0.916,0.93,0.931,0.127,,0.787,0.512,0.797,0.338,0.845,0.778,0.701
2009,0.49,0.538,0.868,0.296,0.929,0.856,0.928,0.939,0.585,0.502,0.954,0.911,0.831,0.761,0.903,0.475,0.881,0.738,0.811,0.925,0.911,0.681,0.881,0.449,0.932,0.924,0.953,0.216,0.807,0.876,0.375,0.431,0.797,0.575,0.9,0.93,0.19,0.815,0.936,0.96,0.438,0.944,0.848,0.531,0.893,0.466,0.009,0.958,0.949,0.494,0.958,0.7,0.941,0.786,0.901,0.83,0.932,0.445,0.626,0.702,0.302,0.931,0.707,0.865,0.907,0.795,0.934,0.68,0.954,0.77,0.717,0.929,0.367,0.592,0.95,0.808,0.929,0.888,0.661,0.932,0.705,0.626,0.69,0.6,0.908,0.525,0.138,0.706,0.869,0.176,0.605,0.81,0.94,0.941,0.922,0.584,0.818,0.56,0.544,0.757,0.859,0.814,0.881,0.108,0.891,0.929,0.764,0.573,0.877,0.829,0.601,0.838,0.656,0.804,0.801,0.937,0.964,0.799,0.948,0.452,,,,,,,,0.641,,,,,,,0.595,,0.71396065,,,0.701,0.553,0.9,0.822,0.817,0.815,0.925,0.001,0.958,0.874,,0.342,0.885,0.726,0.59,0.114,0.073,0.833,0.693,0.761,0.798,0.823,0.095,0.928,0.073,0.89,0.877,0.938,0.932,0.967,0.261,0.749,0.277,0.581,0.802,0.823,0.447,0.067,0.839,0.865,0.462,0.718,0.938,0.759,0.729,0.916,0.93,0.931,0.127,,0.787,0.503,0.797,0.338,0.845,0.778,0.756
2010,0.486,0.577,0.871,0.311,0.929,0.878,0.924,0.939,0.588,0.48,0.954,0.911,0.835,0.752,0.898,0.475,0.881,0.73,0.812,0.925,0.911,0.681,0.889,0.449,0.932,0.921,0.953,0.21,0.781,0.866,0.395,0.419,0.83,0.575,0.9,0.928,0.188,0.844,0.936,0.96,0.438,0.944,0.848,0.531,0.889,0.456,0.01,0.958,0.95,0.502,0.958,0.703,0.941,0.806,0.901,0.846,0.935,0.563,0.626,0.702,0.295,0.931,0.708,0.883,0.907,0.82,0.934,0.68,0.942,0.767,0.717,0.929,0.335,0.602,0.949,0.804,0.929,0.888,0.672,0.932,0.682,0.664,0.705,0.604,0.908,0.525,0.146,0.711,0.872,0.176,0.679,0.858,0.94,0.941,0.941,0.569,0.861,0.568,0.538,0.756,0.844,0.802,0.896,0.164,0.891,0.929,0.795,0.573,0.889,0.848,0.601,0.846,0.721,0.798,0.793,0.932,0.964,0.809,0.948,0.452,,,,,,,,0.672,,,,,,,0.596,,0.7186854,,,0.72,0.548,0.9,0.844,0.837,0.815,0.925,0.001,0.958,0.874,,0.345,0.899,0.729,0.605,0.125,0.073,0.841,0.701,0.745,0.829,0.824,0.17,0.928,0.073,0.89,0.879,0.941,0.932,0.967,0.261,0.749,0.271,0.586,0.829,0.826,0.444,0.064,0.858,0.865,0.441,0.698,0.938,0.751,0.726,0.883,0.93,0.93,0.127,,0.794,0.503,0.806,0.307,0.868,0.76,0.769
2011,0.486,0.577,0.889,0.286,0.924,0.878,0.924,0.939,0.587,0.477,0.954,0.911,0.826,0.754,0.891,0.272,0.881,0.727,0.812,0.925,0.911,0.681,0.889,0.449,0.932,0.921,0.953,0.21,0.78,0.866,0.395,0.419,0.837,0.575,0.9,0.928,0.206,0.844,0.936,0.96,0.438,0.944,0.848,0.531,0.889,0.449,0.01,0.958,0.95,0.498,0.958,0.703,0.941,0.806,0.901,0.846,0.935,0.56,0.626,0.702,0.295,0.931,0.708,0.894,0.907,0.851,0.934,0.68,0.927,0.771,0.72,0.929,0.339,0.602,0.949,0.804,0.929,0.888,0.671,0.932,0.664,0.664,0.725,0.604,0.908,0.525,0.141,0.707,0.873,0.304,0.679,0.858,0.94,0.941,0.941,0.568,0.864,0.568,0.552,0.756,0.843,0.802,0.896,0.229,0.891,0.929,0.789,0.573,0.889,0.843,0.601,0.846,0.733,0.801,0.793,0.932,0.964,0.797,0.948,0.465,,,,,,,,0.675,,,,,,,0.596,,0.7183743,,,0.717,0.537,0.9,0.844,0.837,0.815,0.925,0.001,0.958,0.874,,0.345,0.899,0.749,0.61,0.125,0.068,0.841,0.701,0.745,0.829,0.84,0.148,0.928,0.29,0.89,0.879,0.932,0.932,0.967,0.268,0.749,0.227,0.586,0.831,0.83,0.444,0.067,0.858,0.865,0.852,0.688,0.938,0.744,0.71,0.883,0.93,0.927,0.127,,0.784,0.503,0.806,0.32,0.869,0.765,0.769
2012,0.498,0.577,0.889,0.286,0.918,0.878,0.921,0.939,0.587,0.477,0.954,0.911,0.824,0.749,0.899,0.265,0.881,0.715,0.812,0.925,0.911,0.681,0.885,0.426,0.933,0.921,0.953,0.202,0.815,0.866,0.395,0.419,0.837,0.575,0.9,0.936,0.216,0.844,0.936,0.96,0.438,0.944,0.848,0.548,0.889,0.447,0.008,0.958,0.95,0.488,0.958,0.717,0.939,0.797,0.893,0.846,0.923,0.56,0.626,0.682,0.295,0.929,0.708,0.884,0.9,0.851,0.931,0.68,0.922,0.755,0.714,0.937,0.339,0.602,0.949,0.804,0.937,0.888,0.669,0.932,0.663,0.664,0.721,0.614,0.908,0.525,0.141,0.707,0.864,0.425,0.703,0.858,0.94,0.941,0.941,0.568,0.867,0.568,0.538,0.768,0.821,0.802,0.896,0.242,0.891,0.929,0.789,0.573,0.889,0.846,0.601,0.846,0.728,0.801,0.793,0.927,0.964,0.803,0.948,0.47,,,,,,,,0.675,,,,,,,0.601,,0.71906143,,,0.717,0.544,0.9,0.845,0.837,0.814,0.932,0.001,0.958,0.874,,0.342,0.906,0.728,0.614,0.128,0.061,0.823,0.701,0.745,0.829,0.84,0.194,0.928,0.299,0.89,0.879,0.939,0.932,0.968,0.268,0.739,0.173,0.586,0.831,0.83,0.444,0.067,0.858,0.865,0.852,0.692,0.938,0.746,0.723,0.883,0.93,0.927,0.127,,0.784,0.505,0.806,0.36,0.87,0.765,0.769
2013,0.507,0.581,0.91,0.286,0.927,0.876,0.911,0.939,0.613,0.402,0.956,0.899,0.82,0.655,0.895,0.272,0.87,0.731,0.812,0.921,0.911,0.699,0.883,0.264,0.925,0.922,0.955,0.197,0.839,0.841,0.418,0.435,0.829,0.566,0.908,0.925,0.312,0.85,0.934,0.964,0.453,0.944,0.848,0.545,0.889,0.318,0.009,0.957,0.95,0.492,0.958,0.739,0.939,0.844,0.856,0.846,0.924,0.554,0.585,0.796,0.295,0.921,0.741,0.878,0.9,0.851,0.933,0.669,0.915,0.759,0.766,0.937,0.342,0.576,0.942,0.8,0.936,0.91,0.687,0.932,0.611,0.691,0.699,0.54,0.903,0.525,0.147,0.697,0.87,0.369,0.731,0.848,0.94,0.941,0.944,0.526,0.845,0.636,0.516,0.772,0.806,0.762,0.896,0.255,0.91,0.917,0.797,0.482,0.879,0.841,0.599,0.841,0.734,0.807,0.811,0.924,0.964,0.733,0.948,0.468,,,,,,,,0.688,,,,,,,0.634,,0.7136313,,,0.711,0.513,0.898,0.842,0.801,0.814,0.929,0.001,0.958,0.853,,0.31,0.916,0.698,0.601,0.131,0.072,0.827,0.701,0.745,0.859,0.835,0.214,0.904,0.213,0.91,0.878,0.939,0.928,0.97,0.279,0.773,0.132,0.565,0.836,0.786,0.438,0.063,0.858,0.865,0.809,0.605,0.944,0.717,0.715,0.884,0.924,0.93,0.145,,0.757,0.512,0.806,0.318,0.875,0.734,0.757
2014,0.499,0.581,0.91,0.286,0.927,0.876,0.915,0.939,0.594,0.391,0.956,0.899,0.844,0.681,0.895,0.272,0.893,0.729,0.812,0.921,0.911,0.699,0.879,0.338,0.925,0.922,0.955,0.195,0.82,0.841,0.418,0.435,0.815,0.566,0.908,0.939,0.323,0.85,0.934,0.964,0.453,0.944,0.848,0.559,0.889,0.275,0.01,0.957,0.95,0.492,0.958,0.753,0.929,0.844,0.856,0.866,0.919,0.554,0.575,0.807,0.3,0.928,0.741,0.878,0.9,0.851,0.933,0.669,0.915,0.755,0.736,0.937,0.344,0.549,0.936,0.8,0.936,0.91,0.681,0.932,0.599,0.691,0.699,0.53,0.902,0.525,0.15,0.697,0.87,0.348,0.732,0.848,0.94,0.941,0.945,0.535,0.851,0.73,0.515,0.772,0.799,0.762,0.896,0.256,0.91,0.888,0.797,0.467,0.871,0.841,0.599,0.841,0.734,0.807,0.811,0.915,0.964,0.728,0.948,0.471,,,,,,,,0.674,,,,,,,0.634,,0.71128494,,,0.714,0.499,0.898,0.862,0.801,0.814,0.929,0.001,0.958,0.853,,0.31,0.916,0.686,0.611,0.131,0.07,0.827,0.701,0.739,0.859,0.835,0.214,0.904,0.194,0.91,0.878,0.939,0.928,0.97,0.279,0.793,0.128,0.555,0.839,0.711,0.43,0.063,0.837,0.861,0.775,0.584,0.944,0.708,0.699,0.777,0.924,0.93,0.14,,0.743,0.512,0.806,0.197,0.875,0.734,0.757
2015,0.499,0.581,0.91,0.299,0.925,0.873,0.911,0.93,0.583,0.264,0.941,0.911,0.837,0.715,0.883,0.272,0.887,0.725,0.812,0.921,0.918,0.699,0.869,0.438,0.923,0.927,0.948,0.192,0.843,0.841,0.426,0.445,0.822,0.574,0.914,0.936,0.329,0.85,0.919,0.965,0.453,0.959,0.842,0.579,0.889,0.29,0.008,0.957,0.95,0.479,0.96,0.772,0.929,0.844,0.856,0.894,0.902,0.554,0.572,0.807,0.3,0.93,0.741,0.885,0.9,0.832,0.933,0.669,0.912,0.765,0.708,0.937,0.372,0.561,0.936,0.8,0.936,0.91,0.681,0.929,0.591,0.691,0.676,0.532,0.902,0.525,0.15,0.631,0.87,0.346,0.779,0.845,0.94,0.941,0.945,0.548,0.863,0.747,0.477,0.772,0.786,0.762,0.883,0.312,0.91,0.893,0.754,0.467,0.857,0.858,0.599,0.827,0.719,0.807,0.794,0.91,0.964,0.74,0.948,0.471,,,,,,,,0.669,,,,,,,0.634,,0.7097486,,,0.718,0.498,0.898,0.859,0.795,0.814,0.926,0.001,0.958,0.86,,0.314,0.916,0.686,0.598,0.131,0.07,0.837,0.701,0.735,0.859,0.829,0.214,0.904,0.185,0.91,0.878,0.939,0.9,0.953,0.279,0.82,0.125,0.545,0.834,0.705,0.383,0.063,0.829,0.87,0.785,0.577,0.944,0.708,0.715,0.783,0.924,0.93,0.136,,0.703,0.512,0.806,0.123,0.875,0.731,0.773
2016,0.448,0.591,0.91,0.326,0.922,0.873,0.918,0.93,0.522,0.221,0.941,0.931,0.801,0.712,0.869,0.283,0.877,0.757,0.825,0.911,0.918,0.692,0.869,0.438,0.917,0.927,0.948,0.181,0.823,0.77,0.408,0.423,0.797,0.556,0.914,0.941,0.312,0.85,0.904,0.965,0.453,0.959,0.857,0.588,0.889,0.304,0.009,0.957,0.95,0.469,0.96,0.747,0.929,0.844,0.856,0.886,0.916,0.578,0.589,0.807,0.294,0.93,0.741,0.883,0.9,0.831,0.929,0.678,0.912,0.765,0.707,0.937,0.372,0.586,0.936,0.789,0.936,0.91,0.669,0.929,0.621,0.691,0.674,0.497,0.902,0.525,0.15,0.668,0.87,0.335,0.809,0.845,0.934,0.941,0.92,0.545,0.861,0.747,0.452,0.772,0.77,0.762,0.883,0.296,0.886,0.898,0.755,0.467,0.857,0.826,0.568,0.827,0.732,0.812,0.794,0.91,0.961,0.738,0.948,0.471,,,,,,,,0.668,,,,,,,0.626,,0.70446926,,,0.712,0.476,0.898,0.859,0.792,0.814,0.899,0.001,0.957,0.86,,0.311,0.907,0.674,0.542,0.131,0.069,0.832,0.701,0.742,0.859,0.829,0.215,0.904,0.167,0.91,0.882,0.921,0.897,0.953,0.279,0.822,0.138,0.536,0.835,0.647,0.319,0.065,0.835,0.87,0.785,0.441,0.938,0.718,0.632,0.794,0.924,0.929,0.153,,0.682,0.512,0.806,0.11,0.875,0.746,0.723
2017,0.457,0.61,0.89,0.333,0.928,0.883,0.907,0.907,0.526,0.257,0.941,0.944,0.842,0.69,0.872,0.283,0.872,0.775,0.816,0.899,0.912,0.691,0.883,0.46,0.897,0.927,0.948,0.166,0.766,0.694,0.384,0.431,0.831,0.552,0.906,0.935,0.348,0.851,0.896,0.965,0.407,0.959,0.857,0.609,0.91,0.298,0.009,0.957,0.95,0.506,0.96,0.775,0.929,0.892,0.865,0.892,0.915,0.587,0.863,0.796,0.29,0.919,0.76,0.886,0.883,0.833,0.902,0.59,0.902,0.725,0.682,0.932,0.372,0.579,0.949,0.789,0.941,0.91,0.668,0.928,0.577,0.673,0.729,0.491,0.908,0.525,0.163,0.673,0.875,0.285,0.809,0.822,0.934,0.941,0.939,0.549,0.868,0.761,0.431,0.804,0.794,0.733,0.896,0.297,0.883,0.892,0.703,0.388,0.853,0.834,0.603,0.832,0.728,0.821,0.694,0.925,0.961,0.738,0.948,0.454,,,,,,,,0.675,,,,,,,0.629,,0.7015419,,,0.696,0.489,0.898,0.859,0.742,0.806,0.861,0.001,0.957,0.849,,0.271,0.91,0.67,0.441,0.152,0.066,0.817,0.696,0.779,0.809,0.835,0.212,0.887,0.134,0.91,0.874,0.92,0.897,0.947,0.282,0.824,0.148,0.5,0.787,0.667,0.342,0.069,0.794,0.855,0.807,0.421,0.945,0.718,0.57,0.808,0.924,0.924,0.192,,0.587,0.533,0.806,0.091,0.86,0.737,0.718
2018,0.471,0.607,0.906,0.333,0.931,0.894,0.908,0.898,0.491,0.303,0.941,0.915,0.766,0.695,0.865,0.293,0.872,0.762,0.816,0.871,0.912,0.702,0.884,0.47,0.894,0.927,0.948,0.165,0.766,0.672,0.446,0.42,0.827,0.54,0.912,0.902,0.329,0.845,0.911,0.965,0.421,0.939,0.863,0.574,0.914,0.303,0.013,0.957,0.95,0.519,0.96,0.744,0.935,0.854,0.881,0.895,0.907,0.588,0.877,0.809,0.283,0.889,0.747,0.871,0.873,0.839,0.929,0.59,0.898,0.735,0.711,0.926,0.364,0.583,0.949,0.79,0.928,0.91,0.69,0.928,0.576,0.671,0.756,0.491,0.912,0.534,0.163,0.659,0.846,0.312,0.856,0.816,0.934,0.941,0.939,0.558,0.868,0.774,0.497,0.832,0.8,0.73,0.896,0.318,0.861,0.902,0.697,0.423,0.859,0.835,0.676,0.852,0.68,0.826,0.431,0.92,0.963,0.722,0.948,0.467,,,,,,,,0.678,,,,,,,0.629,,0.7002402,,,0.674,0.492,0.837,0.859,0.678,0.806,0.861,0.001,0.956,0.849,,0.29,0.91,0.67,0.45,0.17,0.071,0.838,0.703,0.779,0.807,0.82,0.206,0.87,0.149,0.91,0.858,0.922,0.897,0.942,0.337,0.824,0.14,0.508,0.771,0.604,0.341,0.066,0.796,0.858,0.793,0.437,0.938,0.688,0.597,0.776,0.924,0.914,0.273,,0.562,0.501,0.793,0.096,0.856,0.777,0.703
2019,0.45,0.623,0.929,0.316,0.915,0.897,0.911,0.859,0.509,0.301,0.941,0.915,0.762,0.664,0.865,0.347,0.872,0.757,0.663,0.79,0.912,0.703,0.876,0.443,0.887,0.927,0.954,0.14,0.766,0.718,0.479,0.441,0.773,0.539,0.911,0.906,0.329,0.835,0.919,0.965,0.407,0.924,0.863,0.593,0.905,0.333,0.014,0.957,0.945,0.529,0.95,0.738,0.927,0.845,0.88,0.891,0.92,0.468,0.872,0.833,0.287,0.879,0.75,0.871,0.871,0.826,0.851,0.631,0.896,0.733,0.622,0.934,0.362,0.598,0.949,0.793,0.94,0.922,0.712,0.928,0.599,0.671,0.751,0.51,0.912,0.545,0.228,0.653,0.852,0.271,0.827,0.837,0.934,0.935,0.939,0.555,0.868,0.751,0.553,0.831,0.815,0.75,0.896,0.33,0.848,0.896,0.71,0.502,0.859,0.849,0.676,0.839,0.724,0.806,0.386,0.92,0.937,0.686,0.948,0.482,,,,,,,,0.693,,,,,,,0.61,,0.6998045,,,0.664,0.497,0.84,0.868,0.678,0.806,0.857,0.002,0.953,0.849,,0.299,0.91,0.674,0.441,0.186,0.254,0.815,0.694,0.774,0.766,0.789,0.197,0.87,0.194,0.91,0.814,0.922,0.897,0.942,0.402,0.824,0.141,0.542,0.803,0.656,0.314,0.092,0.796,0.867,0.809,0.428,0.938,0.692,0.582,0.775,0.924,0.903,0.334,,0.546,0.496,0.767,0.1,0.814,0.77,0.703
2020,0.463,0.625,0.931,0.308,0.86,0.897,0.898,0.863,0.494,0.361,0.928,0.915,0.755,0.656,0.871,0.366,0.861,0.395,0.65,0.79,0.912,0.703,0.859,0.455,0.891,0.904,0.892,0.122,0.753,0.735,0.446,0.455,0.743,0.539,0.911,0.914,0.316,0.804,0.84,0.951,0.394,0.876,0.874,0.615,0.915,0.355,0.011,0.918,0.945,0.513,0.945,0.709,0.882,0.777,0.826,0.892,0.913,0.338,0.878,0.832,0.275,0.89,0.721,0.866,0.816,0.826,0.811,0.62,0.86,0.72,0.619,0.936,0.338,0.548,0.947,0.816,0.857,0.909,0.683,0.856,0.622,0.704,0.689,0.43,0.906,0.549,0.183,0.671,0.843,0.279,0.767,0.864,0.91,0.859,0.939,0.555,0.794,0.739,0.565,0.826,0.801,0.742,0.894,0.325,0.687,0.805,0.702,0.575,0.835,0.867,0.689,0.855,0.67,0.808,0.391,0.906,0.85,0.723,0.917,0.441,,,,,,,,0.703,,,,,,,0.604,,0.6833296,,,0.667,0.469,0.84,0.825,0.691,0.814,0.851,0.001,0.939,0.772,,0.309,0.835,0.662,0.421,0.176,0.239,0.839,0.704,0.753,0.793,0.697,0.202,0.836,0.196,0.91,0.856,0.841,0.84,0.943,0.402,0.829,0.136,0.502,0.795,0.524,0.337,0.072,0.693,0.852,0.795,0.444,0.931,0.662,0.58,0.795,0.915,0.91,0.331,,0.527,0.468,0.79,0.088,0.806,0.779,0.727
2021,0.139,0.59,0.937,0.313,0.819,0.894,0.878,0.87,0.478,0.406,0.933,0.911,0.786,0.654,0.877,0.366,0.841,0.388,0.821,0.774,0.912,0.676,0.841,0.47,0.898,0.917,0.879,0.111,0.75,0.749,0.461,0.453,0.736,0.553,0.911,0.914,0.297,0.808,0.87,0.951,0.394,0.905,0.862,0.503,0.914,0.347,0.009,0.922,0.954,0.467,0.933,0.69,0.879,0.777,0.823,0.887,0.897,0.338,0.876,0.831,0.261,0.914,0.76,0.823,0.753,0.829,0.885,0.593,0.874,0.694,0.65,0.923,0.333,0.58,0.947,0.811,0.863,0.908,0.667,0.856,0.623,0.722,0.728,0.45,0.911,0.56,0.197,0.707,0.843,0.27,0.737,0.782,0.881,0.866,0.939,0.555,0.837,0.739,0.524,0.798,0.801,0.733,0.898,0.132,0.782,0.805,0.673,0.507,0.795,0.862,0.668,0.859,0.704,0.83,0.315,0.89,0.85,0.69,0.913,0.461,,,,,,,,0.711,,,,,,,0.605,,0.67822903,,,0.674,0.485,0.84,0.825,0.656,0.779,0.855,0.001,0.919,0.772,,0.193,0.843,0.652,0.312,0.18,0.263,0.873,0.657,0.763,0.805,0.679,0.242,0.821,0.22,0.91,0.883,0.841,0.872,0.943,0.381,0.829,0.128,0.476,0.795,0.524,0.327,0.064,0.709,0.864,0.777,0.444,0.931,0.726,0.512,0.806,0.924,0.904,0.334,,0.579,0.419,0.79,0.12,0.818,0.781,0.665
2022,0.047,0.59,0.938,0.313,0.879,0.877,0.895,0.87,0.467,0.521,0.933,0.898,0.714,0.654,0.897,0.366,0.81,0.399,0.821,0.774,0.912,0.649,0.803,0.44,0.819,0.917,0.918,0.109,0.722,0.761,0.436,0.466,0.835,0.558,0.901,0.914,0.311,0.832,0.936,0.951,0.394,0.939,0.862,0.449,0.902,0.371,0.016,0.942,0.954,0.458,0.931,0.679,0.869,0.807,0.852,0.887,0.903,0.291,0.894,0.752,0.256,0.914,0.743,0.807,0.736,0.854,0.918,0.526,0.898,0.764,0.6,0.934,0.285,0.58,0.947,0.827,0.916,0.902,0.676,0.896,0.623,0.732,0.69,0.452,0.903,0.519,0.181,0.674,0.843,0.27,0.775,0.807,0.905,0.94,0.939,0.562,0.896,0.739,0.513,0.797,0.808,0.712,0.895,0.14,0.866,0.819,0.664,0.501,0.783,0.78,0.683,0.858,0.72,0.799,0.235,0.891,0.887,0.676,0.948,0.44,,,,,,,,0.702,,,,,,,0.597,,0.6782235,,,0.658,0.429,0.857,0.855,0.702,0.771,0.855,0.001,0.919,0.772,,0.181,0.833,0.513,0.243,0.189,0.264,0.873,0.657,0.79,0.837,0.617,0.258,0.821,0.2,0.91,0.869,0.901,0.933,0.951,0.39,0.899,0.14,0.443,0.795,0.526,0.3,0.063,0.81,0.849,0.759,0.433,0.931,0.778,0.511,0.616,0.922,0.913,0.351,,0.585,0.428,0.79,0.143,0.812,0.885,0.676
2023,0.043,0.59,0.91,0.29,0.91,0.85,0.896,0.884,0.456,0.482,0.933,0.914,0.697,0.67,0.908,0.366,0.829,0.445,0.829,0.866,0.912,0.65,0.805,0.436,0.85,0.917,0.931,0.109,0.728,0.725,0.419,0.484,0.836,0.541,0.915,0.914,0.308,0.828,0.942,0.951,0.387,0.939,0.862,0.449,0.843,0.353,0.012,0.946,0.954,0.393,0.931,0.695,0.866,0.83,0.844,0.879,0.903,0.291,0.895,0.829,0.278,0.898,0.758,0.815,0.724,0.871,0.93,0.528,0.894,0.731,0.619,0.934,0.302,0.577,0.943,0.806,0.916,0.902,0.69,0.92,0.629,0.726,0.703,0.45,0.903,0.558,0.198,0.664,0.843,0.271,0.81,0.833,0.905,0.935,0.927,0.557,0.896,0.745,0.541,0.819,0.815,0.69,0.92,0.14,0.865,0.809,0.655,0.472,0.78,0.806,0.679,0.841,0.755,0.859,0.187,0.883,0.896,0.692,0.948,0.439,,,,,,,,0.702,,,,,,,0.576,,0.67943573,,,0.653,0.428,0.861,0.855,0.714,0.791,0.897,0.001,0.899,0.772,,0.168,0.862,0.503,0.164,0.192,0.256,0.869,0.657,0.81,0.834,0.558,0.287,0.845,0.203,0.91,0.896,0.927,0.905,0.947,0.387,0.899,0.153,0.515,0.779,0.539,0.298,0.071,0.784,0.849,0.737,0.449,0.931,0.778,0.457,0.631,0.923,0.891,0.36,,0.591,0.425,0.811,0.187,0.847,0.868,0.641
2024,0.029,0.587,0.915,0.283,0.87,0.826,0.896,0.894,0.367,0.488,0.933,0.918,0.679,0.638,0.852,0.366,0.81,0.455,0.789,0.862,0.912,0.639,0.818,0.408,0.85,0.917,0.931,0.147,0.729,0.727,0.411,0.488,0.765,0.541,0.915,0.914,0.308,0.844,0.942,0.936,0.387,0.939,0.825,0.433,0.837,0.388,0.006,0.948,0.944,0.287,0.931,0.714,0.866,0.846,0.841,0.869,0.903,0.305,0.895,0.825,0.278,0.867,0.748,0.815,0.716,0.871,0.929,0.528,0.89,0.666,0.664,0.934,0.352,0.579,0.935,0.806,0.916,0.902,0.69,0.92,0.635,0.728,0.714,0.432,0.904,0.498,0.222,0.662,0.843,0.291,0.766,0.831,0.902,0.935,0.927,0.557,0.9,0.745,0.603,0.726,0.815,0.672,0.926,0.137,0.865,0.801,0.612,0.402,0.78,0.795,0.659,0.886,0.799,0.831,0.181,0.883,0.896,0.661,0.944,0.439,,,,,,,,0.676,,,,,,,0.576,,0.6742961,,,0.66,0.499,0.872,0.832,0.753,0.791,0.905,0.001,0.848,0.761,,0.168,0.844,0.455,0.161,0.205,0.141,0.832,0.657,0.81,0.864,0.634,0.287,0.832,0.203,0.91,0.902,0.917,0.905,0.947,0.399,0.899,0.188,0.486,0.757,0.553,0.345,0.069,0.818,0.849,0.694,0.465,0.931,0.778,0.494,0.536,0.907,0.882,0.36,,0.601,0.575,0.811,0.193,0.861,0.842,0.626
