Date,AFG,AGO,ALB,ARE,ARG,ARM,AUS,AUT,AZE,BDI,BEL,BEN,BFA,BGD,BGR,BHR,BIH,BLR,BOL,BRA,BRB,BTN,BWA,CAF,CAN,CHE,CHL,CHN,CIV,CMR,COD,COG,COL,COM,CPV,CRI,CUB,CYP,CZE,DEU,DJI,DNK,DOM,DZA,ECU,EGY,ERI,ESP,EST,ETH,FIN,FJI,FRA,GAB,GBR,GEO,GHA,GIN,GMB,GNB,GNQ,GRC,GTM,GUY,HKG,HND,HRV,HTI,HUN,IDN,IND,IRL,IRN,IRQ,ISL,ISR,ITA,JAM,JOR,JPN,KAZ,KEN,KGZ,KHM,KOR,KWT,LAO,LBN,LBR,LBY,LKA,LSO,LTU,LUX,LVA,MAR,MDA,MDG,MDV,MEX,MKD,MLI,MLT,MMR,MNE,MNG,MOZ,MRT,MUS,MWI,MYS,NAM,NER,NGA,NIC,NLD,NOR,NPL,NZL,OMN,OWID_BAD,OWID_BAV,OWID_GDR,OWID_GFR,OWID_HAN,OWID_HSE,OWID_HSG,OWID_KOS,OWID_MEC,OWID_MOD,OWID_PMA,OWID_RVN,OWID_SAX,OWID_SIC,OWID_SML,OWID_TUS,OWID_WRL,OWID_YAR,OWID_YPR,OWID_ZAN,PAK,PAN,PER,PHL,PNG,POL,PRK,PRT,PRY,PSE,QAT,ROU,RUS,RWA,SAU,SDN,SEN,SGP,SLB,SLE,SLV,SOM,SRB,SSD,STP,SUR,SVK,SVN,SWE,SWZ,SYC,SYR,TCD,TGO,THA,TJK,TKM,TLS,TTO,TUN,TUR,TWN,TZA,UGA,UKR,URY,USA,UZB,VAT,VEN,VNM,VUT,YEM,ZAF,ZMB,ZWE
1789,0.105,,,,0.402,,0.526,0.234,,,0.284,,,0.27,0.183,,0.183,,,0.053,,,,,,,0.071,0.206,,,,,0.251,,,,0.17,,0.234,0.112,,0.589,0.057,,,0.255,,0.067,0.136,0.059,0.386,,0.711,,0.697,,,,,,,0.183,0.193,,,,,0.073,0.299,,0.27,0.697,,0.183,,0.183,,,,0.103,0.136,,,,0.125,0.28,0.167,,,0.098,,,,,0.136,0.071,0.136,,,0.116,0.183,,,0.155,,,,,,,,,,,,0.166,0.088,0.031,,,0.164,0.228,,,0.137,0.036,0.126,,0.274,0.04,0.039,,0.215,0.054,,0.222,0.20868334,,,,,,,,,0.853,0.125,0.058,,,,,0.136,,0.1,,,,,,,,0.183,,,,0.299,,0.386,,,0.183,,,0.167,,,,,0.125,0.183,0.206,,,,,0.813,0.098,0.236,0.022,,,0.074,,,
1790,0.105,,,,0.402,,0.526,0.234,,,0.284,,,0.27,0.183,,0.183,,,0.053,,,,,,,0.08,0.206,,,,,0.251,,,,0.17,,0.234,0.112,,0.589,0.057,,,0.255,,0.067,0.083,0.059,0.386,,0.735,,0.697,,,,,,,0.183,0.193,,,,,0.167,0.299,,0.27,0.697,,0.183,,0.183,,,,0.116,0.083,,,,0.125,0.272,0.167,,,0.098,,,,,0.083,0.063,0.083,,,0.116,0.183,,,0.123,,,,,,,,,,,,0.166,0.088,0.031,,,0.164,0.228,,,0.137,0.036,0.126,,0.274,0.04,0.039,,0.215,0.054,,0.222,0.20933333,,,,,,,,,0.853,0.125,0.058,,,,,0.083,,0.1,,,,,,,,0.183,,,,0.299,,0.386,,,0.183,,,0.167,,,,,0.125,0.183,0.206,,,,,0.813,0.098,0.236,0.022,,,0.074,,,
1791,0.105,,,,0.402,,0.526,0.234,,,0.284,,,0.27,0.183,,0.183,,,0.053,,,,,,,0.072,0.206,,,,,0.251,,,,0.17,,0.234,0.112,,0.589,0.057,,,0.255,,0.067,0.083,0.059,0.386,,0.538,,0.697,,,,,,,0.183,0.193,,,,,0.167,0.299,,0.27,0.697,,0.183,,0.183,,,,0.116,0.083,,,,0.125,0.272,0.167,,,0.098,,,,,0.083,0.063,0.083,,,0.116,0.183,,,0.123,,,,,,,,,,,,0.166,0.088,0.031,,,0.164,0.228,,,0.137,0.036,0.126,,0.274,0.04,0.039,,0.215,0.054,,0.222,0.20591667,,,,,,,,,0.853,0.125,0.058,,,,,0.083,,0.1,,,,,,,,0.183,,,,0.299,,0.386,,,0.183,,,0.167,,,,,0.125,0.183,0.206,,,,,0.813,0.098,0.236,0.022,,,0.074,,,
1792,0.105,,,,0.402,,0.526,0.234,,,0.284,,,0.27,0.183,,0.183,,,0.053,,,,,,,0.072,0.206,,,,,0.251,,,,0.17,,0.234,0.112,,0.589,0.057,,,0.255,,0.067,0.083,0.059,0.386,,0.346,,0.672,,,,,,,0.183,0.193,,,,,0.227,0.299,,0.27,0.672,,0.183,,0.183,,,,0.116,0.083,,,,0.125,0.272,0.167,,,0.098,,,,,0.083,0.063,0.083,,,0.116,0.183,,,0.123,,,,,,,,,,,,0.166,0.088,0.031,,,0.164,0.228,,,0.137,0.036,0.126,,0.274,0.04,0.039,,0.215,0.054,,0.174,0.2025,,,,,,,,,0.853,0.125,0.058,,,,,0.083,,0.1,,,,,,,,0.183,,,,0.299,,0.386,,,0.183,,,0.167,,,,,0.125,0.183,0.206,,,,,0.813,0.098,0.236,0.022,,,0.074,,,
1793,0.105,,,,0.402,,0.526,0.195,,,0.284,,,0.27,0.183,,0.183,,,0.053,,,,,,,0.072,0.206,,,,,0.251,,,,0.17,,0.195,0.112,,0.589,0.057,,,0.255,,0.067,0.083,0.059,0.386,,0.346,,0.672,,,,,,,0.183,0.193,,,,,0.227,0.299,,0.27,0.672,,0.183,,0.183,,,,0.116,0.083,,,,0.125,0.272,0.167,,,0.098,,,,,0.083,0.073,0.083,,,0.116,0.183,,,0.123,,,,,,,,,,,,0.166,0.088,0.031,,,0.164,0.228,,,0.137,0.036,0.126,,0.274,0.04,0.039,,0.215,0.054,,0.118,0.19721666,,,,,,,,,0.621,0.125,0.058,,,,,0.083,,0.1,,,,,,,,0.183,,,,0.299,,0.386,,,0.183,,,0.167,,,,,0.125,0.183,0.206,,,,,0.813,0.098,0.236,0.022,,,0.074,,,
1794,0.105,,,,0.402,,0.526,0.164,,,0.241,,,0.27,0.183,,0.183,,,0.053,,,,,,,0.072,0.206,,,,,0.251,,,,0.17,,0.164,0.112,,0.589,0.057,,,0.255,,0.067,0.083,0.059,0.386,,0.346,,0.672,,,,,,,0.183,0.193,,,,,0.261,0.299,,0.27,0.672,,0.183,,0.183,,,,0.116,0.083,,,,0.125,0.272,0.167,,,0.098,,,,,0.083,0.073,0.083,,,0.116,0.183,,,0.123,,,,,,,,,,,,0.166,0.088,0.031,,,0.164,0.228,,,0.137,0.036,0.126,,0.274,0.04,0.039,,0.215,0.054,,0.118,0.19795,,,,,,,,,0.705,0.125,0.058,,,,,0.083,,0.1,,,,,,,,0.183,,,,0.299,,0.386,,,0.183,,,0.167,,,,,0.125,0.183,0.206,,,,,0.813,0.098,0.236,0.022,,,0.074,,,
1795,0.105,,,,0.402,,0.526,0.164,,,0.216,,,0.27,0.183,,0.183,0.083,,0.053,,,,,,,0.072,0.206,,,,,0.251,,,,0.17,,0.164,0.112,,0.589,0.057,,,0.255,,0.067,0.083,0.059,0.386,,0.435,,0.631,,,,,,,0.183,0.193,,,,,0.269,0.283,,0.27,0.631,,0.183,,0.183,,,,0.116,0.083,,,,0.125,0.272,0.167,,,0.098,,,0.083,,0.083,0.073,0.083,,,0.116,0.183,,,0.123,,,,,,,,,,,,0.267,0.088,0.031,,,0.164,0.228,,,0.137,0.036,0.126,,0.274,0.04,0.039,,0.215,0.054,,0.118,0.193,,,,,,,,,0.292,0.125,0.058,,,,,0.083,,0.1,,,,,,,,0.183,,,,0.283,,0.386,,,0.183,,,0.167,,,,,0.125,0.183,0.206,,,,,0.813,0.098,0.236,0.022,,,0.074,,,
1796,0.105,,,,0.402,,0.526,0.164,,,0.435,,,0.27,0.183,,0.183,0.083,,0.053,,,,,,,0.072,0.206,,,,,0.251,,,,0.17,,0.164,0.112,,0.589,0.057,,,0.255,,0.067,0.083,0.059,0.386,,0.435,,0.631,,,,,,,0.183,0.193,,,,,0.269,0.287,,0.27,0.631,,0.183,,0.183,,,,0.116,0.083,,,,0.125,0.272,0.167,,,0.098,,,0.083,,0.083,0.073,0.083,,,0.116,0.183,,,0.123,,,,,,,,,,,,0.267,0.088,0.031,,,0.164,0.228,,,0.137,0.036,0.126,,0.274,0.04,0.039,,0.215,0.054,,0.118,0.19096552,,,,,,,,,,0.125,0.058,,,,,0.083,,0.1,,,,,,,,0.183,,,,0.287,,0.386,,,0.183,,,0.167,,,,,0.125,0.183,0.206,,,,,0.813,0.098,0.236,0.022,,,0.074,,,
1797,0.105,,,,0.402,,0.526,0.164,,,0.435,,,0.27,0.183,,0.183,0.083,,0.053,,,,,,,0.072,0.206,,,,,0.251,,,,0.17,,0.164,0.112,,0.589,0.057,,,0.255,,0.067,0.083,0.059,0.386,,0.435,,0.631,,,,,,,0.183,0.193,,,,,0.218,0.287,,0.27,0.631,,0.183,,0.183,,,,0.116,0.083,,,,0.125,0.272,0.167,,,0.098,,,0.083,,0.083,0.073,0.083,,,0.116,0.183,,,0.123,,,,,,,,,,,,0.267,0.088,0.031,,,0.164,0.228,,,0.137,0.036,0.126,,0.274,0.141,0.039,,0.215,0.054,,0.118,0.19182758,,,,,,,,,,0.125,0.058,,,,,0.083,,0.1,,,,,,,,0.183,,,,0.287,,0.386,,,0.183,,,0.167,,,,,0.125,0.183,0.206,,,,,0.813,0.098,0.236,0.022,,,0.074,,,
1798,0.105,,,,0.402,,0.526,0.164,,,0.435,,,0.27,0.183,,0.183,0.083,,0.053,,,,,,0.811,0.072,0.206,,,,,0.251,,,,0.17,,0.164,0.112,,0.589,0.057,,,0.255,,0.067,0.083,0.059,0.386,,0.435,,0.631,,,,,,,0.183,0.193,,,,,0.193,0.287,,0.27,0.631,,0.183,,0.183,,,,0.116,0.083,,,,0.125,0.272,0.167,,,0.098,,,0.083,,0.083,0.073,0.083,,,0.116,0.183,,,0.123,,,,,,,,,,,,0.267,0.088,0.031,,,0.164,0.228,,,0.137,0.036,0.126,,0.274,,0.039,,0.215,0.054,,0.118,0.20063794,,,,,,,,,,0.125,0.058,,,,,0.083,,0.1,,,,,,,,0.183,,,,0.287,,0.386,,,0.183,,,0.167,,,,,0.125,0.183,0.206,,,,,0.762,0.098,0.153,0.022,,,0.074,,,
1799,0.105,,,,0.402,,0.526,0.164,,,0.481,,,0.27,0.183,,0.183,0.083,,0.053,,,,,,0.811,0.072,0.206,,,,,0.251,,,,0.17,,0.164,0.112,,0.559,0.057,,,0.255,,0.067,0.083,0.059,0.386,,0.481,,0.631,,,,,,,0.183,0.193,,,,,0.057,0.287,,0.27,0.631,,0.183,,0.183,,,,0.116,0.083,,,,0.125,0.272,0.167,,,0.098,,,0.083,,0.083,0.073,0.083,,,0.116,0.183,,,0.123,,,,,,,,,,,,0.267,0.088,0.031,,,0.164,0.28,,,0.137,0.036,0.126,,0.274,,0.039,,0.215,0.064,,0.382,0.20398276,,,,,,,,,,0.125,0.058,,,,,0.083,,0.1,,,,,,,,0.183,,,,0.287,,0.386,,,0.183,,,0.167,,,,,0.125,0.183,0.206,,,,,0.732,0.098,0.153,0.022,,,0.074,,,
1800,0.105,,,,0.402,,0.526,0.164,,,0.121,,,0.27,0.183,,0.183,0.083,,0.053,,,,,,0.811,0.072,0.206,,,,,0.251,,,,0.17,,0.164,0.112,,0.559,0.057,,,0.255,,0.067,0.083,0.059,0.386,,0.121,,0.631,,,,,,,0.183,0.193,,,,,0.057,0.287,0.092,0.27,0.631,,0.183,,0.183,,,,0.116,0.083,,,,0.125,0.272,0.167,,,0.098,,,0.083,,0.083,0.064,0.083,,,0.116,0.183,,,0.123,,,,,,,,,,,,0.267,0.088,0.031,,,0.164,0.28,,,0.137,0.036,0.126,,0.274,,0.039,,0.215,0.044,,0.166,0.19322033,,,,,,,,,,0.125,0.058,,,,,0.083,,0.1,,,,,,,,0.183,,,,0.287,,0.386,,,0.183,,,0.167,,,,,0.125,0.183,0.206,,,,,0.732,0.098,0.235,0.043,,,0.074,,,
1801,0.105,,,,0.402,,0.526,0.164,,,0.121,,,0.27,0.183,,0.183,0.083,,0.053,,,,,,0.811,0.072,0.206,,,,,0.251,,,,0.17,,0.164,0.112,,0.559,0.057,,,0.255,,0.067,0.083,0.059,0.386,,0.121,,0.631,0.083,,,,,,0.183,0.193,,,,,0.057,0.287,0.092,0.27,0.631,,0.183,,0.183,,,,0.116,0.083,,,,0.125,0.272,0.167,,,0.098,,,0.083,,0.083,0.064,0.083,,,0.116,0.183,,,0.123,,,,,,,,,,,,0.361,0.088,0.031,,,0.164,0.28,,,0.137,0.036,0.126,,0.274,,0.039,,0.215,0.044,,0.166,0.19628814,,,,,,,,,,0.125,0.058,,,,,0.083,,0.1,,,,,,,,0.183,,,,0.287,,0.386,,,0.183,,,0.167,,,,,0.125,0.183,0.206,,,,,0.797,0.098,0.235,0.043,,,0.074,,,
1802,0.105,,,,0.402,,0.526,0.164,,,0.121,,,0.27,0.183,,0.183,0.083,,0.053,,,,,,0.811,0.072,0.206,,,,,0.251,,,,0.17,,0.164,0.112,,0.559,0.057,,,0.255,,0.067,0.083,0.059,0.386,,0.121,,0.631,0.083,,,,,,0.183,0.193,,,,,0.068,0.287,0.092,0.27,0.631,,0.183,,0.183,,,,0.116,0.083,,,,0.125,0.272,0.167,,,0.098,,,0.083,,0.083,0.064,0.083,,,0.116,0.183,,,0.123,,,,,,,,,,,,0.361,0.088,0.031,,,0.164,0.28,,,0.137,0.036,0.126,,0.274,,0.039,0.237,0.215,0.044,,0.166,0.19715,,,,,,,,,,0.125,0.058,,,,,0.083,,0.1,,,,,,,,0.183,,,,0.287,,0.386,,,0.183,,,0.167,,,,,0.125,0.183,0.206,,,,,0.797,0.098,0.235,0.043,,,0.074,,,
1803,0.105,,,,0.402,,0.526,0.164,,,0.121,,,0.27,0.183,,0.183,0.083,,0.053,,,,,,0.811,0.072,0.206,,,,,0.251,,,,0.17,,0.164,0.112,,0.559,0.057,,,0.255,,0.067,0.083,0.059,0.386,,0.121,,0.631,0.083,,,,,,0.183,0.193,,,,,0.068,0.287,0.092,0.27,0.631,,0.183,,0.183,,,,0.116,0.083,,,,0.125,0.272,0.167,,,0.098,,,0.083,,0.083,0.064,0.083,,,0.116,0.183,,,0.123,,,,,,,,,,,,0.361,0.088,0.031,,,0.164,0.28,,,0.084,0.036,0.126,,0.274,,,0.237,0.215,0.044,,0.166,0.19828814,,,,,,,,,,0.125,0.058,,,,,0.083,,0.1,,,,,,,,0.183,,,,0.287,,0.386,,,0.183,,,0.167,,,,,0.125,0.183,0.206,,,,,0.797,0.098,0.235,0.043,,,0.074,,,
1804,0.105,,,,0.402,,0.526,0.164,,,0.121,,,0.27,0.183,,0.183,0.083,,0.053,,,,,,0.811,0.072,0.206,,,,,0.251,,,,0.17,,0.164,0.112,,0.559,0.057,,,0.255,,0.067,0.083,0.059,0.386,,0.121,,0.631,0.083,,,,,,0.183,0.193,,,,,0.111,0.287,0.092,0.27,0.631,,0.183,,0.183,,,,0.116,0.083,,,,0.125,0.272,0.167,,,0.098,,,0.083,,0.083,0.064,0.083,,,0.116,0.183,,,0.123,,,,,,,,,,,,0.361,0.088,0.031,,,0.164,0.28,,,0.084,0.036,0.126,,0.274,,,0.237,0.215,0.044,,0.166,0.19915,,,,,,,,,,0.125,0.058,,,,,0.083,,0.1,,,,,,,,0.223,,,,0.287,0.164,0.386,,,0.183,,,0.167,,,,,0.125,0.183,0.206,,,,,0.797,0.098,0.235,0.043,,,0.074,,,
1805,0.105,,,,0.402,,0.526,0.164,,,0.121,,,0.27,0.183,,0.183,0.083,,0.053,,,,,,0.811,0.072,0.206,,,,,0.251,,,,0.17,,0.164,0.112,,0.559,0.057,,,0.255,,0.067,0.083,0.059,0.386,,0.121,,0.631,0.083,,,,,,0.183,0.193,,,,,0.111,0.287,0.092,0.27,0.631,,0.183,,0.183,,,,0.116,0.083,,,,0.125,0.272,0.167,,,0.098,,,0.083,,0.083,0.064,0.083,,,0.116,0.183,,,0.123,,,,,,,,,,,,0.243,0.088,0.031,,,0.164,0.28,,,0.084,0.036,0.126,,0.274,,,0.237,0.215,0.044,,0.166,0.19551666,,,,,,,,,,0.125,0.058,,,,,0.083,,0.1,,,,,,,,0.223,,,,0.287,0.164,0.386,,,0.183,,,0.167,,,,,0.125,0.183,0.206,,,,,0.797,0.098,0.135,0.043,,,0.074,,,
1806,0.105,,,,0.402,,0.526,0.164,,,0.121,,,0.27,0.183,,0.183,0.083,,0.053,,,,,,0.811,0.072,0.206,,,,,0.251,,,,0.17,,0.164,0.112,,0.559,0.057,,,0.255,,0.067,0.083,0.059,0.386,,0.121,,0.631,0.083,,,,,,0.183,0.193,,,,,0.111,0.287,0.092,0.27,0.631,,0.183,,0.183,,,,0.116,0.083,,,,0.125,0.272,0.167,,,0.098,,,0.083,,0.083,0.064,0.083,,,0.116,0.183,,,0.123,,,,,,,,,,,,0.19,0.088,0.031,,,0.164,0.28,,,0.084,0.04,0.126,,0.274,,,0.237,0.215,0.054,,0.166,0.19319673,,,,,,,,,,0.125,0.058,,,,,0.083,,0.1,,,,,,,,0.223,,,,0.287,0.164,0.386,,,0.183,,,0.167,,,,,0.125,0.183,0.206,,,,,0.797,0.098,0.135,0.043,,,0.074,,,
1807,0.105,,,,0.402,,0.526,0.164,,,0.121,,,0.27,0.183,,0.183,0.083,,0.053,,,,,,0.811,0.072,0.206,,,,,0.251,,,,0.17,,0.164,0.112,,0.559,0.091,,,0.255,,0.067,0.083,0.059,0.386,,0.121,,0.631,0.083,,,,,,0.183,0.193,,,,,0.144,0.287,0.092,0.27,0.631,,0.183,,0.183,,,,0.116,0.083,,,,0.125,0.272,0.167,,,0.098,,,0.083,,0.083,0.064,0.083,,,0.116,0.183,,,0.123,,,,,,,,,,,,0.19,0.088,0.031,,,0.164,0.28,,,0.084,0.032,0.126,,0.274,,,0.237,0.215,0.054,,0.166,0.20169355,,,,,,,,,0.661,0.125,0.058,,,,,0.083,,0.1,,,,,,,,0.223,,,,0.287,0.164,0.386,,,0.183,,,0.167,,,,,0.125,0.183,0.206,,,,,0.797,0.098,0.135,0.043,,,0.074,,,
1808,0.105,,,,0.402,,0.526,0.164,,,0.121,,,0.27,0.174,,0.174,0.083,,0.117,,,,,,0.811,0.072,0.206,,,,,0.251,,,,0.17,,0.164,0.112,,0.559,0.091,,,0.255,,0.181,0.083,0.059,0.386,,0.121,,0.631,0.083,,,,,,0.174,0.193,,,,,0.144,0.287,0.092,0.27,0.631,,0.174,,0.174,,,,0.116,0.083,,,,0.125,0.272,0.167,,,0.098,,,0.083,,0.083,0.064,0.083,,,0.116,0.174,,,0.123,,,,,,,,,,,,0.19,0.088,0.031,,,0.164,0.302,,,0.084,0.053,0.126,,0.274,,,0.237,0.215,0.054,,,0.20580328,,,,,,,,,0.661,0.125,0.058,,,,,0.083,,0.1,,,,,,,,0.223,,,,0.287,0.164,0.386,,,0.174,,,0.167,,,,,0.125,0.174,0.206,,,,,0.797,0.098,0.135,0.046,,,0.074,,,
1809,0.105,,,,0.402,,0.526,0.164,,,0.121,,,0.27,0.158,,0.158,0.083,,0.117,,,,,,0.811,0.072,0.206,,,,,0.251,,,,0.17,,0.164,0.112,,0.559,0.091,,,0.255,,0.257,0.083,0.059,0.518,,0.121,,0.631,0.083,,,,,,0.158,0.193,,,,,0.144,0.287,0.092,0.27,0.631,,0.158,,0.158,,,,0.116,0.083,,,,0.125,0.272,0.167,,,0.098,,,0.083,,0.083,0.064,0.083,,,0.116,0.158,,,0.123,,,,,,,,,,,,0.19,0.088,0.031,,,0.164,0.302,,,0.084,0.053,0.126,,0.274,,,0.237,0.215,0.054,,,0.2144127,,,,,,,,,0.661,0.125,0.058,,,,,0.083,,0.1,,,,,,,,0.223,,,,0.287,0.164,0.547,,,0.158,,,0.167,,,,,0.125,0.158,0.206,,,,,0.797,0.098,0.135,0.046,,,0.074,,,
1810,0.105,,,,0.456,,0.526,0.164,,,0.121,,,0.27,0.158,,0.158,0.083,,0.117,,,,,,0.811,0.185,0.206,,,,,0.355,,,,0.17,,0.164,0.112,,0.559,0.091,,,0.255,,0.257,0.083,0.059,0.518,,0.121,,0.631,0.083,,,,,,0.158,0.177,,,,,0.144,0.287,0.092,0.27,0.631,,0.158,,0.158,,,,0.116,0.083,,,,0.125,0.272,0.167,,,0.098,,,0.083,,0.083,0.064,0.083,,,0.135,0.158,,,0.123,,,,,,,,,,,,0.19,0.088,0.031,,,0.164,0.302,,,0.099,0.053,0.126,,0.274,,,0.206,0.215,0.054,,,0.22972581,,,,,,,,,0.75,0.125,0.058,,,,,0.083,,0.1,,,,,,,,0.223,,,,0.287,0.164,0.604,,,0.158,,,0.167,,,,,0.125,0.158,0.206,,,,,0.797,0.098,,0.442,,,0.074,,,
1811,0.105,,,,0.531,,0.526,0.164,,,0.121,,,0.27,0.158,,0.158,0.083,,0.117,,,,,,0.811,0.185,0.206,,,,,0.355,,,,0.17,,0.164,0.112,,0.559,0.091,,,0.255,,0.257,0.083,0.059,0.518,,0.121,,0.631,0.083,,,,,,0.158,0.146,,,,,0.144,0.287,0.092,0.27,0.631,,0.158,,0.158,,,,0.116,0.083,,,,0.125,0.272,0.167,,,0.098,,,0.083,,0.083,0.064,0.083,,,0.135,0.158,,,0.123,,,,,,,,,,,,0.121,0.088,0.031,,,0.164,0.302,,,,0.053,0.126,,0.274,,,0.206,0.215,0.054,,,0.23048334,,,,,,,,,0.75,0.125,0.058,0.139,,,,0.083,,0.1,,,,,,,,0.223,,,,0.287,0.164,0.604,,,0.158,,,0.167,,,,,0.125,0.158,0.206,,,,,0.797,0.098,,0.442,,,0.074,,,
1812,0.105,,,,0.531,,0.526,0.164,,,0.121,,,0.27,0.158,,0.158,0.083,,0.117,,,,,,0.811,0.206,0.206,,,,,0.355,,,,0.14,,0.164,0.112,,0.559,0.091,,,0.255,,0.257,0.083,0.059,0.518,,0.121,,0.631,0.083,,,,,,0.158,0.146,,,,,0.144,0.287,0.092,0.27,0.631,,0.158,,0.158,,,,0.116,0.083,,,,0.125,0.272,0.167,,,0.098,,,0.083,,0.083,0.064,0.083,,,0.237,0.158,,,0.123,,,,,,,,,,,,0.121,0.088,0.031,,,0.164,0.302,,,,0.053,0.126,,0.274,,,0.206,0.215,0.054,,,0.22883333,,,,,,,,,0.75,0.125,0.058,0.139,,,,0.083,,0.1,,,,,,,,0.223,,,,0.287,0.164,0.604,,,0.158,,,0.167,,,,,0.125,0.158,0.206,,,,,0.797,0.098,,0.25,,,0.074,,,
1813,0.105,,,,0.531,,0.526,0.127,0.083,,0.121,,,0.27,0.158,,0.158,0.083,,0.117,,,,,,0.811,0.206,0.206,,,,,0.355,,,,0.171,,0.127,0.112,,0.559,0.091,,,0.255,,0.257,0.083,0.059,0.518,,0.121,,0.631,0.083,,,,,,0.158,0.146,,,,,0.144,0.287,0.092,0.27,0.631,,0.158,,0.158,,,,0.116,0.083,,,,0.125,0.272,0.167,,,0.098,,,0.083,,0.083,0.064,0.083,,,0.237,0.158,,,0.123,,,,,,,,,,,,0.142,0.088,0.031,,,0.164,0.302,,,0.167,0.053,0.126,,0.274,,,0.206,0.215,0.054,,,0.21798438,,,,,,,,,0.232,0.125,0.058,0.139,,,,0.083,,0.1,,,,,,,,0.223,,,,0.287,0.127,0.604,,,0.158,,,0.167,,,,,0.125,0.158,0.206,,,,,0.797,0.098,,0.063,,,0.074,,,
1814,0.105,,,,0.531,,0.526,0.127,0.083,,0.142,,,0.27,0.158,,0.158,0.083,,0.117,,,,,,0.811,0.139,0.206,,,,,0.355,,,,0.171,,0.127,0.112,,0.559,0.091,,,0.255,,0.171,0.083,0.059,0.518,,0.121,,0.631,0.083,,,,,,0.158,0.146,,,,,0.144,0.287,0.092,0.27,0.631,,0.158,,0.158,,,,0.116,0.083,,,,0.125,0.272,0.167,,,0.098,,,0.083,,0.083,0.064,0.083,,,0.237,0.158,,,0.123,,,,,,,,,,,,0.142,0.114,0.031,,,0.164,0.302,,,0.182,0.056,0.126,,0.274,0.055,0.082,0.206,0.215,0.054,,0.093,0.21559702,,,,,,,,,0.232,0.125,0.058,0.073,,,,0.083,,0.1,,,,,,,,0.158,,,,0.287,0.127,0.604,,,0.158,,,0.167,,,,,0.125,0.158,0.206,,,,,0.797,0.098,0.211,0.057,,,0.074,,,
1815,0.105,,,,0.531,,0.526,0.104,0.083,,0.387,,,0.27,0.158,,0.158,0.083,,0.117,,,,,,0.811,0.106,0.206,,,,,0.308,,,,0.171,,0.104,0.112,,0.559,0.091,,,0.255,,0.048,0.083,0.059,0.518,,0.479,,0.631,0.083,,,,,,0.158,0.146,,,,,0.144,0.287,0.092,0.27,0.631,,0.158,,0.158,0.09,,,0.116,0.083,,,,0.125,0.272,0.167,,,0.098,,,0.083,0.7,0.083,0.064,0.083,,,0.237,0.158,,,0.123,,,,,,,,,,,,0.387,0.211,0.031,,,0.164,0.302,,,0.202,0.056,0.142,,0.274,0.055,0.082,0.206,0.215,0.054,,0.093,0.23766667,,,,,,,,,0.67,0.125,0.058,0.073,,,,0.083,,0.1,,,,,,,,0.196,,,,0.287,0.104,0.604,,,0.158,,,0.167,,,,,0.125,0.158,0.206,,,,,0.797,0.098,0.211,0.057,,,0.074,,,
1816,0.105,,,,0.531,,0.526,0.104,0.083,,0.44,,,0.27,0.158,,0.158,0.083,,0.117,,,,,,0.811,0.106,0.206,,,,,0.278,,,,0.171,,0.104,0.112,,0.559,0.091,,,0.255,,0.048,0.083,0.059,0.518,,0.479,,0.591,0.083,,,,,,0.158,0.146,,,,,0.144,0.287,0.092,0.27,0.591,,0.158,,0.158,0.09,,,0.116,0.083,,,,0.125,0.272,0.167,,,0.098,,,0.083,0.7,0.083,0.064,0.083,,,0.165,0.158,,,0.123,,,,,,,,,,,,0.44,0.253,0.031,,,0.164,0.302,,,0.202,0.056,0.142,,0.274,0.055,0.082,0.206,0.205,0.044,,0.082,0.2369855,,,,,,,,,0.67,0.125,0.058,0.073,,,,0.083,,0.1,,,,,,,,0.196,,,,0.287,0.104,0.604,,,0.158,,,0.167,,,,,0.125,0.158,0.206,,,,,0.797,0.098,0.211,0.057,,,0.074,,,
1817,0.105,,,,0.531,,0.526,0.104,0.083,,0.44,,,0.27,0.158,,0.158,0.083,,0.117,,,,,,0.811,0.124,0.206,,,,,0.278,,,,0.171,,0.104,0.112,,0.559,0.091,,,0.255,,0.048,0.083,0.059,0.518,,0.479,,0.591,0.083,,,,,,0.158,0.146,,,,,0.144,0.287,0.092,0.27,0.591,,0.158,,0.158,0.09,,,0.116,0.083,,,,0.125,0.272,0.167,,,0.098,,,0.083,0.7,0.083,0.064,0.083,0.129,,0.165,0.158,,,0.123,,,,,,,,,,,,0.44,0.253,0.031,,,0.164,0.302,,,0.202,0.056,0.142,,0.274,0.055,0.082,0.206,0.205,0.044,,0.082,0.23460001,,,,,,,,,0.67,0.125,0.058,0.073,,,,0.083,,0.1,,,,,,,,0.196,,,,0.287,0.104,0.604,,,0.158,,,0.167,,,,,0.125,0.158,0.206,,,,,0.797,0.098,0.211,0.057,,,0.074,,,
1818,0.105,,,,0.531,,0.526,0.104,0.083,,0.44,,,0.281,0.158,,0.158,0.083,,0.117,,,,,,0.811,0.165,0.206,,,,,0.278,,,,0.171,,0.104,0.112,,0.559,0.091,,,0.255,,0.048,0.083,0.059,0.518,,0.479,,0.591,0.083,,,,,,0.158,0.146,,,,,0.144,0.287,0.092,0.281,0.591,,0.158,,0.158,0.09,,,0.116,0.083,,,,0.125,0.272,0.167,,,0.098,,,0.083,0.7,0.083,0.064,0.083,0.129,,0.165,0.158,,,0.123,,,,,,,,,,,,0.44,0.253,0.031,,,0.164,0.395,,,0.162,0.056,0.142,,0.274,0.055,0.082,0.206,0.205,0.044,,0.082,0.2351,,,,,,,,,0.67,0.125,0.058,0.073,,,,0.083,,0.1,,,,,,,,0.196,,,,0.287,0.104,0.604,,,0.158,,,0.167,,,,,0.125,0.158,0.206,,,,,0.797,0.098,0.211,0.057,,,0.074,,,
1819,0.105,,,,0.531,,0.526,0.104,0.083,,0.44,,,0.281,0.158,,0.158,0.083,,0.117,,,,,,0.811,0.165,0.206,,,,,0.278,,,,0.171,,0.104,0.112,,0.559,0.091,,,0.255,,0.048,0.083,0.059,0.518,,0.479,,0.526,0.083,,,,,,0.158,0.146,,,,,0.144,0.287,0.092,0.281,0.526,,0.158,,0.158,0.09,,,0.116,0.083,,,,0.125,0.272,0.167,,,0.098,,,0.083,0.7,0.083,0.064,0.083,0.129,,0.165,0.158,,,0.123,,,,,,,,,,,,0.44,0.253,0.031,,,0.431,0.348,,,0.162,0.047,0.142,,0.274,0.055,0.082,0.206,0.205,0.044,,0.082,0.23510145,,,,,,,,,0.637,0.125,0.058,0.073,,,,0.083,,0.158,,,,,,,,0.196,,,,0.287,0.104,0.604,,,0.158,,,0.167,,,,,0.125,0.158,0.206,,,,,0.797,0.098,0.211,0.057,,,0.074,,,
1820,0.105,,,,0.543,,0.526,0.104,0.083,,0.44,,,0.281,0.158,,0.158,0.083,,0.16,,,,,,0.811,0.159,0.206,,,,,0.377,,,,0.171,,0.104,0.112,,0.559,0.091,,,0.255,,0.381,0.083,0.059,0.518,,0.479,,0.569,0.083,,,,,,0.158,0.146,,,,,0.144,0.287,0.092,0.281,0.569,,0.158,,0.158,0.09,,,0.116,0.083,,,,0.125,0.272,0.167,,,0.098,,,0.083,0.7,0.083,0.064,0.083,0.129,,0.305,0.158,,,0.123,,,,,,,,,,,,0.44,0.253,0.031,,,0.431,0.323,,,0.204,0.051,0.191,,0.274,0.055,0.082,0.194,0.205,0.044,,0.082,0.25777942,,,,,,,,,0.637,0.125,0.697,0.073,,,,0.083,,0.158,,,,,,,,0.196,,,,0.287,0.104,0.604,,,0.158,,,0.167,,,,,0.125,0.158,0.206,,,,,0.797,0.098,0.211,,,,0.074,,,
1821,0.105,,,,0.543,,0.526,0.104,0.083,,0.44,,,0.281,0.158,,0.158,0.083,,0.16,,,,,,0.811,0.159,0.206,,,,,0.408,,,,0.171,,0.104,0.112,,0.559,0.149,,,0.255,,0.486,0.083,0.059,0.518,,0.381,,0.569,0.083,,,,,,0.158,0.205,,,,,0.298,0.287,0.092,0.281,0.569,,0.158,,0.158,0.09,,,0.116,0.083,,,,0.125,0.272,0.167,,0.361,0.098,,,0.083,0.7,0.083,0.064,0.083,0.129,,0.512,0.158,,,0.123,,,,,,,,,,,,0.44,0.253,0.031,,,0.431,0.323,,,0.204,0.051,0.191,,0.274,0.055,0.082,0.194,0.205,0.044,,0.165,0.26567143,,,,,,0.348,,,0.397,0.125,0.697,0.073,,,,0.083,,0.158,0.255,,,,,,,0.196,0.255,,,0.287,0.104,0.604,,,0.158,,,0.167,,,,,0.125,0.158,0.206,,,,,0.797,0.098,0.211,,,,0.074,,,
1822,0.105,,,,0.543,,0.526,0.104,0.083,,0.44,,,0.281,0.158,,0.158,0.083,,0.274,,,,,,0.811,0.159,0.206,,,,,0.408,,,,0.171,,0.104,0.112,,0.559,0.089,,,0.255,,0.486,0.083,0.059,0.518,,0.31,,0.569,0.083,,,,,,0.5,,,,,,0.298,0.296,0.092,0.281,0.569,,0.158,,0.158,0.09,,,0.116,0.083,,,,0.125,0.272,0.167,,0.361,0.098,,,0.083,0.7,0.083,0.074,0.083,0.129,,0.525,0.158,,,0.123,,,,,,,,,,,,0.44,0.253,0.031,,,0.431,0.323,,,0.204,0.051,0.191,,0.274,0.055,0.082,0.194,0.205,0.037,,0.19,0.26874647,,,,,,0.597,,,0.231,0.125,0.697,0.073,,,,0.083,,0.073,0.255,,,,,,,0.196,0.255,,,0.296,0.104,0.604,,,0.158,,,0.167,,,,,0.125,0.158,0.206,,,,,0.797,0.098,0.211,,,,0.074,,,
1823,0.105,,,,0.543,,0.714,0.104,0.083,,0.44,,,0.281,0.158,,0.158,0.083,,0.679,,,,,,0.811,0.385,0.206,,,,,0.408,,,,0.171,,0.104,0.112,,0.559,,,,0.255,,0.486,0.083,0.059,0.518,,0.31,,0.569,0.083,,,,,,0.5,0.369,,,,,0.298,0.296,0.092,0.281,0.569,,0.158,,0.158,0.09,,,0.116,0.083,,,,0.125,0.272,0.167,,0.361,0.098,,,0.083,0.7,0.083,0.074,0.083,0.129,,0.525,0.158,,,0.123,,,,,,,,,,,,0.44,0.253,0.031,,,0.431,0.323,,,0.204,0.051,0.191,,0.274,0.055,0.082,0.194,0.205,0.037,,0.19,0.28167605,,,,,,0.597,,,0.231,0.125,0.576,0.073,,,,0.083,,0.073,0.255,,,,,,,0.196,0.255,,,0.296,0.104,0.604,,,0.158,,,0.167,,,,,0.125,0.158,0.206,,,,,0.797,0.098,0.211,,,,0.074,,,
1824,0.105,,,,0.543,,0.879,0.104,0.083,,0.44,,,0.281,0.158,,0.158,0.083,,0.679,,,,,,0.811,0.407,0.206,,,,,0.408,,,,0.171,,0.104,0.112,,0.559,,,,0.255,,0.078,0.083,0.059,0.518,,0.31,,0.57,0.083,,,,,,0.5,0.369,,,,,0.298,0.296,0.092,0.281,0.57,,0.158,,0.158,0.09,,,0.116,0.083,,,,0.125,0.272,0.167,,0.361,0.098,,,0.083,0.7,0.083,0.074,0.083,0.129,,0.518,0.158,,,0.123,,,,,,,,,,,,0.44,0.253,0.031,,,0.431,0.323,,,0.204,0.051,0.191,,0.274,0.055,0.082,0.194,0.205,0.037,,0.19,0.27492958,,,,,,0.456,,,0.231,0.125,0.458,0.073,,,,0.083,,0.073,0.255,,,,,,,0.196,0.255,,,0.296,0.104,0.604,,,0.158,,,0.167,,,,,0.125,0.158,0.206,,,,,0.797,0.098,0.211,,,,0.074,,,
1825,0.105,,,,0.543,,0.879,0.104,0.083,,0.44,,,0.281,0.158,,0.158,0.083,0.357,0.707,,,,,,0.811,0.423,0.206,,,,,0.408,,,,0.171,,0.104,0.112,,0.559,,,,0.255,,0.078,0.083,0.059,0.518,,0.31,,0.691,0.083,,,,,,0.5,0.369,,,,,0.298,0.296,0.092,0.281,0.691,,0.158,,0.158,0.09,,,0.116,0.083,,,,0.125,0.272,0.167,,0.361,0.098,,,0.083,0.7,0.083,0.074,0.083,0.129,,0.518,0.158,,,0.123,,,,,,,,,,,,0.44,0.253,0.031,,,0.431,0.355,,,0.204,0.051,0.191,,0.274,0.055,0.082,0.194,0.205,0.037,,0.19,0.28786302,,,,,,0.526,,,0.231,0.125,0.458,0.073,,,,0.083,,0.073,0.255,,,,,,,0.196,0.255,,,0.296,0.104,0.604,,,0.158,,,0.167,,,,,0.125,0.158,0.206,,,,0.837,0.797,0.098,0.192,,,,0.074,,,
1826,0.105,,,,0.543,,0.879,0.104,0.067,,0.44,,,0.281,0.158,,0.158,0.067,0.357,0.707,,,,,,0.811,0.423,0.206,,,,,0.408,,,,0.171,,0.104,0.112,,0.559,,,,0.255,,0.078,0.067,0.059,0.518,,0.31,,0.736,0.067,,,,,,0.5,0.369,,,,,0.298,0.296,0.092,0.281,0.736,,0.158,,0.158,0.09,,,0.116,0.067,,,,0.125,0.272,0.167,,0.361,0.098,,,0.067,0.7,0.067,0.074,0.067,0.129,,0.518,0.158,,,0.123,,,,,,,,,,,,0.44,0.253,0.031,,,0.431,0.355,,,0.204,0.051,0.191,,0.274,0.055,0.082,0.194,0.205,0.044,,0.19,0.28563014,,,,,,0.526,,,0.231,0.125,0.259,0.073,,,,0.067,,0.073,0.255,,,,,,,0.196,0.255,,,0.296,0.104,0.604,,,0.158,,,0.167,,,,,0.125,0.158,0.206,,,,0.837,0.797,0.098,0.192,,,,0.074,,,
1827,0.105,,,,0.543,,0.879,0.104,0.067,,0.44,,,0.281,0.158,,0.158,0.067,0.357,0.707,,,,,,0.811,0.423,0.206,,,,,0.408,,,,0.171,,0.104,0.112,,0.559,,,,0.255,,0.078,0.067,0.059,0.518,,0.31,,0.736,0.067,,,,,,0.5,0.369,,,,,0.298,0.296,0.092,0.281,0.736,,0.158,,0.158,0.09,,,0.116,0.067,,,,0.125,0.272,0.167,,0.361,0.098,,,0.067,0.7,0.067,0.074,0.067,0.129,,0.518,0.158,,,0.123,,,,,,,,,,,,0.44,0.253,0.031,,,0.431,0.355,,,0.204,0.051,0.191,,0.274,0.055,0.082,0.194,0.205,0.044,,0.19,0.28782192,,,,,,0.74,,,0.231,0.125,0.205,0.073,,,,0.067,,0.073,0.255,,,,,,,0.196,0.255,,,0.296,0.104,0.604,,,0.158,,,0.167,,,,,0.125,0.158,0.206,,,,0.837,0.797,0.098,0.192,,,,0.074,,,
1828,0.105,,,,0.543,,0.879,0.104,0.067,,0.44,,,0.281,0.158,,0.158,0.067,0.357,0.707,,,,,,0.811,0.423,0.206,,,,,0.331,,,,0.171,,0.104,0.112,,0.559,,,,0.255,,0.078,0.067,0.059,0.518,,0.31,,0.736,0.067,,,,,,0.5,0.369,,,,,0.298,0.296,0.092,0.281,0.736,,0.158,,0.158,0.09,,,0.116,0.067,,,,0.125,0.272,0.167,,0.361,0.098,,,0.067,0.7,0.067,0.074,0.067,0.097,,0.518,0.158,,,0.123,,,,,,,,,,,,0.44,0.179,0.031,,,0.431,0.355,,,0.204,0.051,0.191,,0.274,0.055,0.082,0.194,0.205,0.044,,0.19,0.28352055,,,,,,0.74,,,0.231,0.125,0.046,0.073,,,,0.067,,0.073,0.255,,,,,,,0.196,0.255,,,0.296,0.104,0.604,,,0.158,,,0.167,,,,,0.125,0.158,0.206,,,,0.837,0.825,0.098,0.192,,,,0.074,,,
1829,0.105,,,,0.52,,0.879,0.104,0.067,,0.44,,,0.281,0.158,,0.158,0.067,0.393,0.707,,,,,,0.811,0.423,0.206,,,,,0.289,,,,0.171,,0.104,0.112,,0.559,,,,0.255,,0.078,0.067,0.059,0.518,,0.31,,0.705,0.067,,,,,,0.5,0.369,,,,,0.298,0.296,0.092,0.281,0.705,,0.158,,0.158,0.09,,,0.116,0.067,,,,0.125,0.272,0.167,,0.361,0.098,,,0.067,0.7,0.067,0.074,0.067,0.049,,0.518,0.158,,,0.123,,,,,,,,,,,,0.44,0.179,0.031,,,0.431,0.355,,,0.204,0.051,0.191,,0.274,0.055,0.082,0.194,0.205,0.044,,0.19,0.28189042,,,,,,0.74,,,0.231,0.125,0.046,0.073,,,,0.067,,0.073,0.255,,,,,,,0.196,0.255,,,0.296,0.104,0.604,,,0.158,,,0.167,,,,,0.125,0.158,0.206,,,,0.837,0.825,0.098,0.192,,,,0.074,,,
1830,0.105,,,,0.334,,0.879,0.104,0.067,,0.609,,,0.281,0.158,,0.158,0.067,0.473,0.707,,,,,,0.811,0.189,0.206,,,,,0.357,,,,0.171,,0.104,0.112,,0.559,,,0.337,0.255,,0.078,0.067,0.059,0.518,,0.469,,0.705,0.067,,,,,,0.5,0.369,,,,,0.298,0.296,0.092,0.281,0.705,,0.158,,0.158,0.09,,,0.116,0.067,,,,0.125,0.272,0.181,,0.361,0.098,,,0.067,0.7,0.067,0.074,0.067,0.049,,0.518,0.158,,,0.123,,,,,,,,,,,,0.44,0.179,0.031,,,0.472,0.355,,,0.204,0.116,0.253,,0.274,0.055,0.082,0.174,0.187,0.044,,0.19,0.29738158,,,,,,0.647,,,0.454,0.125,0.046,0.073,,,,0.067,,0.073,0.255,,,,,,,0.196,0.255,,,0.296,0.104,0.604,,,0.158,,,0.181,,,,,0.125,0.158,0.206,,,,0.837,0.825,0.098,0.192,0.768,,,0.074,,,
1831,0.105,,,,0.334,,0.879,0.104,0.067,,0.651,,,0.281,0.158,,0.158,0.067,0.473,0.707,,,,,,0.84,0.189,0.206,,,,,0.357,,,,0.171,,0.104,0.112,,0.559,,,0.337,0.255,,0.078,0.067,0.059,0.518,,0.469,,0.705,0.067,,,,,,0.529,0.369,,,,,0.298,0.296,0.092,0.281,0.705,,0.158,,0.158,0.09,,,0.116,0.067,,,,0.125,0.272,0.181,,0.361,0.098,,,0.067,0.7,0.067,0.074,0.067,0.049,,0.518,0.158,,,0.123,,,,,,,,,,,,0.499,0.179,0.031,,,0.603,0.325,,,0.204,0.179,0.253,,0.274,0.055,0.123,0.174,0.187,0.044,,0.19,0.3082857,,,,,,0.647,,,0.824,0.125,0.046,0.073,,,0.181,0.067,,0.073,0.255,,,,,,,0.196,0.255,,,0.296,0.104,0.604,,,0.255,,,0.181,,,,,0.125,0.158,0.206,,,,0.837,0.825,0.098,0.125,0.768,,,0.074,,,
1832,0.105,,,,0.334,,0.879,0.104,0.067,,0.651,,,0.281,0.158,,0.158,0.067,0.473,0.707,,,,,,0.84,0.171,0.206,,,,,0.493,,,,0.171,,0.104,0.112,,0.559,,,0.337,0.255,,0.078,0.067,0.059,0.518,,0.469,,0.705,0.067,,,,,,0.529,0.369,,,,,0.298,0.296,0.092,0.281,0.705,,0.158,,0.158,0.11,,,0.116,0.067,,,,0.125,0.272,0.181,,0.361,0.098,,,0.067,0.7,0.067,0.074,0.067,0.049,,0.518,0.158,,,0.123,,,,,,,,,,,,0.499,0.179,0.031,,,0.603,0.325,,,0.204,0.151,0.253,,0.274,0.055,0.083,0.174,0.187,0.044,,0.19,0.29658443,,,,,,0.647,,,0.05,0.125,0.046,0.073,,,0.181,0.067,,0.073,0.255,,,,,,,0.196,0.255,,,0.296,0.104,0.604,,,0.255,,,0.181,,,,,0.125,0.158,0.206,,,,0.837,0.825,0.098,0.086,0.768,,,0.074,,,
1833,0.105,,,,0.334,,0.879,0.104,0.067,,0.651,,,0.281,0.158,,0.158,0.067,0.473,0.707,,,,,,0.84,0.171,0.206,,,,,0.493,,,,0.171,,0.104,0.112,,0.559,,,0.312,0.255,,0.08,0.067,0.059,0.518,,0.469,,0.705,0.067,,,,,,0.529,0.369,,,,,0.298,0.296,0.092,0.281,0.705,,0.158,,0.158,0.11,,,0.116,0.067,,,,0.125,0.272,0.181,,0.361,0.098,,,0.067,0.7,0.067,0.074,0.067,0.049,,0.518,0.158,,,0.123,,,,,,,,,,,,0.499,0.179,0.031,,,0.603,0.308,,,0.153,0.151,0.253,,0.274,0.055,0.083,0.174,0.187,0.044,,0.166,0.29505193,,,,,,0.685,,,0.05,0.125,0.046,0.073,,,0.181,0.067,,0.073,0.255,,,,,,,0.196,0.255,,,0.296,0.104,0.604,,,0.255,,,0.181,,,,,0.125,0.158,0.206,,,,0.837,0.825,0.098,0.086,0.768,,,0.074,,,
1834,0.105,,,,0.334,,0.879,0.104,0.067,,0.651,,,0.281,0.158,,0.158,0.067,0.473,0.707,,,,,,0.84,0.153,0.206,,,,,0.493,,,,0.171,,0.104,0.112,,0.559,,,0.312,0.255,,0.215,0.067,0.059,0.518,,0.469,,0.705,0.067,,,,,,0.529,0.369,,,,,0.298,0.296,0.092,0.281,0.705,,0.158,,0.158,0.11,,,0.116,0.067,,,,0.125,0.272,0.181,,0.361,0.101,,,0.067,0.7,0.067,0.074,0.067,0.049,,0.518,0.158,,,0.123,,,,,,,,,,,,0.499,0.179,0.031,,,0.603,0.291,,,0.153,0.106,0.253,,0.274,0.055,0.083,0.174,0.187,0.044,,0.109,0.2961169,,,,,,0.707,,,0.05,0.125,0.092,0.073,,,0.181,0.067,,0.073,0.255,,,,,,,0.225,0.255,,,0.296,0.104,0.604,,,0.255,,,0.181,,,,,0.125,0.158,0.206,,,,0.837,0.825,0.098,0.086,0.768,,,0.074,,,
1835,0.105,,,,0.334,,0.879,0.104,0.067,,0.651,,,0.281,0.158,,0.158,0.067,0.473,0.707,,,,,,0.84,0.153,0.206,,,,,0.493,,,,0.171,,0.104,0.112,,0.59,,,0.32,0.255,,0.215,0.067,0.059,0.518,,0.469,,0.705,0.067,,,,,,0.529,0.369,,,,,0.298,0.296,0.092,0.281,0.705,,0.158,,0.158,0.11,,,0.116,0.067,,,,0.125,0.272,0.181,,0.361,,,,0.067,0.7,0.067,0.074,0.067,0.049,,0.518,0.158,,,0.123,,,,,,,,,,,,0.499,0.179,0.031,,,0.603,0.291,,,0.153,0.106,0.253,,0.274,0.055,0.083,0.174,0.187,0.044,,0.109,0.30213156,,,,,,0.707,,,0.05,0.125,0.392,0.073,,,0.181,0.067,,0.073,0.255,,,,,,,0.216,0.255,,,0.296,0.104,0.604,,,0.255,,,0.181,,,,,0.125,0.158,0.206,,,,0.837,0.802,0.098,0.086,0.768,,,0.074,,,
1836,0.105,,,,0.334,,0.879,0.104,0.067,,0.651,,,0.281,0.158,,0.158,0.067,0.473,0.707,,,,,,0.84,0.153,0.206,,,,,0.517,,,,0.171,,0.104,0.112,,0.59,,,0.32,0.255,,0.326,0.067,0.059,0.518,,0.469,,0.705,0.067,,,,,,0.529,0.369,,,,,0.298,0.296,0.092,0.281,0.705,,0.158,,0.158,0.11,,,0.116,0.067,,,,0.125,0.272,0.181,,0.361,,,,0.067,0.7,0.067,0.074,0.067,0.049,,0.518,0.158,,,0.123,,,,,,,,,,,,0.499,0.179,0.031,,,0.603,0.291,,,0.153,0.106,0.253,,0.274,0.055,0.083,0.174,0.187,0.044,,0.109,0.3035,,,,,,0.649,,,0.05,0.125,0.392,0.073,,,0.181,0.067,,0.073,0.255,,,,,,,0.233,0.255,,,0.296,0.104,0.604,,,0.255,,,0.181,,,,,0.125,0.158,0.206,,,,0.837,0.802,0.098,0.096,0.768,,,0.074,,,
1837,0.105,,,,0.334,,0.879,0.104,0.067,,0.651,,,0.281,0.158,,0.158,0.067,0.473,0.707,,,,,,0.84,0.153,0.206,,,,,0.517,,,,0.171,,0.104,0.112,,0.59,,,0.32,0.255,,0.355,0.067,0.059,0.518,,0.469,,0.705,0.067,,,,,,0.529,0.369,,,,,0.298,0.296,0.092,0.281,0.705,0.097,0.158,,0.158,0.11,,,0.116,0.067,,,,0.125,0.272,0.181,,0.361,,,,0.067,0.7,0.067,0.074,0.067,0.049,,0.518,0.158,,,0.146,,,,,,,,,,,,0.499,0.179,0.031,,,0.603,0.291,,,0.153,0.106,0.253,,0.274,0.055,0.083,0.174,0.187,0.044,,0.109,0.30012986,,,,,,0.494,,,0.05,0.125,0.392,0.073,,,0.181,0.067,,0.073,0.255,,,,,,,0.233,0.255,,,0.296,0.104,0.604,,,0.255,,,0.181,,,,,0.125,0.158,0.206,,,,0.876,0.802,0.098,0.096,0.768,,,0.074,,,
1838,0.105,,,,0.334,,0.879,0.104,0.067,,0.651,,,0.322,0.158,,0.158,0.067,0.473,0.707,,,,,,0.84,0.161,0.206,,,,,0.517,,,0.712,0.171,,0.104,0.112,,0.59,,,0.32,0.255,,0.362,0.067,0.059,0.518,,0.469,,0.705,0.067,,,,,,0.529,0.256,,,0.188,,0.298,0.296,0.092,0.322,0.705,0.097,0.158,,0.158,0.11,,,0.116,0.067,,,,0.125,0.272,0.181,,0.361,,,,0.067,0.7,0.067,0.074,0.067,0.049,,0.518,0.158,,,0.146,,,,,,,,,,,0.048,0.499,0.196,0.031,,,0.603,0.291,,,0.153,0.106,0.253,,0.274,0.055,0.083,0.174,0.187,0.044,,0.109,0.29891357,,,,,,0.494,,,0.05,0.125,0.392,0.073,,,0.181,0.067,,0.073,0.255,,,,,0.194,,0.233,0.255,,,0.296,0.104,0.604,,,0.255,,,0.181,,,,,0.125,0.158,0.206,,,,0.876,0.802,0.098,0.096,0.768,,,0.074,,,
1839,0.105,,,,0.334,,0.879,0.104,0.067,,0.651,,,0.322,0.169,,0.169,0.067,0.473,0.707,,,,,,0.84,0.174,0.206,,,,,0.517,,,0.712,0.171,,0.104,0.112,,0.59,,,0.32,0.255,,0.362,0.067,0.059,0.518,,0.469,,0.736,0.067,,,,,,0.529,0.228,,,0.184,,0.298,0.296,0.092,0.322,0.736,0.097,0.169,,0.169,0.11,,,0.116,0.067,,,,0.125,0.272,0.181,,0.361,,,,0.067,0.7,0.067,0.074,0.067,0.049,,0.518,0.169,,,0.146,,,,,,,,,,,0.048,0.499,0.196,0.031,,,0.603,0.291,,,0.153,0.106,0.253,,0.274,0.055,0.083,0.174,0.187,0.044,,0.109,0.29879013,,,,0.322,,0.494,,,0.05,0.125,0.392,0.073,,,0.181,0.067,,0.073,0.255,,,,,0.194,,0.233,0.255,,,0.296,0.104,0.604,,,0.255,,,0.181,,,,,0.125,0.169,0.206,,,,0.876,0.802,0.098,0.096,0.768,,,0.074,,,
1840,0.105,,,,0.334,,0.879,0.104,0.067,,0.813,,,0.322,0.152,,0.152,0.067,0.51,0.707,,,,,,0.84,0.283,0.206,,,,,0.493,,,0.712,0.171,,0.104,0.112,,0.59,,,0.32,0.255,,0.362,0.067,0.059,0.518,,0.469,,0.793,0.067,,,,,,0.529,0.228,,,0.184,,0.298,0.372,0.092,0.322,0.793,0.097,0.152,,0.152,0.11,,,0.116,0.067,,,,0.125,0.272,0.181,,0.361,,,,0.067,0.7,0.067,0.074,0.067,0.049,,0.518,0.152,,,0.146,,,,,,,,,,,0.048,0.499,0.229,0.031,,,0.569,0.291,,,0.153,0.106,0.253,,0.274,0.055,0.083,0.174,0.187,0.044,,0.109,0.30880246,,,,0.322,,0.667,,,0.05,0.125,0.392,0.073,,,0.181,0.067,,0.073,0.255,,,,,0.194,,0.261,0.255,,,0.372,0.104,0.836,,,0.152,,,0.181,,,,,0.125,0.152,0.206,,,,0.818,0.802,0.098,0.096,0.66,,,0.074,,,
1841,0.105,,,,0.334,,0.879,0.104,0.067,,0.813,,,0.322,0.152,,0.152,0.067,0.51,0.707,,,,,0.834,0.84,0.283,0.206,,,,,0.493,,,0.712,0.171,,0.104,0.112,,0.59,,,0.251,0.255,,0.362,0.067,0.059,0.518,,0.469,,0.793,0.067,,,,,,0.529,0.228,,,0.184,,0.298,0.39,0.092,0.322,0.793,0.097,0.152,,0.152,0.11,,,0.116,0.067,,,,0.125,0.272,0.181,,0.361,,,,0.067,0.7,0.067,0.074,0.067,0.049,,0.518,0.152,,,0.146,,,,,,,,,,,0.048,0.499,0.229,0.031,,,0.569,0.291,,,0.153,0.106,0.253,,0.274,0.055,0.083,0.174,0.187,0.044,,0.109,0.31413415,,,,0.322,,0.667,,,0.05,0.125,0.392,0.101,,,0.181,0.067,,0.073,0.255,,,,,0.194,,0.261,0.255,,,0.39,0.104,0.836,,,0.152,,,0.181,,,,,0.125,0.152,0.206,,,,0.818,0.802,0.098,0.096,0.639,,,0.074,,,
1842,0.105,,,,0.334,,0.879,0.104,0.067,,0.813,,,0.322,0.152,,0.152,0.067,0.51,0.707,,,,,0.834,0.84,0.299,0.206,,,,,0.493,,,0.702,0.171,,0.104,0.112,,0.59,,,0.251,0.255,,0.362,0.067,0.059,0.518,,0.469,,0.793,0.067,,,,,,0.529,0.228,,,0.184,,0.298,0.39,0.092,0.322,0.793,0.097,0.152,,0.152,0.11,,,0.116,0.067,,,,0.125,0.272,0.181,,0.361,,,,0.067,0.7,0.067,0.074,0.067,0.049,,0.518,0.152,,,0.146,,,,,,,,,,,0.048,0.499,0.229,0.031,,,0.569,0.291,,,0.153,0.106,0.253,,0.274,0.055,0.083,0.174,0.187,0.044,,0.109,0.31441462,,,,0.322,,0.667,,,0.05,0.125,0.392,0.101,,,0.181,0.067,,0.073,0.255,,,,,0.194,,0.261,0.255,,,0.39,0.104,0.836,,,0.152,,,0.181,,,,,0.125,0.152,0.206,,,,0.818,0.802,0.098,0.096,0.639,,,0.074,,,
1843,0.105,,,,0.334,,0.879,0.104,0.067,,0.813,,,0.322,0.152,,0.152,0.067,0.51,0.707,,,,,0.834,0.84,0.299,0.206,,,,,0.513,,,0.712,0.171,,0.104,0.112,,0.59,,,0.251,0.255,,0.362,0.067,0.059,0.518,,0.469,,0.793,0.067,,,,,,0.529,0.228,,,0.184,,0.298,0.39,0.092,0.322,0.793,0.097,0.152,,0.152,0.11,,,0.116,0.067,,,,0.125,0.272,0.181,,0.361,,,,0.067,0.7,0.067,0.074,0.067,0.049,,0.518,0.152,,,0.146,,,,,,,,,,,0.048,0.499,0.38,0.031,,,0.569,0.291,,,0.153,0.106,0.253,,0.274,0.055,0.083,0.174,0.187,0.044,,0.109,0.31681708,,,,0.322,,0.667,,,0.05,0.125,0.392,0.101,,,0.181,0.067,,0.073,0.255,,,,,0.194,,0.261,0.255,,,0.39,0.104,0.836,,,0.152,,,0.181,,,,,0.125,0.152,0.206,,,,0.818,0.802,0.098,0.112,0.639,,,0.074,,,
1844,0.105,,,,0.334,,0.879,0.104,0.067,,0.813,,,0.322,0.152,,0.152,0.067,0.51,0.707,,,,,0.834,0.84,0.266,0.206,,,,,0.513,,,0.712,0.124,,0.104,0.112,,0.59,0.306,,0.251,0.255,,0.362,0.067,0.059,0.518,,0.469,,0.793,0.067,,,,,,0.529,0.129,,,0.184,,0.298,0.39,0.092,0.322,0.793,0.097,0.152,,0.152,0.11,,,0.116,0.067,,,,0.125,0.272,0.181,,0.361,,,,0.067,0.7,0.067,0.074,0.067,0.049,,0.518,0.152,,,0.146,,,,,,,,,,,0.048,0.499,0.38,0.031,,,0.604,0.291,,,0.153,0.106,0.253,,0.274,0.055,0.083,0.174,0.187,0.044,,0.109,0.3146988,,,,0.322,,0.667,,,0.05,0.125,0.392,0.101,,,0.181,0.067,,0.073,0.255,,,,,0.194,,0.261,0.255,,,0.39,0.104,0.836,,,0.152,,,0.181,,,,,0.125,0.152,0.206,,,,0.818,0.802,0.098,0.091,0.639,,,0.074,,,
1845,0.105,,,,0.334,,0.879,0.104,0.067,,0.813,,,0.322,0.152,,0.152,0.067,0.51,0.707,,,,,0.834,0.84,0.246,0.206,,,,,0.513,,,0.712,0.17,,0.104,0.112,,0.59,0.259,,0.402,0.255,,0.362,0.067,0.059,0.518,,0.469,,0.793,0.067,,,,,,0.529,0.129,,,0.184,,0.298,0.39,0.092,0.322,0.793,0.097,0.152,,0.152,0.11,,,0.116,0.067,,,,0.125,0.272,0.181,,0.361,,,,0.067,0.7,0.067,0.074,0.067,0.049,,0.518,0.152,,,0.146,,,,,,,,,,,0.04,0.499,0.38,0.031,,,0.604,0.291,,,0.153,0.106,0.253,,0.274,0.055,0.083,0.174,0.187,0.044,,0.109,0.31668675,,,,0.322,,0.734,,,0.05,0.125,0.392,0.101,,,0.181,0.067,,0.073,0.255,,,,,0.194,,0.261,0.255,,,0.39,0.104,0.855,,,0.152,,,0.181,,,,,0.125,0.152,0.206,,,,0.818,0.802,0.098,0.091,0.639,,,0.074,,,
1846,0.105,,,,0.334,,0.879,0.104,0.067,,0.813,,,0.322,0.152,,0.152,0.067,0.51,0.707,,,,,0.834,0.84,0.258,0.206,,,,,0.513,,,0.712,0.17,,0.104,0.112,,0.59,0.259,,0.483,0.255,,0.362,0.067,0.059,0.518,,0.469,,0.793,0.067,,,,,,0.529,0.129,,,0.184,,0.298,0.39,0.092,0.322,0.793,0.097,0.152,,0.152,0.11,,,0.116,0.067,,,,0.125,0.272,0.181,,0.361,,,,0.067,0.7,0.067,0.074,0.067,0.049,,0.518,0.152,,,0.146,,,,,,,,,,,0.048,0.499,0.38,0.023,,,0.604,0.291,,,0.153,0.106,0.253,,0.274,0.055,0.083,0.174,0.187,0.044,,0.319,0.32098794,,,,0.322,,0.734,,,0.05,0.125,0.392,0.101,,,0.181,0.067,,0.073,0.255,,,,,0.194,,0.261,0.255,,,0.39,0.104,0.855,,,0.152,,,0.181,,,,,0.125,0.152,0.206,,,,0.818,0.802,0.098,0.145,0.639,,,0.074,,,
1847,0.105,,,,0.334,,0.879,0.104,0.067,,0.851,,,0.322,0.152,,0.152,0.067,0.51,0.707,,,,,0.834,0.84,0.275,0.206,,,,,0.513,,,0.712,0.17,,0.104,0.134,,0.59,0.259,,0.483,0.255,,0.362,0.067,0.059,0.518,,0.469,,0.793,0.067,,,,,,0.529,0.129,,,0.184,,0.249,0.39,0.092,0.322,0.793,0.097,0.152,,0.152,0.11,,,0.116,0.067,,,,0.125,0.272,0.181,,0.361,,,,0.067,0.7,0.067,0.074,0.067,0.049,,0.518,0.152,,,0.146,,,,,,,,,,,0.048,0.499,0.38,0.023,,,0.604,0.291,,,0.153,0.106,0.253,,0.274,0.055,0.083,0.174,0.187,0.044,,0.464,0.32444578,,,,0.322,,0.734,,,0.05,0.125,0.392,0.101,,,0.181,0.067,,0.073,0.255,,,,,0.194,,0.261,0.255,,,0.39,0.104,0.855,,,0.152,,,0.181,,,,,0.125,0.152,0.206,,,,0.818,0.802,0.098,0.321,0.577,,,0.074,,,
1848,0.105,,,,0.334,,0.879,0.66,0.067,,0.851,,,0.322,0.152,,0.152,0.067,0.51,0.707,,,,,0.834,0.84,0.274,0.206,,,,,0.513,,,0.712,0.17,,0.66,0.533,,0.877,0.259,,0.483,0.255,,0.332,0.067,0.059,0.518,,0.847,,0.793,0.067,,,,,,0.529,0.129,,,0.184,,0.155,0.818,0.092,0.322,0.793,0.088,0.152,,0.152,0.384,,,0.116,0.067,,,,0.125,0.272,0.181,,0.535,,,,0.067,0.7,0.067,0.074,0.067,0.049,,0.518,0.152,,,0.146,,,,,,,,,,,0.048,0.663,0.38,0.023,,,0.753,0.326,,,0.185,0.357,0.441,,0.771,0.055,0.124,0.174,0.543,0.038,,0.642,0.39083132,,,,0.322,,0.734,,,0.05,0.125,0.392,0.101,,,0.181,0.067,,0.073,0.255,,,,,0.194,,0.261,0.255,,,0.818,0.66,0.855,,,0.152,,,0.181,,,,,0.125,0.152,0.206,,,,0.818,0.802,0.098,0.45,0.338,,,0.074,,,
1849,0.105,,,,0.334,,0.879,0.23,0.067,,0.851,,,0.322,0.152,,0.152,0.067,0.459,0.707,,,,,0.834,0.913,0.287,0.206,,,,,0.613,,,0.712,0.17,,0.23,0.466,,0.932,0.259,,0.483,0.255,,0.332,0.067,0.059,0.518,,0.847,,0.793,0.067,,,,,,0.529,0.129,,,0.184,,0.155,0.812,0.092,0.322,0.793,0.088,0.152,,0.152,0.523,,,0.116,0.067,,,,0.125,0.272,0.181,,0.535,,,,0.067,0.743,0.067,0.074,0.067,0.049,,0.518,0.152,,,0.146,,,,,,,,,,,0.048,0.778,0.38,0.023,,,0.65,0.342,,,0.284,0.382,0.753,,0.815,0.055,0.056,0.174,0.543,0.038,,0.537,0.39113253,,,,0.322,,0.734,,,0.05,0.125,0.392,0.101,,,0.181,0.067,,0.073,0.255,,,,,0.194,,0.261,0.255,,,0.812,0.23,0.855,,,0.152,,,0.181,,,,,0.125,0.152,0.206,,,,0.818,0.802,0.098,0.481,0.268,,,0.074,,,
1850,0.105,,,,0.334,,0.879,0.109,0.067,,0.851,,,0.322,0.152,,0.152,0.067,0.459,0.707,,,,,0.834,0.913,0.298,0.205,,,,,0.613,,,0.712,0.17,,0.109,0.395,,0.932,0.259,,0.433,0.255,,0.332,0.067,0.059,0.518,,0.847,,0.808,0.067,,,,,,0.529,0.129,,,0.184,,0.155,0.244,0.092,0.322,0.808,0.088,0.152,,0.152,0.56,,,0.139,0.067,,,,0.125,0.272,0.181,,0.535,,,,0.067,0.743,0.067,0.074,0.067,0.049,,0.371,0.152,,,0.146,,,,,,,,,,,0.048,0.778,0.38,0.023,,,0.502,0.342,,,0.311,0.118,0.351,,0.418,0.055,0.056,0.174,0.187,0.038,,0.121,0.34691566,,,,0.322,,0.734,,,0.05,0.125,0.392,0.101,,,0.181,0.067,,0.073,0.255,,,,,0.194,,0.261,0.255,,,0.244,0.109,0.855,,,0.152,,,0.181,,,,,0.125,0.152,0.205,,,,0.818,0.802,0.098,0.145,0.277,,,0.074,,,
1851,0.105,,,,0.334,,0.879,0.109,0.067,,0.851,,,0.322,0.152,,0.152,0.067,0.459,0.707,,,,,0.834,0.913,0.283,0.171,,,,,0.646,,,0.712,0.17,,0.109,0.395,,0.932,0.259,,0.433,0.255,,0.332,0.067,0.059,0.518,,0.319,,0.823,0.067,,,,,,0.529,0.129,,,0.184,,0.155,0.244,0.092,0.322,0.823,0.088,0.152,,0.152,0.56,,,0.139,0.067,,,,0.125,0.272,0.181,,0.535,,,,0.067,0.743,0.067,0.074,0.067,0.049,,0.371,0.152,,,0.146,,,,,,,,,,,0.039,0.778,0.38,0.023,,,0.502,0.317,,,0.311,0.071,0.351,,0.106,0.055,0.056,0.174,0.228,0.038,,0.121,0.33586586,,,,0.322,,0.734,,,0.05,0.125,0.437,0.101,,,0.181,0.067,,0.073,0.255,,,,,0.194,,0.261,0.255,,,0.244,0.109,0.855,,,0.152,,,0.181,,,,,0.125,0.152,0.171,,,,0.841,0.802,0.098,0.139,0.277,,,0.152,,,
1852,0.105,,,,0.334,,0.879,0.109,0.067,,0.851,,,0.322,0.152,,0.152,0.067,0.459,0.707,,,,,0.834,0.913,0.221,0.171,,,,,0.646,,,0.712,0.17,,0.109,0.395,,0.932,0.259,,0.433,0.255,,0.332,0.067,0.059,0.518,,0.238,,0.823,0.067,,,,,,0.529,0.129,,,0.184,,0.155,0.244,0.092,0.322,0.823,0.088,0.152,,0.152,0.56,,,0.139,0.067,,,,0.125,0.272,0.181,,0.535,,,,0.067,0.743,0.067,0.074,0.067,0.049,,0.371,0.152,,,0.146,,,,,,,,,,,0.048,0.778,0.718,0.023,,,0.502,0.271,,,0.311,0.062,0.351,,0.106,0.055,0.056,0.174,0.228,0.038,,0.121,0.3364756,,,,0.322,,0.734,,,0.05,0.125,0.447,0.101,,,0.181,0.067,,0.073,0.255,,,,,0.194,,0.261,0.255,,,0.244,0.109,0.855,,,0.152,,,0.181,,,,,0.125,0.152,0.171,,,,0.762,0.802,0.098,0.139,0.277,,,0.152,,,
1853,0.105,,,,0.57,,0.879,0.109,0.067,,0.851,,,0.322,0.152,,0.152,0.067,0.459,0.707,,,,,0.834,0.913,0.221,0.171,,,,,0.646,,,0.712,0.17,,0.109,0.395,,0.903,0.259,,0.433,0.255,,0.332,0.067,0.059,0.518,,0.238,,0.823,0.067,,,,,,0.529,0.129,,,0.184,,0.155,0.244,0.092,0.322,0.823,0.088,0.152,,0.152,0.56,,,0.139,0.067,,,,0.125,0.272,0.181,,0.535,,,,0.067,0.743,0.067,0.074,0.067,0.049,,0.371,0.152,,,0.146,,,,,,,,,,,0.048,0.778,0.718,0.023,0.875,,0.502,0.271,,,0.311,0.062,0.351,,0.106,0.055,0.056,0.174,0.228,0.038,,0.103,0.34553012,,,,0.322,,0.734,,,0.05,0.125,0.447,0.101,,,0.181,0.067,,0.073,0.255,,,,,0.194,,0.261,0.255,,,0.244,0.109,0.855,,,0.152,,,0.181,,,,,0.125,0.152,0.171,,,,0.762,0.802,0.098,0.139,0.277,,,0.152,,,
1854,0.105,,,,0.57,,0.879,0.109,0.067,,0.851,,,0.322,0.152,,0.152,0.067,0.459,0.707,,,,,0.834,0.913,0.221,0.171,,,,,0.646,,,0.712,0.17,,0.109,0.395,,0.897,0.259,,0.433,0.255,,0.379,0.067,0.059,0.518,,0.238,,0.823,0.067,,,,,,0.529,0.129,,,0.184,,0.155,0.244,0.092,0.322,0.823,0.088,0.152,,0.152,0.56,,,0.139,0.067,,,,0.125,0.272,0.181,,0.535,,,,0.067,0.743,0.067,0.074,0.067,0.049,,0.542,0.152,,,0.146,,,,,,,,,,,0.039,0.778,0.718,0.023,0.875,,0.502,0.271,,,0.311,0.062,0.318,,0.106,0.055,0.056,0.174,0.228,0.038,,0.103,0.34656626,,,,0.322,,0.663,,,0.05,0.125,0.447,0.101,,,0.181,0.067,,0.073,0.255,,,,,0.194,,0.261,0.255,,,0.244,0.109,0.855,,,0.152,,,0.181,,,,,0.125,0.152,0.171,,,,0.727,0.802,0.098,0.139,0.277,,,0.152,,,
1855,0.105,,,,0.57,,0.879,0.109,0.112,,0.851,,,0.322,0.152,,0.152,0.112,0.429,0.707,,,,,0.834,0.913,0.221,0.171,,,,,0.61,,,0.712,0.17,,0.109,0.395,,0.932,0.259,,0.433,0.255,,0.443,0.112,0.059,0.518,,0.238,,0.823,0.112,,,,,,0.529,0.129,,,0.184,,0.155,0.244,0.092,0.322,0.823,0.088,0.152,,0.152,0.56,,,0.139,0.112,,,,0.125,0.272,0.181,,0.535,,,,0.112,0.743,0.112,0.074,0.112,0.049,,0.542,0.152,,,0.146,,,,,,,,,,,0.039,0.778,0.718,0.023,0.875,,0.502,0.271,,,0.311,0.062,0.318,,0.106,0.055,0.056,0.174,0.228,0.038,,0.103,0.34933734,,,,0.322,,0.733,,,0.05,0.125,0.447,0.101,,,0.181,0.112,,0.073,0.255,,,,,0.194,,0.261,0.255,,,0.244,0.109,0.855,,,0.152,,,0.181,,,,,0.125,0.152,0.171,,,,0.727,0.802,0.098,0.139,0.277,,,0.152,,,
1856,0.105,,,,0.57,,0.906,0.109,0.136,,0.851,,,0.322,0.152,,0.152,0.136,0.395,0.707,,,,,0.834,0.913,0.221,0.171,,,,,0.61,,,0.712,0.17,,0.109,0.395,,0.932,0.259,,0.433,0.255,,0.443,0.136,0.059,0.518,,0.238,,0.823,0.136,,,,,,0.529,0.129,,,0.184,,0.155,0.244,0.092,0.322,0.823,0.088,0.152,,0.152,0.56,,,0.139,0.136,,,,0.125,0.272,0.181,,0.535,,,,0.136,0.743,0.136,0.074,0.136,0.049,,0.542,0.152,,,0.146,,,,,,,,,,,0.039,0.778,0.718,0.023,0.875,,0.502,0.271,,,0.311,0.062,0.318,,0.106,0.055,0.056,0.174,0.228,0.038,,0.103,0.34641665,,,0.044,0.322,,0.733,,,0.094,0.125,0.447,0.101,,,0.181,0.136,,0.073,0.255,,,,,0.194,,0.261,0.255,,,0.244,0.109,0.855,,,0.152,,,0.181,,,,,0.125,0.152,0.171,,,,0.727,0.802,0.098,0.139,0.277,,,0.152,,,
1857,0.105,,,,0.57,,0.906,0.109,0.136,,0.851,,,0.322,0.152,,0.152,0.136,0.355,0.707,,,,,0.834,0.913,0.221,0.171,,,,,0.61,,,0.712,0.17,,0.109,0.395,,0.932,0.259,,0.433,0.255,,0.356,0.136,0.059,0.518,,0.238,,0.823,0.136,,,,,,0.529,0.129,,,0.184,,0.155,0.244,0.092,0.322,0.823,0.088,0.152,,0.152,0.56,,,0.139,0.136,,,,0.125,0.272,0.181,,0.535,,,,0.136,0.743,0.136,0.074,0.136,0.049,,0.542,0.152,,,0.146,,,,,,,,,,,0.039,0.778,0.718,0.023,0.875,,0.502,0.271,,,0.311,0.062,0.318,,0.106,0.055,0.082,0.174,0.228,0.038,,0.103,0.3474881,,,0.044,0.322,,0.703,,,0.094,0.125,0.447,0.101,,,0.181,0.136,,0.073,0.255,,,,,0.194,,0.261,0.255,,,0.244,0.109,0.855,,,0.152,,,0.181,,,,,0.142,0.152,0.171,,,,0.76,0.802,0.098,0.139,0.277,,,0.152,,,
1858,0.105,,,,0.57,,0.906,0.109,0.136,,0.851,,,0.295,0.152,,0.152,0.136,0.152,0.707,,,,,0.834,0.913,0.254,0.171,,,,,0.61,,,0.712,0.17,,0.109,0.395,,0.932,0.259,,0.433,0.255,,0.373,0.136,0.059,0.518,,0.238,,0.823,0.136,,,,,,0.529,0.129,,,0.184,,0.155,0.255,0.092,0.295,0.823,0.088,0.152,,0.152,0.56,,,0.139,0.136,,,,0.125,0.272,0.181,,0.535,,,,0.136,0.743,0.136,0.074,0.136,0.049,,0.473,0.152,,,0.146,,,,,,,,,,,0.039,0.778,0.718,0.023,0.875,,0.502,0.271,,,0.311,0.062,0.318,,0.106,0.055,0.082,0.174,0.228,0.038,,0.141,0.34855953,,,0.044,0.295,,0.703,,,0.094,0.125,0.447,0.101,,,0.225,0.136,,0.073,0.255,,,,,0.194,,0.26,0.255,,,0.255,0.109,0.855,,,0.152,,,0.181,,,,,0.142,0.152,0.171,,,,0.833,0.802,0.098,0.139,0.332,,,0.152,,,
1859,0.105,,,,0.57,,0.906,0.109,0.136,,0.851,,,0.295,0.152,,0.152,0.136,0.148,0.707,,,,,0.834,0.913,0.274,0.171,,,,,0.61,,,0.712,0.17,,0.109,0.395,,0.932,0.259,,0.414,0.255,,0.39,0.136,0.059,0.518,,0.238,,0.823,0.136,,,,,,0.529,0.129,,,0.184,,0.155,0.255,0.092,0.295,0.823,0.088,0.152,,0.152,0.56,,,0.139,0.136,,,,0.125,0.272,0.181,,0.535,,,,0.136,0.743,0.136,0.074,0.136,0.049,,0.473,0.152,,,0.146,,,,,,,,,,,0.068,0.778,0.718,0.023,0.875,,0.502,0.271,,,0.311,0.062,0.318,,0.165,0.061,0.082,0.174,0.228,0.038,,0.537,0.35717857,,,0.044,0.295,,0.703,,,0.094,0.125,0.447,0.101,,,0.313,0.136,,0.073,0.255,,,,,0.194,,0.26,0.255,,,0.255,0.109,0.855,,,0.152,,,0.181,,,,,0.142,0.152,0.171,,,,0.801,0.802,0.098,0.139,0.369,,,0.152,,,
1860,0.105,,,,0.588,,0.906,0.132,0.136,,0.851,,,0.295,0.217,,0.217,0.136,0.148,0.707,,,,,0.834,0.913,0.403,0.171,,,,,0.61,,,0.712,0.17,,0.132,0.395,,0.932,0.235,,0.226,0.255,,0.39,0.136,0.059,0.518,,0.238,,0.823,0.136,,,,,,0.529,0.129,,,0.184,,0.338,0.255,0.092,0.295,0.823,0.088,0.217,,0.217,0.56,,,0.139,0.136,,,,0.125,0.272,0.181,,0.535,,,,0.136,0.743,0.136,0.074,0.136,0.049,,0.473,0.217,,,0.146,,,,,,,,,,,0.269,0.778,0.75,0.023,0.875,,0.604,0.342,,,0.311,0.142,0.34,,0.223,,,0.174,0.228,0.038,,0.537,0.3807805,,,0.039,0.295,,0.737,,,0.094,0.125,0.447,0.101,,,0.56,0.136,,0.073,0.255,,,,,0.194,,0.259,0.255,,,0.255,0.132,0.855,,,0.217,,,0.181,,,,,0.142,0.217,0.171,,,,0.877,0.802,0.098,0.139,0.184,,,0.217,,,
1861,0.105,,,,0.635,,0.906,0.132,0.136,,0.851,,,0.295,0.217,,0.217,0.136,0.232,0.707,,,,,0.834,0.913,0.479,0.171,,,,,0.61,,,0.712,0.17,,0.132,0.484,,0.932,0.07,,0.217,0.255,,0.39,0.136,0.059,0.518,,0.318,,0.823,0.136,,,,,,0.529,0.129,,,0.184,,0.338,0.268,0.092,0.295,0.823,0.088,0.217,,0.217,0.56,,,0.139,0.136,,,,0.125,0.272,0.181,,0.535,,,,0.136,0.743,0.136,0.074,0.136,0.312,,0.473,0.217,,,0.146,,,,,,,,,,,0.269,0.778,0.75,0.023,0.898,,0.604,0.342,,,0.311,0.142,0.367,,0.271,,,0.174,0.228,,,0.537,0.39281482,,,0.039,0.295,,0.737,,,0.094,0.125,0.447,0.101,,,0.56,0.136,,0.073,0.255,,,,,0.194,,0.259,0.255,,,0.268,0.132,0.855,,,0.217,,,0.181,,,,,0.142,0.217,0.171,,,,0.877,0.826,0.098,0.139,0.184,,,0.217,,,
1862,0.105,,,,0.657,,0.906,0.132,0.136,,0.851,,,0.295,0.217,,0.217,0.136,0.57,0.707,,,,,0.834,0.913,0.515,0.171,,,,,0.61,,,0.712,0.17,,0.132,0.484,,0.932,0.07,,0.217,0.255,,0.39,0.136,0.059,0.518,,0.358,,0.823,0.136,,,,,,0.529,0.129,,,0.184,,0.338,0.268,0.092,0.295,0.823,0.088,0.217,,0.217,0.549,,,0.139,0.136,,,,0.125,0.272,0.181,,0.535,,,,0.136,0.743,0.136,0.074,0.136,0.322,,0.473,0.217,,,0.175,,,,,,,,,,,0.269,0.778,0.75,0.023,0.906,,0.604,0.342,,,0.311,0.249,0.367,,0.271,,,0.174,0.228,,,,0.39845,,,0.039,0.295,,0.737,,,0.094,0.125,0.447,0.101,,,0.56,0.136,,0.073,0.255,,,,,0.194,,0.259,0.255,,,0.268,0.132,0.855,,,0.217,,,0.181,,,,,0.142,0.217,0.171,,,,0.877,0.845,0.098,0.139,0.184,,,0.217,,,
1863,0.105,,,,0.736,,0.906,0.132,0.136,,0.851,,,0.295,0.217,,0.217,0.136,0.57,0.707,,,,,0.834,0.913,0.515,0.228,,,,,0.65,,,0.712,0.17,,0.132,0.484,,0.932,0.07,,0.217,0.255,,0.39,0.136,0.059,0.518,,0.358,,0.823,0.136,,,,,,0.594,0.129,,,0.184,,0.338,0.268,0.092,0.295,0.823,0.088,0.217,,0.217,0.549,,,0.139,0.136,,,,0.125,0.272,0.181,,0.535,,,,0.136,0.743,0.136,0.074,0.136,0.322,,0.473,0.217,,,0.175,,,,,,,,,,,0.269,0.778,0.75,0.023,0.906,,0.604,0.384,,,0.311,0.249,0.367,,0.271,,,0.174,0.228,,,,0.4029125,,,0.039,0.295,,0.737,,,0.044,0.125,0.447,0.101,,,0.56,0.136,,0.073,0.255,,,,,0.194,,0.259,0.255,,,0.268,0.132,0.855,,,0.217,,,0.181,,,,,0.142,0.217,0.228,,,,0.877,0.845,0.098,0.139,0.4,,,0.217,,,
1864,0.105,,,,0.736,,0.906,0.132,0.136,,0.851,,,0.295,0.217,,0.217,0.136,0.398,0.707,,,,,0.834,0.913,0.515,0.228,,,,,0.65,,,0.712,0.17,,0.132,0.484,,0.932,0.07,,0.217,0.255,,0.39,0.136,0.059,0.518,,0.358,,0.823,0.136,,,,,,0.617,0.129,,,0.184,,0.338,0.268,0.092,0.295,0.823,0.088,0.217,,0.217,0.549,,,0.139,0.136,,,,0.125,0.272,0.181,,0.535,,,,0.136,0.743,0.136,0.074,0.136,0.172,,0.473,0.217,,,0.175,,,,,,,,,,,0.269,0.778,0.75,0.023,0.906,,0.604,0.337,,,0.311,0.249,0.367,,0.271,,,0.174,0.228,,,,0.3972875,,,0.039,0.295,,0.737,,,0.044,0.125,0.447,0.057,,,0.56,0.136,,0.073,0.255,,,,,0.194,,0.259,0.255,,,0.268,0.132,0.855,,,0.217,,,0.181,,,,,0.127,0.217,0.228,,,,0.877,0.845,0.098,0.139,0.421,,,0.217,,,
1865,0.105,,,,0.736,,0.906,0.132,0.2,,0.851,,,0.295,0.194,,0.194,0.2,0.174,0.707,,,,,0.834,0.913,0.515,0.257,,,,,0.65,,,0.712,0.17,,0.132,0.484,,0.932,0.141,,0.217,0.255,,0.39,0.2,0.059,0.518,,0.358,,0.823,0.2,,,,,,0.617,0.129,,,0.184,,0.338,0.32,0.092,0.295,0.823,0.088,0.194,,0.194,0.549,,,0.139,0.2,,,,0.125,0.272,0.181,,0.535,,,,0.2,0.743,0.2,0.074,0.2,0.172,,0.473,0.194,,,0.175,0.183,,,,,,,,,,0.269,0.778,0.75,0.023,0.906,,0.604,0.337,,,0.311,0.249,0.367,,0.271,,,0.174,0.228,,,,0.39639506,,,0.039,0.295,,0.708,,,0.044,0.125,0.447,0.057,,,0.56,0.2,,0.073,0.255,,,,,0.194,,0.259,0.255,,,0.32,0.132,0.855,,,0.194,,,0.181,,,,,0.127,0.194,0.257,,,,0.85,0.845,0.098,0.139,0.444,,,0.194,,,
1866,0.105,,,,0.736,,0.906,0.132,0.2,,0.851,,,0.295,0.194,,0.194,0.2,0.174,0.707,,,,,0.834,0.913,0.524,0.257,,,,,0.65,,,0.712,0.17,,0.132,0.484,,0.932,0.456,,0.306,0.255,,0.39,0.2,0.059,0.518,,0.358,,0.823,0.2,,,,,,0.617,0.129,,,0.184,,0.338,0.32,0.092,0.295,0.823,0.088,0.194,,0.194,0.549,,,0.139,0.2,,,,0.125,0.272,0.181,,0.535,,,,0.2,0.743,0.2,0.074,0.2,0.172,,0.473,0.194,,,0.175,0.183,,,,,,,,,,0.269,0.778,0.75,0.023,0.906,,0.604,0.337,,,0.413,0.249,0.367,,0.271,,,0.174,0.228,,,,0.40207407,,,0.039,0.295,,0.638,,,0.044,0.125,0.447,0.057,,,0.56,0.2,,0.073,0.255,,,,,0.194,,0.259,0.255,,,0.32,0.132,0.855,,,0.194,,,0.181,,,,,0.127,0.194,0.257,,,,0.85,0.845,0.098,0.139,0.444,,,0.194,,,
1867,0.105,,,,0.736,,0.906,0.417,0.2,,0.851,,,0.295,0.206,,0.206,0.2,0.174,0.707,,,,,0.834,0.913,0.524,0.257,,,,,0.65,,,0.712,0.17,,0.417,0.506,,0.932,0.456,,0.306,0.255,,0.355,0.2,0.059,0.518,,0.358,,0.823,0.2,,,,,,0.617,0.129,,,0.184,,0.338,0.55,0.092,0.295,0.823,0.088,0.206,,0.206,0.549,,,0.139,0.2,,,,0.125,0.272,0.181,,0.535,,,,0.2,0.743,0.2,0.074,0.2,0.172,,0.458,0.206,,,0.175,0.183,,,,,,,,,,0.269,0.778,0.75,0.023,0.906,,0.604,0.337,,,,,0.367,,0.503,,,0.174,0.228,,,,0.41383544,,,0.039,0.295,,0.705,,,0.044,0.125,0.447,0.057,,,0.608,0.2,,0.073,0.255,,0.409,,,0.194,,0.259,0.255,,,0.55,0.417,0.855,,,0.206,,,0.181,,,,,0.127,0.206,0.257,,,,0.85,0.845,0.098,0.139,0.444,,,0.206,,,
1868,0.105,,,,0.736,,0.906,0.437,0.2,,0.851,,,0.295,0.206,,0.206,0.2,0.174,0.707,,,,,0.834,0.913,0.524,0.257,,,,,0.65,,,0.712,0.16,,0.437,0.506,,0.932,0.456,,0.306,0.255,,0.396,0.2,0.059,0.518,,0.358,,0.823,0.2,,,,,,0.617,0.129,,,0.184,,0.338,0.559,0.092,0.295,0.823,0.088,0.206,,0.206,0.549,,,0.151,0.2,,,,0.125,0.272,0.181,,0.535,,,,0.2,0.743,0.2,0.074,0.2,0.172,,0.527,0.206,,,0.175,0.183,,,,,,,,,,0.269,0.778,0.75,0.023,0.906,,0.604,0.337,,,,,0.367,,,,,0.174,,,,,0.41291666,,,0.039,0.295,,0.666,,,,0.125,0.447,0.057,,,0.608,0.2,,0.073,0.255,,0.409,,,0.194,,0.259,0.255,,,0.559,0.437,0.855,,,0.206,,,0.181,0.2,,,,0.127,0.206,0.257,,,,0.877,0.845,0.098,0.139,0.393,,,0.206,,,
1869,0.105,,,,0.736,,0.906,0.437,0.2,,0.851,,,0.295,0.206,,0.206,0.2,0.174,0.707,,,,,0.834,0.913,0.524,0.257,,,,,0.65,,,0.712,0.16,,0.437,0.506,,0.932,0.456,,0.212,0.255,,0.621,0.2,0.059,0.518,,0.358,,0.823,0.2,,,,,,0.617,0.129,,,0.184,,0.338,0.559,0.092,0.295,0.823,0.088,0.206,,0.206,0.549,,,0.223,0.2,,,,0.125,0.272,0.181,,0.535,,,,0.2,0.743,0.2,0.074,0.2,0.159,,0.527,0.206,,,0.175,0.183,,,,,,,,,,0.269,0.778,0.75,0.023,0.906,,0.604,0.337,,,,,0.367,,,,,0.174,,,,,0.415125,,,0.039,0.295,,0.732,,,,0.125,0.447,0.057,,,0.608,0.2,,0.073,0.255,,0.409,,,0.194,,0.27,0.255,,,0.559,0.437,0.855,,,0.206,,,0.181,0.2,,,,0.127,0.206,0.257,,,,0.877,0.845,0.098,0.139,0.285,,,0.206,,,
1870,0.105,,,,0.736,,0.906,0.547,0.2,,0.851,,,0.295,0.206,,0.206,0.2,0.443,0.707,,,,,0.834,0.913,0.543,0.257,,,,,0.65,,,0.712,0.16,,0.547,0.527,,0.932,0.456,,0.212,0.255,,0.621,0.2,0.059,0.518,,0.546,,0.834,0.2,,,,,,0.617,0.144,,,0.184,,0.338,0.559,0.092,0.295,0.834,0.088,0.206,,0.206,0.549,,,0.407,0.2,,,,0.125,0.272,0.181,,0.566,,,,0.2,0.743,0.2,0.074,0.2,0.159,,0.527,0.206,,,0.175,0.183,,,,,,,,,,0.269,0.778,0.777,0.023,0.906,,0.604,0.39,,,,,0.389,,,,,0.174,,,,,0.42972222,,,0.039,0.295,,0.732,,,,0.125,0.447,0.138,,,0.679,0.2,,0.073,0.255,,0.409,,,0.194,,0.27,0.255,,,0.559,0.547,0.855,,,0.206,,,0.181,0.2,,,,0.111,0.206,0.257,,,,0.877,0.845,0.098,0.139,0.25,,,0.206,,,
1871,0.105,,,,0.736,,0.906,0.547,0.2,,0.851,,,0.295,0.206,,0.206,0.2,0.443,0.707,,,,,0.834,0.913,0.543,0.257,,,,,0.65,,,0.712,0.16,,0.547,0.548,,0.835,0.456,,0.212,0.255,,0.621,0.2,0.059,0.518,,0.575,,0.834,0.2,,,,,,0.617,0.131,,,0.184,,0.338,0.559,0.092,0.295,0.834,0.088,0.206,,0.206,0.566,,,0.407,0.2,,,,0.125,0.272,0.181,,0.566,,,,0.2,0.743,0.2,0.074,0.2,0.159,,0.527,0.206,,,0.175,0.183,,,,,,,,,,0.269,0.778,0.777,0.023,0.906,,0.521,0.305,,,,,0.389,,,,,0.174,,,,,0.43383098,,,0.039,0.295,,0.732,,,,0.125,0.447,0.35,,,0.679,0.2,,0.073,0.255,,0.409,,,0.194,,0.27,0.255,,,0.559,0.547,0.855,,,0.206,,,0.181,0.2,,,,0.111,0.206,0.257,,,,0.877,0.845,0.098,,0.25,,,0.206,,,
1872,0.105,,,,0.736,,0.906,0.547,0.2,,0.851,,,0.295,0.206,,0.206,0.2,0.443,0.707,,,,,0.834,0.913,0.616,0.257,,,,,0.65,,,0.712,0.16,,0.547,0.548,,0.835,0.456,,0.212,0.255,,0.621,0.2,0.059,0.518,,0.663,,0.834,0.2,,,,,,0.617,0.131,,,0.184,,0.338,0.559,0.092,0.295,0.834,0.088,0.206,,0.206,0.566,,,0.407,0.2,,,,0.125,0.272,0.181,,0.566,,,,0.2,0.743,0.2,0.074,0.2,0.159,,0.527,0.206,,,0.175,0.183,,,,,,,,,,0.269,0.778,0.777,0.023,0.906,,,,,,,,,,,,,0.174,,,,,0.43704477,,,0.039,0.295,,0.732,,,,0.125,0.447,0.35,,,0.679,0.2,,0.073,0.255,,0.409,,,0.194,,0.27,0.255,,,0.559,0.547,0.855,,,0.206,,,0.181,0.2,,,,0.111,0.206,0.257,,,,0.877,0.845,0.098,,0.25,,,0.206,,,
1873,0.105,,,,0.736,,0.906,0.547,0.168,,0.851,,,0.295,0.206,,0.206,0.168,0.443,0.707,,,,,0.834,0.913,0.616,0.257,,,,,0.65,,,0.712,0.16,,0.547,0.548,,0.936,0.456,,0.212,0.255,,0.621,0.168,0.059,0.518,,0.663,,0.859,0.168,,,,,,0.617,0.131,,,0.184,,0.338,0.559,0.092,0.295,0.859,0.088,0.206,,0.206,0.566,,,0.407,0.168,,,,0.125,0.272,0.181,,0.566,,,,0.168,0.743,0.168,0.074,0.168,0.159,,0.527,0.206,,,0.361,0.183,,,,,,,,,,0.269,0.778,0.777,0.023,0.906,,,,,,,,,,,,,0.174,,,,,0.44144776,,,0.039,0.295,,0.732,,,,0.125,0.447,0.35,,,0.679,0.168,,0.073,0.255,,0.409,,,0.194,,0.27,0.255,,,0.559,0.547,0.855,,,0.206,,,0.181,0.168,,,,0.126,0.206,0.257,,,,0.877,0.845,0.098,,0.25,,,0.206,,,
1874,0.105,,,,0.791,,0.906,0.547,0.168,,0.851,,,0.295,0.206,,0.206,0.168,0.443,0.707,,,,,0.834,0.913,0.682,0.257,,,,,0.65,,,0.712,0.16,,0.547,0.548,,0.936,0.456,,0.212,0.255,,0.582,0.168,0.059,0.518,,0.716,,0.859,0.168,,,,,,0.617,0.131,,,0.184,,0.338,0.559,0.092,0.295,0.859,0.088,0.206,,0.206,0.566,,,0.407,0.168,,,,0.125,0.272,0.181,,0.566,,,,0.168,0.743,0.168,0.074,0.168,0.159,,0.527,0.206,,,0.361,0.183,,,,,,,,,,0.269,0.778,0.777,0.023,0.906,,,,,,,,,,,,,0.174,,,,,0.4434627,,,0.039,0.295,,0.732,,,,0.125,0.447,0.35,,,0.679,0.168,,0.073,0.255,,0.409,,,0.194,,0.27,0.255,,,0.559,0.547,0.855,,,0.206,,,0.181,0.168,,,,0.126,0.206,0.257,,,,0.877,0.845,0.098,,0.25,,,0.206,,,
1875,0.105,,,,0.791,,0.906,0.517,0.168,,0.851,,,0.295,0.206,,0.206,0.168,0.443,0.707,,,,,0.834,0.913,0.68,0.257,,,,,0.65,,,0.712,0.16,,0.517,0.548,,0.936,0.456,,0.232,0.255,,0.4,0.168,0.059,0.518,,0.716,,0.859,0.168,,,,,,0.617,0.131,,,0.184,,0.338,0.559,0.092,0.295,0.859,0.088,0.206,,0.206,0.566,,,0.407,0.168,,,,0.125,0.272,0.181,,0.566,,,,0.168,0.743,0.168,0.074,0.168,0.159,,0.527,0.206,,,0.361,0.183,,,,,,,,,,0.269,0.778,0.777,0.023,0.906,,,,,,,,,,,,,0.174,,,,,0.44002986,,,0.039,0.295,,0.732,,,,0.125,0.447,0.314,,,0.679,0.168,,0.073,0.255,,0.409,,,0.194,,0.27,0.255,,,0.559,0.517,0.855,,,0.206,,,0.181,0.168,,,,0.126,0.206,0.257,,,,0.877,0.845,0.098,,0.25,,,0.206,,,
1876,0.105,,,,0.791,,0.906,0.517,0.168,,0.851,,,0.319,0.388,,0.388,0.168,0.443,0.707,,,,,0.834,0.913,0.68,0.257,,,,,0.65,,,0.712,0.16,,0.517,0.548,,0.936,0.456,,0.33,0.255,,0.4,0.168,0.059,0.518,,0.716,,0.859,0.168,,,,,,0.617,0.131,,,0.184,,0.338,0.559,0.092,0.319,0.859,0.088,0.388,,0.388,0.566,,,0.407,0.168,,0.168,,0.125,0.272,0.181,,0.566,,,,0.168,0.743,0.168,0.074,0.168,0.159,,0.349,0.388,,,0.361,0.183,,,,,,,,,,0.269,0.778,0.777,0.023,0.906,,,,,,,,,,,,,0.174,,,,,0.4409254,,,0.039,0.319,,0.732,,,,0.125,0.447,0.332,,,0.679,0.168,,0.073,0.255,,0.409,,,0.194,,0.27,0.255,,,0.559,0.517,0.855,,,0.388,,,0.181,0.168,,,,0.126,0.388,0.257,,,,0.793,0.845,0.098,,0.25,,,0.388,,,
1877,0.105,,,,0.791,,0.906,0.517,0.168,,0.851,,,0.301,0.126,,0.126,0.168,0.443,0.707,,,,,0.834,0.913,0.68,0.257,,,,,0.65,,,0.712,0.16,,0.517,0.548,,0.936,0.519,,0.33,0.255,,0.4,0.168,0.059,0.518,,0.716,,0.859,0.168,,,,,,0.617,0.131,,,0.184,,0.338,0.559,0.092,0.301,0.859,0.088,0.126,,0.126,0.566,,,0.407,0.168,,0.168,,0.125,0.272,0.181,,0.566,,,,0.168,0.743,0.168,0.074,0.168,0.159,,0.244,0.126,,,0.361,0.183,,,,,,,,,,0.269,0.778,0.777,0.023,0.906,,,,,,,,,,,,,0.174,,,,,0.435,,,0.039,0.301,,0.712,,,,0.125,0.447,0.332,,,0.679,0.168,,0.073,0.255,,0.409,,,0.194,,0.27,0.255,,,0.559,0.517,0.855,,,0.126,,,0.181,0.168,,,,0.126,0.126,0.257,,,,0.738,0.845,0.098,,0.25,,,0.126,,,
1878,0.105,,,,0.791,,0.906,0.517,0.168,,0.851,,,0.227,0.585,,0.088,0.168,0.443,0.707,,,,,0.834,0.913,0.68,0.257,,,,,0.65,,,0.712,0.165,,0.517,0.548,,0.936,0.519,,0.33,0.301,,0.4,0.168,0.059,0.518,,0.772,,0.859,0.168,,,,,,0.617,0.131,,,0.184,,0.338,0.559,0.092,0.227,0.859,0.088,0.088,,0.088,0.566,,,0.407,0.168,,0.168,,0.125,0.272,0.155,,0.566,,,,0.168,0.743,0.168,0.074,0.168,0.159,,0.239,0.088,,,0.361,0.183,,,,,,,,,,0.269,0.778,0.777,0.023,0.906,,,,,,,,,,,,,0.174,,,,,0.43667647,,,0.039,0.227,,0.712,,,,0.125,0.447,0.332,,,0.679,0.168,,0.073,0.301,,0.409,,,0.194,,0.27,0.301,,,0.559,0.517,0.855,,,0.088,,,0.155,0.168,,,,0.126,0.088,0.257,,,,0.738,0.845,0.098,,0.25,,,0.088,,,
1879,0.105,,,,0.791,,0.906,0.517,0.168,,0.851,,,0.227,0.66,,,0.168,0.443,0.707,,,,,0.834,0.913,0.68,0.257,,,,,0.65,,,0.712,0.169,,0.517,0.548,,0.936,0.519,,0.33,0.376,,0.4,0.168,0.059,0.518,,0.804,,0.859,0.168,,,,,,0.617,0.131,,,0.184,,0.338,0.559,0.092,0.227,0.859,0.088,0.088,,0.088,0.566,,,0.407,0.168,,0.168,,0.125,0.272,0.155,,0.566,,,,0.168,0.743,0.168,0.074,0.168,0.159,,0.239,0.088,,,0.361,0.183,,,,,,,,,,0.269,0.778,0.777,0.023,0.906,,,,,,,,,,,,,0.174,,,,,0.4372353,,,0.039,0.227,,0.564,,,,0.125,0.447,0.332,,,0.679,0.168,,0.073,0.376,,0.409,,,0.194,,0.27,0.376,,,0.559,0.517,0.855,,,0.088,,,0.155,0.168,,,,0.126,0.088,0.257,,,,0.738,0.845,0.098,,0.25,,,0.088,,,
1880,0.103,,,,0.791,,0.906,0.517,0.168,,0.851,,,0.227,0.66,,,0.168,0.443,0.707,,,,,0.834,0.913,0.68,0.257,,,,,0.65,,,0.708,0.169,,0.517,0.548,,0.936,0.519,,0.33,0.376,,0.429,0.168,0.059,0.518,,0.835,,0.859,0.168,,,,,,0.617,0.131,,,0.184,,0.338,0.559,0.092,0.227,0.859,0.088,0.088,,0.088,0.566,,,0.407,0.168,,0.168,,0.125,0.272,0.14,,0.566,,,,0.168,0.743,0.168,0.074,0.168,0.159,,0.239,0.088,,,0.361,0.183,,,,,,,,,,0.269,0.778,0.777,0.023,0.906,,,,,,,,,,,,,0.174,,,,,0.4312206,,,0.039,0.227,,0.097,,,,0.125,0.447,0.346,,,0.679,0.168,,0.073,0.376,,0.409,,,0.194,,0.27,0.376,,,0.559,0.517,0.855,,,0.088,,,0.14,0.168,,,,0.112,0.088,0.257,,,,0.757,0.845,0.098,,0.25,,,0.088,,,
1881,0.103,,,,0.791,,0.906,0.517,0.171,,0.851,,,0.227,0.319,,,0.171,0.443,0.707,,,,,0.834,0.913,0.68,0.257,,,,,0.65,,,0.708,0.169,,0.517,0.548,,0.936,0.519,,0.33,0.346,,0.477,0.171,0.059,0.518,,0.835,,0.859,0.171,,,,,,0.617,0.131,,,0.184,,0.338,0.559,0.092,0.227,0.859,0.088,0.088,,0.088,0.566,,,0.407,0.171,,0.171,,0.131,0.272,0.14,,0.566,,,,0.171,0.743,0.171,0.074,0.171,0.159,,0.239,0.088,,,0.361,0.183,,,,,,,,,,0.269,0.778,0.777,0.023,0.906,,,,,,,,,,,,,0.174,,,,,0.42916176,,,0.039,0.227,,0.097,,,,0.131,0.447,0.346,,,0.679,0.171,,0.073,0.346,,0.409,,,0.194,,0.398,0.346,,,0.559,0.517,0.855,,,0.088,,,0.14,0.171,,,,0.106,0.088,0.257,,,,0.809,0.845,0.098,,0.25,,,0.088,,,
1882,0.103,,,,0.791,,0.906,0.517,0.193,,0.851,,,0.242,0.319,,,0.193,0.443,0.707,,,,,0.834,0.913,0.68,0.257,,,,,0.65,,,0.708,0.169,,0.517,0.548,,0.936,0.414,,0.33,0.346,,0.543,0.193,0.059,0.518,,0.835,,0.859,0.193,,,,,,0.617,0.131,,,0.184,,0.338,0.559,0.092,0.242,0.859,0.088,0.088,,0.088,0.566,,,0.407,0.193,,0.193,,0.131,0.272,0.14,,0.566,,,,0.193,0.743,0.193,0.074,0.193,0.159,,0.239,0.088,,,0.361,0.183,,,,,,,,,,0.269,0.778,0.777,0.023,0.906,,,,,,,,,,,,,0.174,,,,,0.4292647,,,0.039,0.242,,0.097,,,,0.131,0.447,0.346,,,0.679,0.193,,0.073,0.346,,0.409,,,0.194,,0.398,0.346,,,0.559,0.517,0.855,,,0.088,,,0.14,0.193,,,,0.115,0.088,0.257,,,,0.809,0.845,0.098,,0.25,,,0.088,,,
1883,0.103,,,,0.791,,0.906,0.517,0.193,,0.851,,,0.321,0.319,,,0.193,0.443,0.707,,,,,0.834,0.913,0.68,0.257,,,,,0.65,,,0.723,0.169,,0.517,0.548,,0.936,0.353,,0.33,0.346,,0.543,0.193,0.059,0.518,,0.835,,0.859,0.193,,,,,,0.617,0.131,,,0.184,,0.338,0.559,0.092,0.321,0.859,0.088,0.088,,0.088,0.566,,,0.407,0.193,,0.193,,0.131,0.272,0.14,,0.566,,,,0.193,0.743,0.193,0.074,0.193,0.159,,0.239,0.088,,,0.361,0.183,,,,,,,,,,0.269,0.778,0.777,0.023,0.906,,,,,,,,,,,,,0.174,,,,,0.4304853,,,0.039,0.321,,0.13,,,,0.131,0.447,0.346,,,0.679,0.193,,0.073,0.346,,0.409,,,0.194,,0.39,0.346,,,0.559,0.517,0.855,,,0.088,,,0.14,0.193,,,,0.115,0.088,0.257,,,,0.809,0.845,0.098,,0.275,,,0.088,,,
1884,0.103,,,,0.791,,0.906,0.517,0.193,,0.851,,,0.321,0.477,,,0.193,0.443,0.707,,,,,0.834,0.913,0.68,0.257,,,,,0.65,,,0.723,0.169,,0.517,0.548,,0.936,0.161,,0.283,0.346,,0.543,0.193,0.059,0.518,,0.835,,0.859,0.193,,,,,,0.617,0.131,,,0.184,,0.338,0.559,0.092,0.321,0.859,0.088,0.088,,0.088,0.566,,,0.407,0.193,,0.193,,0.131,0.272,0.158,,0.566,,,,0.193,0.743,0.193,0.074,0.193,0.143,,0.239,0.088,,,0.361,0.183,,,,,,,,,,0.269,0.778,0.839,0.023,0.906,,,,,,,,,,,,,0.174,,,,,0.43755883,,,0.039,0.321,,0.587,,,,0.131,0.447,0.346,,,0.679,0.193,,0.073,0.346,,0.409,,,0.194,,0.39,0.346,,,0.559,0.517,0.855,,,0.088,,,0.158,0.193,,,,0.115,0.088,0.257,,,,0.85,0.845,0.098,,0.275,,,0.088,,,
1885,0.103,,,,0.791,,0.906,0.517,0.193,,0.851,,,0.321,0.477,,,0.193,0.443,0.624,,,,,0.834,0.913,0.68,0.257,,,,,0.65,,,0.723,0.169,,0.517,0.548,,0.839,0.161,,0.283,0.346,,0.543,0.193,0.059,0.518,,0.835,,0.859,0.193,,,,,,0.617,0.131,,,0.184,,0.338,0.559,0.092,0.321,0.859,0.088,0.088,,0.088,0.566,,,0.407,0.193,,0.193,,0.131,0.272,0.158,,0.566,,,,0.193,0.743,0.193,0.074,0.193,0.143,,0.239,0.088,,,0.361,0.183,,,,,,,,,,0.269,0.778,0.839,0.023,0.906,,,,,,,,,,,,,0.174,,,,,0.43676472,,,0.039,0.321,,0.661,,,,0.131,0.447,0.346,,,0.679,0.193,,0.073,,,0.409,,,0.224,,0.39,,,,0.559,0.517,0.855,,,0.088,,,0.158,0.193,,,,0.115,0.088,0.257,,,,0.872,0.845,0.098,,0.275,,,0.088,,,
1886,0.103,,,,0.791,,0.906,0.517,0.193,,0.833,,,0.321,0.354,,,0.193,0.443,0.624,,,,,0.834,0.913,0.68,0.257,,,,,0.354,,,0.723,0.169,,0.517,0.548,,0.767,0.161,,0.283,0.346,,0.543,0.193,0.059,0.518,,0.835,,0.859,0.193,,,,,,0.617,0.217,,,0.184,,0.338,0.559,0.092,0.321,0.859,0.088,0.088,,0.088,0.566,,,0.407,0.193,,0.193,,0.131,0.272,0.158,,0.566,,,,0.193,0.743,0.193,0.074,0.193,0.143,,0.239,0.088,,,0.408,0.183,,,,,,,,,,0.269,0.778,0.839,0.023,0.906,,,,,,,,,,,,,0.141,,,,,0.43182352,,,0.039,0.321,,0.627,,,,0.131,0.447,0.346,,,0.679,0.193,,0.073,,,0.409,,,0.353,,0.39,,,,0.559,0.517,0.855,,,0.088,,,0.158,0.193,,,,0.115,0.088,0.257,,,,0.872,0.823,0.098,,0.275,,,0.088,,,
1887,0.103,,,,0.791,,0.906,0.517,0.193,,0.833,,,0.321,0.316,,,0.193,0.443,0.624,,,,,0.834,0.913,0.68,0.257,,,,,0.354,,,0.723,0.169,,0.517,0.548,,0.767,0.161,,0.283,0.346,,0.543,0.193,0.059,0.518,,0.835,,0.859,0.193,,,,,,0.617,0.217,,,0.184,,0.338,0.559,0.092,0.321,0.859,0.088,0.088,,0.088,0.566,,,0.407,0.193,,0.193,,0.131,0.272,0.158,,0.566,,,,0.193,0.743,0.193,0.074,0.193,0.143,,0.239,0.088,,,0.408,0.183,,,,,,,,,,0.269,0.778,0.839,0.023,0.906,,,,,,,,,,,,,0.141,,,,,0.43236765,,,0.039,0.321,,0.627,,,,0.131,0.447,0.411,,,0.679,0.193,,0.073,,,0.409,,,0.353,,0.4,,,,0.559,0.517,0.855,,,0.088,,,0.158,0.193,,,,0.115,0.088,0.257,,,,0.872,0.823,0.098,,0.275,,,0.088,,,
1888,0.103,,,,0.791,,0.906,0.578,0.193,,0.833,,,0.321,0.316,,,0.193,0.443,0.703,,,,,0.834,0.913,0.68,0.257,,,,,0.354,,,0.723,0.169,,0.578,0.548,,0.767,0.161,,0.391,0.346,,0.543,0.193,0.059,0.518,,0.835,,0.859,0.193,,,,,,0.617,0.217,,,0.184,,0.338,0.559,0.092,0.321,0.859,0.088,0.088,,0.088,0.549,,,0.407,0.193,,0.193,,0.131,0.272,0.158,,0.566,,,,0.193,0.743,0.193,0.074,0.193,0.143,,0.239,0.088,,,0.408,0.183,,,,,,,,,,0.416,0.816,0.839,0.023,0.906,,,,,,,,,,,,,0.141,,,,,0.43854412,,,0.039,0.321,,0.627,,,,0.131,0.447,0.411,,,0.679,0.193,,0.073,,,0.409,,,0.353,,0.4,,,,0.559,0.578,0.855,,,0.088,,,0.158,0.193,,,,0.119,0.088,0.257,,,,0.872,0.823,0.098,,0.275,,,0.088,,,
1889,0.103,,,,0.791,,0.906,0.638,0.193,,0.833,,,0.321,0.316,,,0.193,0.443,0.703,,,,,0.834,0.913,0.68,0.257,,,,,0.354,,,0.723,0.169,,0.638,0.548,,0.767,0.161,,0.448,0.346,,0.543,0.193,0.059,0.518,,0.835,,0.859,0.193,,,,,,0.617,0.188,,,0.184,,0.338,0.559,0.092,0.321,0.859,0.088,0.088,,0.088,0.549,,,0.407,0.193,,0.193,,0.131,0.272,0.158,,0.566,,,,0.193,0.743,0.193,0.074,0.193,0.143,,0.239,0.088,,,0.408,0.183,,,,,,,,,,0.416,0.816,0.839,0.023,0.906,,,,,,,,,,,,,0.141,,,,,0.44108823,,,0.039,0.321,,0.627,,,,0.131,0.447,0.411,,,0.679,0.193,,0.073,,,0.409,,,0.353,,0.464,,,,0.559,0.638,0.855,,,0.088,,,0.158,0.193,,,,0.119,0.088,0.257,,,,0.872,0.844,0.098,,0.275,,,0.088,,,
1890,0.103,,,,0.78,,0.906,0.694,0.193,,0.833,,,0.321,0.316,,,0.193,0.443,0.513,,,,,0.834,0.913,0.414,0.233,,,,,0.354,,,0.723,0.242,,0.694,0.577,,0.767,0.161,,0.476,0.346,,0.543,0.193,0.059,0.518,,0.835,,0.859,0.193,,,,,,0.617,0.214,,,0.184,,0.338,0.559,0.092,0.321,0.859,0.088,0.037,,0.037,0.575,,,0.43,0.193,,0.193,,0.131,0.272,0.158,,0.566,,,,0.193,0.743,0.193,0.074,0.193,0.143,,0.239,0.037,,,0.408,0.183,,,,,,,,,,0.37,0.816,0.839,0.023,0.892,,,,,,,,,,,,,0.141,,,,,0.43816176,,,0.039,0.321,,0.665,,,,0.131,0.447,0.411,,,0.679,0.193,,0.073,,,0.401,,,0.326,,0.476,,,,0.559,0.694,0.855,,,0.037,,,0.158,0.193,,,,0.119,0.037,0.233,,,,0.872,0.844,0.098,,0.402,,,0.037,,,
1891,0.103,,,,0.78,,0.906,0.694,0.193,,0.833,,,0.321,0.316,,,0.193,0.443,0.469,,,,,0.834,0.913,0.383,0.233,,,,,0.354,,,0.723,0.242,,0.694,0.599,,0.767,0.161,,0.476,0.346,,0.543,0.193,0.059,0.518,,0.835,,0.859,0.193,,,,,,0.617,0.214,,,0.184,,0.338,0.559,0.092,0.321,0.859,0.088,0.037,,0.037,0.575,,,0.43,0.193,,0.193,,0.131,0.272,0.158,,0.566,,,,0.193,0.743,0.193,0.074,0.193,0.143,,0.239,0.037,,,0.408,0.183,,,,,,,,,,0.37,0.816,0.839,0.023,0.914,,,,,,,,,,,,,0.141,,,,,0.43948528,,,0.108,0.321,,0.665,,,,0.131,0.447,0.463,,,0.679,0.193,,0.073,,,0.401,,,0.326,,0.476,,,,0.559,0.694,0.855,,,0.037,,,0.158,0.193,,,,0.119,0.037,0.233,,,,0.872,0.844,0.098,,0.402,,,0.037,,,
1892,0.103,,,,0.78,,0.906,0.694,0.193,,0.833,,,0.321,0.316,,,0.193,0.443,0.374,,,,,0.834,0.913,0.61,0.233,,,,,0.354,,,0.723,0.242,,0.694,0.599,,0.767,0.161,,0.488,0.346,,0.543,0.193,0.059,0.518,,0.835,,0.859,0.193,,,,,,0.617,0.279,,,0.184,,0.338,0.559,0.092,0.321,0.859,0.112,0.037,,0.037,0.588,,,0.468,0.193,,0.193,,0.131,0.272,0.158,,0.566,,,,0.193,0.743,0.193,0.074,0.193,0.143,,0.239,0.037,,,0.408,0.183,,,,,,,,,,0.241,0.816,0.839,0.023,0.914,,,,,,,,,,,,,0.141,,,,,0.4415588,,,0.108,0.321,,0.665,,,,0.131,0.447,0.463,,,0.679,0.193,,0.073,,,0.401,,,0.326,,0.476,,,,0.559,0.694,0.855,,,0.037,,,0.158,0.193,,,,0.119,0.037,0.233,,,,0.872,0.844,0.098,,0.388,,,0.037,,,
1893,0.103,,,,0.78,,0.906,0.694,0.217,,0.858,,,0.321,0.316,,,0.217,0.443,0.374,,,,,0.834,0.913,0.616,0.233,,,,,0.354,,,0.723,0.242,,0.694,0.599,,0.767,0.161,,0.488,0.346,,0.543,0.217,0.059,0.518,,0.811,,0.859,0.217,,,,,,0.617,0.279,,,0.184,,0.338,0.559,0.092,0.321,0.859,0.112,0.037,,0.037,0.588,,,0.468,0.217,,0.217,,0.131,0.272,,,0.566,,,,0.217,0.743,0.217,0.074,0.217,0.143,,0.239,0.037,,,0.408,0.183,,,,,,,,,,0.304,0.816,0.839,0.023,0.914,,,,,,,,,,,,,0.141,,,,,0.44236764,,,0.108,0.321,,0.641,,,,0.131,0.447,0.463,,,0.679,0.217,,0.073,,,0.401,,,0.326,,0.476,,,,0.559,0.694,0.855,,,0.037,,,0.158,0.217,,,,0.119,0.037,0.233,,,,0.872,0.844,0.098,,0.373,,,0.037,,,
1894,0.103,,,,0.78,,0.906,0.694,0.217,,0.889,,,0.321,0.316,,,0.217,0.443,0.411,,,,,0.834,0.913,0.616,0.233,,,,,0.354,,,0.723,0.242,,0.694,0.599,,0.933,0.161,,0.488,0.346,,0.543,0.217,0.059,0.518,,0.811,,0.859,0.217,,,,,,0.617,0.279,,,0.184,,0.338,0.559,0.092,0.321,0.859,0.112,0.037,,0.037,0.583,,,0.468,0.217,,0.217,,0.124,0.272,,,0.566,,,,0.217,0.743,0.217,0.074,0.217,0.143,,0.239,0.037,,,0.408,0.183,,,,,,,,,,0.304,0.816,0.839,0.023,0.914,,,,,,,,,,,,,0.141,,,,,0.44563234,,,0.108,0.321,,0.641,,,,0.124,0.447,0.463,,,0.679,0.217,,0.073,,,0.401,,,0.326,,0.476,,,,0.559,0.694,0.855,,,0.037,,,0.158,0.217,,,,0.119,0.037,0.233,,,,0.872,0.844,0.098,,0.373,,,0.037,,,
1895,0.103,,,,0.78,,0.906,0.694,0.217,,0.889,,,0.321,0.635,,,0.217,0.443,0.506,,,,,0.834,0.913,0.616,0.233,,,,,0.354,,,0.727,0.225,,0.694,0.599,,0.943,0.161,,0.564,0.346,,0.543,0.217,0.059,0.518,,0.811,,0.859,0.217,,,,,,0.617,0.279,,,0.184,,0.338,0.559,0.092,0.321,0.859,0.112,0.037,,0.037,0.583,,,0.468,0.217,,0.217,,0.141,0.272,,,0.566,,,,0.217,0.743,0.217,0.097,0.217,0.143,,0.239,0.037,,,0.408,0.183,,,,,,,,,,0.304,0.816,0.839,0.023,0.914,,,,,,,,,,,,,0.141,,,,,0.4520294,,,0.108,0.321,,0.549,,,,0.141,0.447,0.463,,,0.679,0.217,,0.073,,,0.401,,,0.326,,0.476,,,,0.559,0.694,0.855,,,0.037,,,0.158,0.217,,,,0.119,0.037,,,,,0.872,0.844,0.098,,0.373,,,0.037,,,
1896,0.103,,,,0.78,,0.906,0.694,0.217,,0.889,,,0.321,0.635,,,0.217,0.443,0.568,,,,,0.834,0.913,0.616,0.233,,,,,0.354,,,0.727,0.225,,0.694,0.599,,0.943,0.161,,0.589,0.346,,0.543,0.217,0.059,0.518,,0.811,,0.859,0.217,,,,,,0.617,0.279,,,0.184,,0.338,0.559,0.092,0.321,0.859,0.112,0.037,,0.037,0.583,,,0.468,0.217,,0.217,,0.324,0.272,,,0.566,,,,0.217,0.743,0.217,0.097,0.217,0.143,,0.239,0.037,,,0.408,0.183,,,,,,,,,,0.304,0.816,0.839,0.023,0.914,,,,,,,,,,,,,0.141,,,,,0.45833823,,,0.108,0.321,,0.749,,,,0.324,0.447,0.463,,,0.679,0.217,,0.073,,,0.401,,,0.326,,0.476,,,,0.559,0.694,0.855,,,0.037,,,0.158,0.217,0.217,,,0.119,0.037,,,,,0.831,0.844,0.098,,0.373,,,0.037,,,
1897,0.103,,,,0.78,,0.906,0.694,0.217,,0.889,,,0.321,0.635,,,0.217,0.443,0.568,,,,,0.834,0.913,0.616,0.233,,,,,0.354,,,0.727,0.225,,0.694,0.599,,0.943,0.161,,0.589,0.346,,0.543,0.217,0.059,0.518,,0.811,,0.859,0.217,,,,,,0.617,0.279,,,0.184,,0.338,0.559,0.092,0.321,0.859,0.112,0.037,,0.037,0.583,,,0.468,0.217,,0.217,,0.213,0.272,,,0.566,,,,0.217,0.743,0.217,0.097,0.217,0.089,,0.239,0.037,,,0.408,0.183,,,,,,,,,,0.304,0.816,0.839,0.023,0.914,,,,,,,,,,,,,0.141,,,,,0.45454413,,,0.108,0.321,,0.749,,,,0.213,0.447,0.463,,,0.679,0.217,,0.073,,,0.401,,,0.326,,0.476,,,,0.559,0.694,0.855,,,0.037,,,0.15,0.217,0.217,,,0.119,0.037,,,,,0.746,0.844,0.098,,0.373,,,0.037,,,
1898,0.103,,,,0.78,,0.895,0.694,0.18,,0.889,,,0.321,0.635,,,0.18,0.443,0.478,,,,,0.834,0.913,0.616,0.194,,,,,0.354,,,0.727,0.506,,0.694,0.61,,0.939,0.161,,0.589,0.346,,0.543,0.18,0.059,0.518,,0.842,,0.865,0.18,,,,,,0.617,0.279,,,0.184,,0.338,0.559,0.092,0.321,0.865,0.112,0.037,,0.037,0.517,,,0.461,0.18,,0.18,,0.169,0.272,,,0.566,,,,0.18,0.743,0.18,0.097,0.18,0.132,,0.239,0.037,,,0.408,0.183,,,,,,,,,,0.304,0.816,0.839,0.023,0.914,,,,,,,,,,,,,0.141,,,,,0.45538235,,,0.108,0.321,,0.749,,,,0.169,0.447,0.463,,,0.679,0.18,,0.073,,,0.401,,,0.326,,0.476,,,,0.559,0.694,0.855,,,0.037,,,0.15,0.18,0.18,,,0.119,0.037,,,,,0.806,0.844,0.098,,0.296,,,0.037,,,
1899,0.103,,,,0.78,,0.895,0.694,0.18,,0.889,,,0.321,0.635,,,0.18,0.409,0.478,,,,,0.834,0.913,0.616,0.164,,,,,0.354,,,0.727,0.71,,0.694,0.61,,0.939,0.207,,0.589,0.346,,0.543,0.18,0.059,0.518,,0.842,,0.865,0.18,,,,,,0.617,0.081,,,0.184,,0.338,0.559,0.092,0.321,0.865,0.112,0.037,,0.037,0.517,,,0.441,0.18,,0.18,,0.157,0.272,,,0.566,,,,0.18,0.743,0.18,0.097,0.18,0.132,,0.239,0.037,,,0.408,0.183,,,,,,,,,,0.304,0.816,0.839,0.023,0.914,,,,,,,,,,,,,0.162,,,,,0.45539707,,,0.108,0.321,,0.749,,,,0.157,0.447,0.463,,,0.679,0.18,,0.073,,,0.401,,,0.326,,0.476,,,,0.559,0.694,0.855,,,0.037,,,0.15,0.18,0.18,,,0.119,0.037,,,,,0.84,0.844,0.098,,0.286,,,0.037,,,
1900,0.081,0.04,,,0.759,,0.895,0.694,0.22,,0.899,0.165,,0.323,0.636,0.064,,0.22,0.339,0.434,0.517,0.146,0.223,,0.863,0.92,0.616,0.24,0.209,,0.025,,0.344,0.137,0.114,0.727,0.739,0.341,0.694,0.603,0.078,0.94,0.501,0.155,0.633,0.358,0.069,0.541,0.22,0.059,0.501,0.589,0.883,,0.877,0.22,,0.179,0.298,0.062,0.059,0.606,0.086,0.551,0.58,0.184,,0.308,0.559,0.1,0.323,0.877,0.109,0.036,0.907,0.036,0.647,0.621,,0.461,0.22,0.041,0.22,0.182,0.13,0.298,0.17,,0.485,,0.778,0.243,0.22,0.711,0.22,0.111,0.22,0.131,0.1,0.205,0.036,0.158,0.801,0.421,0.254,,0.146,,0.585,0.037,0.205,0.096,,,0.304,0.815,0.834,0.039,0.921,0.027,,,,,,,,,,,,0.203,,,0.266,,0.3738871,,0.175,0.119,0.323,,0.743,0.334,0.356,,0.13,0.462,0.463,,0.051,0.678,0.22,,0.073,0.274,,0.401,0.27,0.331,0.306,0.209,0.415,0.274,0.144,0.635,0.559,0.694,0.859,0.225,,0.036,,,0.129,0.22,0.22,0.087,0.385,0.12,0.036,0.116,,0.344,,0.837,0.843,0.195,,0.068,,0.378,0.036,0.395,,0.395
1901,0.081,0.04,,,0.759,,0.922,0.694,0.22,,0.899,0.165,,0.323,0.642,0.064,,0.22,0.344,0.438,0.517,0.146,0.223,,0.863,0.92,0.616,0.24,0.209,,0.025,,0.344,0.158,0.114,0.727,0.739,0.341,0.694,0.604,0.081,0.94,0.501,0.148,0.637,0.355,0.069,0.541,0.22,0.059,0.501,0.589,0.901,,0.878,0.22,,0.179,0.298,0.062,0.059,0.606,0.086,0.557,0.58,0.184,,0.308,0.559,0.115,0.323,0.878,0.109,0.036,0.907,0.036,0.664,0.621,,0.468,0.22,0.041,0.22,0.182,0.13,0.298,0.176,,0.485,,0.778,0.243,0.22,0.711,0.22,0.142,0.22,0.126,0.1,0.205,0.036,0.158,0.801,0.421,0.254,,0.146,,0.585,0.037,0.205,0.096,,,0.304,0.815,0.834,0.039,0.936,0.027,,,,,,,,,,,,0.203,,,0.266,,0.37529838,,0.175,0.119,0.323,,0.743,0.338,0.356,,0.13,0.462,0.463,,0.051,0.678,0.22,,0.073,0.274,,0.401,0.27,0.331,0.306,0.209,0.415,0.274,0.144,0.635,0.559,0.694,0.859,0.225,,0.036,,,0.129,0.22,0.22,0.087,0.385,0.12,0.036,0.116,,0.344,,0.837,0.842,0.195,,0.068,,0.378,0.036,0.395,,0.395
1902,0.108,0.04,,,0.759,,0.928,0.694,0.22,,0.899,0.165,,0.323,0.642,0.064,,0.22,0.35,0.429,0.517,0.152,0.223,,0.863,0.92,0.616,0.245,0.209,,0.025,,0.344,0.158,0.114,0.727,0.753,0.341,0.694,0.604,0.081,0.94,0.501,0.148,0.637,0.355,0.069,0.541,0.22,0.059,0.501,0.589,0.901,,0.878,0.22,0.428,0.179,0.298,0.062,0.059,0.606,0.086,0.557,0.58,0.184,,0.308,0.559,0.115,0.323,0.878,0.109,0.036,0.907,0.036,0.664,0.621,,0.468,0.22,0.041,0.22,0.182,0.13,0.298,0.176,,0.485,,0.778,0.243,0.22,0.711,0.22,0.142,0.22,0.126,0.1,0.205,0.036,0.158,0.801,0.421,0.254,,0.146,,0.582,0.037,0.205,0.096,,,0.304,0.815,0.834,0.039,0.936,0.027,,,,,,,,,,,,0.254,,,0.266,,0.376592,,0.175,0.119,0.323,,0.743,0.342,0.356,,0.13,0.462,0.463,,0.051,0.678,0.22,,0.073,0.274,,0.401,0.27,0.331,0.306,0.209,0.415,0.274,0.144,0.635,0.559,0.694,0.859,0.227,,0.036,,,0.129,0.22,0.22,0.087,0.385,0.12,0.036,0.116,,0.344,,0.837,0.842,0.195,,0.068,,0.378,0.036,0.395,,0.395
1903,0.108,0.04,,,0.759,,0.928,0.694,0.22,,0.899,0.165,,0.323,0.642,0.064,,0.22,0.35,0.429,0.517,0.152,0.223,,0.863,0.92,0.616,0.245,0.209,,0.025,0.123,0.377,0.158,0.114,0.727,0.745,0.341,0.694,0.604,0.081,0.94,0.501,0.148,0.637,0.355,0.069,0.541,0.22,0.059,0.501,0.589,0.901,,0.878,0.22,0.428,0.179,0.298,0.062,0.059,0.606,0.086,0.557,0.58,0.184,,0.308,0.559,0.115,0.323,0.878,0.109,0.036,0.907,0.036,0.664,0.621,,0.468,0.22,0.041,0.22,0.182,0.13,0.298,0.173,,0.485,,0.778,0.243,0.22,0.711,0.22,0.142,0.22,0.126,0.1,0.205,0.036,0.158,0.801,0.421,0.254,,0.146,,0.582,0.037,0.205,0.096,,,0.304,0.815,0.834,0.039,0.936,0.027,,,,,,,,,,,,0.254,,,0.293,,0.37680468,,0.175,0.119,0.323,0.6,0.743,0.359,0.356,,0.13,0.462,0.463,,0.051,0.678,0.22,,0.052,0.274,,0.401,0.27,0.331,0.306,0.209,0.407,0.274,0.144,0.635,0.559,0.694,0.859,0.227,0.399,0.036,,,0.129,0.22,0.22,0.087,0.385,0.12,0.036,0.116,,0.344,,0.837,0.84,0.195,,0.068,,0.378,0.036,0.395,,0.395
1904,0.108,0.04,,,0.759,,0.928,0.694,0.22,,0.899,0.165,,0.323,0.63,0.064,,0.22,0.35,0.449,0.517,0.152,0.223,,0.863,0.92,0.616,0.245,0.209,,0.025,0.123,0.413,0.158,0.114,0.727,0.745,0.341,0.694,0.606,0.081,0.94,0.501,0.148,0.637,0.355,0.069,0.541,0.22,0.059,0.501,0.589,0.901,,0.878,0.22,0.428,0.179,0.298,0.062,0.062,0.606,0.08,0.557,0.58,0.179,,0.308,0.559,0.115,0.323,0.878,0.109,0.036,0.907,0.036,0.664,0.621,,0.459,0.22,0.041,0.22,0.182,0.101,0.298,0.173,,0.485,,0.778,0.243,0.22,0.711,0.22,0.142,0.22,0.126,0.1,0.205,0.036,0.158,0.801,0.421,0.254,,0.146,0.148,0.582,0.037,0.205,0.087,,,0.304,0.815,0.834,0.039,0.936,0.027,,,,,,,,,,,,0.254,,,0.293,,0.37383845,,0.175,0.119,0.323,0.6,0.743,0.359,0.356,,0.101,0.462,0.449,,0.051,0.678,0.22,,0.052,0.274,0.242,0.401,0.27,0.331,0.306,0.209,0.438,0.274,0.144,0.635,0.559,0.694,0.859,0.227,0.399,0.036,,,0.129,0.22,0.22,0.087,0.385,0.12,0.036,0.116,,0.344,,0.807,0.84,0.195,,0.068,,0.378,0.036,0.395,,0.395
1905,0.108,0.04,,,0.759,,0.928,0.694,0.291,,0.899,0.165,,0.311,0.63,0.064,,0.291,0.35,0.463,0.517,0.152,0.223,,0.863,0.92,0.627,0.244,0.209,,0.025,0.123,0.414,0.158,0.114,0.727,0.745,0.357,0.694,0.606,0.081,0.94,0.501,0.148,0.612,0.355,0.069,0.541,0.291,0.059,0.53,0.589,0.901,,0.878,0.291,0.428,0.179,0.298,0.062,0.062,0.606,0.08,0.557,0.58,0.179,,0.308,0.559,0.115,0.311,0.878,0.109,0.036,0.907,0.036,0.667,0.621,,0.459,0.291,0.041,0.291,0.182,0.094,0.298,0.173,,0.485,,0.778,0.243,0.291,0.711,0.291,0.142,0.291,0.126,0.1,0.205,0.036,0.158,0.801,0.421,0.267,,0.146,0.148,0.582,0.037,0.205,0.087,,,0.304,0.815,0.829,0.039,0.936,0.027,,,,,,,,,,,,0.254,,,0.293,,0.3750846,,0.175,0.119,0.311,0.6,0.743,0.359,0.356,,0.094,0.462,0.454,,0.051,0.678,0.291,,0.052,0.274,0.247,0.401,0.27,0.331,0.306,0.209,0.447,0.274,0.144,0.635,0.559,0.694,0.859,0.227,0.399,0.036,,,0.129,0.291,0.291,0.087,0.385,0.12,0.036,0.116,,0.344,,0.842,0.84,0.195,,0.068,,0.378,0.036,0.395,,0.395
1906,0.108,0.04,,,0.759,,0.928,0.694,0.336,,0.899,0.165,,0.317,0.64,0.064,,0.336,0.359,0.463,0.517,0.152,0.223,,0.863,0.92,0.617,0.245,0.209,,0.025,0.123,0.414,0.158,0.114,0.727,0.727,0.357,0.694,0.603,0.081,0.94,0.495,0.148,0.62,0.355,0.069,0.541,0.336,0.059,0.612,0.589,0.901,,0.88,0.336,0.428,0.179,0.298,0.062,0.062,0.606,0.08,0.557,0.58,0.179,,0.308,0.559,0.125,0.317,0.88,0.27,0.036,0.907,0.036,0.67,0.621,,0.468,0.336,0.041,0.336,0.182,0.09,0.298,0.173,,0.485,,0.778,0.243,0.336,0.711,0.336,0.142,0.336,0.157,0.1,0.205,0.036,0.158,0.801,0.421,0.276,,0.146,0.148,0.582,0.037,0.205,0.087,,,0.304,0.815,0.834,0.039,0.936,0.03,,,,,,,,,,,,0.254,,,0.293,,0.37833077,,0.175,0.119,0.317,0.6,0.753,0.373,0.356,,0.09,0.462,0.454,,0.051,0.678,0.336,,0.052,0.274,0.247,0.401,0.27,0.331,0.306,0.209,0.447,0.274,0.144,0.653,0.559,0.694,0.859,0.227,0.399,0.036,,,0.129,0.336,0.336,0.087,0.385,0.12,0.036,0.116,,0.344,,0.851,0.84,0.195,,0.068,,0.396,0.036,0.395,,0.395
1907,0.108,0.04,,,0.759,,0.928,0.694,0.334,,0.899,0.165,,0.317,0.64,0.064,,0.334,0.359,0.463,0.517,0.138,0.223,,0.863,0.92,0.617,0.245,0.209,,0.025,0.123,0.414,0.158,0.114,0.727,0.748,0.344,0.694,0.603,0.081,0.94,0.495,0.148,0.62,0.383,0.069,0.541,0.334,0.059,0.616,0.589,0.901,,0.88,0.334,0.428,0.179,0.298,0.062,0.062,0.606,0.078,0.557,0.58,0.172,,0.308,0.559,0.125,0.317,0.88,0.323,0.039,0.907,0.039,0.67,0.621,,0.468,0.334,0.041,0.334,0.182,0.082,0.298,0.173,,0.485,,0.778,0.243,0.334,0.711,0.334,0.132,0.334,0.157,0.1,0.205,0.039,0.158,0.801,0.421,0.236,,0.146,0.148,0.582,0.037,0.205,0.087,,,0.291,0.815,0.834,0.039,0.936,0.03,,,,,,,,,,,,0.254,,,0.293,,0.3784,,0.175,0.119,0.317,0.6,0.753,0.44,0.356,,0.082,0.43,0.454,,0.051,0.649,0.334,,0.052,0.274,0.247,0.401,0.27,0.331,0.306,0.209,0.447,0.274,0.144,0.637,0.559,0.694,0.859,0.227,0.399,0.039,,,0.129,0.334,0.334,0.087,0.385,0.142,0.039,0.113,,0.344,,0.851,0.84,0.195,,0.068,,0.396,0.039,0.395,,0.395
1908,0.108,0.04,,,0.759,,0.928,0.694,0.332,,0.899,0.165,,0.317,0.64,0.064,,0.332,0.359,0.463,0.517,0.138,0.223,,0.863,0.92,0.617,0.245,0.209,,0.025,0.123,0.414,0.158,0.114,0.727,0.748,0.344,0.694,0.607,0.081,0.94,0.495,0.148,0.62,0.383,0.069,0.541,0.332,0.059,0.593,0.589,0.901,,0.88,0.332,0.428,0.179,0.298,0.062,0.062,0.606,0.078,0.557,0.58,0.172,,0.308,0.559,0.164,0.317,0.88,0.323,0.191,0.907,0.191,0.67,0.621,,0.468,0.332,0.041,0.332,0.182,0.082,0.298,0.173,,0.485,,0.778,0.243,0.332,0.711,0.332,0.132,0.332,0.157,0.1,0.205,0.191,0.158,0.801,0.421,0.225,,0.146,0.158,0.582,0.037,0.205,0.087,,,0.291,0.815,0.834,0.039,0.936,0.03,,,,,,,,,,,,0.267,,,0.293,,0.3804,,0.175,0.119,0.317,0.6,0.753,0.44,0.356,,0.082,0.443,0.454,,0.051,0.676,0.332,,0.052,0.274,0.273,0.413,0.27,0.331,0.306,0.209,0.447,0.274,0.144,0.637,0.559,0.694,0.859,0.227,0.399,0.191,,,0.129,0.332,0.332,0.087,0.385,0.142,0.191,0.113,,0.344,,0.851,0.84,0.195,,0.068,,0.396,0.191,0.395,,0.395
1909,0.108,0.04,,,0.759,,0.928,0.694,0.332,,0.899,0.165,,0.317,0.643,0.064,,0.332,0.363,0.463,0.517,0.138,0.223,,0.863,0.92,0.621,0.245,0.209,,0.027,0.123,0.414,0.158,0.114,0.727,0.748,0.344,0.694,0.614,0.081,0.94,0.495,0.148,0.62,0.383,0.069,0.541,0.332,0.059,0.567,0.589,0.901,,0.88,0.332,0.428,0.179,0.298,0.062,0.062,0.584,0.078,0.557,0.58,0.172,,0.308,0.559,0.164,0.317,0.88,0.328,0.422,0.907,0.422,0.67,0.621,,0.468,0.332,0.041,0.332,0.182,0.082,0.298,0.173,,0.485,,0.778,0.243,0.332,0.711,0.332,0.132,0.332,0.157,0.1,0.205,0.422,0.158,0.801,0.421,0.227,,0.146,0.158,0.582,0.037,0.205,0.093,,,0.291,0.815,0.834,0.039,0.936,0.03,,,,,,,,,,,,0.291,,,0.293,,0.38235384,,0.175,0.119,0.317,0.6,0.753,0.44,0.356,,0.082,0.454,0.454,,0.051,0.676,0.332,,0.052,0.274,0.25,0.413,0.27,0.331,0.306,0.209,0.447,0.274,0.144,0.637,0.559,0.694,0.859,0.237,0.399,0.422,,,0.123,0.332,0.332,0.087,0.385,0.142,0.422,0.113,,0.344,,0.851,0.84,0.195,,0.072,,0.414,0.422,0.395,,0.395
1910,0.124,0.04,,,0.759,,0.918,0.694,0.33,,0.899,0.165,,0.317,0.643,0.064,,0.33,0.363,0.464,0.517,0.138,0.223,,0.863,0.92,0.621,0.248,0.209,,0.027,0.123,0.498,0.158,0.126,0.727,0.735,0.344,0.694,0.614,0.078,0.94,0.495,0.148,0.621,0.383,0.069,0.541,0.33,0.059,0.567,0.589,0.901,0.04,0.88,0.33,0.428,0.179,0.298,0.094,0.062,0.615,0.081,0.557,0.58,0.172,,0.308,0.559,0.167,0.317,0.88,0.325,0.361,0.907,0.361,0.67,0.621,,0.465,0.33,0.041,0.33,0.182,0.051,0.298,0.174,,0.478,,0.778,0.243,0.33,0.711,0.33,0.141,0.33,0.157,0.1,0.252,0.361,0.158,0.801,0.421,0.227,,0.146,0.158,0.582,0.037,0.205,0.093,,,0.283,0.815,0.834,0.039,0.936,0.03,,,,,,,,,,,,0.291,,,0.293,,0.38112977,,0.175,0.119,0.317,0.6,0.733,0.44,0.356,,0.051,0.55,0.454,,0.051,0.676,0.33,,0.052,0.274,0.25,0.413,0.27,0.331,0.306,0.184,0.447,0.274,0.144,0.637,0.559,0.694,0.859,0.237,0.399,0.361,,,0.128,0.33,0.33,0.089,0.385,0.142,0.361,0.113,,0.344,,0.85,0.84,0.195,,0.072,,0.414,0.361,0.418,,0.395
1911,0.124,0.04,,,0.759,,0.918,0.694,0.33,,0.899,0.165,,0.317,0.643,0.064,,0.33,0.363,0.464,0.517,0.138,0.223,,0.863,0.92,0.621,0.248,0.209,,0.027,0.123,0.523,0.158,0.114,0.727,0.735,0.344,0.694,0.614,0.078,0.94,0.495,0.148,0.613,0.383,0.069,0.541,0.33,0.059,0.567,0.589,0.901,0.04,0.88,0.33,0.428,0.179,0.298,0.094,0.062,0.62,0.081,0.557,0.58,0.18,,0.308,0.559,0.167,0.317,0.88,0.325,0.34,0.907,0.34,0.674,0.621,,0.479,0.33,0.041,0.33,0.182,0.05,0.298,0.174,,0.478,0.052,0.778,0.243,0.33,0.711,0.33,0.141,0.33,0.157,0.1,0.443,0.34,0.158,0.801,0.421,0.215,0.126,0.146,0.158,0.582,0.037,0.205,0.093,,,0.271,0.815,0.834,0.039,0.936,0.03,,,,,,,,,,,,0.291,,,0.293,,0.37820897,,0.175,0.119,0.317,0.6,0.749,0.44,0.356,,,0.596,0.45,,0.051,0.671,0.33,,0.052,0.274,0.25,0.413,0.27,0.331,0.306,0.184,0.447,0.274,0.201,0.637,0.559,0.694,0.859,0.237,0.399,0.34,,,0.128,0.33,0.33,0.089,0.385,0.142,0.34,0.113,,0.344,,0.852,0.84,0.195,,0.072,,0.414,0.34,0.418,0.281,0.395
1912,0.124,0.04,0.495,,0.773,,0.918,0.694,0.33,,0.899,0.165,,0.317,0.614,0.064,,0.33,0.363,0.464,0.517,0.138,0.223,,0.863,0.92,0.621,0.419,0.21,,0.027,0.123,0.523,0.158,0.114,0.727,0.73,0.344,0.694,0.613,0.078,0.94,0.486,0.148,0.63,0.383,0.069,0.541,0.33,0.059,0.567,0.589,0.901,0.04,0.88,0.33,0.428,0.179,0.298,0.094,0.062,0.62,0.081,0.557,0.58,0.18,,0.3,0.559,0.167,0.317,0.88,0.325,0.275,0.907,0.275,0.674,0.621,,0.479,0.33,0.041,0.33,0.182,0.05,0.298,0.174,,0.478,0.052,0.778,0.243,0.33,0.711,0.33,0.14,0.33,0.158,0.1,0.465,0.275,0.158,0.801,0.421,0.21,0.126,0.146,0.158,0.582,0.037,0.205,0.093,,,0.279,0.815,0.834,0.039,0.896,0.03,,,,,,,,,,,,0.297,,,0.293,,0.3793185,,0.175,0.119,0.317,0.6,0.743,0.44,0.356,,,0.587,0.453,,0.051,0.671,0.33,,0.052,0.274,0.25,0.413,0.27,0.331,0.306,0.184,0.447,0.274,0.201,0.637,0.559,0.694,0.859,0.237,0.399,0.275,,,0.128,0.33,0.33,0.089,0.385,0.136,0.275,0.113,,0.344,,0.852,0.84,0.176,,0.072,,0.414,0.275,0.418,0.274,0.395
1913,0.124,0.04,0.495,,0.773,,0.918,0.694,0.33,,0.891,0.165,,0.317,0.586,0.075,,0.33,0.357,0.464,0.517,0.138,0.223,,0.863,0.92,0.621,0.483,0.207,,0.027,0.123,0.523,0.17,0.114,0.727,0.735,0.344,0.694,0.615,0.078,0.94,0.511,0.148,0.624,0.383,0.069,0.541,0.33,0.059,0.567,0.589,0.901,0.04,0.88,0.33,0.428,0.179,0.298,0.094,0.062,0.62,0.081,0.557,0.58,0.18,,0.3,0.559,0.167,0.317,0.88,0.325,0.121,0.907,0.121,0.671,0.621,,0.479,0.33,0.041,0.33,0.182,0.05,0.298,0.174,,0.478,0.052,0.778,0.243,0.33,0.711,0.33,0.147,0.33,0.151,0.1,0.309,0.121,0.158,0.801,0.421,0.223,0.126,0.146,0.158,0.582,0.037,0.205,0.093,,,0.243,0.814,0.834,0.039,0.902,0.03,,,,,,,,,,,,0.297,,,0.293,,0.3773111,,0.175,0.119,0.317,0.6,0.736,0.44,0.356,,,0.581,0.459,,0.051,0.671,0.33,,0.052,0.274,0.25,0.413,0.27,0.331,0.306,0.184,0.439,0.274,0.201,0.637,0.559,0.694,0.855,0.237,0.399,0.121,,,0.128,0.33,0.33,0.089,0.385,0.136,0.121,0.113,,0.355,,0.852,0.84,0.176,,0.072,,0.414,0.121,0.418,0.274,0.395
1914,0.124,0.04,0.451,,0.773,,0.892,0.644,0.312,,0.53,0.165,,0.317,0.59,0.075,,0.312,0.357,0.464,0.517,0.138,0.223,,0.827,0.92,0.621,0.465,0.207,,0.027,0.123,0.523,,0.114,0.727,0.735,0.344,0.644,0.56,0.078,0.936,0.511,0.148,0.624,0.373,0.069,0.541,0.312,0.059,0.495,0.589,0.796,0.04,0.847,0.312,0.428,0.179,0.298,0.094,0.062,0.62,0.081,0.557,0.58,0.18,,0.3,0.549,0.167,0.317,0.847,0.325,0.108,0.907,0.108,0.65,0.621,,0.479,0.312,0.041,0.312,0.182,0.05,0.298,0.175,,0.478,0.052,0.778,0.243,0.312,0.405,0.312,0.147,0.312,0.151,0.1,0.302,0.425,0.158,0.801,0.421,0.223,0.126,0.146,0.158,0.57,0.037,0.205,0.093,,0.454,0.243,0.814,0.822,0.039,0.89,0.03,,,,,,,,,,,,0.357,,,0.293,,0.36927205,,0.175,0.119,0.317,0.6,0.695,0.44,0.356,,,0.563,0.459,,0.051,0.669,0.312,,0.052,0.274,0.25,0.413,0.257,0.331,0.303,0.184,0.425,0.274,0.201,0.637,0.549,0.644,0.857,0.237,0.399,0.108,,,0.128,0.312,0.312,0.089,0.385,0.136,0.108,0.113,0.272,0.355,,0.847,0.83,0.176,,0.064,,0.414,0.108,0.418,0.274,0.395
1915,0.124,0.04,0.384,,0.773,,0.878,0.644,0.302,,0.527,0.165,,0.317,0.578,0.075,,0.302,0.357,0.464,0.517,0.138,0.223,,0.827,0.915,0.621,0.463,0.207,,0.027,0.123,0.523,,0.114,0.727,0.735,0.344,0.644,0.546,0.078,0.94,0.511,0.148,0.624,0.357,0.069,0.541,0.302,0.059,0.495,0.589,0.796,0.04,0.847,0.302,0.428,0.179,0.298,0.088,0.062,0.605,0.081,0.557,0.58,0.18,,0.302,0.549,0.167,0.317,0.847,0.325,0.105,0.907,0.105,0.595,0.621,,0.479,0.302,0.041,0.302,0.182,0.05,0.298,0.175,,0.478,0.052,0.778,0.243,0.302,0.405,0.302,0.147,0.302,0.151,0.1,0.335,0.332,0.158,0.801,0.421,0.206,0.126,0.146,0.158,0.57,0.037,0.205,0.098,,0.454,0.243,0.814,0.822,0.039,0.879,0.03,,,,,,,,,,,,0.357,,,0.293,,0.36677942,,0.175,0.119,0.317,0.6,0.693,0.44,0.337,,,0.542,0.461,,0.051,0.669,0.302,,0.052,0.274,0.25,0.413,0.257,0.331,0.297,0.184,0.332,0.274,0.201,0.637,0.549,0.644,0.86,0.237,0.399,0.105,,,0.128,0.302,0.302,0.089,0.385,0.136,0.105,0.114,0.272,0.355,,0.851,0.83,0.176,,0.062,,0.414,0.105,0.418,0.274,0.395
1916,0.124,0.04,0.448,,0.809,,0.855,0.644,0.304,0.092,0.527,0.165,,0.317,0.574,0.075,,0.304,0.357,0.464,0.517,0.138,0.223,,0.827,0.915,0.621,0.472,0.207,,0.027,0.123,0.523,,0.114,0.727,0.735,0.344,0.644,0.548,0.078,0.94,0.324,0.148,0.607,0.357,0.069,0.541,0.304,0.059,0.495,0.589,0.796,0.04,0.847,0.304,0.428,0.179,0.298,0.088,0.062,0.6,0.081,0.557,0.58,0.183,,0.291,0.549,0.167,0.317,0.847,0.325,0.098,0.907,0.098,0.575,0.621,,0.479,0.304,0.041,0.304,0.182,0.05,0.303,0.175,,0.478,0.052,0.778,0.243,0.304,0.411,0.304,0.147,0.304,0.151,0.1,0.371,0.327,0.158,0.801,0.421,0.197,0.126,0.146,0.158,0.57,0.037,0.205,0.103,,0.454,0.243,0.814,0.822,0.039,0.879,0.03,,,,,,,,,,,,0.357,,,0.293,,0.35952517,,0.175,0.119,0.317,0.6,0.715,0.44,0.337,,,0.512,0.461,,0.051,0.636,0.304,0.083,0.052,0.274,0.25,0.413,0.257,0.331,0.297,0.184,0.327,0.274,0.201,0.637,0.549,0.644,0.86,0.237,0.399,0.098,,0.087,0.128,0.304,0.304,0.089,0.385,0.136,0.098,0.114,0.272,0.355,,0.861,0.823,0.176,,0.05,,0.414,0.098,0.418,0.274,0.395
1917,0.124,0.04,0.448,,0.845,,0.855,0.644,0.294,0.092,0.527,0.165,,0.317,0.574,0.075,,0.294,0.367,0.464,0.517,0.138,0.223,,0.827,0.915,0.621,0.48,0.207,,0.027,0.123,0.523,,0.114,0.629,0.735,0.344,0.644,0.548,0.078,0.94,0.268,0.148,0.601,0.357,0.069,0.541,0.294,0.059,0.547,0.589,0.796,0.04,0.847,0.294,0.428,0.179,0.298,0.088,0.062,0.616,0.073,0.557,0.58,0.161,,0.291,0.549,0.167,0.317,0.847,0.325,0.098,0.907,0.098,0.575,0.621,,0.479,0.294,0.041,0.294,0.182,0.05,0.303,0.175,,0.478,0.052,0.778,0.243,0.294,0.433,0.294,0.147,0.294,0.151,0.1,0.378,0.327,0.158,0.801,0.421,0.189,0.126,0.146,0.158,0.57,0.037,0.205,0.103,,0.454,0.236,0.814,0.814,0.039,0.871,0.03,,,,,,,,,,,,0.357,,,0.293,,0.35905755,,0.175,0.119,0.317,0.6,0.715,0.464,0.337,,,0.509,0.461,,0.054,0.636,0.294,0.083,0.052,0.274,0.25,0.413,0.257,0.331,0.297,0.184,0.327,0.274,0.201,0.637,0.549,0.644,0.871,0.237,0.399,0.098,,0.087,0.128,0.294,0.294,0.089,0.4,0.136,0.098,0.119,0.266,0.355,,0.861,0.789,0.176,,0.05,,0.414,0.098,0.418,0.274,0.395
1918,0.124,0.04,0.455,,0.845,0.081,0.872,0.669,0.081,0.092,0.626,0.165,,0.317,0.574,0.075,,0.081,0.367,0.464,0.517,0.138,0.223,,0.827,0.915,0.621,0.48,0.207,,0.027,0.123,0.523,,0.114,0.629,0.735,0.344,0.92,0.576,0.078,0.94,0.268,0.148,0.53,0.357,0.069,0.541,0.751,0.059,0.551,0.589,0.796,0.04,0.847,0.081,0.428,0.179,0.298,0.088,0.062,0.616,0.073,0.557,0.58,0.161,,0.291,0.57,0.167,0.317,0.847,0.325,0.122,0.907,0.122,0.58,0.621,,0.488,0.081,0.041,0.081,0.182,0.05,0.303,0.172,0.511,0.478,0.052,0.778,0.243,0.73,0.492,0.081,0.147,0.081,0.151,0.1,0.378,0.333,0.158,0.801,0.421,0.151,0.115,0.146,0.158,0.57,0.037,0.205,0.103,,0.454,0.236,0.814,0.823,0.039,0.871,0.03,,,,,,,,,,,,0.357,,,0.293,,0.3707687,0.053,0.175,0.119,0.317,0.6,0.715,0.47,0.337,0.856,,0.454,0.461,0.284,0.064,0.636,0.081,0.083,0.052,0.274,0.25,0.413,0.257,0.331,0.297,0.184,0.333,0.274,0.201,0.637,0.57,0.669,0.874,0.237,0.399,0.526,,0.087,0.128,0.081,0.081,0.089,0.407,0.139,0.122,0.119,0.266,0.355,,0.878,0.784,0.176,,0.05,,0.414,,0.418,0.274,0.395
1919,0.154,0.04,0.471,,0.827,0.059,0.901,0.84,0.059,0.092,0.883,0.165,0.32,0.317,0.584,0.075,0.432,0.059,0.367,0.464,0.517,0.138,0.223,,0.858,0.915,0.621,0.48,0.209,,0.027,0.123,0.523,,0.114,0.629,0.735,0.344,0.92,0.822,0.078,0.944,0.268,0.148,0.53,0.37,0.069,0.541,0.756,0.059,0.707,0.589,0.83,0.04,0.873,0.059,0.428,0.179,0.298,0.088,0.062,0.614,0.073,0.557,0.58,0.172,,0.291,0.179,0.187,0.317,0.676,0.325,0.214,0.907,0.214,0.644,0.621,,0.488,0.059,0.041,0.059,0.182,0.059,0.309,0.167,0.507,0.478,0.052,0.778,0.243,0.776,0.631,0.059,0.155,0.059,0.151,0.1,0.378,0.432,0.158,0.801,0.421,,0.115,0.146,0.158,0.582,0.037,0.205,0.103,,0.442,0.236,0.827,0.823,0.04,0.923,0.033,,,,,,,,,,,,0.357,,,0.293,,0.38338515,0.053,0.175,0.119,0.317,0.612,0.661,0.47,0.337,0.86,,0.555,0.461,0.294,0.064,0.654,0.059,0.083,0.052,0.274,0.25,0.413,0.257,0.331,0.297,0.184,0.432,0.274,0.201,0.637,0.92,0.432,0.892,0.237,0.399,0.521,,0.087,0.128,0.059,0.059,0.089,0.468,0.155,0.214,0.119,0.274,0.355,,0.882,0.81,0.176,,0.05,,0.414,,0.418,0.274,0.418
1920,0.222,0.04,0.567,,0.841,0.059,0.916,0.84,0.059,0.088,0.892,0.165,0.32,0.317,0.596,0.088,0.431,0.059,0.361,0.464,0.517,0.138,0.226,0.122,0.867,0.927,0.621,0.468,0.209,,0.038,0.123,0.523,,0.114,0.736,0.735,0.344,0.92,0.85,0.078,0.951,0.268,0.148,0.52,0.361,0.069,0.54,0.827,0.059,0.742,0.589,0.878,0.04,0.877,0.059,0.428,0.179,0.298,0.083,0.062,0.597,0.129,0.557,0.58,0.168,,0.291,0.407,0.187,0.317,0.688,0.333,0.429,0.904,,0.644,0.605,,0.488,0.059,0.042,0.059,0.182,0.064,0.318,0.167,0.507,0.478,0.052,0.813,0.243,0.779,0.737,0.832,0.155,,0.151,0.1,0.381,0.431,0.158,0.801,0.425,,0.115,0.146,0.158,0.582,0.037,0.205,0.106,,0.442,0.24,0.827,0.83,0.035,0.928,0.033,,,,,,,,,,,,0.369,,,0.293,,0.38811922,0.053,0.175,0.119,0.317,0.612,0.535,0.474,0.337,0.86,,0.599,0.461,0.294,0.064,0.656,0.059,0.083,0.052,0.273,0.25,0.413,0.293,0.331,0.297,0.184,0.431,0.273,0.201,0.639,0.92,0.431,0.896,0.237,0.399,,0.058,0.087,0.128,0.059,0.059,0.089,0.468,0.155,0.219,0.119,0.274,0.355,,0.882,0.837,0.176,,0.05,,0.414,,0.418,0.274,0.396
1921,0.222,0.04,0.567,,0.841,0.044,0.916,0.834,0.044,0.088,0.892,0.165,0.32,0.317,0.581,0.088,0.429,0.044,0.356,0.464,0.517,0.138,0.226,0.122,0.841,0.927,0.621,0.472,0.209,,0.038,0.123,0.523,,0.114,0.736,0.735,0.344,0.92,0.85,0.078,0.951,0.268,0.148,0.52,0.361,0.069,0.54,0.905,0.059,0.746,0.589,0.878,0.04,0.877,0.044,0.428,0.179,0.298,0.083,0.062,0.587,0.206,0.557,0.58,0.157,,0.291,0.45,0.187,0.317,0.688,0.234,0.435,0.904,,0.644,0.605,,0.47,0.044,0.041,0.044,0.182,0.064,0.314,0.167,0.507,0.478,0.052,0.813,0.243,0.759,0.737,0.831,0.155,,0.129,0.1,0.383,0.429,0.166,0.801,0.446,,0.089,0.146,0.158,0.582,0.037,0.205,0.106,,0.442,0.24,0.827,0.83,0.035,0.925,0.033,,,,,,,,,,,,0.369,,,0.293,,0.38873333,0.053,0.175,0.119,0.317,0.612,0.525,0.474,0.337,0.857,,0.611,0.461,0.294,0.064,0.682,0.044,0.083,0.052,0.275,0.25,0.413,0.293,0.331,0.297,0.184,0.429,0.275,0.201,0.639,0.92,0.429,0.896,0.237,0.399,,0.058,0.087,0.128,0.044,0.044,0.089,0.468,0.155,0.219,0.122,0.274,0.254,,0.882,0.829,0.044,,0.05,,0.414,,0.418,0.274,0.396
1922,0.222,0.04,0.567,,0.841,0.044,0.916,0.834,0.044,0.088,0.892,0.165,0.319,0.317,0.581,0.088,0.424,0.044,0.356,0.462,0.517,0.138,0.226,0.122,0.841,0.927,0.621,0.472,0.209,,0.038,0.123,0.523,,0.114,0.736,0.735,0.344,0.924,0.833,0.078,0.951,0.268,0.148,0.514,0.361,0.069,0.523,0.89,0.059,0.746,0.589,0.878,0.04,0.877,0.044,0.428,0.179,0.298,0.083,0.062,0.582,0.204,0.557,0.576,0.159,,0.291,0.479,0.187,0.317,0.725,0.216,0.435,0.904,,0.478,0.605,0.297,0.47,0.044,0.041,0.044,0.182,0.064,0.314,0.167,0.52,0.478,0.052,0.813,0.243,0.77,0.737,0.834,0.155,,0.129,0.1,0.383,0.424,0.166,0.816,0.527,,0.062,0.146,0.158,0.582,0.037,0.205,0.106,0.058,0.518,0.24,0.827,0.83,0.035,0.931,0.033,,,,,,,,,,,,0.369,,,0.293,,0.38518953,0.053,0.175,0.119,0.317,0.612,0.525,0.474,0.337,0.857,,0.607,0.452,0.294,0.064,0.682,0.044,0.083,0.052,0.275,0.25,0.413,0.293,0.331,0.297,0.184,0.424,0.275,0.201,0.639,0.924,0.424,0.907,0.237,0.399,0.279,0.058,0.087,0.128,0.044,0.044,0.089,0.468,0.155,0.219,0.122,0.274,0.254,,0.882,0.829,0.044,,0.05,,0.414,,0.418,0.274,0.396
1923,0.222,0.04,0.567,,0.857,0.04,0.916,0.834,0.04,0.088,0.892,0.165,0.319,0.317,0.481,0.088,0.424,0.04,0.356,0.455,0.517,0.138,0.226,0.122,0.841,0.927,0.621,0.472,0.209,,0.038,0.123,0.494,,0.114,0.736,0.735,0.344,0.924,0.82,0.078,0.951,0.268,0.146,0.523,0.374,0.069,0.214,0.89,0.059,0.738,0.589,0.878,0.04,0.877,0.04,0.428,0.179,0.298,0.083,0.062,0.583,0.208,0.557,0.576,0.159,,0.291,0.495,0.187,0.317,0.766,0.189,0.435,0.904,,0.369,0.605,0.318,0.47,0.04,0.041,0.04,0.182,0.064,0.314,0.167,0.52,0.478,0.052,0.813,0.243,0.77,0.737,0.834,0.155,,0.129,0.1,0.383,0.424,0.166,0.816,0.527,,0.055,0.146,0.158,0.582,0.037,0.205,0.115,0.058,0.533,0.243,0.827,0.83,0.035,0.931,0.031,,,,,,,,,,,,0.369,,,0.293,,0.38208497,0.053,0.175,0.119,0.317,0.612,0.525,0.474,0.337,0.855,,0.607,0.452,0.294,0.064,0.682,0.04,0.083,0.052,0.275,0.25,0.413,0.293,0.331,0.297,0.184,0.424,0.275,0.201,0.639,0.924,0.424,0.907,0.237,0.399,0.279,0.058,0.087,0.128,0.04,0.04,0.089,0.468,0.145,0.158,0.122,0.274,0.254,,0.882,0.829,0.04,,0.05,,0.414,,0.418,0.294,0.443
1924,0.223,0.04,0.523,,0.857,0.039,0.916,0.834,0.039,0.088,0.892,0.165,0.319,0.317,0.458,0.129,0.424,0.039,0.356,0.455,0.517,0.138,0.226,0.122,0.841,0.927,0.608,0.472,0.209,,0.038,0.123,0.463,,0.114,0.736,0.735,0.344,0.924,0.809,0.078,0.951,0.268,0.146,0.523,0.385,0.069,0.142,0.875,0.059,0.738,0.589,0.878,0.04,0.877,0.039,0.428,0.179,0.298,0.083,0.062,0.583,0.195,0.557,0.576,0.147,,0.291,0.507,0.187,0.317,0.856,0.203,0.437,0.904,,0.266,0.605,0.318,0.47,0.039,0.041,0.039,0.182,0.064,0.314,0.167,0.518,0.478,0.052,0.813,0.243,0.76,0.737,0.845,0.155,,0.129,0.1,0.383,0.424,0.166,0.816,0.527,,0.05,0.143,0.158,0.582,0.037,0.205,0.115,0.058,0.533,0.243,0.827,0.83,0.035,0.931,0.031,,,,,,,,,,,,0.369,,,0.293,,0.38115686,0.053,0.175,0.119,0.317,0.612,0.525,0.474,0.337,0.855,,0.611,0.515,0.294,0.064,0.643,0.039,0.083,0.052,0.275,0.25,0.413,0.293,0.331,0.297,0.184,0.424,0.275,0.201,0.639,0.924,0.424,0.914,0.237,0.399,0.279,0.058,0.087,0.128,0.039,0.039,0.089,0.468,0.145,0.151,0.122,0.274,0.254,,0.882,0.829,0.039,,0.05,,0.414,,0.418,0.3,0.443
1925,0.195,0.04,0.359,,0.857,0.034,0.916,0.841,0.034,0.088,0.892,0.165,0.319,0.317,0.447,0.129,0.424,0.034,0.356,0.455,0.517,0.138,0.226,0.122,0.848,0.927,0.573,0.472,0.209,,0.038,0.123,0.463,,0.114,0.736,0.724,0.344,0.924,0.803,0.078,0.951,0.426,0.146,0.557,0.385,0.069,0.142,0.866,0.059,0.738,0.589,0.87,0.04,0.877,0.034,0.428,0.179,0.293,0.083,0.062,0.491,0.195,0.557,0.576,0.142,,0.291,0.519,0.187,0.317,0.856,0.095,0.461,0.904,,0.113,0.605,0.318,0.455,0.034,0.041,0.034,0.182,0.064,0.314,0.167,0.521,0.478,0.052,0.813,0.243,0.76,0.737,0.845,0.165,,0.129,0.1,0.383,0.424,0.166,0.816,0.527,,0.048,0.143,0.158,0.582,0.037,0.205,0.115,0.058,0.533,0.243,0.827,0.83,0.035,0.931,0.031,,,,,,,,,,,,0.369,,,0.293,,0.37832025,0.053,0.175,0.129,0.317,0.612,0.483,0.474,0.337,0.855,,0.61,0.515,0.294,0.064,0.667,0.034,0.083,0.052,0.275,0.25,0.413,0.293,0.331,0.297,0.184,0.424,0.275,0.201,0.639,0.924,0.424,0.914,0.237,0.399,0.279,0.058,0.087,0.128,0.034,0.034,0.089,0.478,0.149,0.12,0.122,0.274,0.254,,0.882,0.829,0.034,,0.05,,0.414,,0.418,0.294,0.443
1926,0.195,0.04,0.342,,0.857,0.031,0.916,0.841,0.031,0.105,0.892,0.165,0.319,0.317,0.485,0.129,0.424,0.031,0.356,0.455,0.517,0.138,0.226,0.122,0.848,0.927,0.569,0.472,0.209,,0.038,0.123,0.463,,0.102,0.736,0.731,0.344,0.924,0.812,0.078,0.951,0.426,0.147,0.565,0.385,0.069,0.142,0.891,0.059,0.738,0.589,0.87,0.04,0.877,0.031,0.428,0.179,0.298,0.043,0.062,0.491,0.195,0.557,0.576,0.141,,0.291,0.519,0.177,0.317,0.856,0.103,0.462,0.904,,0.061,0.605,0.318,0.435,0.031,0.04,0.031,0.182,0.064,0.314,0.167,0.519,0.478,0.052,0.813,0.243,0.696,0.737,0.845,0.165,,0.129,0.1,0.353,0.424,0.166,0.816,0.527,,0.048,0.136,0.158,0.582,0.037,0.205,0.115,0.058,0.533,0.243,0.827,0.83,0.035,0.931,0.031,,,,,,,,,,,,0.369,,,0.293,,0.37397385,0.053,0.175,0.129,0.317,0.612,0.483,0.474,0.337,0.794,,0.22,0.515,0.294,0.064,0.663,0.031,0.083,0.052,0.275,0.25,0.413,0.293,0.331,0.297,0.184,0.424,0.275,0.165,0.639,0.924,0.424,0.914,0.237,0.399,0.279,0.058,0.087,0.128,0.031,0.031,0.081,0.478,0.149,0.098,0.122,0.274,0.254,,0.882,0.829,0.031,,0.05,,0.414,,0.418,0.294,0.443
1927,0.195,0.04,0.348,,0.857,0.027,0.916,0.841,0.027,0.105,0.892,0.165,0.319,0.317,0.485,0.129,0.425,0.027,0.356,0.46,0.517,0.138,0.226,0.122,0.848,0.927,0.514,0.431,0.209,,0.038,0.123,0.463,,0.102,0.736,0.731,0.344,0.924,0.812,0.078,0.951,0.538,0.155,0.565,0.385,0.069,0.142,0.891,0.059,0.738,0.589,0.87,0.04,0.873,0.027,0.428,0.179,0.298,0.034,0.062,0.576,0.195,0.557,0.576,0.147,,0.291,0.516,0.177,0.317,0.856,0.082,0.454,0.904,,0.053,0.605,0.318,0.435,0.027,0.04,0.027,0.182,0.064,0.314,0.169,0.519,0.478,0.052,0.813,0.243,0.393,0.737,0.845,0.165,,0.129,0.1,0.353,0.425,0.166,0.816,0.527,,0.048,0.136,0.158,0.582,0.037,0.205,0.115,0.058,0.533,0.235,0.827,0.83,0.035,0.931,0.027,,,,,,,,,,,,0.369,,,0.293,,0.3710392,0.053,0.175,0.129,0.317,0.612,0.483,0.474,0.337,0.655,,0.127,0.515,0.294,0.064,0.671,0.027,0.083,0.052,0.282,0.25,0.413,0.293,0.331,0.33,0.184,0.425,0.282,0.145,0.639,0.924,0.425,0.914,0.237,0.399,0.279,0.058,0.087,0.126,0.027,0.027,0.081,0.478,0.149,0.098,0.122,0.274,0.254,,0.882,0.829,0.027,,0.05,,0.414,,0.418,0.294,0.443
1928,0.195,0.04,0.348,,0.857,0.026,0.916,0.838,0.026,0.105,0.892,0.165,0.319,0.317,0.494,0.129,0.399,0.026,0.356,0.46,0.517,0.138,0.226,0.122,0.848,0.927,0.499,0.391,0.209,,0.038,0.123,0.463,,0.102,0.736,0.698,0.344,0.924,0.812,0.078,0.951,0.538,0.155,0.565,0.385,0.069,0.142,0.891,0.059,0.738,0.589,0.87,0.04,0.873,0.026,0.428,0.179,0.298,0.034,0.062,0.582,0.195,0.547,0.576,0.147,,0.291,0.516,0.17,0.317,0.856,0.082,0.457,0.904,,0.053,0.605,0.318,0.435,0.026,0.062,0.026,0.182,0.064,0.314,0.169,0.519,0.478,0.052,0.813,0.243,0.377,0.737,0.845,0.159,,0.129,0.1,0.353,0.399,0.166,0.816,0.527,,0.048,0.136,0.158,0.582,0.037,0.205,0.115,0.058,0.533,0.235,0.827,0.83,0.035,0.931,0.027,,,,,,,,,,,,0.369,,,0.293,,0.37030718,0.053,0.175,0.129,0.317,0.612,0.483,0.474,0.337,0.642,,0.127,0.512,0.294,0.064,0.671,0.026,0.083,0.052,0.282,0.25,0.413,0.293,0.331,0.33,0.184,0.399,0.282,0.145,0.639,0.924,0.399,0.914,0.237,0.399,0.279,0.058,0.087,0.126,0.026,0.026,0.081,0.493,0.149,0.098,0.129,0.273,0.254,,0.882,0.829,0.026,,0.05,,0.414,,0.418,0.294,0.443
1929,0.205,0.04,0.348,,0.851,0.023,0.916,0.838,0.023,0.105,0.892,0.165,0.319,0.317,0.494,0.129,0.326,0.023,0.356,0.46,0.517,0.138,0.226,0.122,0.851,0.927,0.478,0.376,0.209,,0.038,0.123,0.463,,0.102,0.727,0.616,0.344,0.924,0.815,0.078,0.951,0.538,0.155,0.575,0.385,0.069,0.142,0.891,0.059,0.732,0.589,0.87,0.04,0.873,0.023,0.428,0.179,0.298,0.026,0.062,0.58,0.195,0.547,0.576,0.202,,0.291,0.516,0.17,0.317,0.856,0.082,0.457,0.904,,0.053,0.605,0.331,0.435,0.023,0.062,0.023,0.182,0.064,0.314,0.169,0.519,0.478,0.052,0.813,0.243,0.377,0.737,0.845,0.159,,0.129,0.1,0.37,0.326,0.166,0.816,0.527,,0.048,0.136,0.158,0.582,0.037,0.205,0.115,0.058,0.533,0.235,0.827,0.83,0.035,0.931,0.027,,,,,,,,,,,,0.369,,,0.293,,0.36937907,0.053,0.175,0.129,0.317,0.612,0.483,0.474,0.337,0.631,,0.127,0.504,0.294,0.064,0.66,0.023,0.083,0.052,0.282,0.25,0.413,0.293,0.331,0.33,0.184,0.326,0.282,0.145,0.639,0.924,0.326,0.914,0.237,0.399,0.279,0.058,0.087,0.126,0.023,0.023,0.081,0.493,0.149,0.098,0.129,0.273,0.254,,0.882,0.829,0.023,,0.05,,0.414,,0.418,0.296,0.443
1930,0.195,0.04,0.352,,0.559,0.018,0.919,0.824,0.018,0.105,0.887,0.165,0.319,0.317,0.499,0.164,0.306,0.018,0.356,0.386,0.517,0.138,0.226,0.122,0.852,0.927,0.487,0.361,0.209,,0.038,0.123,0.483,,0.102,0.727,0.616,0.336,0.904,0.79,0.078,0.948,0.106,0.155,0.57,0.37,0.069,0.164,0.879,0.059,0.636,0.589,0.87,0.043,0.875,0.018,0.428,0.179,0.298,0.023,0.062,0.584,0.162,0.547,0.576,0.209,,0.291,0.523,0.17,0.317,0.856,0.082,0.457,0.904,,0.053,0.617,0.331,0.41,0.018,0.062,0.018,0.182,0.064,0.314,0.169,0.519,0.478,0.052,0.79,0.243,0.377,0.737,0.845,0.159,,0.129,0.1,0.37,0.306,0.166,0.816,0.527,,0.048,0.131,0.158,0.571,0.037,0.205,0.115,0.061,0.533,0.22,0.827,0.83,0.035,0.931,0.027,,,,,,,,,,,,0.369,,,0.293,,0.3626144,0.051,0.184,0.167,0.317,0.612,0.449,0.474,0.337,0.552,,0.127,0.49,0.294,0.064,0.602,0.018,0.083,0.052,0.291,0.267,0.413,0.293,0.331,0.325,0.184,0.306,0.291,0.145,0.639,0.904,0.306,0.914,0.237,0.399,0.356,0.058,0.087,0.126,0.018,0.018,0.081,0.493,0.149,0.109,0.117,0.284,0.254,,0.882,0.829,0.018,,0.051,,0.44,,0.418,0.295,0.443
1931,0.197,0.04,0.352,,0.297,0.018,0.919,0.824,0.018,0.105,0.887,0.165,0.319,0.317,0.539,0.164,0.319,0.018,0.36,0.306,0.517,0.138,0.226,0.122,0.839,0.927,0.487,0.361,0.209,,0.038,0.123,0.505,,0.102,0.738,0.603,0.286,0.896,0.79,0.078,0.948,0.042,0.155,0.57,0.361,0.069,0.769,0.891,0.059,0.638,0.589,0.87,0.043,0.875,0.018,0.428,0.179,0.298,0.023,0.062,0.584,0.067,0.547,0.576,0.209,,0.291,0.541,0.157,0.317,0.856,0.082,0.443,0.904,,0.049,0.617,0.331,0.403,0.018,0.062,0.018,0.182,0.064,0.314,0.169,0.519,0.478,0.052,0.827,0.243,0.381,0.737,0.845,0.159,,0.129,0.1,0.37,0.319,0.166,0.816,0.527,,0.048,0.131,0.158,0.571,0.037,0.205,0.115,0.061,0.533,0.22,0.827,0.83,0.035,0.931,0.031,,,,,,,,,,,,0.369,,,0.293,,0.36366665,0.051,0.184,0.167,0.317,0.61,0.484,0.474,0.337,0.559,,0.116,0.49,0.294,0.064,0.614,0.018,0.087,0.052,0.291,0.267,0.413,0.293,0.331,0.255,0.184,0.319,0.291,0.145,0.639,0.896,0.319,0.911,0.237,0.399,0.386,0.058,0.087,0.126,0.018,0.018,0.081,0.493,0.149,0.097,0.124,0.284,0.254,,0.882,0.851,0.018,,0.051,,0.44,,0.418,0.295,0.443
1932,0.197,0.04,0.352,,0.37,0.018,0.919,0.824,0.018,0.105,0.887,0.165,,0.317,0.539,0.164,0.36,0.018,0.289,0.303,0.517,0.138,0.226,0.137,0.839,0.927,0.56,0.361,0.209,,0.038,0.123,0.539,,0.085,0.738,0.603,0.28,0.896,0.764,0.078,0.948,0.042,0.155,0.541,0.361,0.069,0.902,0.874,0.059,0.65,0.589,0.87,0.043,0.875,0.018,0.428,0.179,0.298,0.023,0.062,0.584,0.056,0.547,0.607,0.184,,0.291,0.534,0.157,0.317,0.856,0.079,0.433,0.904,,0.045,0.617,0.331,0.403,0.018,0.062,0.018,0.182,0.064,0.314,0.169,0.514,0.471,0.052,0.827,0.243,0.381,0.737,0.845,0.159,,0.129,0.1,0.37,0.36,0.166,0.816,0.527,,0.048,0.131,0.158,0.571,0.037,0.205,0.115,0.061,0.533,0.22,0.827,0.83,0.041,0.916,0.031,,,,,,,,,,,,0.369,,,0.293,,0.36399344,0.051,0.184,0.167,0.317,0.62,0.503,0.468,0.337,0.559,,0.116,0.477,0.294,0.064,0.614,0.018,0.087,0.051,0.291,0.267,0.413,0.293,0.331,0.094,0.184,0.36,0.291,0.145,0.639,0.896,0.36,0.911,0.237,0.399,0.392,0.058,0.087,0.118,0.018,0.018,0.081,0.493,0.149,0.097,0.124,0.284,0.254,,0.872,0.858,0.018,,0.051,,0.44,,0.418,0.295,0.443
1933,0.197,0.04,0.352,,0.525,0.018,0.919,0.424,0.018,0.105,0.887,0.165,,0.317,0.539,0.164,0.368,0.018,0.275,0.303,0.517,0.138,0.218,0.124,0.839,0.927,0.61,0.361,0.209,,0.038,0.123,0.539,,0.066,0.738,0.65,0.28,0.877,0.192,0.078,0.929,0.042,0.155,0.541,0.361,0.069,0.902,0.777,0.059,0.655,0.589,0.87,0.043,0.875,0.018,0.428,0.179,0.298,0.023,0.062,0.548,0.056,0.547,0.607,0.11,,0.291,0.534,0.157,0.317,0.856,0.074,0.434,0.904,,0.045,0.617,0.331,0.389,0.018,0.062,0.018,0.182,0.064,0.314,0.169,0.518,0.471,0.052,0.827,0.243,0.381,0.737,0.845,0.159,,0.129,0.1,0.37,0.368,0.166,0.816,0.527,,0.048,0.131,0.158,0.571,0.037,0.205,0.115,0.061,0.533,0.159,0.827,0.83,0.035,0.931,0.035,,,,,,,,,,,,0.369,,,0.293,,0.35433552,0.051,0.184,0.167,0.317,0.62,0.509,0.468,0.337,0.559,,0.101,0.471,0.294,0.064,0.609,0.018,0.087,0.05,0.291,0.267,0.413,0.293,0.331,0.086,0.184,0.368,0.291,0.145,0.639,0.877,0.368,0.911,0.237,0.399,0.392,0.058,0.087,0.132,0.018,0.018,0.081,0.493,0.149,0.097,0.124,0.284,0.245,,0.491,0.863,0.018,,0.051,,0.44,,0.418,0.295,0.443
1934,0.206,0.04,0.352,,0.532,0.015,0.919,0.193,0.015,0.105,0.887,0.165,,0.317,0.363,0.164,0.368,0.015,0.266,0.306,0.517,0.138,0.26,0.124,0.839,0.927,0.61,0.36,0.211,,0.038,0.123,0.539,,0.066,0.738,0.725,0.28,0.872,0.029,0.078,0.925,0.042,0.155,0.541,0.361,0.069,0.902,0.474,0.059,0.655,0.589,0.871,0.043,0.875,0.015,0.428,0.179,0.298,0.023,0.062,0.548,0.056,0.547,0.607,0.095,,0.28,0.534,0.157,0.317,0.856,0.067,0.434,0.904,,0.045,0.617,0.331,0.365,0.015,0.062,0.015,0.182,0.064,0.314,0.169,0.518,0.471,0.047,0.827,0.243,0.381,0.737,0.584,0.159,,0.129,0.098,0.406,0.368,0.166,0.816,0.527,,0.048,0.131,0.158,0.571,0.037,0.205,0.115,0.061,0.549,0.126,0.827,0.83,0.035,0.931,0.035,,,,,,,,,,,,0.369,,,0.293,,0.34708554,0.051,0.184,0.167,0.317,0.62,0.52,0.468,0.337,0.559,,0.083,0.471,0.294,0.064,0.605,0.015,0.087,0.05,0.291,0.267,0.413,0.293,0.331,0.086,0.184,0.368,0.291,0.145,0.639,0.872,0.368,0.911,0.237,0.399,0.392,0.058,0.087,0.145,0.015,0.015,0.081,0.493,0.127,0.097,0.124,0.284,0.245,,0.469,0.865,0.015,,0.051,,0.44,,0.418,0.295,0.443
1935,0.206,0.04,0.349,,0.542,0.015,0.919,0.169,0.015,0.105,0.887,0.165,,0.383,0.29,0.164,0.368,0.015,0.266,0.29,0.517,0.138,0.26,0.151,0.848,0.927,0.628,0.36,0.211,,0.038,0.123,0.539,,0.066,0.738,0.725,0.28,0.879,0.024,0.078,0.925,0.042,0.148,0.507,0.361,0.059,0.902,0.323,0.059,0.655,0.589,0.865,0.043,0.875,0.015,0.428,0.179,0.298,0.023,0.062,0.537,0.053,0.547,0.607,0.095,,0.278,0.534,0.157,0.383,0.856,0.067,0.434,0.904,,0.045,0.617,0.331,0.354,0.015,0.062,0.015,0.182,0.064,0.314,0.169,0.518,0.471,0.047,0.827,0.243,0.378,0.737,0.34,0.159,,0.129,0.098,0.427,0.368,0.166,0.801,0.541,,0.048,0.131,0.158,0.571,0.037,0.205,0.115,0.061,0.549,0.124,0.827,0.83,0.035,0.916,0.04,,,,,,,,,,,,0.369,,,0.362,,0.34498686,0.051,0.184,0.167,0.383,0.62,0.52,0.545,0.337,0.531,,0.083,0.471,0.294,0.064,0.605,0.015,0.087,0.05,0.291,0.267,0.413,0.293,0.331,0.086,0.184,0.368,0.291,0.145,0.639,0.879,0.368,0.911,0.237,0.399,0.392,0.058,0.087,0.145,0.015,0.015,0.081,0.493,0.146,0.097,0.124,0.284,0.245,,0.481,0.865,0.015,,0.051,,0.44,,0.418,0.285,0.443
1936,0.206,0.04,0.349,,0.552,0.015,0.919,0.169,0.015,0.105,0.887,0.165,,0.383,0.29,0.164,0.371,0.015,0.325,0.29,0.517,0.138,0.26,0.152,0.848,0.927,0.628,0.362,0.211,,0.038,0.123,0.539,,0.066,0.705,0.725,0.28,0.884,0.024,0.078,0.925,0.042,0.148,0.443,0.361,0.056,0.798,0.323,0.051,0.669,0.589,0.856,0.043,0.88,0.015,0.428,0.179,0.298,0.023,0.062,0.07,0.051,0.565,0.607,0.09,,0.278,0.534,0.157,0.383,0.856,0.067,0.422,0.904,,0.045,0.617,0.331,0.342,0.015,0.062,0.015,0.182,0.064,0.314,0.169,0.518,0.471,0.047,0.841,0.243,0.256,0.737,0.34,0.159,,0.167,0.098,0.427,0.371,0.166,0.801,0.541,,0.036,0.131,0.158,0.579,0.037,0.205,0.115,0.061,0.549,0.104,0.819,0.83,0.035,0.906,0.04,,,,,,,,,,,,0.369,,,0.362,,0.34150657,0.051,0.184,0.167,0.383,0.62,0.52,0.555,0.337,0.524,,0.086,0.446,0.294,0.064,0.605,0.015,0.087,0.05,0.291,0.267,0.413,0.293,0.331,0.086,0.184,0.371,0.291,0.145,0.639,0.884,0.371,0.899,0.237,0.399,0.395,0.058,0.087,0.15,0.015,0.015,0.081,0.493,0.143,0.097,0.124,0.284,0.245,,0.513,0.861,0.015,,0.234,,0.44,,0.418,0.285,0.443
1937,0.206,0.04,0.335,,0.573,0.015,0.919,0.169,0.015,0.105,0.896,0.165,,0.383,0.29,0.164,0.371,0.015,0.325,0.141,0.517,0.138,0.26,0.152,0.848,0.927,0.634,0.362,0.211,,0.038,0.123,0.539,,0.066,0.705,0.725,0.28,0.884,0.024,0.078,0.925,0.042,0.148,0.437,0.361,0.056,0.549,0.323,0.051,0.681,0.589,0.856,0.043,0.88,0.015,0.428,0.179,0.298,0.023,0.062,0.06,0.051,0.565,0.607,0.086,,0.278,0.526,0.157,0.383,0.856,0.067,0.422,0.904,,0.046,0.617,0.331,0.243,0.015,0.062,0.015,0.182,0.064,0.324,0.169,0.518,0.471,0.047,0.841,0.243,0.255,0.737,0.345,0.165,,0.168,0.098,0.421,0.371,0.166,0.801,0.541,,0.036,0.131,0.158,0.619,0.037,0.205,0.115,0.061,0.549,0.104,0.819,0.83,0.035,0.906,0.04,,,,,,,,,,,,0.369,,,0.376,,0.33869737,0.051,0.184,0.167,0.383,0.62,0.52,0.555,0.337,0.524,,0.086,0.419,0.294,0.064,0.58,0.015,0.087,0.05,0.291,0.267,0.413,0.293,0.331,0.086,0.184,0.371,0.291,0.145,0.639,0.884,0.371,0.899,0.237,0.399,0.395,0.058,0.087,0.15,0.015,0.015,0.081,0.495,0.143,0.097,0.109,0.284,0.245,,0.513,0.861,0.015,,0.293,,0.44,,0.418,0.285,0.443
1938,0.213,0.04,0.335,,0.573,0.014,0.919,0.19,0.014,0.105,0.896,0.165,,0.383,0.29,0.164,0.371,0.014,0.325,0.103,0.553,0.138,0.26,0.152,0.866,0.927,0.603,0.399,0.211,,0.038,0.123,0.539,,0.066,0.705,0.725,0.28,0.787,0.024,0.078,0.925,0.042,0.148,0.459,0.361,0.056,0.549,0.363,0.051,0.681,0.589,0.856,0.043,0.88,0.014,0.428,0.179,0.298,0.023,0.062,0.06,0.051,0.571,0.607,0.086,,0.278,0.503,0.157,0.383,0.856,0.067,0.422,0.904,,0.046,0.636,0.331,0.232,0.014,0.062,0.014,0.182,0.064,0.324,0.169,0.518,0.471,0.047,0.841,0.243,0.256,0.737,0.345,0.165,,0.168,0.098,0.421,0.371,0.166,0.801,0.541,,0.036,0.131,0.158,0.619,0.037,0.205,0.115,0.061,0.549,0.104,0.819,0.83,0.035,0.906,0.04,,,,,,,,,,,,0.369,,,0.376,,0.3367434,0.051,0.184,0.167,0.383,0.62,0.52,0.555,0.337,0.509,,0.086,0.419,0.294,0.064,0.318,0.014,0.087,0.05,0.291,0.267,0.413,0.26,0.331,0.086,0.184,0.371,0.291,0.145,0.639,0.787,0.371,0.892,0.237,0.399,0.395,0.058,0.087,0.15,0.014,0.014,0.081,0.508,0.127,0.097,0.101,0.284,0.245,,0.527,0.861,0.014,,0.304,,0.44,,0.418,0.285,0.443
1939,0.213,0.04,0.176,,0.573,0.014,0.876,,0.014,0.105,0.896,0.165,,0.383,0.316,0.164,0.371,0.014,0.325,0.103,0.555,0.138,0.25,0.152,0.83,0.918,0.636,0.375,0.209,,0.038,0.123,0.539,,0.066,0.705,0.737,0.28,0.104,0.023,0.078,0.925,0.042,0.148,0.459,0.361,0.056,0.361,0.362,0.051,0.573,0.589,0.832,0.043,0.857,0.014,0.428,0.179,0.29,0.023,0.062,0.06,0.051,0.571,0.607,0.086,,0.278,0.486,0.157,0.383,0.851,0.067,0.418,0.904,,0.046,0.621,0.331,0.225,0.014,0.062,0.014,0.182,0.064,0.318,0.169,0.518,0.471,0.047,0.841,0.243,0.29,0.737,0.345,0.165,,0.159,0.098,0.464,0.371,0.166,0.788,0.541,,0.036,0.131,0.158,0.606,0.037,0.205,0.115,0.061,0.549,0.104,0.819,0.83,0.035,0.89,0.04,,,,,,,,,,,,0.369,,,0.376,,0.32710597,0.051,0.184,0.167,0.383,0.62,0.545,0.555,0.337,,,0.086,0.413,0.294,0.064,0.239,0.014,0.087,0.05,0.291,0.267,0.413,0.244,0.331,0.086,0.184,0.371,0.291,0.145,0.639,0.127,0.371,0.879,0.237,0.399,0.345,0.058,0.087,0.15,0.014,0.014,0.081,0.508,0.119,0.097,0.096,0.284,0.245,,0.73,0.85,0.014,,0.305,,0.44,,0.418,0.298,0.443
1940,0.213,0.04,0.079,,0.575,0.014,0.846,,0.014,0.129,0.475,0.165,,0.385,0.301,0.157,0.26,0.014,0.276,0.103,0.562,0.138,0.25,0.141,0.812,0.909,0.644,0.375,0.209,,0.038,0.123,0.539,,0.066,0.691,0.812,0.279,0.017,0.023,0.078,0.741,0.042,0.148,0.451,0.361,0.134,0.021,0.014,0.053,0.558,0.589,0.204,0.047,0.857,0.014,0.428,0.179,0.315,0.023,0.062,0.047,0.065,0.571,0.607,0.086,,0.282,0.429,0.139,0.385,0.851,0.067,0.426,0.883,,0.046,0.62,0.323,0.157,0.014,0.059,0.014,0.182,0.064,0.328,0.157,0.502,0.459,0.047,0.813,0.243,0.014,0.245,0.014,0.165,0.014,0.111,0.098,0.467,0.26,0.172,0.788,0.541,,0.041,0.131,0.158,0.619,0.037,0.182,0.117,0.065,0.549,0.104,0.384,0.254,0.038,0.877,0.04,,,,,,,,,,,,0.369,,,0.392,,0.30368918,0.051,0.201,0.167,0.385,0.62,0.665,0.555,0.337,,,0.086,0.334,0.294,0.065,0.239,0.014,0.086,0.05,0.291,0.267,0.413,0.273,0.331,0.101,0.166,0.26,0.291,0.153,0.634,0.116,0.26,0.864,0.237,0.399,0.349,0.058,0.087,0.149,0.014,0.014,0.081,0.526,0.113,0.102,0.096,0.284,0.245,,0.73,0.851,0.014,,0.34,,0.44,,0.418,0.305,0.443
1941,0.213,0.04,0.082,,0.575,0.014,0.849,,0.014,0.129,0.369,0.165,,0.385,0.278,0.157,0.116,0.014,0.276,0.103,0.562,0.138,0.25,0.141,0.805,0.909,0.644,0.375,0.203,,0.038,0.123,0.539,,0.066,0.697,0.812,0.306,0.017,0.023,0.078,0.679,0.042,0.148,0.436,0.361,0.227,0.021,0.014,0.058,0.558,0.589,0.187,0.047,0.857,0.014,0.428,0.179,0.315,0.023,0.062,0.048,0.065,0.571,0.515,0.086,0.031,0.282,0.361,0.139,0.385,0.851,0.115,0.401,0.883,,0.046,0.62,0.323,0.154,0.014,0.059,0.014,0.182,0.059,0.328,0.163,0.502,0.459,0.047,0.813,0.243,0.014,0.245,0.014,0.165,0.014,0.111,0.098,0.432,0.116,0.172,0.788,0.541,,0.045,0.131,0.158,0.619,0.037,0.182,0.117,0.065,0.549,0.104,0.312,0.245,0.038,0.877,0.04,,,,,,,,,,,,0.369,,,0.393,,0.29901344,0.051,0.201,0.167,0.385,0.616,0.665,0.463,0.337,,,0.086,0.325,0.294,0.065,0.239,0.014,0.086,0.05,0.291,0.267,0.413,0.273,0.331,0.101,0.211,0.116,0.291,0.153,0.634,0.116,0.116,0.864,0.237,0.399,0.353,0.058,0.1,0.149,0.014,0.014,0.081,0.526,0.113,0.102,0.086,0.284,0.245,,0.73,0.833,0.014,,0.477,,0.44,,0.418,0.307,0.443
1942,0.213,0.04,0.082,,0.575,0.014,0.861,,0.014,0.129,0.362,0.165,,0.385,0.278,0.157,0.08,0.014,0.276,0.103,0.562,0.138,0.25,0.141,0.805,0.909,0.644,0.375,0.203,,0.038,0.123,0.539,,0.066,0.697,0.812,0.329,0.017,0.023,0.078,0.669,0.042,0.148,0.436,0.361,0.623,0.021,0.014,0.068,0.546,0.589,0.187,0.047,0.857,0.014,0.428,0.179,0.315,0.023,0.062,0.063,0.065,0.571,0.414,0.086,0.031,0.282,0.358,0.089,0.385,0.851,0.354,0.396,0.883,,0.046,0.62,0.323,0.151,0.014,0.059,0.014,0.182,0.059,0.328,0.161,0.518,0.459,,0.813,0.243,0.014,0.245,0.014,0.165,0.014,0.111,0.098,0.432,0.08,0.172,0.788,0.323,,0.045,0.131,0.158,0.619,0.037,0.123,0.117,0.065,0.549,0.104,0.302,0.239,0.038,0.877,0.04,,,,,,,,,,,,0.369,,,0.393,,0.29966217,0.051,0.201,0.167,0.385,0.635,0.665,0.102,0.337,,,0.086,0.325,0.294,0.065,0.239,0.014,0.086,0.05,0.291,0.267,0.332,0.273,0.331,0.101,0.237,0.08,0.291,0.153,0.634,0.116,0.08,0.864,0.237,0.399,0.342,0.058,0.1,0.149,0.014,0.014,0.07,0.526,0.113,0.102,0.086,0.284,0.245,,0.818,0.812,0.014,,0.493,,0.44,,0.418,0.298,0.443
1943,0.213,0.04,0.092,,0.348,0.014,0.861,,0.014,0.129,0.362,0.165,,0.385,0.271,0.157,0.077,0.014,0.283,0.103,0.562,0.169,0.248,0.141,0.805,0.909,0.644,0.375,0.203,,0.038,0.123,0.539,,0.066,0.698,0.812,0.329,0.017,0.024,0.078,0.634,0.042,0.148,0.436,0.361,0.623,0.021,0.014,0.068,0.546,0.589,0.187,0.047,0.857,0.014,0.428,0.179,0.315,0.023,0.062,0.063,0.065,0.571,0.414,0.086,0.031,0.282,0.338,0.089,0.385,0.851,0.376,0.396,0.883,,0.062,0.62,0.323,0.151,0.014,0.059,0.014,0.182,0.059,0.329,0.16,0.585,0.459,,0.813,0.243,0.014,0.245,0.014,0.178,0.014,0.111,0.098,0.432,0.077,0.172,0.788,0.284,,0.046,0.131,0.158,0.646,0.037,0.123,0.117,0.065,0.549,0.104,0.302,0.231,0.038,0.877,0.04,,,,,,,,,,,,0.352,,,0.422,,0.299,0.051,0.201,0.167,0.385,0.635,0.665,0.098,0.337,,,0.086,0.325,0.294,0.065,0.239,0.014,0.086,0.05,0.291,0.267,0.29,0.273,0.331,0.101,0.237,0.077,0.291,0.153,0.634,0.116,0.077,0.864,0.237,0.399,0.342,0.073,0.1,0.149,0.014,0.014,0.07,0.526,0.113,0.102,0.086,0.284,0.245,,0.886,0.812,0.014,,0.499,,0.44,,0.418,0.29,0.443
1944,0.213,0.04,0.072,,0.294,0.014,0.866,,0.014,0.129,0.371,0.165,,0.385,0.245,0.157,0.077,0.014,0.332,0.103,0.562,0.137,0.248,0.141,0.8,0.914,0.644,0.375,0.246,,0.038,0.123,0.539,,0.066,0.698,0.819,0.329,0.017,0.024,0.078,0.567,0.042,0.148,0.463,0.361,0.623,0.021,0.014,0.068,0.546,0.589,0.197,0.047,0.857,0.014,0.421,0.179,0.315,0.023,0.062,0.07,0.255,0.571,0.414,0.086,0.031,0.282,0.164,0.089,0.385,0.851,0.376,0.396,0.893,,0.328,0.723,0.323,0.151,0.014,0.059,0.014,0.182,0.059,0.329,0.171,0.625,0.333,,0.813,0.243,0.014,0.245,0.014,0.186,0.014,0.111,0.098,0.432,0.077,0.175,0.788,0.302,,0.046,0.131,0.158,0.659,0.049,0.123,0.117,0.065,0.549,0.104,0.298,0.231,0.038,0.877,0.038,,,,,,,,,,,,0.352,,,0.422,,0.30063757,0.051,0.201,0.167,0.385,0.635,0.665,0.098,0.337,0.142,,0.086,0.325,0.294,0.065,0.219,0.014,0.087,0.05,0.29,0.267,0.29,0.273,0.331,0.12,0.237,0.077,0.29,0.153,0.645,0.116,0.077,0.864,0.237,0.399,0.342,0.073,0.14,0.149,0.014,0.014,0.07,0.526,0.113,0.102,0.086,0.284,0.245,,0.891,0.812,0.014,,0.522,,0.44,,0.418,0.294,0.443
1945,0.213,0.04,0.036,,0.24,0.017,0.866,0.802,0.017,0.129,0.775,0.186,,0.449,0.188,0.157,0.087,0.017,0.347,0.314,0.599,0.166,0.248,0.14,0.803,0.924,0.644,0.375,0.324,,0.038,0.159,0.591,,0.066,0.697,0.819,0.329,0.26,,0.078,0.659,0.042,0.153,0.532,0.361,0.623,0.021,0.017,0.068,0.754,0.589,0.621,0.059,0.857,0.017,0.448,0.199,0.315,0.023,0.079,0.348,0.725,0.571,0.414,0.126,0.087,0.264,0.228,0.483,0.449,0.86,0.4,0.383,0.893,,0.328,0.764,0.323,0.213,0.017,0.073,0.017,0.182,0.289,0.329,0.308,0.625,0.29,,0.813,0.243,0.017,0.552,0.017,0.186,0.017,0.132,0.098,0.432,0.087,0.201,0.788,0.405,,0.046,0.126,0.275,0.659,0.046,0.123,0.117,0.078,0.549,0.104,0.482,0.454,0.053,0.877,0.038,,,,,,,,,,,,0.38,,,0.422,,0.3449396,0.051,0.201,0.167,0.449,0.635,0.759,0.133,0.337,0.16,0.106,0.087,0.325,0.294,0.065,0.27,0.017,0.087,0.05,0.299,0.398,0.29,0.267,0.331,0.216,0.237,0.087,0.299,0.153,0.651,0.26,0.087,0.877,0.237,0.399,0.349,0.113,0.155,0.175,0.017,0.017,0.07,0.543,0.12,0.132,0.138,0.284,0.245,,0.901,0.799,0.017,,0.672,,0.44,,0.418,0.299,0.4
1946,0.231,0.04,0.029,,0.472,0.019,0.907,0.875,0.019,0.129,0.929,0.203,,0.443,0.188,0.157,0.094,0.019,0.322,0.622,0.648,0.166,0.252,0.239,0.89,0.945,0.605,0.357,0.374,,0.038,0.168,0.555,0.199,0.066,0.697,0.819,0.336,0.473,,0.085,0.975,0.042,0.153,0.481,0.361,0.623,0.021,0.019,0.068,0.804,0.589,0.861,0.153,0.903,0.019,0.453,0.275,0.444,0.025,0.079,0.374,0.742,0.571,0.663,0.126,0.094,0.32,0.401,0.751,0.443,0.866,0.399,0.401,0.902,,0.678,0.77,0.334,0.744,0.019,0.069,0.019,0.199,0.381,0.338,0.412,0.625,0.29,,0.826,0.243,0.019,0.878,0.019,0.186,0.019,0.261,0.098,0.427,0.094,0.236,0.81,0.583,,0.049,0.126,0.275,0.676,0.046,0.31,0.117,0.087,0.564,0.104,0.841,0.876,0.057,0.908,0.038,,,,,,,,,,,,0.385,,,0.422,,0.39221334,0.051,0.204,0.167,0.443,0.625,0.809,0.588,0.495,0.187,0.069,0.087,0.327,0.294,0.065,0.257,0.019,0.087,0.05,0.299,0.419,0.482,0.249,0.331,0.216,0.246,0.094,0.299,0.153,0.677,0.473,0.094,0.952,0.237,0.399,0.471,0.146,0.166,0.25,0.019,0.019,0.081,0.594,0.133,0.2,0.137,0.284,0.245,0.019,0.918,0.852,0.019,,0.705,,0.44,,0.418,0.302,0.4
1947,0.231,0.04,0.022,,0.461,0.018,0.912,0.875,0.018,0.129,0.929,0.21,0.378,0.513,0.084,0.157,0.09,0.018,0.323,0.628,0.648,0.166,0.252,0.257,0.89,0.945,0.591,0.359,0.374,,0.038,0.168,0.528,0.234,0.066,0.697,0.819,0.336,0.476,,0.085,0.979,0.042,0.153,0.501,0.361,0.623,0.021,0.018,0.068,0.794,0.589,0.888,0.153,0.914,0.018,0.484,0.275,0.444,0.025,0.079,0.355,0.742,0.575,0.663,0.126,0.09,0.33,0.383,0.751,0.556,0.866,0.399,0.422,0.902,,0.774,0.816,0.334,0.8,0.018,0.069,0.018,0.204,0.345,0.338,0.462,0.625,0.29,,0.826,0.243,0.018,0.933,0.018,0.186,0.018,0.157,0.098,0.423,0.09,0.24,0.846,0.607,,0.053,0.126,0.287,0.676,0.046,0.31,0.117,0.091,0.573,0.104,0.841,0.876,0.065,0.914,0.038,,,,,,,,,,,,0.385,,,0.455,,0.3961513,0.051,0.204,0.167,0.513,0.625,0.809,0.631,0.495,0.175,0.066,0.087,0.258,0.294,0.065,0.247,0.018,0.087,0.05,0.299,0.419,0.482,0.258,0.331,0.216,0.267,0.09,0.299,0.153,0.677,0.476,0.09,0.956,0.237,0.399,0.582,0.151,0.166,0.243,0.018,0.018,0.081,0.594,0.133,0.235,0.107,0.284,0.245,0.018,0.918,0.851,0.018,,0.727,,0.44,,0.394,0.321,0.4
1948,0.231,0.04,0.02,,0.451,0.014,0.912,0.875,0.014,0.129,0.929,0.21,0.378,0.513,0.045,0.157,0.083,0.014,0.323,0.62,0.648,0.166,0.252,0.257,0.89,0.945,0.578,0.359,0.382,,0.038,0.168,0.316,0.272,0.066,0.65,0.819,0.336,0.091,,0.085,0.979,0.042,0.153,0.643,0.361,0.623,0.021,0.014,0.068,0.825,0.589,0.903,0.153,0.914,0.014,0.484,0.275,0.444,0.025,0.079,0.351,0.742,0.575,0.663,0.14,0.083,0.318,0.328,0.751,0.79,0.866,0.398,0.422,0.902,0.751,0.831,0.816,0.306,0.804,0.014,0.071,0.014,0.204,0.368,0.338,0.462,0.625,0.299,,0.87,0.243,0.014,0.933,0.014,0.186,0.014,0.14,0.098,0.414,0.083,0.24,0.856,0.652,,0.053,0.126,0.287,0.753,0.046,0.292,0.094,0.091,0.573,0.104,0.844,0.876,0.065,0.914,0.038,,,,,,,,,,,,0.385,,,0.455,,0.38936773,0.051,0.204,0.167,0.513,0.625,0.561,0.631,0.495,0.168,0.047,0.087,0.227,0.294,0.065,0.059,0.014,0.087,0.05,0.299,0.448,0.482,0.258,0.341,0.216,0.267,0.083,0.299,0.153,0.677,0.091,0.083,0.956,0.237,0.399,0.582,0.153,0.166,0.217,0.014,0.014,0.081,0.603,0.133,0.239,0.081,0.284,0.258,0.014,0.918,0.842,0.014,,0.51,,0.44,,0.289,0.38,0.4
1949,0.231,0.04,0.02,,0.436,0.014,0.912,0.88,0.014,0.129,0.929,0.21,0.378,0.513,0.045,0.157,0.082,0.014,0.292,0.636,0.658,0.166,0.248,0.257,0.89,0.945,0.552,0.197,0.382,,0.038,0.168,0.262,0.284,0.066,0.725,0.819,0.336,0.04,,0.085,0.979,0.042,0.153,0.656,0.361,0.623,0.021,0.014,0.068,0.88,0.589,0.903,0.161,0.914,0.014,0.504,0.275,0.444,0.025,0.079,0.351,0.742,0.575,0.663,0.184,0.082,0.318,0.061,0.847,0.794,0.881,0.398,0.413,0.902,0.741,0.835,0.816,0.306,0.81,0.014,0.07,0.014,0.204,0.378,0.338,0.462,0.625,0.299,,0.861,0.243,0.014,0.933,0.014,0.186,0.014,0.14,0.098,0.427,0.082,0.24,0.856,0.676,,0.053,0.126,0.287,0.761,0.046,0.292,0.094,0.091,0.573,0.098,0.857,0.876,0.065,0.914,0.038,,,0.087,0.901,,,,,,,,0.435,,,0.455,,0.38575,0.051,0.204,0.167,0.513,0.616,0.344,0.631,0.495,0.138,0.047,0.087,0.227,,0.065,0.049,0.014,0.087,0.05,0.299,0.448,0.482,0.258,0.341,0.216,0.267,0.082,0.299,0.153,0.694,0.04,0.082,0.96,0.237,0.439,0.48,0.153,0.166,0.217,0.014,0.014,0.081,0.603,0.133,0.239,0.051,0.284,0.253,0.014,0.918,0.835,0.014,,0.13,,0.44,,0.279,0.391,0.4
1950,0.231,0.04,0.017,,0.395,0.014,0.908,0.883,0.014,0.121,0.939,0.21,0.395,0.526,0.045,0.156,0.092,0.014,0.292,0.635,0.658,0.179,0.248,0.322,0.898,0.945,0.574,0.068,0.382,,0.033,0.168,0.247,0.284,0.082,0.858,0.819,0.324,0.04,,0.085,0.98,0.042,0.153,0.656,0.381,0.574,0.023,0.014,0.068,0.88,0.589,0.912,0.189,0.923,0.014,0.511,0.287,0.444,0.025,0.102,0.482,0.742,0.559,0.657,0.452,0.092,0.298,0.033,0.85,0.803,0.881,0.506,0.423,0.905,0.741,0.835,0.816,0.298,0.812,0.014,0.082,0.014,0.204,0.321,0.358,0.474,0.625,0.293,,0.871,0.283,0.014,0.941,0.014,0.186,0.014,0.14,0.098,0.427,0.092,0.24,0.856,0.674,,0.057,0.126,0.287,0.762,0.046,0.293,0.094,0.093,0.573,0.098,0.857,0.876,0.134,0.914,0.038,,,0.087,0.92,,,,,,,,0.435,,,0.455,,0.3936387,0.051,0.245,0.185,0.526,0.618,0.343,0.637,0.504,0.119,0.041,0.087,0.225,,0.071,0.049,0.014,0.087,0.053,0.314,0.458,0.489,0.339,0.341,0.231,0.341,0.092,0.314,0.157,0.722,0.04,0.092,0.962,0.237,0.439,0.441,0.188,0.166,0.217,0.014,0.014,0.081,0.603,0.124,0.315,0.055,0.284,0.258,0.014,0.918,0.818,0.014,,0.113,,0.44,,0.278,0.393,0.4
1951,0.231,0.04,0.017,,0.365,0.014,0.907,0.883,0.014,0.121,0.939,0.21,0.395,0.526,0.037,0.156,0.092,0.014,0.305,0.636,0.623,0.179,0.248,0.322,0.898,0.945,0.574,0.065,0.382,,0.039,0.168,0.247,0.284,0.082,0.858,0.785,0.324,0.04,,0.085,0.98,0.038,0.153,0.656,0.379,0.574,0.023,0.014,0.068,0.88,0.589,0.912,0.189,0.923,0.014,0.624,0.287,0.458,0.025,0.102,0.49,0.732,0.57,0.657,0.452,0.092,0.295,0.033,0.85,0.803,0.882,0.522,0.417,0.905,0.741,0.835,0.816,0.298,0.812,0.014,0.079,0.014,0.204,0.309,0.358,0.475,0.625,0.232,0.256,0.871,0.283,0.014,0.941,0.014,0.186,0.014,0.145,0.098,0.427,0.092,0.24,0.856,0.674,,0.057,0.126,0.287,0.762,0.046,0.293,0.094,0.093,0.573,0.098,0.857,0.876,0.322,0.873,0.038,,,0.087,0.92,,,,,,,,0.435,,,0.455,,0.39478207,0.051,0.272,0.185,0.526,0.613,0.367,0.655,0.504,0.119,0.041,0.087,0.225,,0.071,0.049,0.014,0.087,0.053,0.314,0.458,0.489,0.349,0.401,0.233,0.355,0.092,0.314,0.157,0.722,0.04,0.092,0.962,0.237,0.439,0.347,0.188,0.166,0.213,0.014,0.014,0.081,0.61,0.124,0.424,0.069,0.284,0.316,0.014,0.918,0.818,0.014,,0.113,,0.44,,0.278,0.39,0.4
1952,0.22,0.04,0.017,,0.365,0.014,0.921,0.883,0.014,0.121,0.939,0.21,0.395,0.526,0.037,0.156,0.092,0.014,0.372,0.636,0.706,0.206,0.248,0.322,0.898,0.945,0.567,0.065,0.382,,0.039,0.168,0.247,0.284,0.082,0.859,0.722,0.324,0.04,,0.085,0.98,0.038,0.153,0.628,0.315,0.493,0.023,0.014,0.068,0.88,0.589,0.912,0.189,0.923,0.014,0.624,0.298,0.458,0.025,0.102,0.517,0.719,0.57,0.657,0.452,0.092,0.295,0.033,0.85,0.803,0.882,0.522,0.419,0.905,0.741,0.835,0.819,0.33,0.823,0.014,0.073,0.014,0.204,0.309,0.358,0.475,0.625,0.227,0.242,0.871,0.35,0.014,0.941,0.014,0.186,0.014,0.145,0.098,0.414,0.092,0.24,0.856,0.674,,0.057,0.126,0.287,0.762,0.046,0.293,0.094,0.093,0.557,0.098,0.857,0.876,0.48,0.914,0.038,,,0.087,0.913,,,,,,,,0.435,,,0.455,,0.39632052,0.051,0.282,0.185,0.526,0.622,0.367,0.655,0.504,0.119,0.041,0.087,0.225,,0.071,0.049,0.014,0.087,0.053,0.314,0.458,0.489,0.349,0.454,0.233,0.355,0.092,0.314,0.157,0.722,0.04,0.092,0.962,0.237,0.439,0.351,0.188,0.166,0.169,0.014,0.014,0.081,0.61,0.124,0.424,0.078,0.284,0.323,0.014,0.918,0.818,0.014,,0.104,,0.44,,0.278,0.39,0.4
1953,0.206,0.04,0.017,,0.365,0.019,0.934,0.883,0.019,0.121,0.939,0.21,0.395,0.526,0.037,0.157,0.096,0.019,0.421,0.636,0.706,0.204,0.248,0.322,0.898,0.945,0.574,0.065,0.382,,0.039,0.168,0.202,0.284,0.082,0.871,0.581,0.324,0.04,,0.085,0.98,0.038,0.153,0.613,0.163,0.253,0.023,0.019,0.068,0.883,0.601,0.912,0.189,0.923,0.019,0.624,0.301,0.458,0.025,0.102,0.533,0.719,0.573,0.657,0.452,0.096,0.295,0.033,0.85,0.803,0.882,0.251,0.42,0.905,0.731,0.835,0.819,0.344,0.905,0.019,0.075,0.019,0.212,0.328,0.358,0.513,0.625,0.227,0.206,0.871,0.35,0.019,0.941,0.019,0.186,0.019,0.145,0.084,0.414,0.096,0.24,0.856,0.674,,0.057,0.126,0.287,0.762,0.046,0.293,0.094,0.093,0.557,0.098,0.857,0.876,0.48,0.914,0.038,,,0.095,0.917,,,,,,,,0.435,,,0.455,,0.39373076,0.051,0.282,0.199,0.526,0.622,0.367,0.655,0.504,0.119,0.041,0.087,0.225,,0.071,0.049,0.019,0.085,0.053,0.526,0.417,0.487,0.349,0.476,0.233,0.355,0.096,0.526,0.143,0.722,0.04,0.096,0.962,0.237,0.439,0.35,0.188,0.166,0.169,0.019,0.019,0.081,0.61,0.128,0.433,0.078,0.284,0.337,0.019,0.918,0.818,0.019,,0.092,,0.44,,0.278,0.397,0.422
1954,0.198,0.04,0.017,,0.365,0.039,0.937,0.883,0.039,0.121,0.939,0.21,0.395,0.523,0.037,0.157,0.093,0.039,0.421,0.629,0.706,0.21,0.248,0.322,0.898,0.945,0.574,0.065,0.382,,0.039,0.168,0.2,0.284,0.082,0.875,0.581,0.324,0.064,,0.085,0.977,0.038,0.153,0.613,0.125,0.253,0.023,0.039,0.068,0.886,0.601,0.879,0.189,0.923,0.039,0.638,0.297,0.458,0.025,0.102,0.535,0.538,0.58,0.657,0.459,0.093,0.295,0.033,0.85,0.803,0.884,0.11,0.396,0.905,0.746,0.835,0.819,0.369,0.905,0.039,0.08,0.039,0.374,0.368,0.358,0.518,0.624,0.227,0.206,0.87,0.35,0.039,0.941,0.039,0.186,0.039,0.145,0.084,0.414,0.093,0.24,0.856,0.674,,0.062,0.126,0.287,0.762,0.04,0.293,0.094,0.093,0.561,0.098,0.857,0.89,0.48,0.918,0.033,,,0.087,0.917,,,,,,,,0.435,,,0.492,,0.39376283,0.051,0.282,0.199,0.523,0.622,0.367,0.664,0.504,0.119,0.041,0.087,0.119,,0.071,0.049,0.039,0.085,0.089,0.539,0.417,0.487,0.349,0.476,0.233,0.355,0.093,0.539,0.157,0.722,0.064,0.093,0.962,0.237,0.439,0.42,0.188,0.166,0.181,0.039,0.039,0.081,0.61,0.134,0.408,0.078,0.313,0.337,0.039,0.918,0.82,0.039,,0.092,,0.461,,0.278,0.403,0.422
1955,0.201,0.04,0.017,,0.377,0.041,0.937,0.883,0.041,0.121,0.939,0.21,0.426,0.523,0.037,0.157,0.093,0.041,0.432,0.623,0.706,0.223,0.248,0.322,0.898,0.945,0.574,0.065,0.382,,0.072,0.168,0.2,0.284,0.082,0.875,0.581,0.297,0.064,,0.085,0.98,0.038,0.15,0.613,0.125,0.253,0.023,0.041,0.068,0.886,0.601,0.894,0.189,0.923,0.041,0.638,0.297,0.458,0.025,0.105,0.546,0.149,0.589,0.657,0.42,0.093,0.285,0.037,0.832,0.803,0.884,0.101,0.397,0.905,0.752,0.835,0.819,0.386,0.922,0.041,0.085,0.041,0.383,0.368,0.358,0.566,0.627,0.202,0.214,0.87,0.35,0.041,0.941,0.041,0.186,0.041,0.145,0.096,0.414,0.093,0.24,0.856,0.674,,0.062,0.126,0.287,0.762,0.04,0.313,0.094,0.093,0.572,0.103,0.855,0.893,0.48,0.924,0.033,,,0.087,0.917,,,,,,,,0.435,,,0.492,,0.39426282,0.051,0.318,0.223,0.523,0.622,0.367,0.663,0.504,0.119,0.041,0.087,0.078,,0.071,0.049,0.041,0.088,0.084,0.539,0.417,0.487,0.349,0.481,0.202,0.405,0.093,0.539,0.157,0.765,0.064,0.093,0.962,0.237,0.439,0.585,0.188,0.172,0.238,0.041,0.041,0.081,0.61,0.137,0.412,0.078,0.332,0.337,0.041,0.918,0.826,0.041,,0.092,,0.439,,0.278,0.404,0.422
1956,0.201,0.04,0.017,,0.403,0.041,0.947,0.932,0.041,0.121,0.939,0.21,0.426,0.507,0.036,0.157,0.093,0.041,0.433,0.644,0.732,0.223,0.236,0.327,0.898,0.945,0.574,0.06,0.382,,0.072,0.172,0.2,0.284,0.082,0.875,0.581,0.28,0.064,,0.085,0.98,0.038,0.15,0.613,0.115,0.253,0.023,0.041,0.068,0.886,0.601,0.894,0.189,0.923,0.041,0.638,0.297,0.458,0.034,0.105,0.546,0.126,0.589,0.66,0.404,0.093,0.285,0.041,0.829,0.803,0.884,0.108,0.397,0.905,0.752,0.855,0.819,0.397,0.931,0.041,0.082,0.041,0.385,0.361,0.356,0.566,0.627,0.192,0.214,0.844,0.35,0.041,0.941,0.041,0.246,0.041,0.181,0.096,0.414,0.093,0.243,0.856,0.674,,0.062,0.126,0.287,0.762,0.04,0.313,0.094,0.093,0.572,0.103,0.857,0.895,0.48,0.924,0.033,,,0.085,0.915,,,,,,,,0.374,,,0.513,,0.39825642,0.051,0.302,0.238,0.507,0.625,0.532,0.663,0.504,0.126,0.041,0.087,0.078,,0.071,0.049,0.041,0.106,0.093,0.636,0.417,0.512,0.349,0.481,0.202,0.405,0.093,0.636,0.157,0.765,0.064,0.093,0.962,0.237,0.439,0.59,0.188,0.331,0.256,0.041,0.041,0.081,0.625,0.132,0.336,0.078,0.338,0.396,0.041,0.924,0.835,0.041,,0.092,,0.439,,0.278,0.404,0.422
1957,0.201,0.04,0.017,,0.403,0.041,0.947,0.929,0.041,0.139,0.939,0.21,0.442,0.515,0.041,0.155,0.093,0.041,0.444,0.644,0.732,0.223,0.226,0.37,0.898,0.945,0.581,0.029,0.361,,0.095,0.181,0.204,0.284,0.082,0.875,0.564,0.28,0.064,,0.085,0.98,0.038,0.15,0.638,0.115,0.229,0.023,0.041,0.068,0.886,0.601,0.904,0.189,0.923,0.041,0.583,0.297,0.458,0.034,0.105,0.546,0.138,0.589,0.66,0.442,0.093,0.103,0.035,0.731,0.803,0.884,0.109,0.397,0.905,0.759,0.855,0.819,0.306,0.931,0.041,0.087,0.041,0.385,0.361,0.356,0.566,0.627,0.192,0.214,0.844,0.35,0.041,0.941,0.041,0.272,0.041,0.254,0.096,0.414,0.093,0.243,0.856,0.674,,0.062,0.126,0.366,0.784,0.04,0.365,0.094,0.093,0.572,0.106,0.857,0.902,0.48,0.924,0.033,,,0.079,0.917,,,,,,,,0.374,,,0.596,,0.40119871,0.051,0.302,0.244,0.515,0.625,0.768,0.663,0.504,0.171,0.026,0.087,0.078,,0.071,0.049,0.041,0.155,0.093,0.628,0.457,0.512,0.349,0.492,0.202,0.405,0.093,0.628,0.157,0.771,0.064,0.093,0.962,0.237,0.439,0.59,0.188,0.333,0.304,0.041,0.041,0.081,0.646,0.151,0.336,0.078,0.338,0.396,0.041,0.924,0.835,0.041,,0.098,,0.439,,0.278,0.404,0.398
1958,0.201,0.04,0.017,,0.644,0.041,0.947,0.929,0.041,0.17,0.939,0.231,0.448,0.349,0.041,0.148,0.093,0.041,0.444,0.644,0.732,0.228,0.226,0.376,0.898,0.945,0.637,0.029,0.351,,0.139,0.181,0.408,0.292,0.082,0.875,0.564,0.28,0.064,,0.085,0.98,0.038,0.15,0.638,0.115,0.193,0.023,0.041,0.068,0.886,0.601,0.891,0.218,0.923,0.041,0.515,0.172,0.458,0.034,0.105,0.546,0.155,0.683,0.66,0.492,0.093,0.038,0.037,0.592,0.803,0.884,0.109,0.411,0.905,0.759,0.855,0.819,0.297,0.931,0.041,0.099,0.041,0.392,0.363,0.356,0.59,0.627,0.192,0.214,0.835,0.35,0.041,0.941,0.041,0.272,0.041,0.256,0.096,0.403,0.093,0.243,0.856,0.61,,0.062,0.126,0.395,0.812,0.045,0.373,0.094,0.093,0.571,0.106,0.857,0.913,0.482,0.924,0.033,,,0.079,0.917,,,,,,,,0.374,,,0.596,,0.4050705,0.053,0.302,0.244,0.349,0.625,0.768,0.663,0.504,0.176,0.026,0.087,0.065,,0.071,0.049,0.041,0.178,0.093,0.585,0.457,0.512,0.349,0.49,0.202,0.405,0.093,0.585,0.157,0.771,0.064,0.093,0.962,0.237,0.439,0.323,0.188,0.35,0.228,0.041,0.041,0.081,0.646,0.233,0.336,0.084,0.403,0.411,0.041,0.924,0.858,0.041,,0.644,,0.444,,0.278,0.415,0.371
1959,0.201,0.04,0.017,,0.745,0.041,0.947,0.929,0.041,0.201,0.939,0.231,0.448,0.311,0.041,0.156,0.093,0.041,0.444,0.644,0.732,0.228,0.27,0.39,0.898,0.945,0.72,0.029,0.333,,0.155,0.181,0.527,0.292,0.082,0.896,0.326,0.299,0.064,,0.085,0.98,0.041,0.15,0.638,0.115,0.193,0.024,0.041,0.068,0.886,0.601,0.879,0.225,0.923,0.041,0.517,0.152,0.458,0.034,0.146,0.546,0.162,0.683,0.66,0.492,0.093,0.037,0.041,0.514,0.803,0.884,0.109,0.402,0.905,0.751,0.855,0.819,0.297,0.931,0.041,0.108,0.041,0.392,0.363,0.354,0.536,0.618,0.192,0.214,0.835,0.35,0.041,0.941,0.041,0.265,0.041,0.284,0.096,0.403,0.093,0.265,0.848,0.61,,0.062,0.126,0.395,0.812,0.055,0.373,0.094,0.095,0.571,0.096,0.857,0.913,0.489,0.924,0.033,,,0.079,0.917,,,,,,,,0.374,,,0.606,,0.40388462,0.053,0.303,0.244,0.311,0.625,0.768,0.663,0.504,0.176,0.026,0.087,0.065,,0.075,0.049,0.041,0.207,0.093,0.225,0.467,0.505,0.349,0.49,0.202,0.405,0.093,0.225,0.157,0.771,0.064,0.093,0.962,0.237,0.439,0.247,0.188,0.365,0.202,0.041,0.041,0.081,0.646,0.243,0.336,0.084,0.403,0.416,0.041,0.924,0.858,0.041,,0.82,,0.444,,0.278,0.41,0.313
1960,0.217,0.04,0.018,,0.743,0.04,0.945,0.935,0.04,0.2,0.939,0.522,0.499,0.301,0.044,0.156,0.093,0.04,0.459,0.644,0.732,0.259,0.336,0.324,0.925,0.945,0.733,0.029,0.239,,0.456,0.476,0.532,0.292,0.082,0.887,0.064,0.607,0.067,,0.091,0.982,0.032,0.15,0.544,0.115,0.171,0.027,0.04,0.068,0.886,0.625,0.88,0.274,0.923,0.04,0.49,0.114,0.485,0.046,0.173,0.546,0.162,0.665,0.695,0.502,0.093,0.037,0.047,0.42,0.803,0.892,0.121,0.388,0.905,0.766,0.865,0.831,0.297,0.931,0.04,0.161,0.04,0.399,0.638,0.388,0.51,0.618,0.192,0.229,0.851,0.355,0.04,0.955,0.04,0.283,0.04,0.316,0.096,0.4,0.093,0.361,0.848,0.61,,0.078,0.126,0.452,0.816,0.145,0.373,0.105,0.11,0.668,0.106,0.866,0.923,0.458,0.945,0.033,,,0.087,0.917,,,,,,,,0.374,,,,,0.41931614,0.053,0.283,0.244,0.301,0.64,0.765,0.684,0.629,0.176,0.026,0.089,0.062,,0.075,0.049,0.04,0.25,0.093,0.19,0.642,0.514,0.458,0.565,0.226,0.565,0.093,0.19,0.157,0.771,0.067,0.093,0.962,0.237,0.437,0.238,0.2,0.395,0.21,0.04,0.04,0.093,0.675,0.21,0.291,0.098,0.396,0.453,0.04,0.924,0.881,0.04,,0.842,,0.444,,0.257,0.447,0.32
1961,0.22,0.04,0.018,,0.743,0.04,0.945,0.935,0.04,0.2,0.939,0.522,0.499,0.31,0.044,0.156,0.093,0.04,0.459,0.644,0.732,0.259,0.336,0.315,0.927,0.945,0.736,0.031,0.239,0.086,0.455,0.467,0.532,0.292,0.082,0.887,0.027,0.685,0.069,,0.091,0.982,0.075,0.15,0.549,0.111,0.167,0.031,0.04,0.07,0.886,0.65,0.88,0.285,0.923,0.04,0.406,0.114,0.494,0.046,0.178,0.546,0.157,0.665,0.695,0.502,0.093,0.037,0.052,0.412,0.803,0.897,0.121,0.341,0.905,0.766,0.867,0.831,0.297,0.931,0.04,0.164,0.04,0.399,0.224,0.404,0.449,0.607,0.192,0.229,0.855,0.355,0.04,0.955,0.04,0.276,0.04,0.354,0.096,0.41,0.093,0.361,0.848,0.622,,0.078,0.126,0.439,0.814,0.218,0.373,0.105,0.11,0.684,0.106,0.866,0.923,0.221,0.945,0.033,,,0.087,0.917,,,,,,,,0.374,,,,,0.41646153,0.053,0.283,0.278,0.31,0.64,0.765,0.677,0.629,0.176,0.026,0.089,0.062,,0.075,0.049,0.04,0.27,0.093,0.19,0.612,0.514,0.458,0.589,0.229,0.579,0.093,0.19,0.157,0.771,0.069,0.093,0.962,0.24,0.431,0.275,0.2,0.391,0.21,0.04,0.04,0.093,0.677,0.21,0.463,0.098,0.563,0.455,0.04,0.924,0.883,0.04,,0.856,,0.444,,0.252,0.459,0.32
1962,0.22,0.04,0.018,,0.669,0.041,0.945,0.935,0.041,0.267,0.945,0.522,0.499,0.335,0.044,0.156,0.093,0.041,0.459,0.644,0.732,0.259,0.394,0.305,0.927,0.945,0.736,0.031,0.239,0.086,0.455,0.436,0.532,0.292,0.082,0.887,0.022,0.693,0.076,,0.091,0.982,0.328,0.082,0.558,0.112,0.148,0.031,0.041,0.071,0.877,0.65,0.88,0.297,0.923,0.041,0.358,0.11,0.51,0.046,0.178,0.546,0.158,0.651,0.695,0.502,0.093,0.037,0.064,0.412,0.803,0.897,0.115,0.341,0.905,0.766,0.867,0.86,0.297,0.931,0.041,0.17,0.041,0.399,0.216,0.404,0.453,0.609,0.193,0.229,0.857,0.355,0.041,0.955,0.041,0.276,0.041,0.354,0.1,0.41,0.093,0.361,0.859,0.187,,0.078,0.131,0.303,0.814,0.199,0.373,0.105,0.1,0.684,0.106,0.866,0.923,0.14,0.945,0.033,,,0.094,0.903,,,,,,,,0.374,,,,,0.41549358,0.053,0.283,0.248,0.335,0.64,0.685,0.677,0.629,0.176,0.026,0.089,0.065,,0.085,0.049,0.041,0.331,0.093,0.19,0.612,0.514,0.458,0.639,0.243,0.564,0.093,0.19,0.157,0.771,0.076,0.093,0.962,0.24,0.431,0.385,0.174,0.391,0.21,0.041,0.041,0.093,0.768,0.21,0.547,0.098,0.516,0.509,0.041,0.924,0.884,0.041,,0.848,,0.444,,0.248,0.483,0.32
1963,0.237,0.04,0.018,,0.727,0.041,0.945,0.935,0.041,0.294,0.945,0.522,0.499,0.366,0.044,0.156,0.093,0.041,0.459,0.649,0.732,0.259,0.394,0.211,0.927,0.945,0.755,0.031,0.239,0.086,0.455,0.393,0.532,0.292,0.082,0.887,0.022,0.693,0.076,,0.091,0.982,0.657,0.132,0.321,0.112,0.102,0.041,0.041,0.071,0.877,0.65,0.904,0.297,0.923,0.041,0.348,0.074,0.51,0.042,0.178,0.546,0.144,0.651,0.695,0.467,0.093,0.037,0.08,0.412,0.803,0.895,0.088,0.186,0.905,0.766,0.871,0.852,0.297,0.931,0.041,0.233,0.041,0.417,0.276,0.407,0.453,0.609,0.185,0.229,0.857,0.355,0.041,0.959,0.041,0.259,0.041,0.354,0.1,0.41,0.093,0.361,0.859,0.072,,0.078,0.131,0.303,0.814,0.198,0.373,0.105,0.111,0.684,0.106,0.866,0.923,0.145,0.948,0.033,,,0.094,0.921,,,,,,,,0.374,,,,,0.4152564,0.083,0.279,0.256,0.366,0.64,0.757,0.677,0.629,0.176,0.026,0.089,0.076,,0.085,0.049,0.041,0.312,0.093,0.185,0.61,0.539,0.458,0.639,0.252,0.564,0.093,0.185,0.157,0.771,0.076,0.093,0.962,0.259,0.442,0.2,0.142,0.347,0.21,0.041,0.041,0.093,0.773,0.205,0.624,0.098,0.479,0.608,0.041,0.899,0.884,0.041,,0.848,,0.444,,0.248,0.515,0.32
1964,0.355,0.04,0.018,,0.777,0.041,0.944,0.935,0.041,0.294,0.945,0.492,0.499,0.366,0.044,0.156,0.093,0.041,0.367,0.313,0.732,0.259,0.394,0.191,0.927,0.945,0.815,0.031,0.239,0.086,0.455,0.306,0.532,0.292,0.082,0.887,0.022,0.691,0.084,,0.091,0.982,0.378,0.132,0.335,0.112,0.096,0.041,0.041,0.071,0.877,0.65,0.904,0.297,0.923,0.041,0.349,0.06,0.51,0.042,0.203,0.556,0.142,0.651,0.688,0.255,0.093,0.037,0.095,0.412,0.799,0.895,0.079,0.198,0.905,0.766,0.871,0.852,0.297,0.931,0.041,0.301,0.041,0.417,0.348,0.407,0.454,0.609,0.185,0.223,0.857,0.355,0.041,0.959,0.041,0.251,0.041,0.354,0.1,0.404,0.093,0.361,0.893,0.038,,0.078,0.131,0.303,0.814,0.147,0.373,0.105,0.116,0.684,0.106,0.866,0.923,0.145,0.948,0.033,,,0.09,0.921,,,,,,,,0.419,,,,,0.40957692,0.085,0.276,0.058,0.366,0.64,0.84,0.677,0.641,0.176,0.026,0.091,0.082,,0.085,0.049,0.041,0.292,0.093,0.353,0.571,0.479,0.458,0.639,0.252,0.562,0.093,0.353,0.157,0.771,0.084,0.093,0.962,0.225,0.49,0.158,0.142,0.288,0.21,0.041,0.041,0.093,0.773,0.206,0.653,0.098,0.472,0.587,0.041,0.894,0.89,0.041,,0.844,,0.444,,0.225,0.569,0.212
1965,0.397,0.04,0.018,,0.753,0.037,0.944,0.935,0.037,0.308,0.945,0.492,0.499,0.366,0.049,0.156,0.093,0.037,0.236,0.173,0.732,0.259,0.394,0.185,0.927,0.945,0.818,0.03,0.239,0.086,0.349,0.306,0.532,0.304,0.082,0.887,0.022,0.691,0.084,,0.091,0.982,0.33,0.132,0.335,0.112,0.096,0.041,0.037,0.071,0.888,0.65,0.904,0.286,0.928,0.037,0.283,0.055,0.588,0.042,0.212,0.556,0.142,0.656,0.688,0.255,0.093,0.037,0.094,0.354,0.779,0.895,0.084,0.225,0.905,0.753,0.871,0.841,0.297,0.931,0.037,0.294,0.037,0.417,0.348,0.407,0.455,0.609,0.185,0.233,0.857,0.41,0.037,0.959,0.037,0.197,0.037,0.354,0.1,0.404,0.093,0.341,0.876,0.038,,0.078,0.131,0.303,0.814,0.066,0.373,0.105,0.116,0.684,0.106,0.866,0.923,0.145,0.948,0.029,,,0.09,0.921,,,,,,,,0.419,,,,,0.40729487,0.085,0.213,0.072,0.366,0.64,0.84,0.667,0.641,0.17,0.026,0.089,0.082,,0.085,0.049,0.037,0.275,0.093,0.583,0.571,0.444,0.564,0.612,0.252,0.562,0.093,0.583,0.157,0.771,0.084,0.093,0.962,0.229,0.517,0.158,0.142,0.286,0.21,0.037,0.037,0.093,0.773,0.206,0.661,0.098,0.407,0.587,0.037,0.889,0.895,0.037,,0.852,,0.444,,0.225,0.605,0.196
1966,0.41,0.04,0.018,,0.321,0.037,0.944,0.935,0.037,0.144,0.945,0.492,0.499,0.4,0.049,0.156,0.093,0.037,0.18,0.152,0.884,0.259,0.865,0.146,0.927,0.945,0.818,0.031,0.239,0.064,0.181,0.306,0.532,0.304,0.082,0.887,0.024,0.691,0.084,,0.091,0.982,0.365,0.132,0.352,0.112,0.096,0.053,0.037,0.071,0.888,0.65,0.904,0.263,0.928,0.037,0.291,0.055,0.651,0.042,0.212,0.447,0.173,0.684,0.688,0.255,0.093,0.037,0.094,0.317,0.783,0.895,0.084,0.254,0.907,0.768,0.871,0.841,0.297,0.931,0.037,0.294,0.037,0.417,0.348,0.424,0.461,0.609,0.185,0.233,0.857,0.513,0.037,0.959,0.037,0.201,0.037,0.354,0.079,0.404,0.093,0.341,0.876,0.038,,0.078,0.131,0.303,0.814,0.016,0.366,0.105,0.123,0.667,0.109,0.886,0.923,0.145,0.948,0.029,,,0.09,0.921,,,,,,,,0.419,,,,,0.4054359,0.085,0.2,0.072,0.4,0.64,0.84,0.65,0.641,0.182,0.026,0.089,0.082,,0.085,0.031,0.037,0.273,0.093,0.583,0.569,0.435,0.564,0.612,0.25,0.547,0.093,0.583,0.157,0.771,0.084,0.093,0.96,0.23,0.517,0.143,0.142,0.286,0.21,0.037,0.037,0.093,0.773,0.206,0.671,0.098,0.397,0.481,0.037,0.893,0.899,0.037,,0.852,,0.444,,0.225,0.618,0.162
1967,0.414,0.04,0.018,,0.144,0.037,0.954,0.935,0.037,0.135,0.945,0.492,0.478,0.364,0.045,0.156,0.101,0.037,0.166,0.142,0.894,0.259,0.883,0.146,0.927,0.945,0.818,0.032,0.239,0.064,0.087,0.31,0.532,0.304,0.082,0.887,0.024,0.691,0.122,,0.078,0.985,0.38,0.132,0.518,0.112,0.096,0.074,0.037,0.071,0.892,0.65,0.916,0.256,0.934,0.037,0.391,0.043,0.651,0.042,0.212,0.079,0.187,0.704,0.687,0.255,0.101,0.037,0.094,0.3,0.783,0.895,0.084,0.27,0.907,0.78,0.871,0.827,0.313,0.931,0.037,0.296,0.037,0.417,0.348,0.424,0.461,0.609,0.185,0.229,0.857,0.513,0.037,0.959,0.037,0.206,0.037,0.354,0.079,0.411,0.101,0.341,0.876,0.038,,0.078,0.131,0.303,0.814,0.016,0.366,0.105,0.123,0.55,0.109,0.898,0.923,0.145,0.948,0.029,,,0.09,0.921,,,,,,,,0.424,,,,,0.40086538,0.083,0.135,0.068,0.364,0.627,0.84,0.65,0.641,0.182,0.026,0.089,0.082,,0.085,0.031,0.037,0.273,0.093,0.583,0.569,0.435,0.575,0.59,0.25,0.547,0.101,0.583,0.157,0.771,0.122,0.101,0.96,0.25,0.525,0.143,0.142,0.144,0.21,0.037,0.037,0.093,0.773,0.206,0.671,0.098,0.376,0.363,0.037,0.878,0.897,0.037,,0.852,,0.444,,0.225,0.618,0.162
1968,0.414,0.04,0.018,,0.159,0.037,0.954,0.935,0.037,0.135,0.945,0.492,0.478,0.377,0.045,0.156,0.105,0.037,0.166,0.133,0.894,0.259,0.883,0.146,0.927,0.945,0.818,0.032,0.239,0.064,0.088,0.094,0.532,0.304,0.082,0.887,0.024,0.691,0.224,,0.093,0.985,0.38,0.132,0.57,0.112,0.087,0.08,0.037,0.073,0.892,0.65,0.916,0.18,0.913,0.037,0.411,0.043,0.651,0.042,0.289,0.071,0.181,0.687,0.691,0.255,0.105,0.037,0.11,0.296,0.783,0.895,0.089,0.119,0.907,0.795,0.874,0.823,0.313,0.931,0.037,0.286,0.037,0.417,0.348,0.424,0.461,0.609,0.185,0.23,0.857,0.513,0.037,0.959,0.037,0.206,0.037,0.354,0.104,0.4,0.105,0.284,0.876,0.038,,0.078,0.131,0.303,0.798,0.016,0.366,0.105,0.123,0.55,0.1,0.903,0.923,0.145,0.948,0.029,,,0.09,0.921,,,,,,,,0.424,,,,,0.39373717,0.093,0.068,0.068,0.377,0.336,0.549,0.653,0.641,0.182,0.016,0.104,0.077,,0.085,0.031,0.037,0.273,0.093,0.583,0.59,0.435,0.575,0.464,0.25,0.547,0.105,0.583,0.157,0.771,0.224,0.105,0.96,0.262,0.533,0.143,0.142,0.149,0.255,0.037,0.037,0.093,0.771,0.206,0.671,0.098,0.369,0.363,0.037,0.693,0.901,0.037,,0.858,,0.444,,0.225,0.618,0.162
1969,0.414,0.043,0.018,,0.17,0.034,0.954,0.935,0.034,0.121,0.945,0.492,0.478,0.383,0.045,0.156,0.097,0.034,0.196,0.1,0.894,0.261,0.883,0.146,0.927,0.945,0.818,0.023,0.239,0.064,0.088,0.096,0.532,0.304,0.082,0.887,0.024,0.691,0.116,,0.096,0.985,0.38,0.132,0.535,0.112,0.087,0.08,0.034,0.073,0.891,0.65,0.945,0.18,0.913,0.034,0.621,0.044,0.651,0.042,0.041,0.071,0.181,0.689,0.701,0.255,0.097,0.037,0.114,0.296,0.783,0.9,0.089,0.083,0.907,0.795,0.875,0.823,0.313,0.931,0.034,0.259,0.034,0.417,0.348,0.424,0.461,0.609,0.185,0.115,0.857,0.513,0.034,0.959,0.034,0.213,0.034,0.354,0.104,0.435,0.097,0.225,0.876,0.038,,0.078,0.131,0.303,0.793,0.016,0.364,0.105,0.123,0.55,0.1,0.929,0.923,0.145,0.948,0.029,,,0.09,0.921,,,,,,,,0.424,,,,,0.3845,0.096,0.068,0.068,0.383,0.158,0.267,0.648,0.641,0.182,0.016,0.128,0.085,,0.085,0.031,0.034,0.275,0.093,0.2,0.643,0.435,0.575,0.434,0.245,0.298,0.097,0.2,0.157,0.771,0.116,0.097,0.96,0.285,0.533,0.143,0.142,0.11,0.276,0.034,0.034,0.093,0.778,0.206,0.671,0.098,0.369,0.287,0.034,0.677,0.912,0.034,,0.879,,0.444,,0.225,0.583,0.162
1970,0.421,0.043,0.018,,0.18,0.035,0.964,0.935,0.035,0.112,0.945,0.497,0.505,0.535,0.058,0.156,0.106,0.035,0.221,0.103,0.894,0.261,0.883,0.134,0.925,0.949,0.825,0.019,0.24,0.064,0.087,0.078,0.539,0.304,0.082,0.894,0.024,0.695,0.075,,0.095,0.985,0.371,0.132,0.532,0.136,0.083,0.08,0.035,0.073,0.891,0.761,0.948,0.218,0.913,0.035,0.652,0.037,0.734,0.038,0.013,0.071,0.14,0.624,0.726,0.278,0.106,0.037,0.118,0.273,0.786,0.912,0.098,0.085,0.912,0.821,0.885,0.83,0.288,0.934,0.035,0.226,0.035,0.368,0.351,0.424,0.461,0.624,0.185,0.046,0.794,0.274,0.035,0.959,0.035,0.216,0.035,0.351,0.104,0.488,0.106,0.211,0.876,0.038,,0.078,0.131,0.319,0.772,0.016,0.366,0.099,0.13,0.55,0.1,0.933,0.939,0.145,0.951,0.062,,,0.09,0.934,,,,,,,,0.424,,,,,0.38417307,0.1,0.07,0.068,0.535,0.145,0.287,0.625,0.669,0.182,0.016,0.134,0.085,,0.119,0.031,0.035,0.287,0.089,0.192,0.65,0.435,0.616,0.434,0.22,0.054,0.106,0.192,0.157,0.786,0.075,0.106,0.96,0.293,0.539,0.051,0.147,0.106,0.284,0.035,0.035,0.093,0.791,0.206,0.599,0.114,0.364,0.239,0.035,0.611,0.926,0.035,,0.899,,0.686,,0.225,0.563,0.149
1971,0.421,0.043,0.018,0.127,0.197,0.038,0.964,0.935,0.038,0.112,0.945,0.497,0.485,0.432,0.061,0.175,0.106,0.038,0.134,0.103,0.894,0.261,0.883,0.134,0.932,0.949,0.825,0.019,0.24,0.064,0.082,0.078,0.569,0.312,0.098,0.897,0.023,0.695,0.073,,0.082,0.985,0.371,0.132,0.508,0.18,0.083,0.08,0.038,0.073,0.891,0.767,0.948,0.218,0.913,0.038,0.635,0.037,0.734,0.038,0.013,0.071,0.117,0.624,0.726,0.278,0.106,0.055,0.118,0.24,0.779,0.912,0.098,0.085,0.912,0.821,0.887,0.83,0.28,0.936,0.038,0.226,0.038,0.361,0.351,0.424,0.461,0.624,0.233,0.046,0.769,0.223,0.038,0.959,0.038,0.216,0.038,0.351,0.104,0.488,0.106,0.211,0.861,0.038,,0.078,0.131,0.319,0.758,0.016,0.366,0.099,0.13,0.55,0.1,0.933,0.939,0.15,0.951,0.062,,,0.09,0.935,,,,,,,,0.424,,,,,0.3789114,0.1,0.064,0.068,0.397,0.145,0.287,0.545,0.669,0.198,0.016,0.134,0.085,,0.121,0.031,0.038,0.287,0.089,0.178,0.65,0.435,0.616,0.426,0.22,0.054,0.106,0.178,0.157,0.786,0.073,0.106,0.96,0.267,0.558,0.045,0.147,0.106,0.266,0.038,0.038,0.093,0.805,0.206,0.491,0.097,0.364,0.18,0.038,0.569,0.907,0.038,,0.899,,0.706,,0.225,0.531,0.149
1972,0.387,0.043,0.018,0.127,0.201,0.037,0.965,0.946,0.037,0.112,0.945,0.36,0.485,0.701,0.061,0.225,0.1,0.037,0.094,0.103,0.894,0.269,0.883,0.134,0.932,0.949,0.807,0.021,0.24,0.064,0.082,0.078,0.569,0.314,0.104,0.897,0.023,0.695,0.068,,0.073,0.985,0.371,0.132,0.487,0.198,0.083,0.08,0.037,0.079,0.891,0.767,0.948,0.218,0.913,0.037,0.357,0.037,0.734,0.038,0.013,0.071,0.117,0.624,0.726,0.249,0.1,0.063,0.118,0.24,0.786,0.912,0.098,0.085,0.912,0.821,0.887,0.83,0.28,0.936,0.037,0.223,0.037,0.361,0.24,0.429,0.443,0.627,0.353,0.046,0.75,0.223,0.037,0.959,0.037,0.216,0.037,0.38,0.104,0.506,0.1,0.211,0.861,0.038,,0.078,0.131,0.319,0.758,0.016,0.366,0.099,0.13,0.55,0.111,0.933,0.939,0.15,0.951,0.069,,,0.09,0.935,,,,,,,,0.424,,,,,0.37401265,0.1,0.064,0.068,0.47,0.145,0.287,0.171,0.669,0.198,0.011,0.138,0.085,,0.123,0.031,0.037,0.287,0.089,0.168,0.661,0.435,0.616,0.392,0.179,0.054,0.1,0.168,0.157,0.786,0.068,0.1,0.961,0.232,0.528,0.038,0.126,0.106,0.215,0.037,0.037,0.093,0.805,0.206,0.516,0.107,0.364,0.057,0.037,0.54,0.92,0.037,,0.908,,0.706,,0.225,0.513,0.149
1973,0.333,0.043,0.018,0.111,0.548,0.037,0.965,0.946,0.037,0.112,0.945,0.148,0.485,0.624,0.061,0.237,0.1,0.037,0.094,0.103,0.903,0.269,0.883,0.134,0.935,0.949,0.341,0.027,0.24,0.061,0.085,0.079,0.569,0.316,0.104,0.897,0.023,0.695,0.073,,0.073,0.985,0.371,0.132,0.352,0.209,0.063,0.08,0.037,0.079,0.891,0.767,0.948,0.218,0.913,0.037,0.246,0.037,0.734,0.041,0.011,0.071,0.12,0.614,0.726,0.249,0.1,0.063,0.118,0.224,0.786,0.912,0.099,0.087,0.912,0.821,0.882,0.833,0.28,0.936,0.037,0.223,0.037,0.357,0.211,0.429,0.44,0.627,0.353,0.046,0.75,0.223,0.037,0.959,0.037,0.206,0.037,0.377,0.104,0.504,0.1,0.211,0.861,0.038,,0.078,0.131,0.319,0.755,0.016,0.366,0.099,0.135,0.541,0.111,0.933,0.939,0.15,0.951,0.069,,,0.093,0.935,,,,,,,,0.424,,,,,0.36581013,0.104,0.064,0.073,0.462,0.145,0.273,0.12,0.701,0.198,0.011,0.138,0.085,,0.123,0.031,0.037,0.238,0.089,0.171,0.661,0.435,0.64,0.392,0.141,0.056,0.1,0.171,0.157,0.776,0.073,0.1,0.961,0.154,0.528,0.028,0.126,0.106,0.269,0.037,0.037,0.102,0.81,0.206,0.58,0.115,0.364,0.054,0.037,0.217,0.938,0.037,,0.909,,0.706,,0.225,0.343,0.149
1974,0.246,0.043,0.018,0.135,0.662,0.036,0.965,0.95,0.036,0.112,0.945,0.129,0.485,0.624,0.061,0.193,0.108,0.036,0.092,0.111,0.903,0.269,0.883,0.134,0.93,0.949,0.028,0.027,0.24,0.061,0.085,0.079,0.584,0.316,0.104,0.897,0.023,0.727,0.073,,0.075,0.985,0.371,0.132,0.352,0.209,0.042,0.091,0.036,0.057,0.891,0.767,0.948,0.218,0.913,0.036,0.246,0.037,0.734,0.137,0.011,0.247,0.141,0.614,0.726,0.249,0.108,0.063,0.118,0.196,0.709,0.912,0.099,0.087,0.912,0.853,0.882,0.836,0.28,0.936,0.036,0.226,0.036,0.357,0.2,0.429,0.431,0.627,0.353,0.046,0.752,0.223,0.036,0.959,0.036,0.208,0.036,0.379,0.104,0.504,0.108,0.211,0.861,0.035,,0.078,0.128,0.319,0.755,0.016,0.365,0.099,0.129,0.541,0.111,0.933,0.939,0.15,0.951,0.071,,,0.096,0.935,,,,,,,,0.424,,,,,0.36844936,0.11,0.064,0.073,0.462,0.145,0.263,0.115,0.701,0.198,0.011,0.723,0.085,,0.123,0.031,0.036,0.12,0.095,0.177,0.651,0.435,0.64,0.392,0.141,0.056,0.108,0.177,0.157,0.798,0.073,0.108,0.966,0.12,0.528,0.028,0.126,0.106,0.427,0.036,0.036,0.098,0.81,0.201,0.667,0.124,0.364,0.054,0.036,0.107,0.946,0.036,,0.915,,0.706,,0.222,0.253,0.149
1975,0.253,0.05,0.018,0.135,0.541,0.038,0.965,0.95,0.038,0.112,0.945,0.117,0.485,0.227,0.073,0.187,0.108,0.038,0.079,0.124,0.903,0.269,0.883,0.134,0.93,0.949,0.028,0.027,0.24,0.061,0.085,0.079,0.618,0.331,0.382,0.928,0.023,0.786,0.073,,0.082,0.985,0.384,0.132,0.352,0.209,0.037,0.104,0.038,0.052,0.891,0.767,0.948,0.218,0.913,0.038,0.246,0.037,0.734,0.144,0.011,0.884,0.148,0.614,0.726,0.249,0.108,0.063,0.118,0.176,0.423,0.912,0.075,0.084,0.912,0.853,0.882,0.834,0.28,0.936,0.038,0.225,0.038,0.013,0.2,0.429,0.097,0.601,0.353,0.046,0.757,0.223,0.038,0.959,0.038,0.223,0.038,0.239,0.104,0.504,0.108,0.225,0.861,0.035,,0.078,0.103,0.319,0.755,0.016,0.344,0.104,0.139,0.553,0.111,0.933,0.939,0.15,0.95,0.072,,,0.096,0.935,,,,,,,,0.419,,,,,0.36949366,0.114,0.064,0.073,0.449,0.145,0.263,0.115,0.869,0.198,0.011,0.931,0.085,,0.123,0.031,0.038,0.117,0.077,0.177,0.651,0.435,0.659,0.392,0.141,0.056,0.108,0.177,0.365,0.83,0.073,0.108,0.973,0.12,0.564,0.028,0.128,0.106,0.41,0.038,0.038,0.219,0.81,0.206,0.667,0.124,0.364,0.054,0.038,0.107,0.947,0.038,,0.915,,0.706,,0.222,0.243,0.149
1976,0.253,0.057,0.018,0.145,0.092,0.037,0.964,0.956,0.037,0.087,0.945,0.117,0.485,0.347,0.073,0.116,0.108,0.037,0.079,0.139,0.903,0.279,0.889,0.134,0.93,0.949,0.028,0.027,0.24,0.061,0.085,0.079,0.618,0.272,0.54,0.933,0.023,0.811,0.074,,0.082,0.985,0.384,0.132,0.352,0.235,0.037,0.234,0.037,0.038,0.896,0.767,0.948,0.218,0.913,0.037,0.246,0.037,0.734,0.144,0.011,0.913,0.132,0.614,0.726,0.249,0.108,0.063,0.118,0.176,0.403,0.912,0.068,0.084,0.912,0.853,0.884,0.834,0.28,0.936,0.037,0.229,0.037,0.009,0.2,0.403,0.021,0.576,0.353,0.046,0.757,0.223,0.037,0.959,0.037,0.223,0.037,0.223,0.104,0.531,0.108,0.225,0.861,0.035,,0.078,0.106,0.319,0.778,0.016,0.344,0.125,0.139,0.554,0.111,0.933,0.939,0.15,0.95,0.071,,,0.096,0.931,,,,,,,,,,,,,0.36733758,0.114,0.064,0.073,0.465,0.145,0.311,0.115,0.869,0.183,0.011,0.95,0.085,,0.123,0.031,0.037,0.126,0.077,0.177,0.672,0.435,0.689,0.392,0.141,0.056,0.108,0.177,0.39,0.86,0.074,0.108,0.974,0.12,0.552,0.028,0.128,0.106,0.32,0.037,0.037,0.044,0.832,0.215,0.667,0.144,0.362,0.054,0.037,0.088,0.956,0.037,,0.915,0.061,0.675,,0.222,0.242,0.149
1977,0.233,0.05,0.018,0.16,0.028,0.037,0.964,0.956,0.037,0.092,0.945,0.117,0.5,0.507,0.073,0.116,0.112,0.037,0.079,0.14,0.903,0.285,0.889,0.116,0.93,0.949,0.032,0.025,0.24,0.061,0.085,0.079,0.622,0.272,0.54,0.938,0.023,0.811,0.074,,0.093,0.985,0.384,0.132,0.36,0.237,0.037,0.598,0.037,0.038,0.896,0.767,0.948,0.218,0.913,0.037,0.246,0.037,0.711,0.144,0.011,0.922,0.115,0.589,0.747,0.264,0.112,0.063,0.118,0.167,0.611,0.912,0.068,0.084,0.912,0.86,0.884,0.834,0.28,0.936,0.037,0.229,0.037,0.009,0.2,0.395,0.021,0.576,0.353,0.046,0.737,0.223,0.037,0.959,0.037,0.223,0.037,0.227,0.104,0.577,0.112,0.217,0.861,0.035,,0.078,0.106,0.319,0.825,0.016,0.344,0.127,0.139,0.577,0.098,0.938,0.939,0.15,0.946,0.083,,,0.096,0.929,,,,,,,,,,,,,0.37031847,0.11,0.064,0.073,0.437,0.145,0.322,0.115,0.869,0.183,0.011,0.965,0.085,,0.123,0.031,0.037,0.126,0.077,0.177,0.672,0.435,0.689,0.394,0.129,0.056,0.112,0.177,0.39,0.86,0.074,0.112,0.974,0.12,0.324,0.028,0.128,0.113,0.22,0.037,0.037,0.044,0.864,0.217,0.667,0.155,0.369,0.054,0.037,0.088,0.962,0.037,,0.915,0.064,0.675,,0.203,0.242,0.149
1978,0.109,0.05,0.018,0.16,0.028,0.037,0.964,0.956,0.037,0.092,0.945,0.117,0.544,0.576,0.073,0.116,0.112,0.037,0.135,0.14,0.903,0.285,0.889,0.116,0.93,0.949,0.03,0.063,0.24,0.061,0.085,0.083,0.506,0.278,0.54,0.947,0.023,0.811,0.074,,0.2,0.985,0.496,0.132,0.439,0.23,0.035,0.896,0.037,0.038,0.896,0.767,0.948,0.218,0.913,0.037,0.276,0.037,0.711,0.144,0.011,0.922,0.085,0.585,0.747,0.253,0.112,0.063,0.118,0.167,0.821,0.912,0.084,0.084,0.912,0.868,0.884,0.834,0.28,0.936,0.037,0.232,0.037,0.009,0.2,0.395,0.021,0.576,0.353,0.046,0.73,0.226,0.037,0.959,0.037,0.223,0.037,0.224,0.081,0.617,0.112,0.217,0.861,0.035,,0.078,0.106,0.2,0.825,0.016,0.339,0.134,0.139,0.626,0.098,0.938,0.939,0.156,0.946,0.083,,,0.096,0.938,,,,,,,,,,,,,0.3742739,0.097,0.041,0.08,0.223,0.145,0.489,0.128,0.869,0.183,0.011,0.965,0.085,,0.121,0.031,0.037,0.152,0.077,0.185,0.672,0.435,0.745,0.327,0.124,0.056,0.112,0.185,0.39,0.864,0.074,0.112,0.974,0.12,0.216,0.027,0.128,0.113,0.232,0.037,0.037,0.044,0.864,0.217,0.667,0.162,0.369,0.054,0.037,0.088,0.966,0.037,,0.915,0.064,0.675,,0.203,0.242,0.149
1979,0.083,0.05,0.018,0.16,0.028,0.037,0.964,0.956,0.037,0.098,0.945,0.117,0.544,0.613,0.073,0.116,0.112,0.037,0.214,0.236,0.903,0.285,0.889,0.134,0.93,0.949,0.038,0.159,0.24,0.061,0.087,0.081,0.415,0.351,0.54,0.947,0.023,0.811,0.074,,0.2,0.985,0.827,0.135,0.757,0.23,0.035,0.947,0.037,0.038,0.896,0.767,0.948,0.233,0.913,0.037,0.548,0.037,0.711,0.144,0.027,0.922,0.078,0.585,0.747,0.251,0.112,0.069,0.118,0.167,0.821,0.912,0.253,0.055,0.912,0.868,0.884,0.837,0.28,0.936,0.037,0.238,0.037,0.011,0.2,0.39,0.021,0.576,0.353,0.046,0.693,0.278,0.037,0.959,0.037,0.223,0.037,0.224,0.073,0.617,0.112,0.24,0.861,0.035,,0.078,0.106,0.19,0.827,0.016,0.339,0.134,0.131,0.752,0.117,0.949,0.939,0.151,0.946,0.083,,,0.096,0.946,,,,,,,,,,,,,0.38601273,0.092,0.042,0.08,0.174,0.203,0.632,0.122,0.869,0.183,0.011,0.965,0.085,,0.119,0.031,0.037,0.163,0.082,0.207,0.672,0.435,0.826,0.285,0.127,0.056,0.112,0.207,0.39,0.864,0.074,0.112,0.974,0.12,0.219,0.027,0.128,0.113,0.232,0.037,0.037,0.044,0.864,0.215,0.667,0.151,0.369,0.064,0.037,0.093,0.966,0.037,,0.911,0.064,0.675,,0.203,0.242,0.153
1980,0.08,0.055,0.018,0.143,0.028,0.037,0.965,0.956,0.037,0.11,0.957,0.12,0.448,0.613,0.081,0.106,0.116,0.037,0.088,0.354,0.91,0.288,0.889,0.487,0.93,0.957,0.046,0.186,0.251,0.076,0.099,0.081,0.415,0.389,0.54,0.969,0.028,0.824,0.074,,0.2,0.985,0.827,0.162,0.888,0.225,0.035,0.947,0.037,0.04,0.899,0.767,0.948,0.22,0.898,0.037,0.669,0.037,0.709,0.138,0.129,0.922,0.078,0.543,0.83,0.329,0.116,0.055,0.13,0.159,0.821,0.91,0.184,0.037,0.929,0.868,0.924,0.853,0.273,0.936,0.037,0.224,0.037,0.027,0.336,0.361,0.021,0.576,0.187,0.043,0.621,0.278,0.037,0.959,0.037,0.23,0.037,0.221,0.084,0.626,0.116,0.252,0.861,0.046,,0.078,0.106,0.19,0.842,0.016,0.371,0.241,0.145,0.76,0.548,0.949,0.959,0.168,0.948,0.083,,,0.096,0.954,,,,,,,,,,,,,0.39996815,0.097,0.046,0.098,0.174,0.243,0.798,0.122,0.857,0.3,0.011,0.965,0.091,,0.12,0.031,0.037,0.157,0.082,0.206,0.702,0.441,0.826,0.278,0.127,0.056,0.116,0.206,0.39,0.485,0.074,0.116,0.974,0.118,0.229,0.027,0.112,0.113,0.393,0.037,0.037,0.044,0.883,0.224,0.327,0.193,0.378,0.317,0.037,0.141,0.968,0.037,,0.915,0.066,0.894,,0.201,0.242,0.505
1981,0.085,0.055,0.018,0.143,0.028,0.037,0.965,0.956,0.037,0.11,0.951,0.12,0.424,0.595,0.081,0.106,0.16,0.037,0.132,0.354,0.91,0.288,0.894,0.495,0.93,0.957,0.048,0.186,0.251,0.076,0.099,0.081,0.415,0.389,0.54,0.969,0.028,0.824,0.074,,0.2,0.985,0.827,0.162,0.888,0.258,0.035,0.947,0.037,0.04,0.909,0.767,0.953,0.22,0.898,0.037,0.549,0.037,0.701,0.134,0.129,0.935,0.078,0.433,0.83,0.419,0.16,0.066,0.139,0.159,0.81,0.91,0.073,0.037,0.929,0.868,0.94,0.893,0.273,0.936,0.037,0.224,0.037,0.027,0.209,0.37,0.021,0.576,0.127,0.043,0.621,0.278,0.037,0.959,0.037,0.23,0.037,0.221,0.084,0.634,0.16,0.252,0.861,0.046,,0.078,0.106,0.19,0.842,0.016,0.366,0.236,0.145,0.76,0.572,0.949,0.959,0.178,0.945,0.083,,,0.096,0.954,,,,,,,,,,,,,0.39884076,0.097,0.046,0.098,0.174,0.225,0.862,0.14,0.857,0.288,0.011,0.965,0.091,,0.12,0.031,0.037,0.157,0.082,0.206,0.744,0.441,0.826,0.22,0.131,0.056,0.16,0.206,0.39,0.477,0.074,0.16,0.974,0.118,0.23,0.027,0.112,0.113,0.492,0.037,0.037,0.044,0.879,0.232,0.147,0.193,0.378,0.317,0.037,0.15,0.972,0.037,,0.915,0.066,0.894,,0.201,0.242,0.579
1982,0.082,0.055,0.018,0.143,0.046,0.037,0.965,0.956,0.037,0.11,0.951,0.12,0.424,0.476,0.081,0.106,0.16,0.037,0.495,0.367,0.91,0.288,0.894,0.254,0.932,0.957,0.048,0.186,0.251,0.107,0.099,0.081,0.447,0.387,0.54,0.972,0.028,0.824,0.074,,0.186,0.985,0.827,0.162,0.888,0.258,0.031,0.961,0.037,0.04,0.922,0.767,0.958,0.22,0.898,0.037,0.202,0.037,0.701,0.134,0.129,0.949,0.077,0.433,0.83,0.425,0.16,0.066,0.146,0.159,0.813,0.918,0.05,0.037,0.929,0.868,0.94,0.893,0.273,0.936,0.037,0.182,0.037,0.027,0.214,0.375,0.021,0.576,0.125,0.043,0.621,0.284,0.037,0.959,0.037,0.23,0.037,0.221,0.084,0.635,0.16,0.26,0.861,0.046,,0.078,0.106,0.19,0.85,0.016,0.36,0.236,0.145,0.76,0.455,0.949,0.959,0.185,0.942,0.083,,,0.096,0.954,,,,,,,,,,,,,0.3957325,0.098,0.047,0.098,0.199,0.196,0.861,0.15,0.857,0.141,0.011,0.965,0.091,,0.12,0.031,0.037,0.157,0.082,0.206,0.772,0.441,0.814,0.235,0.131,0.054,0.16,0.206,0.39,0.45,0.074,0.16,0.974,0.118,0.235,0.027,0.065,0.113,0.518,0.037,0.037,0.044,0.869,0.224,0.147,0.209,0.402,0.311,0.037,0.17,0.972,0.037,,0.915,0.058,0.894,,0.201,0.242,0.569
1983,0.084,0.055,0.018,0.157,0.366,0.037,0.965,0.956,0.037,0.115,0.951,0.12,0.454,0.443,0.081,0.106,0.16,0.037,0.844,0.375,0.91,0.288,0.894,0.254,0.932,0.957,0.048,0.186,0.251,0.135,0.099,0.081,0.607,0.387,0.54,0.972,0.028,0.824,0.074,,0.186,0.985,0.827,0.162,0.888,0.258,0.031,0.961,0.037,0.04,0.925,0.767,0.958,0.22,0.898,0.037,0.164,0.037,0.701,0.134,0.129,0.949,0.076,0.433,0.83,0.478,0.16,0.066,0.146,0.159,0.812,0.918,0.049,0.037,0.929,0.868,0.94,0.893,0.273,0.936,0.037,0.172,0.037,0.027,0.256,0.375,0.021,0.576,0.125,0.043,0.592,0.275,0.037,0.959,0.037,0.23,0.037,0.221,0.084,0.635,0.16,0.26,0.861,0.046,,0.078,0.106,0.19,0.847,0.016,0.36,0.236,0.145,0.7,0.478,0.949,0.959,0.185,0.948,0.084,,,0.096,0.954,,,,,,,,,,,,,0.402,0.098,0.047,0.098,0.199,0.196,0.861,0.157,0.857,0.141,0.011,0.965,0.091,,0.12,0.031,0.037,0.157,0.079,0.206,0.783,0.441,0.814,0.235,0.144,0.054,0.16,0.206,0.39,0.437,0.074,0.16,0.974,0.118,0.241,0.027,0.065,0.113,0.545,0.037,0.037,0.044,0.869,0.229,0.213,0.214,0.402,0.311,0.037,0.17,0.973,0.037,,0.915,0.058,0.894,,0.201,0.242,0.569
1984,0.085,0.055,0.018,0.141,0.951,0.037,0.965,0.956,0.037,0.115,0.951,0.12,0.432,0.443,0.095,0.106,0.16,0.037,0.861,0.401,0.91,0.288,0.894,0.254,0.94,0.957,0.052,0.186,0.251,0.135,0.099,0.081,0.581,0.387,0.54,0.972,0.028,0.824,0.074,,0.186,0.985,0.816,0.162,0.826,0.258,0.031,0.961,0.037,0.04,0.925,0.767,0.958,0.22,0.898,0.037,0.164,0.043,0.701,0.134,0.129,0.956,0.125,0.446,0.833,0.478,0.16,0.066,0.146,0.159,0.812,0.918,0.06,0.037,0.929,0.865,0.952,0.893,0.273,0.936,0.037,0.156,0.037,0.027,0.302,0.375,0.021,0.576,0.153,0.043,0.592,0.275,0.037,0.959,0.037,0.23,0.037,0.221,0.084,0.635,0.16,0.26,0.861,0.046,,0.078,0.106,0.195,0.847,0.016,0.36,0.236,0.145,0.467,0.565,0.949,0.959,0.185,0.961,0.087,,,0.099,0.954,,,,,,,,,,,,,0.407707,0.098,0.047,0.121,0.199,0.241,0.861,0.157,0.857,0.192,0.011,0.965,0.091,,0.12,0.031,0.037,0.157,0.079,0.203,0.789,0.441,0.814,0.235,0.144,0.054,0.16,0.203,0.39,0.437,0.074,0.16,0.974,0.118,0.241,0.027,0.065,0.113,0.545,0.037,0.037,0.044,0.869,0.229,0.405,0.22,0.402,0.311,0.037,0.201,0.973,0.037,,0.912,0.058,0.894,,0.201,0.242,0.555
1985,0.085,0.055,0.018,0.154,0.951,0.061,0.965,0.956,0.061,0.115,0.951,0.12,0.416,0.459,0.104,0.106,0.16,0.061,0.837,0.607,0.91,0.283,0.894,0.254,0.94,0.957,0.067,0.186,0.266,0.135,0.099,0.081,0.574,0.387,0.54,0.972,0.028,0.824,0.074,,0.186,0.985,0.816,0.162,0.794,0.258,0.031,0.961,0.061,0.04,0.925,0.767,0.958,0.22,0.898,0.061,0.166,0.177,0.715,0.134,0.129,0.956,0.243,0.453,0.838,0.478,0.16,0.066,0.161,0.159,0.812,0.923,0.057,0.037,0.929,0.853,0.952,0.893,0.273,0.935,0.061,0.15,0.061,0.027,0.371,0.375,0.021,0.576,0.189,0.043,0.592,0.286,0.061,0.959,0.061,0.23,0.061,0.247,0.084,0.635,0.16,0.26,0.861,0.046,,0.078,0.106,0.195,0.847,0.016,0.36,0.258,0.145,0.488,0.493,0.949,0.959,0.185,0.964,0.087,,,0.099,0.954,,,,,,,,,,,,,0.41857326,0.098,0.047,0.134,0.224,0.241,0.846,0.168,0.857,0.192,0.011,0.965,0.091,,0.12,0.031,0.061,0.157,0.079,0.528,0.789,0.441,0.814,0.246,0.157,0.054,0.16,0.528,0.39,0.471,0.074,0.16,0.974,0.118,0.269,0.027,0.065,0.113,0.554,0.061,0.061,0.044,0.869,0.229,0.408,0.225,0.422,0.287,0.061,0.845,0.973,0.061,,0.908,0.058,0.894,,0.201,0.242,0.555
1986,0.085,0.058,0.018,0.154,0.951,0.13,0.965,0.956,0.13,0.115,0.951,0.12,0.416,0.497,0.104,0.106,0.164,0.13,0.822,0.759,0.91,0.283,0.894,0.314,0.94,0.957,0.067,0.207,0.266,0.135,0.099,0.077,0.571,0.387,0.55,0.972,0.028,0.824,0.081,,0.186,0.985,0.808,0.162,0.794,0.258,0.031,0.967,0.13,0.04,0.925,0.767,0.958,0.22,0.898,0.13,0.166,0.182,0.715,0.134,0.129,0.956,0.415,0.572,0.855,0.523,0.164,0.16,0.17,0.159,0.818,0.923,0.055,0.037,0.936,0.858,0.952,0.893,0.273,0.935,0.13,0.15,0.13,0.027,0.375,0.347,0.024,0.576,0.261,0.043,0.587,0.311,0.13,0.959,0.13,0.23,0.13,0.247,0.084,0.635,0.164,0.256,0.861,0.046,,0.081,0.106,0.195,0.855,0.016,0.36,0.258,0.145,0.513,0.493,0.949,0.959,0.185,0.964,0.087,,,0.099,0.954,,,,,,,,,,,,,0.4289809,0.098,0.043,0.134,0.235,0.238,0.838,0.528,0.857,0.193,0.011,0.965,0.091,,0.12,0.031,0.13,0.157,0.079,0.606,0.789,0.441,0.814,0.27,0.159,0.054,0.164,0.606,0.39,0.473,0.081,0.164,0.974,0.118,0.275,0.027,0.065,0.113,0.546,0.13,0.13,0.044,0.873,0.229,0.425,0.292,0.444,0.278,0.13,0.936,0.973,0.13,,0.905,0.115,0.894,,0.201,0.242,0.562
1987,0.086,0.058,0.018,0.181,0.951,0.245,0.965,0.956,0.245,0.124,0.951,0.12,0.431,0.497,0.103,0.106,0.179,0.245,0.841,0.795,0.91,0.289,0.894,0.311,0.94,0.957,0.075,0.216,0.266,0.135,0.099,0.077,0.571,0.387,0.556,0.972,0.029,0.824,0.1,,0.186,0.985,0.794,0.162,0.794,0.258,0.03,0.967,0.245,0.036,0.932,0.588,0.958,0.22,0.898,0.245,0.172,0.191,0.715,0.134,0.129,0.959,0.476,0.601,0.855,0.532,0.179,0.472,0.191,0.159,0.818,0.923,0.059,0.037,0.942,0.858,0.952,0.893,0.273,0.935,0.245,0.15,0.245,0.027,0.527,0.343,0.027,0.576,0.261,0.043,0.555,0.36,0.245,0.959,0.245,0.249,0.245,0.27,0.084,0.645,0.179,0.272,0.932,0.046,,0.081,0.108,0.221,0.855,0.016,0.354,0.265,0.145,0.513,0.503,0.949,0.959,0.185,0.964,0.087,,,0.103,0.954,,,,,,,,,,,,,0.43852228,0.098,0.043,0.134,0.235,0.238,0.838,0.834,0.857,0.193,0.011,0.965,0.1,,0.12,0.031,0.245,0.157,0.079,0.606,0.789,0.451,0.814,0.27,0.159,0.053,0.179,0.606,0.39,0.488,0.1,0.179,0.974,0.118,0.277,0.027,0.065,0.113,0.551,0.245,0.245,0.044,0.883,0.227,0.444,0.44,0.452,0.319,0.245,0.936,0.976,0.245,,0.905,0.166,0.894,,0.201,0.242,0.55
1988,0.084,0.058,0.018,0.181,0.951,0.253,0.965,0.956,0.253,0.131,0.951,0.117,0.44,0.497,0.103,0.106,0.18,0.253,0.85,0.911,0.91,0.289,0.894,0.311,0.94,0.957,0.159,0.216,0.274,0.135,0.099,0.077,0.561,0.387,0.597,0.976,0.032,0.824,0.1,,0.186,0.985,0.79,0.15,0.846,0.258,0.03,0.967,0.253,0.04,0.932,0.561,0.966,0.22,0.898,0.253,0.172,0.191,0.715,0.134,0.129,0.959,0.476,0.601,0.854,0.532,0.18,0.5,0.261,0.159,0.812,0.923,0.068,0.037,0.942,0.851,0.952,0.893,0.278,0.935,0.253,0.15,0.253,0.027,0.777,0.343,0.027,0.576,0.252,0.043,0.543,0.361,0.253,0.959,0.253,0.249,0.253,0.315,0.084,0.646,0.18,0.289,0.932,0.071,,0.081,0.108,0.221,0.855,0.016,0.354,0.27,0.232,0.513,0.575,0.949,0.959,0.185,0.964,0.087,,,0.103,0.954,,,,,,,,,,,,,0.4476433,0.101,0.043,0.134,0.336,0.238,0.838,0.834,0.857,0.205,0.011,0.965,0.1,,0.12,0.031,0.253,0.156,0.079,0.606,0.789,0.451,0.814,0.27,0.159,0.053,0.18,0.606,0.39,0.731,0.1,0.18,0.974,0.118,0.274,0.027,0.065,0.113,0.571,0.253,0.253,0.044,0.883,0.199,0.461,0.548,0.452,0.364,0.253,0.936,0.976,0.253,,0.911,0.183,0.894,,0.201,0.242,0.566
1989,0.087,0.058,0.018,0.181,0.948,0.315,0.965,0.957,0.315,0.133,0.956,0.117,0.44,0.48,0.118,0.106,0.177,0.315,0.857,0.926,0.91,0.299,0.894,0.311,0.94,0.962,0.258,0.195,0.275,0.135,0.099,0.077,0.561,0.39,0.597,0.976,0.032,0.838,0.126,,0.186,0.985,0.79,0.223,0.884,0.276,0.03,0.967,0.315,0.04,0.932,0.561,0.966,0.22,0.898,0.315,0.176,0.205,0.715,0.134,0.129,0.959,0.476,0.607,0.873,0.532,0.177,0.494,0.594,0.159,0.812,0.923,0.097,0.039,0.942,0.861,0.952,0.893,0.305,0.935,0.315,0.147,0.315,0.027,0.798,0.336,0.027,0.576,0.245,0.043,0.543,0.361,0.315,0.959,0.315,0.249,0.315,0.331,0.084,0.66,0.177,0.289,0.932,0.093,,0.1,0.108,0.221,0.855,0.016,0.354,0.382,0.326,0.536,0.631,0.949,0.959,0.185,0.964,0.087,,,0.144,0.954,,,,,,,,,,,,,0.46003798,0.103,0.043,0.118,0.666,0.238,0.838,0.834,0.858,0.662,0.011,0.965,0.162,,0.12,0.031,0.315,0.156,0.079,0.173,0.789,0.451,0.814,0.27,0.188,0.053,0.177,0.173,0.39,0.85,0.126,0.581,0.974,0.118,0.277,0.027,0.065,0.113,0.584,0.315,0.315,0.044,0.883,0.209,0.461,0.606,0.452,0.371,0.315,0.936,0.976,0.315,,0.91,0.152,0.894,,0.216,0.242,0.574
1990,0.073,0.074,0.081,0.181,0.953,0.757,0.969,0.96,0.322,0.133,0.964,0.775,0.451,0.48,0.877,0.101,0.427,0.74,0.865,0.944,0.915,0.299,0.895,0.386,0.94,0.977,0.933,0.142,0.658,0.4,0.234,0.327,0.597,0.717,0.651,0.979,0.032,0.872,0.972,,0.184,0.985,0.79,0.553,0.884,0.276,0.053,0.967,0.914,0.048,0.957,0.584,0.966,0.436,0.903,0.572,0.213,0.26,0.715,0.175,0.135,0.969,0.476,0.664,0.885,0.649,0.427,0.508,0.963,0.154,0.827,0.943,0.131,0.039,0.947,0.861,0.952,0.904,0.413,0.938,0.453,0.2,0.388,0.039,0.795,0.258,0.027,0.551,0.322,0.043,0.558,0.472,0.907,0.959,0.79,0.3,0.682,0.384,0.143,0.666,0.427,0.332,0.932,0.101,,0.567,0.383,0.232,0.86,0.016,0.366,0.866,0.644,0.535,0.848,0.949,0.964,0.666,0.964,0.076,,,0.918,0.966,,,,,,,,,,,,,0.5460756,0.292,0.058,0.128,0.661,0.861,0.775,0.868,0.858,0.958,0.011,0.965,0.721,,0.12,0.79,0.465,0.15,0.079,0.089,0.816,0.475,0.814,0.27,0.209,0.053,0.427,0.089,0.5,0.871,0.972,0.836,0.976,0.122,0.288,0.031,0.235,0.14,0.592,0.436,0.139,0.054,0.888,0.226,0.505,0.629,0.505,0.377,0.588,0.938,0.979,0.245,,0.916,0.133,0.909,,0.385,0.323,0.524
1991,0.075,0.119,0.663,0.186,0.956,0.798,0.969,0.96,0.373,0.137,0.964,0.835,0.545,0.72,0.888,0.101,0.464,0.779,0.884,0.944,0.915,0.299,0.895,0.452,0.94,0.979,0.94,0.145,0.661,0.491,0.337,0.635,0.671,0.738,0.857,0.979,0.032,0.882,0.972,0.966,0.171,0.985,0.807,0.549,0.884,0.276,0.107,0.967,0.919,0.271,0.967,0.608,0.966,0.708,0.903,0.596,0.22,0.352,0.715,0.175,0.135,0.969,0.473,0.642,0.905,0.662,0.492,0.586,0.958,0.154,0.832,0.963,0.135,0.037,0.947,0.865,0.961,0.904,0.417,0.938,0.577,0.276,0.521,0.039,0.795,0.27,0.027,0.516,0.496,0.043,0.558,0.473,0.901,0.959,0.875,0.308,0.752,0.41,0.096,0.666,0.65,0.641,0.932,0.101,,0.792,0.544,0.311,0.863,0.016,0.366,0.893,0.693,0.543,0.912,0.949,0.964,0.875,0.964,0.076,,,,,,,,,,,,,,,0.72,,0.58682656,,,0.133,0.661,0.861,0.746,0.868,0.858,0.964,0.011,0.965,0.721,,0.12,0.81,0.514,0.286,0.085,0.089,0.843,0.475,0.814,0.262,0.22,0.164,0.464,0.089,0.727,0.893,0.972,0.913,0.976,0.122,0.342,0.031,0.429,0.47,0.493,0.522,0.131,0.054,0.901,0.228,0.512,0.633,0.533,0.405,0.678,0.94,0.975,0.311,,0.916,0.139,0.901,0.487,0.501,0.549,0.528
1992,0.109,0.349,0.756,0.199,0.954,0.797,0.969,0.96,0.574,0.527,0.964,0.906,0.72,0.728,0.888,0.101,0.53,0.859,0.884,0.95,0.915,0.315,0.895,0.546,0.94,0.979,0.94,0.159,0.661,0.617,0.337,0.679,0.736,0.737,0.927,0.979,0.032,0.886,0.972,0.966,0.335,0.985,0.807,0.51,0.884,0.276,0.143,0.967,0.952,0.361,0.967,0.608,0.966,0.733,0.903,0.706,0.453,0.445,0.715,0.229,0.135,0.969,0.473,0.687,0.905,0.662,0.517,0.402,0.958,0.153,0.832,0.963,0.135,0.037,0.947,0.862,0.957,0.904,0.435,0.938,0.561,0.501,0.703,0.126,0.809,0.39,0.027,0.536,0.496,0.043,0.563,0.473,0.904,0.959,0.93,0.361,0.78,0.734,0.096,0.666,0.658,0.88,0.932,0.101,,0.92,0.61,0.542,0.87,0.021,0.366,0.893,0.706,0.544,0.912,0.949,0.964,0.884,0.964,0.076,,,,,,,,,,,,,,,0.72,,0.61855745,,,0.178,0.661,0.861,0.549,0.871,0.858,0.964,0.011,0.965,0.787,,0.12,0.824,0.763,0.356,0.085,0.095,0.85,0.475,0.814,0.346,0.438,0.397,0.424,0.095,0.817,0.9,0.972,0.945,0.976,0.122,0.416,0.033,0.447,0.566,0.561,0.305,0.111,0.054,0.903,0.224,0.531,0.674,0.7,0.405,0.767,0.94,0.979,0.211,,0.912,0.138,0.911,0.482,0.501,0.768,0.528
1993,0.123,0.374,0.734,0.186,0.954,0.782,0.969,0.96,0.463,0.587,0.964,0.906,0.77,0.728,0.881,0.101,0.53,0.843,0.864,0.95,0.915,0.32,0.895,0.587,0.94,0.979,0.94,0.172,0.711,0.639,0.352,0.698,0.736,0.737,0.927,0.979,0.035,0.886,0.972,0.966,0.35,0.985,0.807,0.501,0.879,0.294,0.143,0.967,0.958,0.361,0.969,0.632,0.966,0.736,0.903,0.717,0.747,0.448,0.685,0.282,0.176,0.969,0.477,0.681,0.912,0.662,0.526,0.402,0.958,0.153,0.837,0.963,0.139,0.044,0.947,0.862,0.957,0.904,0.453,0.938,0.564,0.608,0.68,0.421,0.865,0.391,0.027,0.536,0.509,0.043,0.576,0.794,0.907,0.959,0.942,0.379,0.78,0.758,0.096,0.688,0.666,0.88,0.932,0.101,,0.915,0.726,0.543,0.887,0.094,0.366,0.893,0.743,0.529,0.914,0.949,0.964,0.884,0.964,0.076,,,,,,,,,,,,,,,0.72,,0.63272,,,0.265,0.661,0.868,0.432,0.871,0.858,0.964,0.011,0.965,0.803,,0.12,0.853,0.763,0.358,0.085,0.095,0.85,0.475,0.814,0.361,0.779,0.421,0.412,0.095,0.837,0.903,0.86,0.943,0.976,0.122,0.521,0.033,0.447,0.591,0.688,0.111,0.065,0.054,0.903,0.203,0.526,0.722,0.694,0.457,0.768,0.94,0.979,0.197,,0.914,0.146,0.911,0.482,0.527,0.771,0.528
1994,0.123,0.374,0.725,0.175,0.954,0.759,0.969,0.96,0.336,0.58,0.964,0.906,0.77,0.728,0.888,0.101,0.53,0.81,0.864,0.951,0.915,0.314,0.895,0.613,0.94,0.979,0.945,0.178,0.794,0.639,0.352,0.701,0.735,0.737,0.927,0.979,0.035,0.886,0.972,0.966,0.35,0.985,0.78,0.514,0.866,0.294,0.137,0.967,0.956,0.365,0.969,0.632,0.966,0.736,0.903,0.759,0.795,0.45,0.255,0.383,0.189,0.969,0.509,0.681,0.912,0.72,0.553,0.426,0.958,0.153,0.837,0.963,0.148,0.044,0.947,0.864,0.961,0.904,0.453,0.938,0.578,0.616,0.639,0.527,0.865,0.391,0.027,0.536,0.488,0.043,0.624,0.805,0.921,0.959,0.942,0.379,0.781,0.836,0.096,0.717,0.717,0.88,0.932,0.101,,0.915,0.774,0.558,0.887,0.524,0.366,0.893,0.743,0.505,0.917,0.949,0.964,0.884,0.964,0.08,,,,,,,,,,,,,,,0.72,,0.64028,,,0.279,0.661,0.869,0.45,0.871,0.858,0.964,0.011,0.965,0.809,,0.121,0.853,0.763,0.298,0.083,0.1,0.85,0.475,0.814,0.414,0.815,0.421,0.412,0.1,0.837,0.903,0.809,0.948,0.976,0.122,0.528,0.035,0.447,0.58,0.696,0.095,0.061,0.054,0.903,0.203,0.526,0.734,0.694,0.474,0.789,0.94,0.979,0.154,,0.918,0.146,0.911,0.463,0.886,0.789,0.528
1995,0.123,0.374,0.745,0.189,0.954,0.731,0.969,0.96,0.336,0.58,0.97,0.906,0.77,0.728,0.879,0.101,0.53,0.758,0.882,0.954,0.915,0.314,0.895,0.613,0.94,0.979,0.945,0.177,0.792,0.631,0.352,0.701,0.745,0.726,0.927,0.979,0.035,0.886,0.972,0.966,0.35,0.985,0.815,0.514,0.866,0.294,0.137,0.967,0.956,0.37,0.969,0.632,0.966,0.736,0.903,0.76,0.829,0.45,0.132,0.485,0.176,0.969,0.549,0.681,0.912,0.771,0.548,0.637,0.96,0.153,0.837,0.963,0.157,0.048,0.947,0.864,0.961,0.914,0.453,0.938,0.549,0.642,0.626,0.527,0.865,0.391,0.027,0.536,0.483,0.043,0.665,0.805,0.921,0.959,0.946,0.379,0.784,0.836,0.096,0.723,0.722,0.88,0.932,0.101,,0.915,0.774,0.577,0.887,0.711,0.366,0.893,0.756,0.469,0.909,0.949,0.964,0.872,0.964,0.08,,,,,,,,,,,,,,,0.72,,0.6448171,,,0.433,0.661,0.872,0.45,0.871,0.858,0.964,0.011,0.965,0.809,,0.129,0.853,0.753,0.161,0.08,0.1,0.85,0.475,0.814,0.443,0.813,0.43,0.412,0.1,0.837,0.903,0.808,0.948,0.976,0.122,0.55,0.035,0.447,0.58,0.696,0.119,0.05,0.054,0.898,0.203,0.532,0.75,0.75,0.509,0.804,0.963,0.979,0.126,,0.918,0.146,0.911,0.457,0.922,0.789,0.528
1996,0.041,0.374,0.734,0.189,0.954,0.732,0.969,0.96,0.336,0.554,0.97,0.906,0.77,0.693,0.884,0.101,0.76,0.671,0.882,0.954,0.915,0.321,0.895,0.613,0.944,0.979,0.945,0.184,0.792,0.631,0.352,0.701,0.745,0.726,0.927,0.979,0.035,0.886,0.972,0.966,0.35,0.985,0.836,0.514,0.866,0.294,0.137,0.967,0.956,0.37,0.969,0.632,0.966,0.736,0.903,0.758,0.839,0.45,0.191,0.485,0.176,0.969,0.612,0.681,0.912,0.787,0.616,0.656,0.96,0.153,0.837,0.967,0.177,0.042,0.956,0.864,0.961,0.918,0.453,0.938,0.526,0.642,0.587,0.527,0.865,0.391,0.027,0.536,0.375,0.043,0.665,0.805,0.921,0.959,0.946,0.379,0.784,0.836,0.096,0.723,0.731,0.88,0.932,0.101,,0.915,0.763,0.58,0.887,0.711,0.366,0.893,0.691,0.469,0.909,0.949,0.964,0.842,0.961,0.086,,,,,,,,,,,,,,,0.72,,0.64828,,,0.505,0.661,0.872,0.45,0.871,0.858,0.964,0.011,0.965,0.809,,0.131,0.861,0.753,0.183,0.083,0.105,0.858,0.484,0.814,0.669,0.824,0.43,0.435,0.105,0.837,0.912,0.808,0.948,0.976,0.113,0.55,0.035,0.462,0.6,0.696,0.117,0.05,0.054,0.897,0.203,0.554,0.776,0.759,0.56,0.798,0.963,0.979,0.116,,0.918,0.167,0.911,0.457,0.922,0.794,0.538
1997,0.024,0.374,0.752,0.189,0.954,0.71,0.965,0.96,0.336,0.545,0.97,0.898,0.77,0.705,0.883,0.101,0.78,0.591,0.872,0.954,0.915,0.321,0.895,0.613,0.944,0.979,0.945,0.184,0.802,0.631,0.212,0.4,0.745,0.733,0.927,0.979,0.035,0.886,0.972,0.966,0.35,0.985,0.874,0.514,0.866,0.286,0.145,0.967,0.956,0.37,0.969,0.703,0.966,0.74,0.903,0.747,0.847,0.447,0.268,0.485,0.176,0.969,0.703,0.681,0.86,0.787,0.625,0.688,0.96,0.159,0.837,0.967,0.333,0.042,0.956,0.864,0.961,0.921,0.453,0.938,0.52,0.642,0.563,0.527,0.872,0.381,0.032,0.536,0.42,0.043,0.665,0.805,0.921,0.959,0.946,0.422,0.784,0.795,0.096,0.736,0.735,0.88,0.932,0.101,,0.932,0.763,0.58,0.887,0.711,0.366,0.893,0.673,0.507,0.9,0.947,0.964,0.833,0.964,0.086,,,,,,,,,,,,,,,0.72,,0.6482857,,,0.506,0.684,0.872,0.45,0.871,0.858,0.956,0.011,0.965,0.809,,0.131,0.885,0.753,0.183,0.083,0.105,0.858,0.484,0.814,0.608,0.833,0.43,0.444,0.105,0.846,0.917,0.808,0.949,0.976,0.113,0.55,0.035,0.462,0.6,0.708,0.158,0.029,0.054,0.897,0.203,0.559,0.807,0.759,0.562,0.768,0.963,0.979,0.116,,0.914,0.167,0.911,0.457,0.922,0.79,0.535
1998,0.024,0.374,0.8,0.203,0.954,0.725,0.965,0.96,0.364,0.518,0.97,0.898,0.778,0.705,0.871,0.101,0.8,0.548,0.866,0.954,0.915,0.328,0.901,0.613,0.944,0.979,0.945,0.184,0.774,0.631,0.34,0.387,0.745,0.743,0.927,0.979,0.035,0.886,0.972,0.966,0.35,0.985,0.88,0.526,0.869,0.297,0.144,0.967,0.956,0.37,0.969,0.703,0.966,0.74,0.903,0.747,0.847,0.447,0.305,0.48,0.176,0.969,0.703,0.748,0.87,0.795,0.625,0.688,0.957,0.459,0.837,0.967,0.356,0.041,0.956,0.864,0.961,0.921,0.448,0.938,0.508,0.642,0.579,0.532,0.909,0.387,0.032,0.536,0.42,0.043,0.624,0.808,0.921,0.959,0.946,0.439,0.784,0.789,0.096,0.768,0.754,0.88,0.932,0.101,0.685,0.932,0.763,0.58,0.887,0.711,0.366,0.893,0.673,0.572,0.9,0.944,0.964,0.83,0.964,0.087,,,,,,,,,,,,,,,0.72,,0.6544318,,,0.506,0.688,0.865,0.45,0.871,0.858,0.956,0.011,0.965,0.809,,0.128,0.885,0.753,0.183,0.083,0.105,0.858,0.484,0.803,0.67,0.833,0.43,0.431,0.105,0.846,0.917,0.854,0.947,0.976,0.113,0.55,0.035,0.462,0.6,0.754,0.27,0.029,0.137,0.897,0.203,0.555,0.816,0.759,0.562,0.747,0.969,0.979,0.107,,0.898,0.167,0.911,0.457,0.922,0.79,0.518
1999,0.024,0.374,0.81,0.203,0.954,0.734,0.965,0.96,0.355,0.518,0.97,0.898,0.798,0.705,0.887,0.114,0.79,0.511,0.875,0.954,0.915,0.334,0.901,0.613,0.944,0.979,0.945,0.184,0.77,0.631,0.348,0.387,0.739,0.746,0.927,0.979,0.035,0.887,0.972,0.966,0.356,0.985,0.88,0.569,0.869,0.297,0.144,0.967,0.956,0.37,0.969,0.703,0.966,0.74,0.938,0.747,0.853,0.455,0.301,0.49,0.176,0.969,0.703,0.747,0.862,0.802,0.632,0.688,0.957,0.825,0.825,0.967,0.363,0.041,0.956,0.864,0.961,0.921,0.439,0.938,0.507,0.642,0.569,0.523,0.918,0.387,0.032,0.536,0.406,0.043,0.624,0.808,0.925,0.959,0.946,0.452,0.784,0.785,0.096,0.774,0.762,0.88,0.932,0.101,0.724,0.932,0.763,0.58,0.887,0.711,0.424,0.893,0.65,0.845,0.879,0.949,0.964,0.83,0.964,0.087,,,,,,,,0.774,,,,,,,0.72,,0.65976274,,,0.527,0.671,0.865,0.45,0.837,0.858,0.956,0.011,0.965,0.809,,0.128,0.885,0.754,0.183,0.083,0.105,0.858,0.484,0.798,0.713,0.839,0.43,0.434,0.105,0.846,0.917,0.939,0.947,0.973,0.113,0.55,0.035,0.462,0.593,0.754,0.307,0.029,0.17,0.897,0.203,0.579,0.825,0.759,0.562,0.747,0.969,0.979,0.062,,0.784,0.167,0.911,0.457,0.922,0.79,0.482
2000,0.024,0.374,0.812,0.203,0.957,0.738,0.968,0.96,0.389,0.52,0.97,0.898,0.856,0.705,0.887,0.17,0.818,0.438,0.875,0.955,0.915,0.402,0.901,0.628,0.944,0.979,0.962,0.179,0.856,0.643,0.341,0.367,0.766,0.739,0.917,0.979,0.036,0.905,0.972,0.966,0.372,0.985,0.88,0.552,0.866,0.302,0.128,0.967,0.956,0.37,0.969,0.616,0.966,0.738,0.951,0.757,0.928,0.46,0.291,0.544,0.189,0.969,0.812,0.754,0.862,0.802,0.906,0.706,0.957,0.841,0.817,0.973,0.387,0.044,0.956,0.864,0.957,0.926,0.492,0.938,0.505,0.69,0.543,0.521,0.932,0.387,0.036,0.52,0.398,0.043,0.599,0.808,0.925,0.959,0.946,0.538,0.772,0.785,0.096,0.817,0.767,0.88,0.932,0.101,0.724,0.915,0.763,0.609,0.893,0.723,0.452,0.89,0.818,0.845,0.865,0.944,0.971,0.772,0.964,0.1,,,,,,,,0.81,,,,,,,0.711,,0.6728588,,,0.543,0.664,0.886,0.649,0.848,0.858,0.956,0.011,0.965,0.812,,0.141,0.872,0.624,0.232,0.09,0.133,0.855,0.498,0.765,0.725,0.846,0.469,0.651,0.133,0.846,0.92,0.939,0.947,0.973,0.115,0.55,0.07,0.462,0.598,0.764,0.401,0.032,0.776,0.908,0.203,0.602,0.918,0.759,0.566,0.688,0.97,0.979,0.062,,0.703,0.164,0.914,0.458,0.922,0.794,0.417
2001,0.073,0.388,0.822,0.203,0.955,0.738,0.967,0.96,0.389,0.539,0.97,0.897,0.856,0.692,0.875,0.254,0.829,0.418,0.872,0.955,0.915,0.406,0.901,0.628,0.937,0.979,0.962,0.184,0.86,0.643,0.381,0.354,0.758,0.749,0.917,0.979,0.036,0.903,0.972,0.966,0.377,0.985,0.88,0.552,0.866,0.302,0.062,0.967,0.956,0.37,0.969,0.616,0.966,0.738,0.957,0.757,0.928,0.46,0.287,0.538,0.189,0.969,0.812,0.754,0.862,0.802,0.914,0.671,0.957,0.841,0.817,0.973,0.376,0.053,0.956,0.847,0.954,0.926,0.481,0.938,0.462,0.69,0.535,0.515,0.932,0.387,0.036,0.533,0.398,0.043,0.599,0.808,0.921,0.959,0.946,0.551,0.654,0.785,0.101,0.835,0.74,0.88,0.932,0.101,0.724,0.915,0.763,0.63,0.893,0.723,0.485,0.887,0.819,0.845,0.865,0.944,0.971,0.754,0.964,0.1,,,,,,,,0.812,,,,,,,0.733,,0.6747175,,,0.56,0.66,0.893,0.924,0.84,0.858,0.956,0.011,0.965,0.812,,0.142,0.835,0.571,0.232,0.089,0.136,0.875,0.498,0.768,0.725,0.858,0.447,0.86,0.136,0.846,0.915,0.939,0.942,0.973,0.126,0.518,0.076,0.462,0.598,0.753,0.434,0.03,0.776,0.908,0.203,0.615,0.92,0.759,0.546,0.684,0.97,0.976,0.055,,0.696,0.164,0.914,0.458,0.922,0.801,0.395
2002,0.683,0.418,0.84,0.169,0.952,0.738,0.964,0.96,0.377,0.552,0.97,0.9,0.856,0.665,0.887,0.436,0.831,0.386,0.855,0.953,0.915,0.418,0.901,0.628,0.931,0.979,0.963,0.198,0.845,0.643,0.407,0.357,0.73,0.762,0.925,0.979,0.036,0.903,0.971,0.966,0.436,0.985,0.88,0.53,0.865,0.302,0.015,0.967,0.956,0.377,0.969,0.649,0.966,0.745,0.954,0.755,0.927,0.453,0.278,0.581,0.189,0.969,0.812,0.761,0.862,0.802,0.914,0.648,0.961,0.841,0.821,0.973,0.376,0.053,0.956,0.85,0.958,0.926,0.481,0.938,0.436,0.743,0.536,0.522,0.932,0.395,0.036,0.529,0.398,0.043,0.632,0.808,0.921,0.959,0.946,0.551,0.653,0.761,0.115,0.835,0.786,0.907,0.932,0.101,0.736,0.915,0.763,0.635,0.893,0.723,0.485,0.887,0.819,0.845,0.864,0.946,0.971,0.637,0.964,0.1,,,,,,,,0.808,,,,,,,0.776,,0.68077964,,,0.56,0.656,0.893,0.924,0.84,0.858,0.956,0.011,0.965,0.812,,0.138,0.835,0.536,0.227,0.089,0.134,0.875,0.498,0.787,0.83,0.858,0.447,0.888,0.134,0.846,0.915,0.939,0.951,0.973,0.126,0.55,0.068,0.462,0.598,0.729,0.416,0.03,0.844,0.908,0.211,0.695,0.92,0.759,0.527,0.693,0.97,0.973,0.066,,0.63,0.164,0.914,0.458,0.922,0.799,0.393
2003,0.714,0.455,0.844,0.169,0.929,0.735,0.964,0.96,0.367,0.568,0.97,0.9,0.856,0.676,0.887,0.446,0.831,0.379,0.872,0.953,0.915,0.427,0.901,0.625,0.931,0.979,0.963,0.199,0.834,0.643,0.472,0.357,0.755,0.762,0.925,0.979,0.036,0.903,0.971,0.966,0.383,0.985,0.88,0.53,0.865,0.302,0.015,0.96,0.956,0.377,0.969,0.649,0.966,0.745,0.954,0.759,0.927,0.471,0.278,0.617,0.189,0.969,0.812,0.801,0.862,0.832,0.915,0.63,0.96,0.841,0.825,0.973,0.376,0.374,0.956,0.85,0.958,0.926,0.481,0.938,0.423,0.812,0.539,0.522,0.932,0.397,0.036,0.529,0.44,0.043,0.632,0.808,0.921,0.959,0.946,0.551,0.653,0.794,0.132,0.835,0.844,0.91,0.932,0.101,0.745,0.915,0.776,0.635,0.893,0.723,0.504,0.883,0.819,0.845,0.853,0.946,0.971,0.634,0.964,0.1,,,,,,,,0.812,,,,,,,0.776,,0.68532205,,,0.56,0.695,0.893,0.924,0.836,0.858,0.956,0.011,0.965,0.812,,0.138,0.839,0.519,0.225,0.089,0.123,0.875,0.498,0.787,0.85,0.858,0.447,0.867,0.123,0.846,0.915,0.939,0.951,0.973,0.126,0.598,0.068,0.462,0.603,0.731,0.416,0.026,0.83,0.908,0.211,0.705,0.913,0.759,0.489,0.696,0.97,0.976,0.067,,0.623,0.164,0.914,0.458,0.922,0.799,0.393
2004,0.704,0.446,0.837,0.152,0.926,0.73,0.964,0.96,0.324,0.575,0.963,0.9,0.856,0.676,0.887,0.446,0.831,0.378,0.884,0.953,0.915,0.427,0.905,0.609,0.931,0.979,0.963,0.2,0.843,0.643,0.513,0.357,0.766,0.762,0.925,0.978,0.036,0.917,0.972,0.966,0.396,0.985,0.88,0.53,0.865,0.308,0.015,0.959,0.956,0.357,0.969,0.649,0.966,0.745,0.954,0.825,0.927,0.464,0.278,0.625,0.178,0.969,0.812,0.801,0.862,0.832,0.906,0.651,0.96,0.829,0.819,0.973,0.369,0.614,0.956,0.85,0.958,0.926,0.481,0.938,0.412,0.812,0.539,0.522,0.932,0.397,0.036,0.536,0.787,0.047,0.628,0.808,0.943,0.959,0.946,0.551,0.653,0.794,0.184,0.835,0.834,0.91,0.932,0.101,0.764,0.915,0.776,0.654,0.893,0.749,0.565,0.891,0.819,0.845,0.853,0.946,0.971,0.644,0.964,0.1,,,,,,,,0.812,,,,,,,0.699,,0.68942374,,,0.491,0.695,0.893,0.924,0.81,0.858,0.956,0.011,0.965,0.829,,0.138,0.841,0.506,0.221,0.089,0.137,0.875,0.498,0.83,0.848,0.862,0.462,0.86,0.137,0.849,0.915,0.939,0.929,0.973,0.126,0.669,0.068,0.462,0.603,0.715,0.38,0.026,0.83,0.908,0.204,0.717,0.913,0.759,0.519,0.711,0.97,0.979,0.067,,0.618,0.167,0.914,0.458,0.922,0.799,0.355
2005,0.691,0.468,0.839,0.157,0.926,0.731,0.964,0.96,0.324,0.554,0.967,0.89,0.856,0.676,0.883,0.454,0.831,0.375,0.877,0.959,0.915,0.427,0.905,0.609,0.931,0.979,0.963,0.168,0.802,0.643,0.55,0.357,0.773,0.762,0.925,0.978,0.032,0.92,0.972,0.966,0.389,0.985,0.88,0.54,0.865,0.308,0.015,0.961,0.956,0.384,0.969,0.649,0.966,0.745,0.954,0.826,0.927,0.464,0.278,0.64,0.178,0.969,0.812,0.801,0.862,0.832,0.899,0.745,0.96,0.829,0.812,0.973,0.202,0.614,0.953,0.85,0.964,0.926,0.481,0.938,0.369,0.812,0.627,0.522,0.932,0.401,0.036,0.645,0.877,0.047,0.493,0.808,0.943,0.959,0.946,0.551,0.653,0.794,0.436,0.835,0.82,0.91,0.932,0.101,0.77,0.914,0.779,0.73,0.891,0.77,0.563,0.891,0.819,0.845,0.853,0.946,0.971,0.642,0.964,0.1,,,,,,,,0.812,,,,,,,0.699,,0.6932825,,,0.521,0.707,0.893,0.924,0.788,0.858,0.956,0.011,0.965,0.829,,0.138,0.88,0.497,0.222,0.087,0.22,0.875,0.487,0.833,0.848,0.862,0.439,0.86,0.22,0.849,0.915,0.939,0.929,0.973,0.127,0.676,0.048,0.448,0.694,0.7,0.357,0.026,0.83,0.908,0.207,0.703,0.905,0.729,0.597,0.846,0.975,0.979,0.065,,0.618,0.167,0.914,0.459,0.922,0.816,0.358
2006,0.693,0.468,0.855,0.171,0.92,0.726,0.964,0.96,0.324,0.558,0.967,0.885,0.856,0.655,0.883,0.453,0.831,0.321,0.851,0.959,0.915,0.435,0.907,0.609,0.928,0.979,0.963,0.168,0.805,0.643,0.556,0.357,0.773,0.76,0.925,0.978,0.034,0.92,0.972,0.967,0.389,0.985,0.882,0.54,0.869,0.306,0.015,0.961,0.956,0.302,0.969,0.503,0.966,0.745,0.956,0.821,0.927,0.463,0.275,0.64,0.179,0.969,0.812,0.796,0.862,0.837,0.899,0.752,0.939,0.829,0.812,0.973,0.179,0.614,0.953,0.85,0.967,0.932,0.502,0.938,0.376,0.809,0.645,0.522,0.932,0.4,0.035,0.737,0.914,0.047,0.436,0.808,0.944,0.959,0.946,0.541,0.652,0.794,0.459,0.824,0.802,0.91,0.932,0.106,0.77,0.917,0.777,0.833,0.892,0.775,0.568,0.892,0.828,0.847,0.804,0.946,0.969,0.685,0.964,0.101,,,,,,,,0.812,,,,,,,0.699,,0.6918757,,,0.54,0.7,0.893,0.91,0.787,0.858,0.946,0.011,0.965,0.829,,0.138,0.88,0.491,0.224,0.091,0.224,0.875,0.502,0.833,0.848,0.864,0.439,0.861,0.224,0.849,0.915,0.919,0.931,0.973,0.131,0.676,0.049,0.448,0.751,0.508,0.361,0.026,0.833,0.908,0.207,0.703,0.905,0.731,0.625,0.861,0.975,0.979,0.057,,0.62,0.172,0.914,0.46,0.923,0.816,0.354
2007,0.697,0.468,0.857,0.187,0.908,0.717,0.964,0.96,0.321,0.546,0.967,0.871,0.856,0.553,0.881,0.445,0.831,0.321,0.851,0.959,0.915,0.557,0.905,0.609,0.928,0.979,0.963,0.173,0.818,0.643,0.556,0.357,0.782,0.763,0.925,0.978,0.034,0.919,0.972,0.967,0.389,0.985,0.88,0.536,0.849,0.307,0.014,0.96,0.956,0.307,0.969,0.317,0.966,0.745,0.956,0.784,0.931,0.463,0.289,0.64,0.179,0.968,0.808,0.8,0.861,0.842,0.897,0.79,0.957,0.833,0.812,0.973,0.179,0.614,0.953,0.85,0.969,0.932,0.502,0.938,0.376,0.809,0.611,0.512,0.93,0.393,0.035,0.75,0.914,0.047,0.421,0.805,0.944,0.959,0.946,0.554,0.65,0.794,0.483,0.815,0.798,0.91,0.928,0.106,0.777,0.917,0.782,0.856,0.892,0.763,0.567,0.884,0.828,0.854,0.647,0.946,0.969,0.907,0.964,0.101,,,,,,,,0.821,,,,,,,0.693,,0.6878146,,,0.551,0.671,0.893,0.904,0.787,0.858,0.944,0.011,0.965,0.829,,0.138,0.88,0.478,0.227,0.09,0.216,0.875,0.487,0.833,0.848,0.864,0.439,0.861,0.216,0.849,0.913,0.92,0.931,0.976,0.131,0.677,0.049,0.435,0.751,0.479,0.351,0.033,0.841,0.908,0.21,0.691,0.907,0.731,0.618,0.87,0.975,0.979,0.057,,0.602,0.168,0.914,0.461,0.923,0.806,0.354
2008,0.694,0.476,0.857,0.195,0.891,0.642,0.964,0.96,0.302,0.539,0.971,0.867,0.856,0.583,0.88,0.445,0.821,0.325,0.851,0.959,0.915,0.696,0.899,0.609,0.928,0.979,0.963,0.17,0.817,0.643,0.562,0.357,0.789,0.763,0.925,0.978,0.036,0.919,0.972,0.967,0.39,0.985,0.88,0.533,0.8,0.307,0.014,0.96,0.953,0.316,0.969,0.294,0.966,0.745,0.956,0.779,0.931,0.438,0.289,0.64,0.179,0.968,0.815,0.798,0.856,0.842,0.902,0.793,0.957,0.833,0.812,0.973,0.179,0.608,0.955,0.85,0.962,0.932,0.502,0.938,0.376,0.809,0.571,0.512,0.84,0.391,0.041,0.765,0.914,0.047,0.409,0.805,0.944,0.959,0.946,0.541,0.651,0.794,0.736,0.801,0.768,0.909,0.922,0.106,0.777,0.906,0.776,0.818,0.892,0.763,0.575,0.884,0.822,0.861,0.611,0.946,0.969,0.918,0.964,0.101,,,,,,,,0.83,,,,,,,0.693,,0.6890899,,,0.549,0.716,0.893,0.91,0.787,0.858,0.966,0.011,0.965,0.858,,0.138,0.88,0.475,0.227,0.092,0.229,0.876,0.496,0.833,0.848,0.864,0.439,0.861,0.229,0.849,0.916,0.923,0.924,0.976,0.125,0.679,0.049,0.448,0.777,0.574,0.351,0.04,0.843,0.907,0.21,0.661,0.91,0.74,0.617,0.873,0.975,0.98,0.062,,0.601,0.168,0.914,0.459,0.919,0.803,0.365
2009,0.701,0.482,0.857,0.195,0.889,0.694,0.964,0.96,0.302,0.523,0.971,0.867,0.856,0.593,0.875,0.44,0.822,0.329,0.851,0.959,0.915,0.706,0.904,0.609,0.928,0.979,0.96,0.169,0.808,0.643,0.568,0.357,0.794,0.771,0.925,0.978,0.036,0.921,0.969,0.966,0.381,0.985,0.88,0.539,0.767,0.304,0.016,0.96,0.96,0.305,0.969,0.283,0.966,0.74,0.956,0.785,0.929,0.393,0.289,0.638,0.191,0.968,0.814,0.802,0.856,0.678,0.905,0.78,0.957,0.833,0.8,0.973,0.158,0.6,0.956,0.85,0.962,0.932,0.501,0.941,0.371,0.815,0.557,0.505,0.837,0.391,0.043,0.779,0.912,0.044,0.404,0.801,0.95,0.959,0.946,0.549,0.672,0.686,0.837,0.804,0.741,0.91,0.933,0.109,0.777,0.914,0.775,0.806,0.892,0.772,0.57,0.884,0.802,0.862,0.6,0.946,0.969,0.916,0.964,0.103,,,,,,,,0.833,,,,,,,0.693,,0.6888146,,,0.571,0.768,0.886,0.907,0.786,0.858,0.966,0.011,0.965,0.885,,0.138,0.884,0.483,0.227,0.092,0.232,0.877,0.502,0.834,0.848,0.868,0.453,0.861,0.232,0.849,0.916,0.922,0.956,0.976,0.123,0.675,0.049,0.452,0.774,0.571,0.355,0.04,0.846,0.907,0.21,0.65,0.908,0.74,0.605,0.867,0.975,0.98,0.061,,0.598,0.162,0.914,0.459,0.916,0.807,0.378
2010,0.688,0.488,0.862,0.19,0.882,0.724,0.967,0.957,0.297,0.414,0.971,0.876,0.884,0.591,0.877,0.417,0.84,0.314,0.838,0.959,0.915,0.723,0.895,0.616,0.928,0.979,0.963,0.17,0.798,0.643,0.576,0.351,0.824,0.77,0.925,0.979,0.036,0.93,0.968,0.966,0.377,0.985,0.87,0.53,0.716,0.312,0.016,0.961,0.965,0.3,0.969,0.3,0.966,0.782,0.953,0.785,0.943,0.542,0.296,0.638,0.185,0.969,0.814,0.807,0.847,0.734,0.923,0.78,0.901,0.836,0.813,0.973,0.111,0.591,0.953,0.836,0.961,0.932,0.53,0.941,0.365,0.841,0.716,0.495,0.841,0.388,0.048,0.762,0.911,0.044,0.467,0.809,0.951,0.959,0.946,0.566,0.849,0.687,0.822,0.804,0.738,0.912,0.933,0.205,0.775,0.916,0.764,0.8,0.903,0.744,0.56,0.895,0.889,0.872,0.596,0.942,0.969,0.907,0.965,0.103,,,,,,,,0.855,,,,,,,0.697,,0.6935393,,,0.62,0.77,0.881,0.911,0.855,0.852,0.965,0.011,0.965,0.89,,0.137,0.894,0.472,0.225,0.091,0.237,0.892,0.502,0.84,0.848,0.893,0.507,0.836,0.237,0.865,0.908,0.934,0.955,0.976,0.116,0.675,0.048,0.46,0.787,0.557,0.333,0.046,0.852,0.901,0.221,0.616,0.916,0.742,0.602,0.776,0.976,0.979,0.061,,0.58,0.169,0.914,0.473,0.909,0.796,0.414
2011,0.689,0.485,0.862,0.153,0.882,0.73,0.967,0.96,0.292,0.422,0.971,0.874,0.884,0.568,0.871,0.163,0.839,0.302,0.83,0.959,0.915,0.723,0.895,0.616,0.928,0.979,0.964,0.171,0.749,0.643,0.566,0.351,0.88,0.77,0.925,0.979,0.036,0.93,0.97,0.967,0.377,0.985,0.871,0.534,0.71,0.526,0.016,0.961,0.965,0.295,0.969,0.3,0.966,0.782,0.953,0.786,0.943,0.555,0.296,0.638,0.181,0.969,0.814,0.813,0.847,0.762,0.934,0.781,0.873,0.836,0.813,0.973,0.118,0.585,0.953,0.836,0.965,0.932,0.541,0.941,0.36,0.841,0.798,0.495,0.841,0.388,0.048,0.776,0.911,0.507,0.467,0.809,0.951,0.959,0.946,0.598,0.857,0.687,0.822,0.806,0.7,0.914,0.933,0.387,0.775,0.916,0.764,0.8,0.903,0.744,0.555,0.895,0.874,0.867,0.596,0.939,0.97,0.913,0.965,0.124,,,,,,,,0.857,,,,,,,0.703,,0.69905585,,,0.613,0.772,0.881,0.908,0.862,0.853,0.965,0.011,0.963,0.88,,0.15,0.894,0.455,0.229,0.092,0.216,0.892,0.503,0.84,0.848,0.893,0.523,0.837,0.313,0.865,0.903,0.943,0.947,0.975,0.119,0.675,0.058,0.456,0.79,0.631,0.332,0.047,0.852,0.901,0.851,0.618,0.916,0.739,0.6,0.769,0.976,0.978,0.064,,0.579,0.169,0.914,0.536,0.907,0.769,0.418
2012,0.696,0.485,0.856,0.148,0.882,0.719,0.967,0.961,0.289,0.422,0.971,0.873,0.885,0.549,0.87,0.141,0.839,0.311,0.825,0.955,0.915,0.725,0.895,0.616,0.928,0.979,0.967,0.167,0.773,0.624,0.565,0.351,0.884,0.77,0.925,0.978,0.036,0.927,0.97,0.963,0.377,0.985,0.871,0.535,0.718,0.562,0.015,0.961,0.965,0.301,0.969,0.323,0.966,0.766,0.954,0.785,0.943,0.57,0.289,0.621,0.181,0.969,0.805,0.813,0.822,0.759,0.934,0.761,0.868,0.836,0.797,0.972,0.118,0.577,0.951,0.836,0.969,0.932,0.542,0.938,0.356,0.841,0.794,0.484,0.841,0.375,0.047,0.774,0.911,0.784,0.477,0.809,0.951,0.959,0.947,0.596,0.857,0.69,0.693,0.807,0.676,0.905,0.928,0.467,0.775,0.921,0.764,0.795,0.903,0.771,0.555,0.895,0.872,0.868,0.591,0.933,0.97,0.912,0.965,0.135,,,,,,,,0.857,,,,,,,0.703,,0.7,,,0.615,0.772,0.881,0.918,0.862,0.844,0.964,0.011,0.961,0.841,,0.15,0.892,0.42,0.244,0.094,0.204,0.893,0.517,0.84,0.833,0.889,0.565,0.828,0.314,0.865,0.903,0.932,0.934,0.975,0.119,0.675,0.055,0.456,0.792,0.644,0.325,0.045,0.852,0.901,0.886,0.604,0.918,0.738,0.595,0.772,0.976,0.976,0.062,,0.562,0.164,0.914,0.63,0.91,0.788,0.418
2013,0.681,0.478,0.818,0.151,0.886,0.697,0.941,0.962,0.278,0.375,0.972,0.879,0.878,0.506,0.814,0.133,0.826,0.353,0.811,0.957,0.915,0.701,0.883,0.495,0.936,0.979,0.965,0.124,0.775,0.594,0.568,0.322,0.899,0.776,0.935,0.976,0.039,0.929,0.953,0.964,0.376,0.985,0.859,0.536,0.648,0.226,0.03,0.953,0.969,0.302,0.97,0.355,0.966,0.808,0.948,0.896,0.94,0.589,0.259,0.699,0.181,0.965,0.81,0.839,0.809,0.77,0.903,0.754,0.835,0.822,0.793,0.973,0.145,0.551,0.944,0.828,0.958,0.945,0.543,0.912,0.344,0.856,0.751,0.445,0.812,0.376,0.055,0.755,0.887,0.702,0.511,0.817,0.939,0.959,0.955,0.613,0.825,0.77,0.58,0.774,0.659,0.863,0.909,0.518,0.789,0.91,0.78,0.695,0.89,0.845,0.551,0.901,0.897,0.877,0.513,0.937,0.967,0.884,0.961,0.131,,,,,,,,0.86,,,,,,,0.632,,0.68918437,,,0.618,0.729,0.886,0.925,0.853,0.844,0.963,0.011,0.954,0.791,,0.15,0.889,0.401,0.281,0.09,0.202,0.929,0.504,0.836,0.828,0.882,0.535,0.726,0.192,0.866,0.912,0.923,0.943,0.975,0.131,0.687,0.038,0.477,0.786,0.58,0.286,0.04,0.844,0.892,0.879,0.525,0.917,0.731,0.598,0.762,0.975,0.979,0.089,,0.467,0.153,0.914,0.565,0.897,0.754,0.44
2014,0.681,0.478,0.822,0.15,0.89,0.686,0.941,0.962,0.255,0.342,0.972,0.872,0.899,0.463,0.827,0.133,0.816,0.366,0.804,0.956,0.915,0.695,0.88,0.599,0.933,0.979,0.965,0.113,0.787,0.596,0.583,0.322,0.899,0.776,0.935,0.975,0.038,0.927,0.951,0.964,0.376,0.985,0.859,0.519,0.648,0.138,0.03,0.952,0.969,0.304,0.97,0.481,0.965,0.808,0.945,0.904,0.925,0.588,0.269,0.7,0.18,0.965,0.806,0.84,0.794,0.766,0.904,0.754,0.828,0.819,0.758,0.973,0.157,0.562,0.944,0.828,0.958,0.945,0.542,0.912,0.342,0.842,0.738,0.431,0.8,0.37,0.055,0.755,0.879,0.661,0.508,0.817,0.929,0.959,0.958,0.6,0.816,0.804,0.574,0.772,0.661,0.857,0.903,0.532,0.789,0.91,0.77,0.709,0.872,0.845,0.566,0.901,0.897,0.877,0.505,0.941,0.967,0.883,0.96,0.133,,,,,,,,0.86,,,,,,,0.631,,0.68372625,,,0.607,0.73,0.886,0.926,0.853,0.844,0.963,0.011,0.954,0.812,,0.145,0.889,0.379,0.296,0.089,0.202,0.928,0.504,0.845,0.828,0.882,0.535,0.676,0.154,0.866,0.912,0.923,0.954,0.975,0.131,0.689,0.04,0.469,0.784,0.192,0.265,0.04,0.81,0.892,0.862,0.488,0.917,0.726,0.573,0.642,0.975,0.979,0.088,,0.443,0.157,0.914,0.465,0.897,0.742,0.427
2015,0.66,0.478,0.822,0.156,0.883,0.698,0.947,0.962,0.251,0.183,0.972,0.887,0.905,0.445,0.818,0.127,0.811,0.37,0.799,0.948,0.913,0.695,0.875,0.662,0.934,0.981,0.964,0.096,0.787,0.593,0.567,0.322,0.896,0.779,0.936,0.973,0.038,0.932,0.951,0.96,0.376,0.985,0.839,0.525,0.641,0.134,0.028,0.932,0.969,0.302,0.951,0.551,0.96,0.808,0.945,0.909,0.929,0.584,0.269,0.7,0.18,0.961,0.811,0.911,0.745,0.755,0.886,0.754,0.799,0.818,0.653,0.973,0.173,0.566,0.95,0.823,0.958,0.945,0.543,0.914,0.335,0.842,0.74,0.42,0.812,0.371,0.047,0.732,0.875,0.655,0.747,0.802,0.938,0.959,0.958,0.597,0.768,0.827,0.536,0.791,0.652,0.845,0.903,0.592,0.789,0.906,0.785,0.694,0.876,0.854,0.566,0.902,0.886,0.869,0.503,0.941,0.967,0.877,0.96,0.136,,,,,,,,0.86,,,,,,,0.631,,0.6792402,,,0.53,0.652,0.898,0.912,0.853,0.842,0.955,0.011,0.964,0.801,,0.143,0.905,0.376,0.294,0.077,0.202,0.928,0.502,0.836,0.828,0.882,0.535,0.654,0.162,0.866,0.912,0.929,0.958,0.974,0.131,0.716,0.039,0.479,0.786,0.176,0.199,0.039,0.802,0.902,0.855,0.466,0.917,0.712,0.545,0.666,0.971,0.978,0.084,,0.404,0.156,0.921,0.226,0.897,0.732,0.416
2016,0.641,0.481,0.822,0.162,0.921,0.701,0.947,0.962,0.247,0.088,0.972,0.897,0.89,0.431,0.814,0.105,0.807,0.427,0.796,0.887,0.913,0.681,0.875,0.677,0.937,0.981,0.964,0.082,0.799,0.521,0.536,0.322,0.902,0.751,0.93,0.971,0.045,0.93,0.951,0.96,0.376,0.983,0.839,0.454,0.649,0.137,0.028,0.932,0.973,0.298,0.951,0.557,0.96,0.808,0.945,0.914,0.937,0.588,0.273,0.702,0.18,0.955,0.819,0.91,0.723,0.755,0.833,0.774,0.798,0.795,0.612,0.973,0.175,0.572,0.943,0.822,0.965,0.945,0.543,0.914,0.334,0.843,0.724,0.361,0.812,0.373,0.047,0.736,0.885,0.655,0.811,0.767,0.933,0.959,0.957,0.599,0.744,0.836,0.497,0.789,0.644,0.845,0.899,0.623,0.789,0.91,0.764,0.694,0.874,0.842,0.569,0.902,0.888,0.874,0.481,0.941,0.967,0.898,0.96,0.136,,,,,,,,0.868,,,,,,,0.653,,0.6727039,,,0.491,0.622,0.898,0.906,0.753,0.842,0.812,0.011,0.964,0.789,,0.128,0.915,0.362,0.273,0.077,0.189,0.93,0.513,0.858,0.828,0.89,0.52,0.655,0.144,0.866,0.912,0.929,0.948,0.973,0.131,0.766,0.038,0.473,0.807,0.21,0.152,0.042,0.786,0.899,0.853,0.276,0.93,0.633,0.525,0.687,0.971,0.974,0.102,,0.389,0.155,0.921,0.215,0.891,0.679,0.4
2017,0.644,0.515,0.836,0.112,0.914,0.727,0.936,0.96,0.28,0.072,0.97,0.905,0.896,0.393,0.799,0.086,0.801,0.412,0.791,0.876,0.92,0.693,0.853,0.69,0.941,0.981,0.966,0.077,0.787,0.518,0.521,0.322,0.891,0.724,0.926,0.966,0.044,0.922,0.943,0.955,0.38,0.983,0.835,0.481,0.727,0.135,0.023,0.92,0.969,0.301,0.958,0.581,0.963,0.835,0.956,0.924,0.938,0.571,0.821,0.703,0.154,0.95,0.824,0.921,0.723,0.758,0.823,0.758,0.721,0.776,0.557,0.974,0.183,0.539,0.953,0.802,0.961,0.947,0.547,0.912,0.311,0.818,0.724,0.24,0.934,0.39,0.041,0.715,0.896,0.617,0.824,0.79,0.892,0.959,0.948,0.55,0.736,0.833,0.456,0.795,0.788,0.822,0.89,0.633,0.782,0.91,0.719,0.592,0.879,0.843,0.6,0.887,0.852,0.87,0.44,0.942,0.965,0.892,0.962,0.141,,,,,,,,0.867,,,,,,,0.664,,0.6701955,,,0.469,0.571,0.873,0.913,0.728,0.823,0.781,0.011,0.97,0.801,,0.132,0.818,0.36,0.246,0.069,0.221,0.91,0.51,0.872,0.852,0.9,0.544,0.626,0.127,0.866,0.9,0.923,0.941,0.973,0.136,0.774,0.043,0.402,0.71,0.171,0.143,0.051,0.798,0.901,0.861,0.235,0.929,0.631,0.533,0.691,0.968,0.963,0.187,,0.304,0.139,0.931,0.197,0.876,0.662,0.413
2018,0.649,0.6,0.809,0.116,0.91,0.852,0.939,0.946,0.246,0.081,0.97,0.801,0.882,0.37,0.788,0.077,0.755,0.401,0.782,0.857,0.916,0.698,0.859,0.725,0.939,0.981,0.953,0.063,0.785,0.515,0.535,0.369,0.845,0.706,0.919,0.959,0.062,0.92,0.936,0.954,0.42,0.983,0.848,0.489,0.872,0.136,0.024,0.931,0.969,0.429,0.965,0.575,0.954,0.808,0.956,0.911,0.93,0.548,0.846,0.708,0.153,0.943,0.797,0.918,0.685,0.787,0.812,0.764,0.667,0.755,0.558,0.975,0.167,0.578,0.953,0.795,0.961,0.941,0.544,0.931,0.305,0.807,0.784,0.217,0.935,0.37,0.047,0.687,0.873,0.568,0.862,0.815,0.906,0.959,0.956,0.566,0.742,0.858,0.516,0.833,0.819,0.818,0.879,0.614,0.786,0.908,0.676,0.599,0.888,0.818,0.714,0.883,0.84,0.867,0.168,0.942,0.964,0.863,0.965,0.148,,,,,,,,0.88,,,,,,,0.647,,0.669,,,0.464,0.551,0.874,0.925,0.658,0.845,0.781,0.011,0.969,0.81,,0.138,0.808,0.362,0.268,0.076,0.206,0.907,0.516,0.876,0.861,0.858,0.462,0.593,0.111,0.864,0.901,0.885,0.934,0.967,0.132,0.775,0.041,0.406,0.667,0.223,0.126,0.052,0.836,0.901,0.869,0.261,0.93,0.603,0.514,0.686,0.971,0.96,0.191,,0.273,0.123,0.93,0.201,0.885,0.668,0.444
2019,0.624,0.588,0.809,0.105,0.909,0.89,0.917,0.951,0.257,0.092,0.969,0.732,0.875,0.336,0.796,0.101,0.763,0.411,0.673,0.818,0.927,0.713,0.858,0.596,0.951,0.981,0.919,0.052,0.777,0.514,0.607,0.31,0.815,0.625,0.921,0.963,0.065,0.918,0.933,0.958,0.422,0.979,0.827,0.452,0.825,0.133,0.027,0.939,0.963,0.633,0.96,0.583,0.95,0.79,0.949,0.902,0.903,0.51,0.837,0.693,0.157,0.946,0.804,0.892,0.573,0.794,0.825,0.74,0.656,0.746,0.522,0.973,0.163,0.531,0.941,0.816,0.955,0.94,0.534,0.928,0.323,0.812,0.715,0.21,0.912,0.395,0.053,0.694,0.879,0.546,0.775,0.839,0.906,0.958,0.961,0.537,0.833,0.814,0.788,0.822,0.818,0.882,0.879,0.671,0.807,0.912,0.689,0.674,0.872,0.806,0.733,0.859,0.846,0.861,0.155,0.925,0.964,0.842,0.964,0.153,,,,,,,,0.897,,,,,,,0.64,,0.66877097,,,0.446,0.538,0.872,0.925,0.625,0.855,0.776,0.011,0.966,0.812,,0.127,0.855,0.356,0.268,0.069,0.426,0.911,0.508,0.882,0.84,0.801,0.424,0.613,0.151,0.873,0.892,0.926,0.923,0.967,0.132,0.804,0.042,0.426,0.658,0.413,0.131,0.052,0.859,0.901,0.851,0.259,0.93,0.573,0.499,0.737,0.971,0.952,0.216,,0.262,0.116,0.923,0.209,0.881,0.649,0.411
2020,0.636,0.57,0.809,0.11,0.914,0.889,0.933,0.953,0.255,0.117,0.963,0.702,0.882,0.358,0.797,0.111,0.77,0.185,0.676,0.811,0.927,0.717,0.873,0.628,0.946,0.981,0.929,0.057,0.743,0.513,0.629,0.342,0.791,0.579,0.927,0.959,0.05,0.896,0.933,0.95,0.416,0.982,0.925,0.426,0.855,0.129,0.029,0.941,0.967,0.615,0.964,0.591,0.946,0.736,0.951,0.903,0.921,0.426,0.816,0.714,0.143,0.886,0.796,0.902,0.433,0.799,0.842,0.685,0.653,0.685,0.459,0.974,0.143,0.475,0.949,0.829,0.958,0.942,0.521,0.928,0.358,0.832,0.662,0.208,0.92,0.39,0.061,0.733,0.889,0.561,0.685,0.847,0.901,0.958,0.954,0.523,0.87,0.815,0.795,0.78,0.815,0.798,0.879,0.658,0.816,0.879,0.666,0.628,0.796,0.823,0.656,0.871,0.831,0.858,0.158,0.923,0.953,0.844,0.962,0.153,,,,,,,,0.89,,,,,,,0.625,,0.66109496,,,0.466,0.532,0.863,0.915,0.564,0.861,0.777,0.014,0.963,0.805,,0.115,0.896,0.328,0.257,0.071,0.426,0.919,0.507,0.859,0.842,0.666,0.457,0.629,0.182,0.87,0.89,0.928,0.819,0.966,0.123,0.848,0.045,0.416,0.697,0.368,0.124,0.056,0.829,0.901,0.831,0.263,0.913,0.566,0.489,0.76,0.965,0.947,0.234,,0.259,0.12,0.901,0.208,0.879,0.629,0.407
2021,0.1,0.573,0.814,0.094,0.91,0.871,0.927,0.948,0.288,0.146,0.961,0.679,0.87,0.352,0.842,0.12,0.766,0.059,0.794,0.793,0.927,0.687,0.888,0.65,0.943,0.979,0.932,0.058,0.762,0.536,0.61,0.367,0.788,0.58,0.921,0.96,0.045,0.892,0.906,0.947,0.416,0.982,0.936,0.374,0.823,0.129,0.03,0.929,0.971,0.471,0.956,0.582,0.949,0.736,0.944,0.887,0.897,0.422,0.816,0.718,0.129,0.86,0.745,0.859,0.254,0.822,0.841,0.686,0.634,0.671,0.496,0.974,0.134,0.493,0.93,0.843,0.958,0.942,0.514,0.922,0.363,0.849,0.659,0.197,0.929,0.403,0.052,0.723,0.864,0.572,0.675,0.831,0.901,0.958,0.951,0.562,0.914,0.807,0.768,0.725,0.814,0.779,0.892,0.118,0.872,0.841,0.659,0.631,0.742,0.849,0.67,0.863,0.827,0.818,0.096,0.933,0.955,0.868,0.95,0.155,,,,,,,,0.874,,,,,,,0.646,,0.649162,,,0.535,0.586,0.874,0.891,0.573,0.861,0.739,0.013,0.966,0.805,,0.095,0.908,0.303,0.263,0.073,0.378,0.905,0.505,0.864,0.865,0.566,0.47,0.607,0.158,0.867,0.886,0.937,0.767,0.968,0.065,0.841,0.036,0.327,0.622,0.383,0.121,0.052,0.84,0.925,0.81,0.253,0.913,0.588,0.463,0.757,0.944,0.964,0.232,,0.261,0.103,0.93,0.218,0.887,0.717,0.396
2022,0.029,0.573,0.806,0.114,0.934,0.872,0.93,0.932,0.228,0.177,0.967,0.749,0.796,0.365,0.868,0.111,0.778,0.054,0.783,0.803,0.927,0.681,0.854,0.633,0.937,0.979,0.941,0.046,0.766,0.534,0.588,0.296,0.868,0.555,0.914,0.937,0.042,0.882,0.943,0.939,0.419,0.982,0.929,0.333,0.839,0.135,0.032,0.943,0.965,0.452,0.959,0.582,0.96,0.708,0.933,0.887,0.914,0.427,0.823,0.676,0.121,0.861,0.675,0.844,0.26,0.884,0.819,0.66,0.64,0.699,0.46,0.97,0.086,0.511,0.93,0.84,0.947,0.939,0.509,0.925,0.395,0.878,0.593,0.237,0.882,0.403,0.039,0.695,0.864,0.588,0.709,0.88,0.901,0.958,0.938,0.569,0.903,0.806,0.774,0.702,0.775,0.736,0.891,0.093,0.863,0.793,0.643,0.637,0.686,0.875,0.701,0.856,0.836,0.842,0.036,0.925,0.955,0.871,0.956,0.163,,,,,,,,0.871,,,,,,,0.645,,0.64556426,,,0.612,0.611,0.864,0.879,0.611,0.889,0.741,0.014,0.945,0.805,,0.078,0.858,0.18,0.234,0.064,0.375,0.889,0.506,0.873,0.869,0.507,0.486,0.618,0.117,0.867,0.91,0.937,0.904,0.961,0.065,0.903,0.037,0.278,0.62,0.401,0.076,0.048,0.854,0.927,0.728,0.256,0.915,0.694,0.455,0.535,0.915,0.968,0.233,,0.25,0.106,0.93,0.256,0.886,0.868,0.393
2023,0.022,0.559,0.789,0.113,0.939,0.842,0.926,0.945,0.226,0.172,0.967,0.737,0.66,0.367,0.838,0.121,0.729,0.036,0.782,0.933,0.927,0.697,0.844,0.536,0.94,0.975,0.936,0.039,0.763,0.509,0.581,0.332,0.874,0.545,0.914,0.932,0.036,0.877,0.944,0.939,0.419,0.982,0.929,0.333,0.792,0.136,0.027,0.933,0.965,0.369,0.95,0.753,0.955,0.762,0.942,0.832,0.894,0.4,0.839,0.701,0.161,0.833,0.648,0.842,0.246,0.889,0.825,0.676,0.622,0.673,0.45,0.97,0.111,0.487,0.936,0.811,0.912,0.939,0.526,0.926,0.397,0.862,0.507,0.21,0.801,0.415,0.054,0.723,0.864,0.545,0.721,0.853,0.886,0.958,0.941,0.569,0.889,0.805,0.785,0.687,0.788,0.708,0.891,0.067,0.879,0.75,0.628,0.616,0.667,0.804,0.709,0.861,0.874,0.846,0.034,0.912,0.954,0.881,0.953,0.165,,,,,,,,0.873,,,,,,,0.645,,0.6404469,,,0.631,0.505,0.863,0.841,0.647,0.873,0.752,0.012,0.938,0.802,,0.075,0.85,0.117,0.207,0.075,0.293,0.86,0.515,0.878,0.858,0.494,0.562,0.621,0.202,0.863,0.894,0.911,0.854,0.954,0.068,0.887,0.082,0.293,0.614,0.5,0.081,0.058,0.859,0.927,0.657,0.255,0.916,0.741,0.415,0.534,0.922,0.951,0.239,,0.24,0.094,0.938,0.289,0.883,0.88,0.408
2024,0.046,0.593,0.783,0.118,0.827,0.839,0.932,0.928,0.15,0.15,0.963,0.756,0.405,0.394,0.855,0.121,0.731,0.036,0.739,0.941,0.923,0.718,0.865,0.499,0.931,0.975,0.947,0.038,0.757,0.493,0.626,0.345,0.862,0.528,0.909,0.932,0.044,0.874,0.949,0.922,0.419,0.982,0.921,0.324,0.787,0.143,0.027,0.931,0.965,0.323,0.939,0.755,0.952,0.77,0.915,0.706,0.893,0.369,0.837,0.671,0.132,0.853,0.789,0.852,0.25,0.881,0.819,0.697,0.631,0.693,0.484,0.97,0.168,0.51,0.938,0.798,0.91,0.939,0.561,0.925,0.389,0.848,0.487,0.196,0.809,0.402,0.053,0.72,0.864,0.543,0.834,0.847,0.901,0.958,0.942,0.569,0.84,0.803,0.753,0.659,0.787,0.585,0.894,0.07,0.879,0.698,0.508,0.543,0.67,0.804,0.711,0.876,0.831,0.865,0.02,0.877,0.954,0.856,0.945,0.171,,,,,,,,0.835,,,,,,,0.64,,0.6321341,,,0.604,0.509,0.877,0.734,0.649,0.864,0.916,0.015,0.923,0.801,,0.077,0.845,0.097,0.17,0.07,0.319,0.813,0.512,0.878,0.862,0.469,0.555,0.607,0.201,0.863,0.894,0.831,0.817,0.954,0.068,0.898,0.077,0.347,0.521,0.516,0.106,0.064,0.865,0.927,0.604,0.254,0.907,0.735,0.435,0.518,0.931,0.954,0.241,,0.207,0.092,0.938,0.298,0.889,0.839,0.373
