Date,ABW,AGO,AIA,ALB,ARE,ARG,ARM,ATG,AUS,AUT,AZE,BDI,BEL,BEN,BFA,BGD,BGR,BHR,BHS,BIH,BLR,BLZ,BMU,BOL,BRA,BRB,BRN,BTN,BWA,CAF,CAN,CHE,CHL,CHN,CIV,CMR,COD,COG,COL,COM,CPV,CRI,CUW,CYM,CYP,CZE,DEU,DJI,DMA,DNK,DOM,DZA,ECU,EGY,ESP,EST,ETH,FIN,FJI,FRA,GAB,GBR,GEO,GHA,GIN,GMB,GNB,GNQ,GRC,GRD,GTM,GUY,HKG,HND,HRV,HTI,HUN,IDN,IND,IRL,IRN,IRQ,ISL,ISR,ITA,JAM,JOR,JPN,KAZ,KEN,KGZ,KHM,KNA,KOR,KWT,LAO,LBN,LBR,LCA,LKA,LSO,LTU,LUX,LVA,MAC,MAR,MDA,MDG,MDV,MEX,MKD,MLI,MLT,MMR,MNE,MNG,MOZ,MRT,MSR,MUS,MWI,MYS,NAM,NER,NGA,NIC,NLD,NOR,NPL,NZL,OMN,PAK,PAN,PER,PHL,POL,PRT,PRY,PSE,QAT,ROU,RUS,RWA,SAU,SDN,SEN,SGP,SLE,SLV,SOM,SRB,SSD,STP,SUR,SVK,SVN,SWE,SWZ,SXM,SYC,SYR,TCD,TGO,THA,TJK,TKM,TTO,TUN,TUR,TWN,TZA,UGA,UKR,URY,USA,UZB,VCT,VEN,VGB,VNM,YEM,ZAF,ZMB,ZWE
1950,,,,,,,,,15580.291,6697.643,,,9460.031,,,,,,,,,,,2354.9143,1840.4657,,,,,,14303.69,18038.371,,,,,2326.593,,4007.9229,,,4104.5425,,,3370.8948,,5883.198,,,11824.372,,,5970.992,,4305.4507,,474.63458,7372.714,,8408.212,,11618.386,,,,,,,,,2598.165,,,2541.2898,,,,,1067.4624,6099.758,,,10710.335,6226.286,5083.2637,,,3138.2686,,1958.3802,,,,,,,,,,3131.9666,,,16034.346,,,1625.453,,,,5982.6494,,,,,,,,,,5710.6523,,,,,1974.8107,4059.9885,10224.057,11181.022,,13697.724,,1480.038,2411.5273,2505.9546,1587.0708,,3310.1514,,,,,,,,,,,,2015.729,,,,,,,,11935.467,,,,,,,1399.5924,,,6816.224,,3602.167,,,916.3868,,7319.839,17661.66,,,6732.5146,,,,6532.5713,,
1951,,,,,,,,,14647.794,7033.1133,,,9807.124,,,,,,,,,,,2512.363,1839.406,,,,,,14466.544,19386.936,5058.088,,,,2664.5144,,3941.132,,,4123.482,,,3493.4392,,6477.555,,,11534.144,2766.941,,6419.87,,5030.095,,530.94385,8212.928,,8789.05,,11950.071,,,,,,,4084.4758,,2561.8228,,,2544.4978,,,,,1093.6428,6181.407,,,10371.311,7211.592,5501.238,,,3412.109,,2268.2651,,,,,,,,,,3299.712,,,17210.934,,,1592.3341,,,,6297.6016,,,,,,,,,,5720.4565,,,,,1939.5098,4500.2256,10555.948,11660.983,,12339.813,,1473.1737,2326.2224,2634.6797,1579.9879,,3670.282,2768.1262,,,,,,,,,,,1966.5621,,,,,,,,12221.57,,,,,,,1313.575,,,7344.62,,4347.3174,1822.7308,,1112.013,,8507.657,18662.203,,,7140.2676,,,,6644.546,,
1952,,,,,,,,,14173.34,7239.94,,,9968.852,,,,,,,,,,,2450.836,1978.9888,,,,,,15237.956,19159.043,5363.805,443.49887,,,2794.5269,,4073.519,,,4510.76,,,3831.5845,,7034.6445,,,11699.289,2811.9385,,6318.904,,5231.0234,,538.289,8310.387,,8964.606,,11881.584,,,,,,,3961.0852,,2550.0012,,,2484.9446,,,,,1106.9814,6430.7056,,,10112.762,6427.3853,5649.889,,,3706.4353,,2038.659,,,,,,,,,,3065.6895,,,18831.002,,,1655.7136,,,,6378.903,,,,,,,,,,5693.357,,,,,1906.5093,5045.9077,10687.166,12115.857,,12612.056,,1412.4364,2445.2834,2715.0432,1681.604,,3802.981,2609.1199,,,,,,,,,,,2063.6758,,,,,,,,12248.222,,,,,,,1273.9202,,,7534.703,,4738.667,2025.9336,,1019.93524,,7967.4385,18977.596,,,7823.138,,,,6057.8413,,
1953,,,,,,,,,15644.965,7623.3716,,,10224.087,,,,,,,,,,,2016.3058,1993.7495,,,,,,15526.121,19664.996,5395.7183,467.0233,,,3105.3882,,4286.348,,,5215.6636,,,4243.1357,,7601.29,,,12331.509,2744.204,,7165.3623,,4991.2744,,566.12134,8159.918,,9256.862,,12442.95,,,,,,,4436.6147,,2554.9578,,,2591.0747,,,,,1145.5046,6588.9146,,,11416.95,6229.7495,6016.452,4036.4878,,3822.8506,,1886.9761,,,,1243.3826,,,,,,3037.536,,,16800.367,,,1644.5596,,,,6099.8994,,,,,,,,,,5420.206,,,,,1951.2003,5170.9336,11421.644,12578.393,,12733.154,,1437.1013,2551.1204,2785.4373,1822.797,,3968.8953,2409.7505,,,,,,,,,,,2157.398,,,,,,,,12616.891,,,,,,,1141.0249,,,7617.6562,,5159.367,2162.5505,,818.4952,,8252.913,19522.992,,,7737.878,,,,6520.161,,
1954,,,,,,,,,16410.373,8147.4536,,,10635.548,,,,,,,,,,,2047.6829,2102.383,,,,,,15030.908,20725.572,5666.9126,471.7262,,,3158.0356,,4547.7007,,,5250.0874,,,4640.039,,8205.822,,,12639.911,2919.7947,,8242.592,,5585.92,,560.4573,8926.534,,9699.959,,12874.468,,,,,,,4510.256,,2522.3813,,,2341.8916,,,,,1172.4727,6696.733,,,12330.298,7240.703,6230.773,4427.3887,3249.065,3973.4504,,2022.9631,,,,1277.2244,,,,,,3155.3591,,,16310.065,,,1690.6464,,,,6575.816,,,,,,,,,,5181.8965,853.4899,,,,2107.5315,5446.0264,11958.546,12776.655,,13690.585,,1416.7919,2652.319,2893.452,1896.5673,,4114.505,2572.3792,,,,,,,,,,,2118.3804,,,,,,,,13187.441,,,,,,,1205.0619,,,7875.4824,,4580.8105,2281.9126,,869.80927,,8974.976,19128.896,,,8194.749,,,,6902.106,,2262.3923
1955,,,,,,,,,16826.29,8913.389,,,11053.98,,,,,,,,,,,2208.386,2195.565,,,,,,15923.049,21982.398,5428.774,490.5476,,,3310.4976,,4571.7246,,,5509.3037,,,4715.9717,,9277.737,,,12506.047,2850.506,,8507.698,,5836.461,,562.3913,9541.8125,,10132.772,,13341.354,,4168.2773,,,,,4768.212,,2457.2952,,,2310.4316,,,,,1177.3549,6903.141,2932.3926,,13646.503,7928.5864,6601.7524,4799.7495,2597.2983,4236.1963,,2085.2517,,,,1355.3696,,,,,,3326.6826,,,17439.617,,,1632.6678,,,,6907.159,,,,,,,,,,5275.9614,890.31683,2892.733,,,1999.5745,5680.7427,12795.147,13061.321,,13914.121,,1362.1448,2772.774,2970.959,1993.0642,,4241.61,2725.003,,,,,,,,,,,2163.7983,,,,,,,,13470.849,,,,,,,1077.982,,,8677.8955,,4866.681,2365.5757,,853.4983,,9109.346,20203.697,,,8386.057,,,,7003.612,1465.057,2257.8643
1956,,,,,,,,,16692.861,9563.971,,,11297.241,,,,,,,,,,,2033.1328,2212.1382,,,,,,16806.809,23221.572,5232.934,528.0615,,,3352.6206,,4526.9736,,,5163.1206,,,5225.3296,,9939.263,,,12681.649,2970.834,,8417.844,,6208.2935,,579.86084,9609.383,,10538.221,,13560.183,,4166.646,,,,,5140.4985,,2544.2961,,,2532.3164,,,,,1207.1802,6872.2485,3144.6428,,13375.871,8435.839,6815.135,5257.09,3433.4011,4475.293,,2092.6973,,,,1360.0442,,,,,,3023.19,,,19096.979,,,1625.947,,,,7153.7974,,,,,,,,,,5275.991,935.3213,3003.0935,,,1865.7777,5495.8975,13131.349,13432.125,,13964.185,,1424.0918,2808.568,2993.4373,2010.9724,,4399.5215,2729.4272,,,,,,,,,,,2228.247,,,,,,,,13819.945,,,,,,,1096.8167,,,9382.562,,4751.8726,2465.6987,,841.68964,,8962.151,20306.156,,,8683.441,,,,7261.421,1619.6296,2384.6301
1957,,,,,,,,,16446.21,10044.024,,,11410.668,,,,,,,,,,,1931.7147,2333.3582,,,,,,16665.094,23697.76,5648.1616,541.42975,,,3250.9675,,4372.7017,,,5332.332,,,5222.534,,10441.402,,,13246.666,3081.8237,,8339.659,,6417.0693,,564.4676,9596.838,,10994.567,,13758.019,,3970.2817,,,,,5491.3364,,2594.9363,,,2507.5354,,,,,1190.5466,6880.992,3601.0898,,13139.481,8616.255,7062.4785,5840.6406,3492.9304,4743.7007,,2128.8572,,,,1443.8005,,,,,,3068.9119,,,19595.887,,,1568.5907,,,,7458.1396,,,,,,,,,,5359.923,988.8804,2984.04,,,1789.0391,5779.4434,13430.838,13934.828,,14248.384,,1390.561,3030.0515,3148.4104,2079.8867,,4554.573,2633.538,,,,,,,,,,,2274.769,,,,,,,,13990.333,,,,,,,1202.9221,,,10083.092,,5608.403,2586.9856,,953.14136,,9123.848,20381.625,,,9159.494,,,,7497.697,1801.9172,2550.0427
1958,,,,,,,,,17368.55,10427.695,,,11210.304,,,,,,,,,,,1870.367,2402.224,,,,,,16631.121,22624.664,5732.604,592.5342,,,3177.623,,4231.3604,,,5775.9087,,,4539.6387,,10723.218,,,13427.172,2930.0178,,8082.8545,,6624.4517,,557.2318,9538.491,,11199.969,,13765.005,,4078.4995,,,,,5696.6953,,2650.137,,,2533.4375,,,,,1248.7052,6832.206,4026.105,,14187.79,8870.825,7333.029,5853.3247,3788.5225,5044.648,,2087.1682,,,,1455.313,,,,,,3134.2004,,,18868.326,,,1621.8824,,,,7595.682,,,,,,,,,,5074.29,984.50055,2898.8035,,,1843.1462,5644.594,13203.704,13700.08,,14410.019,,1358.2821,3004.3833,3030.384,2094.2344,,4558.964,2737.9692,,,,,,,,,,,2287.5645,,,,,,,,14244.197,,,,,,,1200.8174,,,10858.138,,5974.735,2685.1096,,889.43713,,8521.661,19851.113,,,9293.993,,,,7331.5503,1715.4313,2474.2742
1959,,,,,,,,,18107.244,10743.323,,,11467.739,1728.7798,1111.3907,1524.5868,,,,,,,,1874.1377,2436.1104,,,,,,16890.887,23998.863,5545.5884,590.1343,,,3119.5398,,4340.3696,,,5588.373,,,4731.892,,11533.474,,,14401.712,3170.708,,8422.419,,6434.196,,584.5685,10173.797,,11404.357,,14146.792,,4582.655,3197.9907,,,,5856.467,,2726.1824,,,2536.587,,,,,1243.8625,7112.9585,4376.35,,14254.446,9690.891,7798.4556,5919.8535,4132.195,5459.3447,,1971.2908,,,,1440.2642,,,,,,3212.5498,,,18854.756,,,1655.6274,,,,7551.645,,,,,,,,,,5133.9014,937.74146,3019.1985,,,1977.9642,5557.592,13738.176,13954.25,,14778.861,,1428.0433,3104.2905,3013.4163,2247.243,,4781.072,2710.3823,,,,,,,,,,,2302.7986,,,,,,,,14978.678,,,,,,,1287.9614,,,11364.337,,5681.56,2822.658,,910.6566,,8136.717,20911.932,,,9359.975,,,,7276.6733,1888.7954,2731.1519
1960,,,,,,,,,17977.102,11440.331,,807.93756,12036.021,1844.5342,1088.3992,1607.6605,,,,,,,,1922.8981,2596.1567,9708.747,,,642.0674,1468.5525,17115.883,25405.418,5762.7085,580.1438,1860.6531,1754.006,3253.9297,2098.74,4451.35,2165.0835,1303.7675,5827.894,,,4430.799,,12509.438,,,15160.701,3646.7058,12589.238,8848.054,,7103.5483,,597.6634,11087.475,3609.7112,12206.483,4331.4175,14704.504,,4856.843,3454.0488,2752.4907,,1263.4535,5906.574,,2704.56,,7129.9453,2442.0632,,1543.556,,1515.6444,1308.2198,7503.61,4394.583,,14392.208,10005.831,8462.631,6121.4805,4254.837,6093.168,,2075.9539,,,,1407.7065,,,,,,3322.3572,1124.5034,,20463.014,,,1643.3578,,1759.5251,,7869.147,,812.6349,,,,,,2384.116,,4500.4478,995.679,3200.0945,4968.2754,2201.718,2183.6428,5423.912,14841.756,14179.443,813.42865,16446.172,,1393.7349,3208.2424,3232.1943,2182.7214,,5075.1777,2700.2146,,,1721.5006,,1073.9082,,,3024.424,3216.9312,,2246.1812,,,,,,,,15341.005,,,7154.471,2838.0576,2329.7776,1274.2191,1385.4814,,,12177.017,2031.4432,5415.2695,2921.8586,1277.7246,873.13763,,8375.681,21164.889,,,8522.068,,,,7405.519,1997.4717,2807.1409
1961,,,,,,,,,18111.938,11999.489,,680.88556,12606.282,1825.4191,1021.97186,1566.0234,,,,,,,,1926.7058,2876.151,10081.598,,,682.1849,1559.1738,17471.348,26761.041,5442.7334,503.3149,1888.0631,1777.9865,2690.105,1918.2554,4585.9517,2283.279,1509.6484,5518.1484,,,4921.335,,12909.226,,,16025.048,3462.5178,10743.817,8944.4,,7862.985,,609.355,12103.504,3584.8127,12661.943,4627.386,14950.783,,4608.9595,3534.032,2500.5474,,1256.5253,6644.4243,,2758.2422,,7255.053,2462.786,,1433.6974,,1637.1726,1324.0286,7881.562,4582.413,,14806.567,10766.48,9107.669,6353.794,4797.0767,6691.2217,,2001.5056,,,,1459.3466,,,,,,3200.3362,1119.2158,,20268.979,,,2052.4656,,1804.055,,7833.345,,793.1875,,,,,,2318.1335,,4897.9316,996.0842,3401.3223,4847.8887,2302.7651,2231.1724,5637.709,14991.996,14859.514,800.5489,17004.107,,1416.7957,3455.2532,3367.1926,2229.787,,5356.6064,2801.1794,,,1875.0055,,1021.8896,,,2952.8892,3609.259,999.6071,2306.0913,,,,,,,,16239.236,,,6960.0625,2905.1494,2378.87,1355.5897,1428.1917,,,13811.844,2061.9226,5362.7734,3080.5652,1275.004,866.0569,,8377.254,21348.0,,,8473.392,,,,7520.959,2009.3252,2877.9783
1962,,,,,,,,,18752.695,12264.533,,725.36865,13210.7705,1736.7537,1088.462,1626.3129,,,,,,,,1980.1177,3007.7048,10424.132,,,723.2102,1527.6477,18245.016,27313.129,6638.3853,507.62238,1915.7942,1761.0693,3219.4783,2387.2837,4651.852,2670.314,1244.8458,5676.829,,,5786.587,,13265.552,,,16663.416,3700.1853,6143.307,8694.585,1146.3682,8556.455,,621.2779,12271.593,3523.1611,13250.743,5126.47,15008.1045,,4527.7627,3571.9402,2448.566,,1280.6097,6518.896,,2762.3062,,7678.491,2499.5454,,1513.997,,1570.4331,1350.1006,8045.416,4867.177,,15109.272,11177.137,9560.428,6386.0464,4690.8237,7265.2896,,2093.6694,,,,1427.3447,,,,,,3335.7825,1266.0205,,19662.38,,,2289.746,,1850.6019,,7881.8633,,775.3751,,764.91144,,,,2598.6997,,5190.0356,991.2705,3545.5432,5386.38,2491.4016,2287.3086,6175.4297,15435.639,15020.327,809.88745,17096.453,,1470.0295,3648.8718,3562.6772,2340.3958,,5738.9497,2738.791,,,2042.4504,,1123.5049,,,2895.79,4061.4841,1117.6276,2509.7756,,,,,,,,16792.639,,,7296.924,3668.7905,2653.4646,1361.3362,1464.5415,,,13545.93,2047.9224,5558.695,3198.574,1358.4962,862.74976,,8372.11,22285.193,,,8773.609,,,,7661.7393,1908.2684,2772.476
1963,,,,,,,,,19712.883,12689.244,,744.9668,13636.666,1793.6764,1050.3937,1694.3782,,,,,,,,2050.2886,3115.8254,10205.281,,,744.8894,1408.9761,18852.227,27966.633,6737.4116,522.0023,2088.5645,1843.1199,3008.2554,2573.725,4642.149,2836.143,1007.6938,5818.326,,,5808.414,,13453.057,,,16798.988,3480.944,6959.9146,8719.847,1199.3354,9295.06,,624.7379,12320.123,3885.0037,13883.295,6113.785,15491.519,,4805.8047,3862.6904,2514.9756,,1448.6139,7313.942,,2850.6055,,8373.487,2469.7974,,1466.8804,,1404.0327,1410.5427,8361.324,4847.3496,,16608.314,11942.51,9933.839,6756.614,4725.3105,7786.1387,,2073.0562,,,,1546.6012,,,,,,3141.1633,1388.7814,,19682.291,,,2614.097,,1812.7833,,8342.417,,745.3032,,846.29,,,,2407.488,,5201.741,983.0804,3683.0195,5594.7285,2648.5923,2343.7031,6528.7153,15345.848,15411.31,804.21265,17729.32,,1528.0482,3829.9583,3657.648,2403.2998,,6031.2305,2811.159,,,2193.9707,,982.2378,,,2855.3813,4580.4746,1185.363,2514.2156,,,,,,,,17570.193,,,7829.4414,3087.7852,2390.7563,1417.4773,1518.4684,,,14433.008,2206.2957,5954.789,3399.4697,1416.9531,855.78314,,8104.196,22942.838,,,9091.47,,,,8091.321,1947.2051,2752.4016
1964,,,,,,,,,20284.152,13203.566,,729.6191,14429.235,1850.012,1085.7457,1651.0082,,,,,,,,2148.0786,3166.8115,10123.279,,,780.4942,1442.0297,19793.947,29098.326,6806.616,567.42267,2329.7573,1879.839,2671.5415,2674.8748,4879.501,3123.5913,1053.6954,5936.958,,,4960.1143,,14325.754,,,18019.447,3483.8909,7121.742,9111.392,1331.6552,9677.654,,650.6651,12643.286,4390.975,14628.692,6736.773,16303.122,,4995.9634,3473.0134,2714.63,,1456.0898,7828.54,,2866.6833,,8907.866,2536.0532,,1399.1763,,1321.6685,1479.916,8573.345,5091.1772,,18363.09,12543.316,10134.737,6963.471,5174.5557,8569.351,,2198.808,,,,1637.7775,,,,1762.8628,,3256.236,1461.8728,,21083.85,,,2713.7673,,1804.7402,,9169.903,,589.0522,,777.803,,,,3229.7278,,5795.9805,956.54205,3913.9753,6166.6025,2565.1663,2274.1338,7116.738,16844.11,16227.326,874.6578,18154.75,,1601.033,3912.155,3789.4836,2372.696,,6238.0835,2833.0947,,,2317.0823,,858.8442,,,2842.4226,4573.3433,1203.7262,2607.782,,,,,,,,18704.58,,,8236.293,3763.9075,2346.983,1589.1425,1595.6372,,,15232.852,2219.7676,6007.79,3716.4102,1589.6649,899.6663,,8326.487,23984.176,,,9753.437,,,,8431.627,2157.1973,2598.4456
1965,,,,,,,,,20175.062,13532.855,,742.8221,14815.449,1957.3153,1071.677,1598.1434,,,,,,,,2199.1267,3271.2954,10546.991,,,738.6055,1419.2104,20651.06,29585.36,6435.946,617.02246,2128.4475,1952.217,2978.9216,2588.4236,4744.9243,3176.5464,1071.8381,6360.5674,,,6285.357,,14930.336,,,18649.549,3157.051,7527.877,9124.789,1335.1211,10113.904,,683.6857,13367.563,3636.2644,15179.39,7447.1763,16621.479,,4796.857,3548.7036,2937.5159,,1566.4923,8628.193,,2909.9517,,9875.6,2640.059,,1376.9891,,1532.6396,1424.4027,8659.781,5589.243,,19723.291,12148.139,10347.439,7030.174,5563.9062,9004.557,,2249.194,,,,1680.4827,,,,1836.1423,,3153.3667,1462.3113,,21219.191,,,2605.6272,,1747.6495,,9364.771,,628.56836,2757.3818,817.77454,,,,3703.9907,,5315.5566,1079.9718,4075.9216,6243.416,2611.6743,2488.0012,7766.4956,17325.955,16978.666,845.2462,18948.846,,1708.492,4145.6685,3927.467,2400.1245,,6665.976,2931.299,,,2532.0017,,889.5408,,,2795.7163,4848.088,1210.7151,2682.2766,,,,,,,,19132.807,,,7470.0273,3644.673,2411.3958,1768.7776,1726.6703,,,14794.443,2261.8677,6010.502,4097.339,1558.9453,882.5902,,8218.661,25218.438,,,9764.389,,,,8677.727,2528.8623,2769.8655
1966,,,,,,,,,21161.438,14110.731,,746.7543,15121.049,1963.1329,1072.0956,1581.653,,,,,,,,2304.9126,3332.1409,11106.347,,,786.24316,1368.2418,21616.865,30058.361,7055.099,646.6538,2278.0854,2003.366,3103.3333,2342.3271,4863.1772,3434.812,1295.6808,6507.936,,,6534.1025,,15243.943,,,18995.463,3152.5522,6518.039,9228.71,1353.1973,10753.021,,693.4144,13731.918,3653.4502,15851.325,6805.183,16889.068,,4619.2153,3471.8455,2893.6309,,1704.4283,9237.48,,3010.2822,,10252.224,2641.8174,,1331.0206,,1258.0983,1391.2289,8778.181,5742.7803,,20739.068,13085.988,10859.073,6992.3413,5498.1763,9834.226,,2399.1577,,,,1860.0068,,,,1943.4147,,3338.7668,1520.479,,21373.982,,,2455.2458,,1794.2892,,9635.725,,614.4373,3143.449,799.82495,,,,3631.8137,,5330.0845,1213.8649,4225.6313,6405.3345,2524.502,2428.7168,7632.6025,17395.672,17435.55,893.52734,19820.094,,1837.241,4331.022,4105.4224,2417.5237,,6846.461,2865.393,,,2651.2598,,936.84906,,,2868.6638,5353.182,1213.1808,2757.3826,,,,,,,,19287.99,,,7108.2856,3161.1313,2335.6404,1901.4269,1959.7222,,,15353.782,2298.0571,6768.698,4295.626,1626.6135,904.83673,,8454.684,26530.17,,,9497.125,,,,8830.211,2582.0715,2618.3496
1967,,,,,,,,,21721.271,14438.163,,820.0387,15619.661,1991.013,1167.2839,1496.3337,,,,,,,,2409.1958,3515.9587,12210.976,,,901.7566,1323.734,21867.973,30728.654,7311.2305,626.80664,2286.6863,1795.5702,2761.0168,2327.1028,4904.2236,3727.5874,1411.2811,6602.7983,,,7213.076,,15050.992,,,19856.37,3156.7607,7064.8906,10064.706,1346.5151,11153.185,,689.70685,14078.326,4074.4236,16513.277,7365.876,17185.814,,4212.3037,3410.1377,2782.969,,1874.9547,9588.684,,3064.1982,,10319.911,2652.4062,,1282.4236,,1323.511,1464.8251,9249.245,6681.868,,19762.291,12907.817,11565.932,6903.9824,5487.0527,10733.245,,2415.768,,,,1916.9598,,,,2000.7992,,3291.9338,1601.833,,22061.697,,,2468.2249,,1838.8921,,9852.246,,623.2709,3429.5137,716.0841,,,,3981.7944,,5643.153,1213.1256,4233.812,6230.5117,2516.0098,2042.9119,7938.531,18131.621,18373.846,853.7358,18641.906,,1823.5775,4602.85,4192.3403,2382.0571,,7371.69,3011.6753,,,2925.7146,,970.56305,,,2771.047,6036.3145,1123.1809,2847.7324,,,,,,,,19869.613,,,7465.1016,3451.465,2313.959,1946.9019,1951.2926,,,16145.668,2252.6702,6801.8745,4741.233,1665.6194,862.6354,,8115.898,26898.324,,,9505.808,,,,9224.232,2971.2004,2563.3132
1968,,,,,,,,,22916.057,14984.143,,810.9533,16231.932,2094.8618,1185.7205,1512.0278,,,,,,,,2063.3684,3776.844,12605.96,,,983.0086,1476.9622,22678.645,31535.215,7356.852,591.1652,2478.5034,1832.2998,2886.7288,2553.7405,5076.136,3466.8196,1516.7181,6811.139,,,7410.547,,15829.762,,,20862.064,3003.5623,7681.6387,10205.764,1432.5597,11785.732,,707.4808,14772.262,4462.4897,17093.486,7432.214,17801.244,,4133.6016,3370.7498,2879.6138,,1960.5063,10200.294,,3227.897,,10657.332,2744.8765,,1306.8658,,1353.6746,1495.5991,9919.392,6943.3696,,18008.646,13280.4795,12240.188,6853.5396,5157.1206,11941.645,,2318.0105,,,,2092.8489,,,,2005.0623,,3498.3257,1570.474,,23220.049,,,2570.2373,,1947.4186,,10352.816,,660.7191,3897.435,734.74365,,,,4528.8174,,4506.696,1206.1783,4319.0195,6275.21,2503.91,1991.3359,7819.786,19082.469,18895.168,842.0975,18416.936,,1869.0088,4793.0737,4064.8423,2474.111,,8370.046,3026.0403,,,3062.5266,,1013.38135,,,2745.564,6603.8174,1219.6185,2879.3997,,,,,,,,20455.156,,,8588.193,3486.4878,2277.4082,1953.1869,2031.3665,,,17128.799,2386.5623,7128.441,5137.4233,1728.0999,883.742,,8168.789,27891.69,,,10218.432,,,,9285.672,3072.871,2292.954
1969,,,,,,,,,24112.742,15674.698,,766.36487,17188.115,2124.1992,1198.3579,1545.6053,,,,,,,,2078.762,3732.2104,14547.105,,,926.2059,1453.8091,23524.883,32895.266,7722.582,631.05646,2590.1392,1918.2627,3122.5242,2738.6187,5278.806,3304.7153,1608.8392,6994.535,,,8354.343,,16935.096,,,22084.242,3155.5571,8163.4937,9874.829,1500.0817,12751.837,,739.19366,16259.721,4544.843,18144.625,7857.808,18067.947,,4342.041,3254.7979,2736.524,,2026.9023,11305.987,,3349.9473,,11643.432,2659.4548,,1355.9348,,1366.406,1616.7594,10354.291,7337.5303,,18766.162,14854.168,12901.356,7058.5503,5224.7603,13232.006,,2394.345,,,,2328.615,,,,2082.554,,3655.6404,1538.1631,,26286.422,,,2795.4097,,1977.1418,,10466.25,,663.2349,4150.8535,749.2348,,,,4186.5015,,4478.8525,1259.6376,4364.481,6546.0625,2263.2375,2399.1567,7961.4453,20596.637,19483.994,870.98035,20113.055,,1965.459,5080.875,4142.5757,2547.7954,,8641.692,3104.3718,,,3229.4365,,1085.3344,,,2407.2,7588.5093,1281.5455,2885.0195,,,,,,,,21276.379,,,7767.712,4026.538,2406.6365,2142.3008,2180.4556,,,18573.672,2434.2668,7304.281,5438.843,1755.4548,938.299,,8635.221,28501.857,,,10458.578,,,,9688.31,2854.4731,2798.0562
1970,,5509.1616,13070.414,,,,,6675.723,24509.088,16595.62,,912.4702,18135.922,2279.3237,1140.8495,1612.9049,5620.747,22658.309,28140.9,,,4595.362,12854.895,2019.3221,4142.7783,16089.974,,2119.9448,1032.4437,1481.6986,23865.445,34564.26,7615.48,676.0729,2736.6187,1949.3362,3128.142,3002.0715,5556.4907,3681.7646,1768.1323,7408.738,,34931.375,8583.543,,17692.037,11492.2,5375.584,22201.795,3523.605,9062.203,10291.442,1705.1493,13154.525,,727.17566,17541.512,4914.749,19079.066,9084.116,18485.916,,4868.6143,3073.6978,3041.5688,,2053.7031,12327.668,2339.216,3478.0059,4334.4604,12480.36,2660.4546,,1481.3741,6794.443,1436.7561,1606.731,10425.001,8181.7153,5391.5894,19973.36,16168.0625,14516.179,7927.4966,4431.1377,14422.654,,2144.6377,,1817.1772,4926.9985,2475.1902,144951.73,886.15875,7717.771,2159.752,5606.7026,3694.7903,1575.6888,,26500.531,,6638.123,2589.3123,,2045.9797,3110.169,10822.519,,688.95233,4589.6733,787.2714,,1526.0333,,4669.263,16976.898,5351.3574,1269.0455,4625.576,6899.531,2326.988,3148.383,7872.171,21599.238,15837.751,903.88043,19397.385,,2100.26,5891.993,4259.7705,2631.3564,6527.356,9318.017,3264.176,1544.1149,110877.38,3399.245,,1138.2999,44151.89,1684.225,2548.6758,8677.441,1535.2795,2859.9836,652.14374,,,2363.8088,5241.701,,,22506.309,2646.8645,,9683.108,3942.8352,2584.787,2027.2214,2860.113,,,18451.057,3135.2588,7597.7065,5979.368,1841.4834,1112.2285,,9173.521,28236.791,,4217.0415,11399.14,8824.361,,,9978.6875,2493.163,3312.8599
1971,,5743.294,12632.45,3323.843,,,,7163.459,24692.18,17412.273,,928.36346,18794.064,2281.3625,1037.7955,1567.5669,5970.5083,21895.396,28113.979,,,4858.2695,24479.908,2080.5068,4538.4116,16659.104,,2103.5168,1289.0619,1395.0586,24590.012,35791.684,8490.285,708.39557,2795.7612,1923.5275,3020.376,3213.6475,6005.373,3724.2642,1822.3186,7569.164,,34154.895,9326.37,,18238.934,11399.342,5765.948,22703.34,3705.4402,8497.736,10362.472,1715.5309,13650.748,,739.6343,17870.912,5363.2764,20026.203,9249.491,18713.873,,4942.924,3188.2112,2962.9082,,2174.6785,13234.026,2458.9565,3550.011,4370.655,12630.183,2636.2385,,1514.4796,7239.883,1503.0367,1638.0428,10670.187,8151.5957,5499.2656,23698.482,17252.982,14825.734,8108.0947,4321.035,15127.693,,2199.1067,,1984.6775,5281.191,2859.9836,139878.25,908.1491,8209.14,2231.2405,5814.807,3604.4133,1424.7668,,25481.506,,6999.37,2696.4026,,2071.8564,3205.6313,10966.686,,705.3006,4825.3237,796.93695,,1556.3995,,4600.3555,17353.494,5613.6387,1409.0266,5513.5474,7049.7114,2339.8281,3406.3816,7932.8145,22524.602,16935.016,864.21173,19676.232,8498.08,2086.3042,6362.9673,4409.384,2736.1785,6960.2637,10016.711,3375.1687,1736.7924,105502.19,3789.0215,,1099.245,49718.035,1748.3071,2486.0793,9721.073,1533.3043,2873.4084,684.1,,,2433.3875,5447.3765,,,22615.348,2717.9111,,16149.232,4195.952,2620.8396,2087.3503,2927.026,,,17356.268,3329.576,7649.403,6634.3867,1864.3335,1075.4744,,9174.311,28803.836,,4302.564,10780.042,7686.982,,,9744.845,2464.252,3502.934
1972,10711.146,5515.5396,13996.467,3379.14,,4608.187,,7687.243,24904.064,18335.816,,848.6882,19891.111,2328.5566,1267.7958,1471.0548,6407.338,22274.97,25910.205,,,4171.554,19782.22,2106.8386,4998.383,16936.445,,2057.0989,1555.6604,1310.7615,25606.2,36698.902,8360.934,717.166,2794.9607,1966.363,2835.7517,3092.0288,6449.7817,3687.033,1842.3947,7872.679,,34834.59,9700.021,,19044.648,11075.372,6107.5674,23476.057,4325.7476,9416.948,10303.217,1775.6409,14600.817,,754.5819,18986.979,5669.0205,20888.219,8968.626,19273.443,,4106.513,3214.6057,2931.16,,2269.123,14449.018,2698.236,3727.2778,4268.6714,13472.516,2717.3489,,1567.028,7404.7236,1642.7975,1657.7422,11319.462,9292.033,5876.6616,23090.68,18466.818,15388.456,8810.46,4443.5034,16304.634,,2340.1458,,1676.272,5560.287,3164.4536,136960.31,917.055,8859.075,2277.699,5826.514,3638.9124,1693.6298,,26956.436,,7321.4087,2695.4658,,1968.3188,3191.217,11532.008,,605.5602,5216.3433,776.0518,,1568.4202,,4599.362,17683.008,5775.505,1508.465,5787.0366,6975.0396,2200.4438,3558.1196,7561.2427,23206.941,18600.05,877.79266,20428.254,9027.621,2079.1838,6568.359,4410.4414,2817.3977,7236.419,10644.732,3516.4133,2004.9441,113945.57,4153.566,,1122.367,55879.64,1638.9198,2501.3984,10542.626,1568.2151,2959.745,643.73895,,,2450.7368,5307.278,,,23130.902,3076.3315,,16902.703,5079.4443,2354.7344,2117.5989,2977.376,,,19792.531,3802.9868,8133.5044,7405.4004,1900.1711,1158.8688,,8867.15,30012.016,,5330.207,10823.573,7526.9224,,,9772.779,2636.1514,3809.7583
1973,11556.387,5752.167,14486.848,3432.5637,,4792.1357,,8305.403,25600.508,19138.46,,918.6387,21228.389,2438.8672,1170.9346,1216.706,6910.8096,23715.49,27338.178,,,4804.336,19131.186,2202.6619,5463.3228,16453.635,,2018.8203,1826.5364,1433.0538,27113.926,37531.78,8006.1206,755.50946,2827.3965,1984.8823,3041.129,3464.2512,6987.3945,3825.2012,1856.9521,8206.649,,37673.984,9561.438,,20054.88,10747.637,6516.32,24365.65,4622.1406,9872.377,8492.256,1719.8895,15521.367,,753.2149,20177.898,6244.0723,22260.271,10176.67,20548.068,,4480.737,3207.2793,3102.7175,,2493.2283,15461.877,2949.0972,3857.592,4392.6733,14660.481,2840.5344,,1696.1798,7701.112,1803.6241,1717.3057,11790.483,9157.134,6925.1094,25384.844,19546.266,16455.86,8798.802,4070.173,17388.314,,2451.6243,,1344.9092,5827.3257,3794.9744,118259.79,974.10785,9338.872,2345.5024,5923.221,3790.1663,2023.3882,,29853.764,,9867.678,2703.577,,1849.9857,3100.0527,12124.737,,613.44586,5712.1255,763.84766,,1659.7446,,4328.146,18084.787,5993.583,1439.3143,6347.3384,7040.4756,1831.5404,4137.6626,8344.692,24786.01,18987.22,847.7005,21561.86,7539.2495,2124.7961,6715.5493,4651.3145,3007.595,7487.109,11634.444,3609.5667,1867.2185,114267.555,4541.426,,1139.1147,62946.47,1571.4313,2333.146,11489.435,1594.9967,3066.9407,658.2119,,,2501.6401,5736.455,,,24098.488,2916.4915,,17376.93,4490.0684,2169.979,2024.9556,3157.0188,,,19419.266,3748.98,8311.699,8301.472,1972.2623,1174.5741,,9026.4795,31520.744,,4746.8804,11744.561,7871.358,,,10728.549,2576.464,3858.277
1974,12434.915,5583.6177,14358.861,3494.8079,,4938.9688,,8261.273,24406.877,19769.162,,896.26404,22147.588,2590.4087,1239.5376,1204.7405,7446.182,27909.21,23607.15,,,5402.492,15359.209,2292.5447,5832.684,14853.954,97883.72,2047.43,1950.3563,1270.5504,27490.379,37861.414,7509.3916,761.05023,2922.584,1946.9025,3124.6677,4055.3567,7376.1733,3812.7612,1886.5204,8258.965,,39280.848,9462.17,,20400.031,9564.899,6022.4136,23928.467,4485.3496,11919.771,7609.387,1816.2021,16068.449,,748.35095,20763.35,6357.508,23243.248,12943.155,19896.566,,4917.0127,3304.811,3190.3323,,2632.754,14496.705,2778.7896,3941.4531,4614.9033,14368.584,2689.2383,,1873.2438,8051.2505,1914.917,1670.3503,11903.004,10353.853,7857.938,26907.05,20091.197,17482.783,8420.203,4118.725,17075.377,,2700.15,,1224.6005,6110.611,4445.0825,101302.414,984.90717,9076.511,2432.9966,5947.759,3924.0852,2106.4038,,31878.127,,11585.098,2846.439,,1798.6738,3086.6692,12515.633,,599.9322,6560.578,770.2021,,1683.3467,,4654.5273,18747.4,5879.0073,1493.0422,6846.5264,7321.9824,1979.1813,4419.2334,9369.212,26152.629,20416.506,868.0895,21936.467,9319.466,2145.7122,6924.3154,4935.436,3143.873,7952.3203,11696.622,3736.466,2307.4185,110572.336,5002.4336,,1132.9355,80001.875,1827.922,2480.7559,13607.06,1605.805,3137.819,706.86536,,,2595.2944,5207.737,,,24571.947,3166.8591,,16609.766,5436.775,2323.607,2157.6182,3203.7358,,,19560.648,4049.5642,9206.077,8613.281,1973.2551,1087.906,,9137.223,30947.998,,4282.5654,13752.866,8488.374,,,11039.489,2475.5183,4089.5684
1975,13418.412,5042.6763,14797.37,3550.2893,,4800.852,,7706.424,24569.543,19980.924,,882.42365,21958.451,2148.8787,1198.685,1134.2646,8176.453,24276.186,17591.963,,,5245.3486,16546.422,2399.3364,5932.795,17592.445,100089.59,1915.3411,2069.4985,1230.0332,27514.01,34711.66,6261.0635,797.81854,2916.6775,1965.1923,2471.0378,3770.7727,7662.681,3924.7866,1551.3236,8338.69,,41048.953,7838.082,,20508.805,10033.952,6315.313,23531.293,4570.8223,12291.335,8309.136,1980.3024,15970.21,,755.23486,20112.611,6359.628,23027.47,13992.466,19562.46,,4237.013,3367.1343,3279.789,2007.293,2874.6284,15228.1875,3264.2173,3970.2322,5142.5176,14225.148,2697.328,,1885.441,8356.386,1967.8678,1792.54,12303.93,9805.835,8685.802,26719.379,20411.736,17485.473,8167.079,3703.242,17699.127,,2452.0054,,1216.3308,6340.4424,5046.8755,84728.125,1027.1708,6119.702,2181.354,5715.875,3751.095,2024.0591,,27412.238,,12346.552,2923.4297,,1752.0673,2779.0225,12850.517,,644.4207,8005.2646,787.0396,,1732.3679,,5121.76,19838.705,5833.465,1522.1392,6482.308,7258.7876,1752.6086,4367.106,8359.196,26323.117,22625.084,862.61224,21200.436,11516.215,2161.742,6866.765,5058.248,3340.122,8316.139,10984.988,3817.28,2190.5388,104714.516,5413.953,,1107.1606,71282.93,2031.3649,2495.1335,13812.187,1570.3632,3244.0022,689.94,,,2688.9282,5764.7495,,,24955.404,4234.749,,17845.861,6235.603,2386.802,2044.4463,3287.8567,,,19669.732,4235.239,9671.098,8502.338,2050.4436,1130.0839,,9430.074,30547.152,,3839.9758,13288.113,8890.24,,,10753.127,2654.4033,3866.6697
1976,14526.074,4745.2246,14983.047,3597.79,,4724.406,,6974.4297,25392.25,20531.479,,938.7359,23371.268,2251.2795,1184.825,1252.2484,8639.501,29426.04,19060.68,,,4774.9224,20767.22,2413.5159,6289.336,13863.933,105668.516,2023.7509,2224.6243,1206.8932,28733.188,34626.918,6418.069,770.30524,3140.475,1823.8259,2186.214,3854.114,7999.5073,3797.9995,1560.2278,8766.832,,43037.62,9937.677,,21705.28,9501.206,6567.7524,24770.03,5062.0317,11924.877,8544.156,1939.0228,16542.658,,764.4738,20116.875,6334.6235,24029.355,16460.186,20539.406,,3747.0745,3546.1633,3123.5474,2032.4502,2953.4807,15968.847,3523.1023,4073.3987,5342.8516,15860.893,2981.56,,2080.6853,9108.921,2081.4377,1731.0515,12652.485,10223.113,9810.132,26577.592,19985.389,18950.646,7644.8076,4324.0317,18696.14,,2442.834,,1296.0093,6833.56,5402.4995,87566.695,1036.7242,2572.6062,2308.8904,7236.7183,3417.6716,2300.554,,28913.943,,12660.028,3163.1475,,1719.0168,2917.417,13216.792,,702.12427,9609.59,811.4594,,1744.9481,,5408.2256,19060.361,7675.7427,1490.0193,7049.6387,7170.207,1843.2439,4465.675,8761.191,27469.996,25242.285,879.29443,21548.232,13106.6,2209.2993,6749.4717,4979.3374,3502.9219,8496.17,11482.796,3998.2798,2508.9473,97012.78,6116.78,,1244.0,79580.73,2242.987,2621.4028,15242.4,1509.8992,3307.9639,589.7743,,,2680.205,6162.6685,,,25061.527,4789.499,,20652.43,5260.8784,2158.4265,2043.1954,3499.1204,,,21558.193,4396.8896,10516.352,9617.977,2170.0396,1155.7764,,9462.26,31966.549,,4451.449,13578.815,8720.307,,,10491.199,2685.7344,3769.7065
1977,15816.413,4847.7393,14990.335,3666.5383,,4958.8022,,7669.6226,25566.44,21393.527,,1034.5493,23716.027,2269.946,1283.8086,1309.9866,9016.75,31313.285,19825.973,,,5060.017,19209.184,2536.6423,6282.159,14059.862,108539.45,2090.7812,2405.693,1256.9583,29406.812,35469.15,6893.0815,819.8089,3242.7556,2014.7179,2219.047,3932.4734,8195.218,3848.2856,1470.3688,9517.196,,45256.832,12424.453,,22572.42,7612.7603,6510.594,25334.213,4892.438,12926.306,8646.011,2028.6394,17077.729,,759.5382,20220.602,6632.6113,24964.527,15475.084,21532.832,,4162.8994,3369.3384,3061.2356,1503.7126,3218.353,16085.082,3234.9888,4315.407,5056.466,17455.31,3227.956,,2131.78,10171.09,2217.242,1680.894,13687.839,12067.292,7841.713,29661.475,19519.229,19917.717,7174.0957,4605.683,19797.422,,2676.4768,,1197.9359,6927.568,5810.441,84565.92,999.45447,5541.273,2418.0132,7857.6313,3261.7664,2470.6467,,28980.357,,13546.52,3180.856,,1695.8966,2992.57,13380.837,,714.867,10460.417,826.6224,,1862.6456,,5210.6504,18857.37,7921.5522,1455.7338,7449.6743,6961.04,2007.3701,4829.1245,9844.652,27806.682,25966.78,880.2439,20626.715,14679.256,2206.429,6561.713,4785.395,3526.9692,8667.396,11939.414,4374.1743,2382.8525,79025.26,6519.106,,1252.0787,78744.77,2439.2078,2563.6018,15897.155,1491.5483,3350.1765,623.8253,,,3138.4622,6638.5493,,,24451.904,4662.0293,,18361.137,3756.5498,2096.206,2366.2417,3794.137,,,22498.402,4486.7725,10166.728,10273.573,2032.306,1168.1958,,9301.138,33146.06,,4327.0093,13673.815,9037.414,,,9991.983,2271.1982,3305.446
1978,17164.326,4188.3613,16051.856,3745.8862,,4811.7847,,7721.665,26442.205,21363.031,,1036.8186,24616.27,2147.7263,1377.8046,1314.9819,9519.809,30921.955,22745.793,,,5147.7437,19582.467,2487.2507,6393.093,13405.672,108508.71,2182.6606,2546.7266,1275.5399,30239.37,36028.465,7316.55,912.96466,3433.1248,2437.1948,2132.497,3668.851,8619.922,3805.1804,1595.0773,9749.912,,47743.027,13727.164,,23373.297,7236.3813,7302.432,26013.586,4803.7964,13997.361,8821.5205,2112.7878,17423.424,,762.6124,21041.533,6791.5845,26018.865,16279.71,23008.275,,4058.032,3549.13,3149.0876,1641.0634,3043.0347,17027.527,3675.8433,4407.833,4828.148,18847.547,3363.671,,2189.8176,11380.742,2334.5557,1609.5375,14767.423,7772.499,9008.217,30869.654,19970.496,21234.527,6742.829,5003.407,21109.164,,2793.3867,,1302.3732,7674.906,6254.3633,79854.45,997.96924,4923.9043,2461.2961,9346.071,3209.281,2680.0916,,30316.088,,14464.614,3300.9963,,1617.3099,3123.8674,14243.058,,696.4236,11909.06,844.66547,,1895.01,,4485.035,19312.896,8017.3174,1461.8065,7786.08,7047.8423,2058.6975,4872.3213,8001.794,28372.615,28072.38,893.9132,20499.586,16005.807,2283.4316,6903.129,4527.871,3640.5027,8713.565,12071.978,4705.3135,2680.3164,84450.02,6967.587,,1262.3674,73271.29,2378.9502,2469.0933,17445.605,1512.0247,3509.1802,670.51843,,,3331.9517,7592.135,,,24989.252,4309.0894,,22593.008,3421.3718,2206.3667,2620.938,4082.3938,,,24768.133,4646.5728,9658.225,11543.217,2016.1415,1121.6581,,9724.649,34698.777,,4818.8506,13210.378,9715.182,,,10151.541,2080.2566,3620.4756
1979,18631.564,4134.337,17490.014,3766.9536,,5044.3115,,9693.522,26981.258,22259.375,,1043.3966,25375.506,2189.5713,1360.2537,1363.4009,10362.609,24971.113,23571.766,,,5394.906,19243.295,2481.921,6676.5903,14165.852,128629.914,2236.0085,2706.1501,1240.297,31138.002,37112.598,7793.43,952.61163,3363.1826,2495.4312,2344.6118,4055.623,8737.245,4020.446,1653.04,9943.734,,50547.387,15633.6875,,24429.404,6606.2847,6237.924,27015.22,4863.59,14448.247,8943.699,2031.4551,17490.93,,770.13586,22565.326,7944.155,27027.016,15991.528,24308.832,,3700.3953,3436.7144,2952.8682,1563.8469,2859.8242,17209.455,3706.3762,4561.765,4810.8477,20435.78,3354.9883,,2396.549,12257.755,2441.4126,1465.1085,15328.1455,6832.093,10808.54,32059.064,20415.486,23037.488,6125.4365,5722.5254,22340.516,,2558.5168,,1165.2424,8514.64,6519.4727,88030.08,951.06976,5731.842,2019.985,9397.412,2893.7085,2424.3909,,31416.426,,15022.648,3415.1494,,1684.201,3234.9045,15355.309,,780.6386,13244.299,859.633,,1929.0741,,4740.826,21905.793,7451.866,1389.8989,8248.643,7262.003,2242.2156,4929.9556,4909.4966,28836.22,29748.672,917.4706,20415.537,16429.006,2304.0408,7014.5337,4501.5625,3646.3833,8699.277,12527.278,4889.93,2551.9104,84875.84,7546.8013,,1375.3516,73007.734,2190.3855,2597.5317,19868.521,1503.8256,3471.765,579.1742,,,3798.0618,7608.815,,,25702.443,4148.399,,26717.248,2962.1746,1306.0619,2700.6887,4233.858,,,25364.29,4865.872,9309.533,12444.479,1994.8325,930.6699,,10547.173,35498.953,,4996.064,13569.452,10799.451,,,10262.557,1962.5392,3737.7017
1980,20268.236,4018.6548,18160.934,3880.7703,,4998.143,,8341.252,27501.87,22546.154,,1001.0173,27061.838,2283.3247,1328.9141,1327.4895,10330.981,29360.05,28552.664,,,6019.0825,,2478.8665,5981.144,13960.49,121288.83,2166.2368,2913.6504,1130.6041,31329.764,38607.734,8147.6367,995.82605,2869.1467,2688.5686,2341.4517,3993.563,8948.25,4339.3687,1772.8386,9731.169,,53074.89,16585.88,,24724.791,6443.064,6792.431,27053.924,4625.4585,14051.0,9015.0,2028.1123,17988.361,,811.27094,23815.135,7783.0044,27449.799,16072.064,24661.06,,3616.5554,3542.3665,2863.2637,1559.4338,2918.659,17272.074,4062.499,4666.3486,4899.741,22100.686,3337.2766,,2461.01,13303.353,2626.7275,1467.1378,15860.428,4460.167,10690.862,33680.53,20522.287,24407.275,5431.683,6251.1104,23478.55,,2720.827,,1094.5103,9291.13,6114.9404,65389.35,1027.8577,6019.0894,2189.0417,8966.182,2850.1904,2147.3215,,31787.896,,15652.2,3354.166,,1659.6223,4065.56,16532.887,,740.2507,13598.976,912.0717,,2177.208,,4561.806,24174.771,7447.6553,1375.3114,8768.018,7470.618,2137.2637,5157.551,6427.5044,29813.084,31549.166,853.49524,20576.725,16973.654,2373.9382,7561.4175,4811.0,3887.6755,7783.4316,12869.51,5351.8125,2965.8564,82778.375,7711.066,,1348.728,75389.52,2159.8782,2446.428,21743.691,1416.7214,3224.8484,536.33777,,,3070.3542,6858.4897,,,25810.346,4373.1206,,18925.234,2832.1934,1204.6971,2441.5955,4345.514,,,26631.26,5260.8438,9037.128,13191.967,1839.5521,857.102,,11189.0205,34972.24,,5026.071,13120.404,12293.727,,,10980.023,1818.0076,3710.859
1981,22040.69,3837.0906,18948.395,3967.8342,,4960.7993,,8900.5205,28306.002,22389.928,,1045.6737,25788.96,2820.8623,1383.9213,1319.8938,11062.948,25792.346,23607.992,,,5545.329,,2469.5005,6586.3857,13792.271,113306.92,2476.9714,3225.6775,1303.4147,31938.66,38593.062,8439.79,1007.79535,2901.1658,2934.146,2184.4033,3254.3337,8791.309,4138.704,1876.8484,9387.837,,55701.49,16557.416,,24183.771,6188.262,7734.4556,26093.559,5140.7617,15013.307,9306.21,2322.9004,16933.896,,882.6732,24101.85,7320.9355,26775.938,14832.816,24141.969,,3302.9282,3402.0613,3275.389,1701.4122,2859.0051,17079.809,3799.3577,4715.0728,4974.3105,23107.365,3322.6494,,2344.9949,13532.292,2791.5986,1421.7427,15940.92,3826.1174,9805.046,34887.758,21306.041,23951.256,5317.943,7292.1035,23290.668,,2623.8938,,1066.1676,9855.554,6430.8267,52872.023,1159.934,5807.0283,1872.9423,8190.4204,3015.824,2169.0273,,30482.096,,16509.703,3324.3958,,1559.5485,3799.6833,17449.438,,828.03503,15029.061,948.14197,,1931.4875,,4663.0317,24808.752,7621.766,1374.3854,9049.701,7574.716,1982.7831,4868.973,6581.74,28778.82,31686.824,925.4701,21148.512,18818.84,2418.3806,7960.419,5080.846,3946.395,7297.514,12661.96,5785.9243,2549.8245,73658.19,7596.3965,,1495.0496,72968.28,2210.4019,2453.0164,21050.002,1490.5209,3011.5574,542.66675,,,2696.762,7151.882,,,26160.236,4559.841,,16896.33,2692.014,1088.1439,2150.1858,4508.325,,,27531.59,5453.3354,9903.008,13767.964,1582.886,884.7247,,11288.651,35489.906,,5342.8687,12738.823,11770.579,,,11137.603,2010.6848,4244.3457
1982,23903.492,3745.3965,18911.373,3910.8872,,5119.3154,,9321.28,27237.533,22442.555,,1015.4781,24933.201,1958.6383,1343.1036,1282.9495,11551.911,20729.445,24595.555,,,5649.185,,2348.3264,6591.333,13938.148,106164.45,2506.1147,3320.0984,1305.0237,30816.283,38151.61,7241.727,1069.1129,2875.0847,3262.603,2171.6982,3440.8608,8628.304,4315.701,1974.6162,8535.76,,58475.09,17650.467,,23649.604,6371.8027,8119.027,26537.344,5118.3745,15160.164,8938.009,2276.7556,16235.714,,930.63403,24197.598,6850.6045,26529.734,13720.122,24161.604,,2752.594,3394.405,3383.534,1701.4794,2843.747,16450.45,3980.616,4533.638,4270.684,23198.826,3260.4548,,2192.7268,13680.279,2779.4058,1356.8195,15962.495,4447.1255,9216.374,35767.73,21449.932,23579.436,5265.664,6929.8496,22848.482,,2613.9036,,1031.9779,9579.827,6798.136,46114.63,1220.9319,3814.4124,1809.5525,8267.494,2950.12,2201.435,,30373.684,,16446.83,3629.1814,,1534.0787,5317.684,16933.754,,884.417,15998.952,992.1753,,2234.3865,,4279.852,26078.03,7748.59,1388.7234,9315.981,7657.413,1952.1521,4230.588,6141.3013,27851.654,31202.379,958.55585,21165.934,18698.088,2446.6753,7758.38,4991.8804,3986.0269,7143.342,12636.673,5634.3994,2768.0786,59812.555,7912.9014,,1398.5326,59105.984,2280.409,2822.5696,21271.857,1567.5643,2908.8948,611.3408,,,2730.549,6753.0166,,,26415.283,4658.8223,,14632.531,2628.8057,1124.5944,2043.3752,4586.8364,,,28211.39,5461.598,9596.778,13962.045,1553.7185,976.46216,,10105.622,34365.29,,5612.4116,11761.825,11479.147,,,10935.031,2043.8743,4325.361
1983,25888.553,3627.4973,18560.559,3949.6804,,5462.9927,,11028.29,28412.025,22918.418,,1010.7763,24183.732,1877.4923,1226.9901,1272.6146,12370.451,20713.398,26507.623,,,5500.5,,2304.8503,6290.1455,14323.654,100924.67,2736.5684,3760.2722,1214.5503,31492.639,38290.984,6898.975,1170.4043,2794.7112,3640.8167,2161.2517,5341.8467,8388.613,4297.0103,2099.2983,8385.6045,,63068.152,18351.867,,23675.955,6167.473,8371.014,26757.611,5259.965,15452.227,8623.878,2311.307,15776.179,,1054.4932,24385.338,6325.993,26000.654,14698.869,24676.775,,2648.0564,3361.326,3118.8103,1654.4316,2785.8557,16126.048,4167.197,4423.4316,4003.3896,24041.049,3127.5432,,2216.0132,13575.63,2919.6082,1364.1412,15567.124,4413.9395,7901.463,31985.469,21909.072,23384.465,5426.5493,6437.757,22465.98,,2670.0195,,1039.6387,9832.817,7526.5674,44884.426,1277.8567,5396.608,1759.9727,8416.099,2980.0383,2088.7463,,30195.035,,18177.443,3789.5122,,1563.3651,4138.171,15607.688,,861.57043,15598.552,1024.976,,2502.5774,,4193.1626,25221.527,7784.0103,1441.0621,9568.47,7188.585,1863.7976,,6409.0513,27783.525,32564.531,975.3479,22146.988,19647.17,2515.4229,8098.796,4519.9067,3965.607,7692.307,12307.633,5422.3193,2537.5818,52940.164,8172.688,,1432.5134,50149.83,1930.683,2918.4426,23081.004,1508.0162,2918.0032,539.82367,,,2550.5168,6924.7676,,,27022.783,4660.683,,15498.445,,1442.2173,1823.1029,4742.828,,,24799.363,5700.91,9825.262,14750.062,1592.6534,1036.9424,,9014.49,35550.49,,5813.726,11577.264,11663.189,1337.2771,,10636.849,1989.677,4864.157
1984,28084.598,3828.4634,19011.625,3898.426,,5734.2334,,10235.577,29084.492,22731.566,,996.06195,24068.76,1936.2754,1158.8566,1362.7831,12507.238,21734.074,31487.242,,,5487.681,,2278.0996,6414.7417,14732.906,96513.32,2702.4792,4557.9287,1292.0962,33330.58,38782.84,7040.7856,1355.0983,2758.9558,3996.11,2401.5337,6110.421,8369.464,4823.073,1979.7719,8762.792,,65579.28,20133.352,,23953.91,5886.986,8669.618,27310.385,5716.218,15570.136,8366.574,2399.6194,15404.353,,1040.3639,24890.246,6539.7344,25590.473,15734.656,24901.424,,2817.6733,3343.8103,3090.1423,1623.7662,2644.2314,16406.545,4570.3955,4383.3916,3814.2876,25718.326,3186.9927,,2234.568,13728.559,3013.1245,1335.0898,15810.893,,7514.028,34709.344,21867.977,23443.242,5167.0347,6741.1006,22540.54,,2754.8323,,1049.0146,10659.484,8155.504,44111.434,1221.5122,6337.1904,1663.6344,8905.8,3042.5447,2090.8857,,30062.793,,18848.95,4003.7905,,1567.6456,4769.5366,15755.312,,801.4947,15332.384,1072.4791,,2782.5652,,3979.3904,25969.758,8901.467,1485.2719,9962.022,7209.455,1414.7114,,6288.409,28170.328,34389.06,1019.4625,22953.83,20582.959,2583.0933,7861.22,4596.821,3615.2998,8339.502,11821.9375,5396.2925,2586.8184,56748.992,8410.319,,1314.1273,45417.66,1930.9507,3013.1206,25430.951,1548.2153,2981.3384,544.29333,,,2447.955,6860.4907,,,28341.355,4630.611,,16566.557,,1572.9059,1705.2041,4908.461,,,22728.58,5915.2847,10180.8125,15801.099,1639.2123,984.45465,,8928.349,37803.066,,5972.369,11478.897,11811.065,1399.2278,,10571.79,2175.2925,4486.4595
1985,30466.21,3830.5,20233.955,3860.1296,,5509.7803,,8801.44,29465.453,23161.746,,1052.5647,22910.979,2081.5554,1199.1407,1388.9355,13325.517,11743.5205,32042.838,,,5598.1763,,2309.0125,6580.368,12950.512,87370.055,2723.7644,5113.5845,1420.4095,33862.73,39611.273,6938.3384,1546.364,2960.004,4034.1528,2229.0344,5608.8125,8188.4233,4718.1426,1995.3878,8665.665,,54998.992,19648.236,,24026.95,5252.537,8148.6387,27715.31,5725.8174,15666.012,8277.86,2361.3267,15104.802,,1069.0038,25006.656,6405.8037,25018.379,13997.3125,25235.996,,2943.682,3436.9521,3070.9763,1297.5878,2822.3838,16885.49,4474.3794,4151.5396,3703.688,24790.58,3120.8958,,2249.8467,13733.632,2989.3516,1326.2913,15788.151,3649.161,7406.419,34166.234,21939.223,23692.285,4565.1543,5918.7446,23129.664,,2825.4346,,1058.6006,10220.646,8458.688,38315.59,1328.2761,7994.8657,1551.0748,8950.634,3254.2737,2076.7654,,30131.611,,18172.734,4294.041,,1598.9701,5077.9985,15521.192,,1034.6982,15547.3545,1068.0555,,2724.5159,,3924.112,27334.78,8531.117,1603.7906,8959.022,7163.199,1479.6382,,6274.343,27412.4,34612.566,1039.678,22516.82,20896.018,2663.6409,7466.6855,4497.5854,3300.0947,8911.424,11976.456,5420.9106,2483.4102,43932.82,8793.05,,1336.4426,35786.496,1941.3218,3181.4656,22923.768,1526.6134,2928.0242,545.4888,,,2374.7917,7441.9785,,,28836.34,4852.4175,,16230.429,2173.643,1708.2451,1712.5234,4983.173,,,21103.967,6013.9487,10501.737,15797.938,1818.1959,931.2918,,8821.957,38820.285,,5593.374,10574.441,10303.657,1436.4154,,10091.386,2283.315,4713.5464
1986,33291.836,3300.932,23765.246,3972.7441,151115.47,6045.6475,,11544.608,29846.082,24339.395,,1086.3962,24675.9,1763.7075,1285.0325,1385.766,13376.281,13283.515,30946.082,,,6284.226,,2276.603,7336.978,15023.142,62174.574,2819.2024,5504.763,1387.6813,34148.734,41592.85,6549.847,1624.9581,2983.4976,3742.4297,2041.0663,3297.815,8525.78,5067.8843,2227.8052,9306.804,,59436.074,19828.531,,25915.148,4821.1597,8778.472,29829.143,5955.8716,12980.045,7544.8765,2354.2603,16087.363,,1016.12115,26567.598,6183.824,26352.096,10613.668,25907.602,,2947.4114,3305.7395,3061.6213,1671.5173,2507.3567,17486.562,4381.246,4236.243,3701.7092,27937.977,3244.0344,,2154.5613,14461.903,3002.609,1351.0896,16710.932,3187.5198,7851.536,36999.465,23037.857,25209.383,4971.208,6434.584,25120.283,,2819.073,,1058.0205,11330.9,9830.889,30480.812,1346.7258,6675.207,1508.0442,9726.996,3469.2786,1987.3927,,34097.66,,19370.043,4637.819,,1857.9701,5463.4585,14314.002,,1020.19257,15642.802,1041.991,,2873.3813,,3900.2178,28638.432,9130.27,1447.2306,8032.3916,7275.2065,1441.9795,,5873.0615,28537.057,33430.51,1083.057,24030.951,15170.023,2653.8955,8074.013,5058.9717,3400.1946,9388.194,13096.783,5177.192,2897.08,34271.344,9088.208,,1353.3337,35217.695,2090.7207,3223.838,23985.424,1518.5182,3146.4316,546.32684,,,2200.762,7060.271,,,30925.373,5627.6143,,15307.818,1943.4349,1672.7695,1723.4595,4975.9185,,,18494.072,5876.408,10954.381,17769.504,1189.7218,917.575,,9967.717,39717.848,,6016.795,9710.229,9924.254,1445.8534,,9695.966,1886.9385,4766.351
1987,38737.676,3570.945,24630.137,3960.2744,121808.44,6338.0596,,12298.291,31796.14,25401.156,,1066.8577,26120.086,1583.934,1221.9025,1362.5488,14646.418,13344.519,33823.69,,,7049.3027,,2380.636,7432.1523,16323.484,65213.945,2838.102,5891.0825,1276.7472,36092.617,42202.527,6992.731,1730.9274,2832.95,3524.8115,1936.4315,2888.356,8422.784,4936.322,2297.0222,9075.037,,68285.82,21204.688,,27024.807,4578.836,9415.1045,30722.865,6512.4883,12074.398,7323.8228,2333.6626,17262.396,,974.2881,27818.273,6116.3037,27030.91,10063.603,27394.02,,2947.2556,3324.1753,2945.9067,1690.1183,2538.165,17327.225,5107.7334,4265.6914,3798.4133,32741.008,3320.435,,2160.2275,15476.313,3057.4456,1389.9441,17869.148,3252.1392,9029.254,41018.48,24570.438,26420.742,5441.1187,7024.6274,26747.553,,2814.3374,,1230.643,12458.666,11248.703,34690.47,1346.0273,7587.103,1557.2228,10260.054,3593.8965,2059.5007,,35085.043,,22023.506,4668.709,,1651.632,6124.798,14232.568,,912.12787,15981.833,992.19806,,3063.962,766.2586,3927.3435,30136.258,11182.442,1316.769,8383.033,7212.0835,1406.245,,6002.095,28700.057,34165.848,1077.1663,24976.637,15694.787,2730.3171,8505.733,5535.6636,3682.9922,9745.796,14078.144,5300.899,2670.8967,35405.125,9276.728,,1271.2915,31959.945,2106.8293,3191.5688,26830.412,1590.796,3101.3606,526.503,,,2064.2046,6597.293,,,32306.52,6533.6704,,18313.379,1767.9929,1634.6991,1659.665,5320.8916,,,16100.216,6145.648,11914.786,20244.39,950.14557,951.6339,,11034.105,40729.758,,6353.6885,9627.816,11596.844,1454.8495,,10007.352,1861.6836,4561.4053
1988,46101.86,3260.1755,25894.387,3806.547,129014.24,6634.599,,12889.184,33046.277,27054.371,,1131.6924,28197.352,1581.6449,1260.7352,1393.1891,14874.516,15787.398,32409.34,,,7640.394,,2347.4343,7339.38,17094.355,57421.258,2911.012,6334.1494,1324.4897,37357.582,42644.08,7578.5845,1863.9668,2793.8345,3317.9363,2016.5833,2520.6711,8517.193,4704.8467,2324.7783,9083.847,,72749.21,22251.373,,28342.502,4365.116,9897.726,30964.676,6766.1035,10621.052,6596.3525,2200.179,18500.598,,923.10284,29869.693,6343.005,28294.473,8826.243,28732.314,,3157.031,3469.4695,2908.0325,1894.8652,2566.9407,18476.729,5086.2334,4169.928,3609.323,33838.766,3470.7769,,2093.5835,15657.546,3110.1572,1466.0923,18685.379,2900.2537,9163.109,41556.68,25104.379,27600.625,5673.1416,6193.0996,29328.38,,2888.4182,,1328.1018,12161.239,12637.758,29478.89,1449.0273,4998.383,1541.1328,10612.029,3649.2378,2295.1438,,38679.055,,23576.758,5095.818,,1587.9724,6539.467,13933.791,,764.19617,17441.824,849.425,,3160.6487,783.9935,3926.3982,34080.195,11232.981,1196.0911,8890.419,6954.3716,1362.1039,,4434.733,29653.98,32640.045,1137.1722,26030.807,12125.295,2826.2341,7443.549,5126.517,3934.0815,10276.062,15190.284,5525.6597,2507.4358,34781.812,9476.499,,1244.7361,32548.7,2120.3467,3202.8203,28478.707,1653.2108,3159.2375,494.55698,,,2012.039,7156.6626,,,33595.996,6126.5293,,18828.281,1795.4966,1721.9226,1855.0057,5834.872,,,14773.218,6296.9614,11777.904,21534.352,1207.9725,978.26697,,10894.783,42021.11,,7062.17,9711.488,9537.874,1494.3323,,9971.164,1981.0707,5228.942
1989,47949.62,3359.7786,28753.64,4070.7278,141131.98,6293.0244,,13762.829,33713.65,28455.914,,1072.3123,28933.953,1385.951,1234.982,1519.5657,14557.898,15423.948,33972.977,,,8437.719,,2401.275,7366.637,18399.893,62957.15,2902.6868,7828.874,1365.3402,38103.465,44182.14,8185.7,1891.9502,2955.9927,3234.0293,1894.771,2435.0022,8539.336,4368.051,2450.4587,9423.863,,78418.29,24396.807,,29325.758,3835.7385,9858.196,31304.578,6208.156,10680.272,6563.6064,2328.086,19744.596,,822.8708,30977.604,6512.9136,29202.959,11193.392,29524.732,,3073.4045,3483.9727,2886.339,1862.653,2439.0464,19423.48,5627.688,4396.406,3442.3884,35912.004,3476.2178,,1946.5923,16160.934,3382.858,1534.4004,19974.354,3080.1692,8020.2417,39276.74,24358.51,28783.045,5714.595,4738.1294,31432.389,,2836.3052,,1349.484,13147.09,13801.065,32443.414,1568.8407,2778.9905,1546.1608,10550.813,3758.2012,2442.3342,,43106.38,,24476.582,5100.011,,1492.261,6996.043,14199.12,,775.56573,18722.803,853.7328,,3076.4458,848.993,3876.0493,40744.33,11657.828,1232.416,9586.121,6728.7017,1305.4426,,3972.7317,30769.068,33862.098,1206.5594,26119.754,14020.416,2862.8286,7330.5596,4177.7993,4180.1343,10646.39,16180.659,5633.3936,2461.5317,37565.32,9012.871,,1300.7476,30695.926,2054.718,3166.2798,28614.912,1723.5939,3170.333,616.79114,,,2261.6572,7214.4,,,34334.01,6328.3047,,20560.848,1660.1598,1751.6553,1811.494,6284.0024,,,13594.814,6454.2407,11549.43,23236.053,1130.8474,975.86163,,10899.619,43100.414,,7009.1855,8994.413,13136.362,1438.896,637.93286,9748.401,1622.2017,5682.2246
1990,53553.13,3526.322,35668.164,3910.8447,156609.06,6959.2183,,14562.355,33207.81,29973.9,7963.414,1094.633,30265.51,1383.1553,1189.0865,1555.4475,15428.221,17186.74,30208.082,,15941.793,9253.964,,2502.7295,7049.4707,17306.965,70680.87,2937.7312,8291.232,1305.205,37826.53,46070.043,8280.167,1923.0493,2627.977,3127.3733,1575.3552,2936.8232,8652.056,4189.462,2347.8093,9479.979,,100436.68,24923.674,27657.025,31273.482,3326.1013,10539.505,32288.053,5639.4736,10995.95,6984.9897,2600.923,20872.205,14110.037,903.69934,30938.14,7193.783,29991.451,13073.67,30175.25,12919.509,3106.6367,3424.6543,2873.2808,1913.3214,2492.4717,19620.22,5787.068,4505.9253,3505.0808,39066.195,3572.7522,15126.813,1983.0847,16169.527,3776.5352,1592.9252,21540.84,3568.4026,7946.9336,38945.73,25827.188,30144.781,6059.751,4259.989,33792.23,13121.06,2840.5095,,1297.1738,13996.515,15363.908,31638.145,1575.4635,3990.7585,910.903,11071.6,3882.5938,2467.0298,16757.363,44986.664,18322.1,27182.53,5092.7593,6874.9424,1503.843,7872.6367,14784.764,7014.272,759.9409,19010.771,855.3564,13024.267,4335.326,835.78577,3757.9048,49166.086,12588.303,1138.4102,10520.887,5844.836,1326.1167,,3992.2483,32518.082,37463.91,1212.276,25878.643,15636.392,2833.4714,7747.0337,4133.7305,4461.5557,10089.407,17154.117,6051.8306,2805.167,44197.37,9195.698,18734.559,1210.5118,32221.27,2130.5789,3103.7483,32004.994,1781.3456,3095.4124,644.6609,13898.736,,2034.1277,7634.829,22692.906,22582.41,34736.336,7169.2373,,20863.768,1601.3148,1727.6816,1962.8208,6825.8174,,,13942.371,6793.2676,12215.447,25056.834,1155.3671,976.82947,13221.02,10751.016,43323.6,6630.4937,6876.6523,9413.962,14753.482,1462.1783,756.2993,9508.17,1556.1566,6167.6094
1991,54609.555,3146.5264,26577.055,3413.8726,137441.5,8078.048,,14337.2705,32734.46,31120.852,,1119.0504,30747.705,1412.2766,1236.6476,1584.3119,,16648.617,28102.031,,15479.654,10106.798,,2619.7664,7505.699,18241.611,66010.695,2976.0408,8688.669,1245.1859,36374.87,44935.977,8885.481,2090.1086,2589.8848,3031.0134,1221.534,3129.774,8527.81,3921.0525,2314.963,9403.9375,,92074.555,23830.658,23327.557,32759.021,2891.5635,10260.296,32523.27,5623.0757,10526.789,7040.2534,3006.438,21863.682,14799.686,783.565,28280.95,6643.7256,30050.82,13277.824,29603.035,11266.731,3327.0637,3448.6138,2829.604,1887.4315,2522.4736,20818.395,5935.368,4680.0703,3558.402,40850.004,3641.3193,11996.678,2023.236,14654.683,4044.7097,1608.3593,21772.979,4048.866,2679.1653,39217.445,26892.566,31066.973,5851.83,3930.9036,35871.758,12773.223,2791.2563,,1366.6034,14438.415,17346.678,23408.512,1577.7844,5579.867,961.2935,10503.289,3944.0369,2496.8545,13821.716,49217.797,16475.408,29214.691,5584.5586,6561.6714,1372.2833,8202.788,15071.4,6914.817,813.2318,20110.328,815.0518,11571.635,3122.2617,871.2971,3730.911,38452.613,13311.007,1180.1521,11341.316,6279.2246,1290.8478,,3997.8264,33302.22,37437.574,1283.6371,24720.191,13739.32,2747.8435,8449.603,4224.5737,4441.439,9985.404,17916.033,6063.9863,2567.2173,37136.465,8409.231,18360.816,1039.8463,34116.246,2305.6318,2953.331,29351.285,1816.4242,3115.607,672.26245,12253.74,,1905.06,7969.8564,17942.223,20589.854,34272.656,7275.373,,21166.332,1376.2886,1754.1046,1763.2465,7140.227,,,13520.153,6933.6035,11481.456,26471.648,1142.1425,965.24585,12247.036,11260.53,42644.504,6225.4673,7922.882,9887.327,21474.707,1612.6866,695.06976,9538.897,1523.3768,7159.3306
1992,55940.62,3552.1147,33866.477,3082.5579,135987.03,9383.37,3975.3335,14132.828,33698.723,32178.324,,1070.022,31862.225,1415.8594,1216.6251,1598.7329,,16811.607,28410.76,,13755.711,10298.14,,2691.6125,7558.9497,13796.798,74835.33,3422.8066,8779.303,1158.3696,36297.254,44870.28,9890.104,2372.5576,2603.0322,3026.8347,1518.7891,2858.5015,8756.904,4053.9407,2475.4028,10126.127,,83043.414,24691.707,23128.773,33702.92,3599.1294,10812.608,33840.227,6430.6523,10237.67,6993.6094,3138.532,22378.68,11372.713,678.7298,27150.812,6798.7603,30480.268,12294.329,29852.67,5012.3623,3166.816,3373.4673,2783.8132,1502.6056,2537.2468,21100.031,6991.7944,4737.418,3857.0784,43261.55,3649.98,10569.44,1983.3218,14714.5,4241.279,1661.0184,23107.582,4325.634,3260.4258,37156.527,28205.744,31773.195,6124.3555,4043.807,37098.824,12897.019,2626.7634,,1626.2545,14206.6455,18693.457,38524.246,1592.6581,4231.089,565.87396,10808.856,4184.8115,2433.8699,11894.322,49626.29,11667.086,33281.59,5524.6562,3823.5337,1287.539,7930.0083,15302.7,6544.854,736.5415,19527.549,867.0966,8808.614,2942.8704,776.381,3767.1235,37293.68,13669.131,1014.57605,11754.852,6390.3765,1241.7136,,3884.69,33578.61,38464.32,1266.431,25018.527,14923.182,2839.6665,8870.546,4236.089,4553.7114,10675.571,18468.416,6097.4478,3067.405,36161.777,7985.9746,17040.785,1082.0859,35177.902,2295.5774,2890.876,28523.182,1735.241,3357.894,652.0639,8770.858,,1949.0459,8217.967,16708.125,19688.273,33838.02,7534.7554,,20942.127,,1699.7839,1733.6089,7785.0176,3882.5771,,12764.53,7573.6484,11856.819,28185.373,1059.0419,969.6718,11215.827,12612.558,43662.566,4933.105,8935.385,10052.01,22346.182,1702.1333,689.7087,9452.034,1343.676,6361.775
1993,59519.45,2959.1433,34389.47,3572.3022,104719.52,10623.226,3949.4126,14242.966,34557.125,32742.057,3603.637,1034.3901,32062.008,1391.6066,1234.715,1608.5095,12742.391,18459.03,27281.002,1491.2104,14551.802,10524.297,,2813.6348,7996.0806,14519.906,71212.32,3347.1917,8785.293,1101.2692,36728.91,45115.242,10428.817,2670.5303,2468.2117,3149.4631,1153.5055,2591.0796,9127.841,3871.0215,2572.0083,10571.383,,92260.2,23966.73,23446.045,33856.414,4678.514,11026.913,33647.38,6911.2344,9567.618,6269.9067,3682.515,22651.752,11075.866,722.6878,26966.379,6779.258,30433.541,12110.806,31006.422,3135.345,2917.101,3375.9053,2786.4482,1731.021,2435.8318,21573.65,6391.5854,4908.2007,4168.834,45077.04,3832.2112,9913.366,1745.247,15679.734,4446.3057,1713.04,24391.654,5573.016,,37342.836,29111.8,31634.855,6478.7646,3998.0254,38170.41,9595.278,2710.5518,,1389.2167,13896.333,20425.775,49749.176,1638.2296,3956.5125,369.30136,10694.986,4459.354,2650.25,11025.992,52607.07,10557.57,34470.668,5505.935,3892.2522,1274.5587,7987.2705,14855.384,6660.746,763.73987,20761.55,1090.2178,5573.1562,2335.6394,818.22833,3890.386,38358.582,14384.998,1073.0049,12491.418,6427.517,1207.6631,,3690.436,34477.97,38646.934,1329.038,26566.713,13869.306,2850.0073,9048.466,4435.7197,4732.179,11480.685,18882.938,6255.9644,3263.129,34101.23,8232.788,14759.262,948.0145,33927.0,2130.6511,2759.5864,27218.814,1925.1255,3632.3674,653.7627,6039.367,,1721.7616,7364.538,16792.8,21283.316,32864.637,8101.5894,,23917.434,,1637.8815,1442.9978,8313.662,5334.195,,11872.596,7974.141,12842.897,29499.805,978.9821,981.45074,8996.85,13012.72,44416.22,5798.5747,8382.039,9446.515,27673.707,1889.004,686.0104,9758.229,1281.4161,6382.454
1994,65090.754,3059.6262,34276.22,4055.459,106057.4,12206.139,3130.8613,15307.39,35802.38,34335.1,3515.9854,1043.0443,32939.137,1255.0822,1090.2124,1652.4532,12613.643,18480.184,26010.418,2074.532,9582.645,10534.231,,2988.5693,8828.199,23897.885,64266.56,3360.4624,8883.053,1298.9573,38061.7,45948.914,11338.571,2914.7566,2330.1106,3000.105,814.1799,2182.7576,9463.225,3479.23,2947.509,10792.235,,83039.375,24736.7,24681.734,35135.76,3198.9902,10669.194,35168.457,7098.257,9419.7705,6238.23,4057.7122,23561.602,10902.599,651.82855,28645.06,7067.6113,30989.814,10748.677,32096.336,2799.901,2983.822,3466.7732,2705.059,1872.798,1463.454,22662.787,6830.204,5001.5645,4316.107,45532.86,3814.007,10742.577,1498.2576,16443.877,4705.2314,1777.0215,25480.13,5896.873,,38224.562,30417.316,32602.246,6414.6616,4005.9768,38576.66,7721.81,3025.164,,1436.4751,15278.122,22875.957,52757.3,1742.8466,4029.7324,284.98492,9573.406,4738.0503,2603.3447,10145.65,55143.375,10647.652,35225.113,6075.623,3520.6929,1236.337,8234.318,15300.472,6779.728,753.1499,21282.523,1039.4739,5637.0693,2441.457,841.7678,3958.4614,40177.418,15086.54,1266.0054,13167.268,6301.6333,1186.3997,,3828.142,35300.11,39902.61,1563.5602,27902.482,13452.996,2803.2576,9098.637,5072.2637,5096.381,12206.6,19973.459,6454.889,3641.9722,33239.715,8752.862,12484.342,513.9356,31573.357,2196.5466,2805.0176,25024.969,2078.8752,3840.6992,505.84467,6177.103,,1703.9729,6837.839,17319.182,22565.068,34595.098,7956.635,,24636.623,,1643.8956,1596.1055,8907.863,3015.3406,,11739.099,8545.241,11569.042,30544.504,933.2514,1271.5156,7397.856,14037.017,45800.785,4906.2744,8121.0513,8825.315,39009.695,1966.0538,687.14734,9859.486,1177.911,6990.018
1995,63034.15,2642.7297,33707.113,4405.5757,111797.81,13504.727,3320.5566,13759.426,37331.703,35877.145,2900.7551,891.9508,34386.93,1355.9912,1218.0818,1698.2019,11681.982,18579.385,25099.873,2941.7676,9283.723,10323.07,,3273.9822,10234.861,26057.88,59843.973,3475.1357,9469.649,1302.2653,39519.79,46387.09,12941.61,3150.962,2578.3677,3101.2,812.65985,2070.941,9708.693,4042.4011,2672.8704,10949.163,,82621.38,25894.047,25795.016,36268.156,3849.7063,11287.631,36281.008,7125.807,9672.115,6130.8965,4570.8394,24740.355,12017.938,707.1553,31920.566,6889.7266,31694.572,11730.196,35617.082,3034.1523,3048.853,3665.6047,2689.3367,1854.3256,2112.7246,23449.87,7069.593,5210.9023,4474.6245,45660.055,4121.2563,11755.713,2205.1538,16707.2,5068.179,1885.7169,28892.92,5997.99,,38035.445,32498.059,34187.01,6424.4604,4046.6587,40630.348,6706.355,2835.768,3735.7266,1472.8354,15170.603,25572.252,53165.926,1820.4917,4015.707,276.04944,10457.641,4772.837,2704.9736,10839.092,55411.33,10502.961,36816.363,5900.562,3706.8628,1239.7643,7930.1855,14403.888,6902.7246,1007.0763,21150.34,1139.4893,6440.577,3126.8164,797.3974,3764.489,38460.434,15929.323,1215.6659,14318.608,6387.9316,1239.7922,,3976.2107,36975.39,42672.715,1633.3367,28946.959,15731.006,2888.0232,8850.746,5578.245,5512.345,13309.421,20617.57,6610.736,3745.6436,34897.277,9400.126,11653.428,762.30615,30762.793,2111.103,2764.9932,25454.746,2102.899,4185.114,509.04102,6523.8545,,1681.3037,6760.9863,18084.55,23832.807,36810.758,9310.588,,22137.264,,1671.4406,1558.1031,9939.61,3489.695,,11732.459,9146.623,12633.014,31822.883,981.61957,1251.3046,6556.461,13869.038,46597.363,4711.8457,8645.469,9148.434,45472.363,2100.251,774.5374,10330.153,1183.3107,6797.213
1996,57775.72,3234.225,32121.61,5029.3945,111046.305,17237.668,3691.4321,14621.157,39024.895,36502.715,2933.7,823.8838,34208.51,1517.3557,1321.1115,1715.6384,11205.128,17449.81,30032.867,5419.209,9760.75,10042.903,,3590.0344,12309.894,27891.611,75812.63,3750.5808,10561.489,1082.3164,40106.31,46854.664,13620.96,3463.6663,2692.2847,3091.4143,714.20483,2428.12,9570.935,3855.882,3174.8833,10520.367,,79027.805,25325.914,26983.754,36700.055,3259.4917,12111.607,37417.633,7287.8506,10004.07,6175.228,5400.811,25507.219,13097.126,696.1019,31793.15,7128.5903,32234.096,12892.633,37547.3,3611.2236,3024.995,3852.6875,2673.0786,1913.2231,3613.625,23748.762,8171.008,5218.9395,4760.7197,47277.656,3820.8574,12345.453,2588.6812,17189.105,5425.723,1998.585,30930.398,7148.1357,,38777.703,34453.375,34932.133,6486.701,3842.5764,42745.69,6733.1655,2904.071,3685.6372,1297.2938,17264.668,28400.0,55555.383,1967.4912,3959.0437,256.5786,11784.233,4925.7476,2941.9387,11330.759,55610.098,10657.642,35554.688,6796.1514,3660.2961,1263.2787,8499.81,14460.8545,6929.4595,1253.4917,20288.502,1140.8534,8198.481,2916.0303,821.83344,4020.9143,28458.896,17838.67,1149.1106,15235.85,6602.9277,1193.3776,,4092.9976,38343.566,47762.004,1742.3027,29951.135,17583.896,3120.4102,9202.394,5784.1978,5833.465,14294.814,21101.832,6592.838,3589.5486,34765.63,9958.404,11414.416,799.19995,30543.256,2111.7397,3104.1794,30088.15,1851.0911,4303.0425,531.1165,6463.981,,1684.8754,7741.4033,19029.877,24616.047,37988.75,10208.7295,,22996.107,,1509.8126,1790.7963,10821.797,1864.1693,,11473.691,10319.486,13721.508,33693.656,1027.4196,1222.1466,6373.243,14641.42,47978.258,5054.9067,8971.649,8904.599,48142.586,2353.2397,935.86566,10710.837,1307.064,7484.6646
1997,60604.93,3224.3472,31287.148,4123.552,109864.52,17583.38,3896.2444,14655.214,40523.105,38301.023,2878.2683,809.0088,35549.06,1772.7865,1408.0105,1680.6652,8749.467,20534.943,29156.357,6457.1387,10362.716,8821.447,,3580.978,11689.196,25663.008,64524.03,4250.563,11021.803,1104.555,41136.547,48463.24,13688.202,3670.566,2594.0095,3247.4824,722.0827,2641.6516,9629.193,3924.9795,3042.5369,10726.057,,87921.14,25730.049,26172.432,37689.2,3404.4941,11068.113,39036.133,7936.5654,9510.179,5754.997,5407.4976,27222.826,13744.23,739.036,34484.73,6849.0386,33928.35,10999.904,39839.438,4047.2458,3255.7483,3469.455,2663.378,2177.6775,6557.4663,25538.004,7750.2534,5378.7456,5056.459,48079.07,3860.2754,13586.337,2671.0398,17399.416,5425.042,2050.1738,34240.473,7470.1333,,42051.293,35172.918,36153.637,6381.8457,3897.5732,42669.723,6433.3574,2907.662,3021.5852,1259.4012,16083.95,27684.441,53988.58,2048.793,3193.636,505.2835,11100.561,5056.2856,3008.4578,12153.634,58822.48,11272.867,34568.477,6218.275,3472.751,1276.5093,8603.23,15117.401,7171.364,1324.3717,22882.13,1136.0842,8689.737,3025.8254,875.6323,3716.61,28385.385,17614.258,1242.2494,15640.759,6605.288,1170.4719,,4201.856,40767.883,50242.094,1708.5808,30439.002,18594.021,3156.352,9976.446,6061.568,5679.212,15270.887,22667.293,6635.2974,3971.4019,43949.945,9424.1875,11056.993,835.3529,30403.242,2285.2202,2987.6738,31090.998,1489.8256,4496.0405,514.32794,6979.2354,,1792.0295,8147.625,19341.34,25177.61,39254.547,9522.58,,25107.795,1337.016,1601.7864,1901.6375,9814.826,,,11651.624,10267.834,14094.625,35400.2,1111.8176,1250.1013,5816.1504,14706.031,49701.836,4584.911,8872.989,8929.871,59144.816,2497.981,1014.3453,10889.797,1375.5317,5895.6523
1998,63486.656,3276.61,34746.65,3868.1028,97875.54,17345.018,3603.0425,9917.522,41393.938,39640.93,2854.2537,879.17847,35513.188,1964.934,1465.0739,1635.3387,10521.336,18858.928,30622.885,6576.5244,10179.791,8562.134,,3601.4253,11055.146,26488.361,54861.836,4400.5244,11063.608,1130.8867,41185.84,49651.793,13363.175,3944.0938,2553.187,3178.3374,639.3554,2633.5515,9251.394,3532.0244,3373.98,11535.284,,96260.72,25345.895,25253.822,39057.316,3217.793,9734.69,40164.996,8754.392,9718.727,5605.6973,5307.4688,28901.191,13923.872,663.0237,37046.047,6591.5225,35546.074,9274.763,40908.375,4039.0112,3166.804,3409.7903,2605.7192,1801.2507,6144.341,26354.885,8227.674,5559.9146,4894.394,44536.426,3877.6753,14245.14,2716.4995,17759.975,4302.673,2183.3306,37147.688,7534.254,,43723.332,35777.45,37918.09,6442.025,3864.7568,41873.01,6159.1074,2893.6223,2721.6934,1172.4128,16487.84,24266.299,54017.992,2038.4788,3754.7976,618.30145,11272.873,5352.668,2619.4656,12822.984,62720.19,12217.208,32993.4,6176.5146,3150.0244,1302.4045,9211.502,15985.863,7521.417,1348.5302,23032.242,1291.4706,9170.789,3006.668,915.75183,3766.7446,24612.223,17881.164,1039.4462,13020.595,6639.3105,1256.1195,,4345.6074,41920.496,47476.066,1617.1635,30876.398,17408.324,3344.5933,10611.297,5831.894,5382.921,15924.89,23566.729,6742.19,4371.915,40050.918,9105.468,10013.363,896.9282,26896.28,2371.029,2862.9978,33444.88,1321.2761,4611.8247,507.50977,7563.2124,,2162.7278,8356.575,18689.473,25032.082,40832.46,9204.962,,23537.648,1456.4448,1549.6326,1603.9257,8201.559,2336.8987,,11432.763,10019.278,13723.265,36726.773,1173.2992,1329.2903,5582.1606,14865.869,51473.707,4292.3154,8232.529,8090.4233,46979.39,2570.7751,1079.1774,10907.335,1291.0134,5237.3945
1999,64041.55,3088.458,37117.508,4403.7144,98230.664,16138.815,4028.8213,14071.413,42894.367,41120.746,2969.6672,864.5406,37021.324,2254.1921,1546.8782,1556.1792,10572.008,22555.227,33965.055,7185.9756,10067.558,8698.101,,3548.9697,10562.717,25964.01,61453.43,5021.943,11907.002,1084.9004,43565.355,50437.45,12667.756,4283.8477,2436.1401,3210.0588,641.4674,2844.9375,8606.711,3498.3125,3880.0596,11425.331,,93524.87,26999.984,25196.037,40825.887,3295.6416,9664.119,41826.094,9206.081,9934.789,5155.05,5381.1787,30025.393,14066.219,665.87994,38795.332,6995.234,36777.902,10695.204,42565.562,4150.0522,3251.1045,3164.682,2754.1873,2026.9064,7761.954,26767.918,8283.167,5725.936,4997.8584,44986.973,3719.2537,14824.335,3098.8997,18439.81,4285.556,2294.675,40234.65,8371.726,8241.681,46176.523,36510.953,38839.863,6548.4595,3872.2747,41634.152,5959.1265,2812.2073,2618.2651,1278.9331,18107.36,26790.633,49251.34,2192.355,4546.8794,690.0573,11035.102,5263.3325,2656.6255,13449.214,69289.72,12917.696,32191.611,5839.3896,2654.5347,1329.8477,9125.836,16263.602,8178.6606,1413.1606,24510.414,1240.9708,8361.501,3150.7021,963.2739,3687.3308,26782.426,17686.666,1055.8408,13353.897,6730.637,1230.8911,749.6067,4539.482,44702.95,52620.152,1583.3267,32534.822,19918.719,3475.223,10748.337,5728.5854,5158.241,16850.773,24925.695,6321.894,4588.8335,50330.617,9073.56,9616.629,946.2274,29256.725,2547.3894,2990.1038,34623.535,1005.00006,4749.658,519.9069,8915.73,,2021.7316,7167.214,17701.94,25841.402,43004.88,8949.339,,24313.412,1542.481,1549.0834,1720.2563,8373.431,1969.0096,8374.046,13459.412,9858.864,12812.421,38026.55,1219.1404,1356.391,5451.356,13996.936,53379.164,4340.979,7961.9053,8128.158,45687.52,2554.2124,1198.0262,10834.902,1259.2747,5379.891
2000,51164.758,2550.192,34546.85,4967.2583,111795.96,15845.563,4188.2334,15913.624,43756.086,43499.88,3278.3203,813.0942,39579.145,2433.8274,1563.1785,1580.9152,11387.713,30717.945,36145.074,6258.6416,,9499.929,,3547.1006,10442.382,25199.99,70716.52,5141.346,12416.858,1090.1381,46062.207,51167.734,12989.072,4657.864,2321.631,3299.389,560.3935,2725.1218,8729.053,3332.085,4122.591,11694.457,,97642.88,30759.361,26022.28,41753.35,3228.8765,10293.406,44168.06,9161.001,10852.859,5644.8535,5429.629,32001.559,15414.616,638.0685,40646.56,7106.844,38871.17,12514.768,45182.21,4277.099,3765.99,2917.9463,2913.105,1944.9623,9861.192,28036.223,8154.7793,5903.7324,5186.461,49635.867,3891.257,16152.33,3596.454,19536.16,4077.1082,2357.24,44509.21,9088.913,8143.1743,45883.734,39119.96,40076.008,6624.147,3972.858,42713.586,6748.088,2725.0278,2562.156,1373.1937,20597.023,28756.748,53284.113,2175.6243,5223.6787,1041.7783,10985.931,5245.686,2713.7065,14364.3545,77455.47,13598.312,33547.94,5548.3057,2883.9797,1341.1865,10191.939,17156.15,8974.599,1439.972,29425.824,1207.8921,9412.944,3524.6504,962.4892,3587.6997,27611.357,17737.926,1019.6947,15079.468,6865.733,1158.4376,995.3839,4579.7935,48757.43,64513.59,1589.4602,33105.047,23871.355,3624.155,11141.356,5793.2485,5112.8506,17249.113,26299.969,6009.2603,4032.298,68531.01,9394.85,10951.593,1010.7414,32145.197,2541.8093,2909.1892,45977.574,1192.7594,4969.097,534.3413,9612.519,,2088.9128,8139.816,18369.041,26676.994,45950.97,9553.906,,25762.432,1875.8715,1441.9473,1569.1592,8551.966,1894.1549,8943.765,16308.382,10054.469,14085.62,39782.543,1267.7743,1391.9819,5475.594,13333.422,55057.703,4092.8083,9772.229,9624.593,56524.465,2723.5657,1369.366,11314.767,1506.1083,3816.8474
2001,56021.05,2670.1355,32518.752,5452.6772,108445.08,14725.065,4494.0195,13334.644,44662.793,42620.387,3621.274,803.50494,39857.89,2541.2043,1574.2955,1601.2007,11964.2,29376.24,34281.016,6398.037,10722.571,9375.8125,,3640.703,10273.625,24419.195,67359.28,5408.09,12038.833,1082.838,45371.316,50944.07,12784.518,5053.7153,2275.9773,3302.4036,543.37244,2508.268,8638.839,3629.1514,4351.5693,11986.943,,93086.516,31829.717,27415.225,42471.95,3118.7715,8595.236,44187.297,9958.022,10791.877,5705.0366,5523.1045,33175.906,16345.795,723.0182,41169.355,6975.747,39911.945,11089.649,46502.88,4675.0664,3402.2227,2674.6912,2932.1008,1938.4121,13631.966,29685.695,7062.805,6122.3276,5677.454,52646.41,3848.9282,17116.07,3476.269,21157.775,4124.3794,2438.7795,47143.332,10198.619,8079.913,47482.0,38909.633,41156.344,6612.46,4180.0747,42347.465,7642.664,2753.0703,2501.6042,1476.9418,13011.475,29512.719,48200.453,2537.1611,5847.822,883.3621,9475.782,5170.895,2890.955,15575.577,73855.93,14696.831,33579.547,5601.145,3063.2046,1378.8024,10343.498,17013.195,9299.395,1534.4546,26546.947,1329.4254,9960.592,3883.9187,1018.85205,3457.3745,28461.598,17221.451,915.3557,14528.306,6934.702,1215.7999,1055.8961,4610.546,49455.035,65668.086,1490.4425,33898.734,26529.66,3599.4023,11136.445,5747.974,5027.073,17378.914,26421.016,6243.0483,3532.1997,70384.52,10413.952,11295.622,1096.4436,29572.621,2513.1055,3074.148,43139.863,1262.8904,5091.0317,580.681,9444.258,,2659.567,8514.49,19660.3,27092.758,45096.63,9240.102,,22832.674,2104.0146,1523.4645,1530.2507,8782.69,2053.2588,8342.994,15403.22,10148.815,13410.787,38365.07,1341.636,1438.9275,5867.582,12691.915,54921.312,4266.6797,8008.2104,9238.303,67534.94,2878.7976,1462.8511,11634.014,1552.914,4730.2754
2002,43612.164,2896.4412,28151.035,5832.088,101876.58,12478.926,4919.949,13806.4,45338.883,43535.664,3749.103,820.13226,41223.594,2684.4448,1595.5111,1660.764,12552.17,26325.129,40553.19,6672.6694,10974.095,10126.757,,3760.952,10349.234,23887.4,66698.336,5963.258,14027.711,1061.4023,45387.934,51103.625,12711.3,5477.117,2194.7185,3248.6309,546.22144,2792.7954,8620.676,3637.0227,4519.1147,12019.187,,90178.99,30802.945,27286.678,42512.523,2936.2922,8307.401,44456.965,9864.909,11033.087,6181.2466,6037.8228,34228.223,17548.154,622.95496,41330.137,6845.914,40262.125,11388.293,45939.27,5106.582,3326.9126,2519.8982,2695.0984,1842.8622,11836.1455,31496.61,7715.6123,6222.3804,5950.3076,55274.56,3925.873,18634.965,3418.3262,22302.035,4135.482,2526.1875,52448.473,11708.469,7341.7427,47450.613,38489.38,39700.996,6610.9097,4635.1514,42363.594,7988.8486,2531.7268,2484.6543,1550.7766,14618.473,31800.395,48830.035,2811.663,7598.0737,883.57275,9581.191,5469.3794,2934.4792,16132.694,73206.55,15569.31,36383.26,5461.4766,3415.8438,1236.473,11401.852,16582.62,9358.853,1514.9503,26929.797,1392.2009,9649.91,4212.6963,1186.4253,3583.1628,29745.328,17113.092,1083.5879,15077.375,7112.891,1236.2797,1332.3441,4537.9365,49886.75,63086.89,1479.802,34420.164,26551.55,3613.1233,11508.746,6032.061,4920.1265,17786.738,26480.826,8023.7944,3075.9695,65803.984,10855.343,11589.494,1260.3452,30361.691,2597.072,2949.777,47022.145,1394.4408,5329.724,606.86554,10317.208,,2578.9492,8588.313,20095.512,27678.355,45418.05,8419.288,,23161.248,2551.3943,1104.0264,1557.4703,9404.254,2270.361,8531.828,15900.149,9945.176,13100.334,39403.04,1436.89,1475.3531,6206.966,11658.408,55101.664,4402.522,8177.7793,8624.992,68811.195,3125.4841,1658.4005,12368.808,1610.9,4927.916
2003,44953.85,3061.7332,32586.148,6345.0093,105222.58,13400.342,5639.44,15503.053,46795.875,43871.695,3995.1973,835.5261,41815.42,2765.8792,1623.814,1684.7069,12839.527,30304.531,38827.887,6755.0327,11567.163,10769.205,,3882.962,10136.182,21534.807,74438.36,6466.5977,13618.386,990.1472,47109.965,51274.812,13259.401,5994.4204,2385.6804,3315.7822,579.13873,3173.7397,8799.032,3544.7695,4765.645,12318.27,,93035.164,28050.076,28159.566,43436.938,3123.1907,8501.744,44022.15,9050.938,11871.1455,6500.3994,6067.815,33502.11,18411.76,644.9936,41417.5,6376.91,38357.668,12487.502,45713.47,5737.7373,3439.3481,2193.9595,2901.9893,1819.3971,12970.711,30833.857,6485.709,6316.311,6558.8135,56616.39,4015.1135,19941.543,3451.3098,22481.154,4137.4023,2708.495,56052.02,12926.674,4579.8843,45928.402,36420.027,39133.047,7189.417,4873.0835,42920.992,9013.546,2487.2021,2669.1228,1735.7703,15002.707,32919.906,59441.746,2785.024,8986.638,648.67694,10648.355,5886.912,2968.5063,17559.895,70001.56,15807.05,41378.02,5591.823,3822.8499,1352.6852,13004.711,16703.809,9459.907,1634.0697,27039.604,1630.5958,9727.843,4540.525,1287.2852,3708.4824,29068.379,16815.291,1092.8246,15678.961,7023.742,1239.5997,1731.5138,4580.577,49109.184,67786.4,1619.6096,34777.36,31744.713,3691.5156,12637.069,6337.4263,4903.6533,17689.592,25928.055,8336.786,3430.2014,90224.68,10856.775,12765.454,1239.3077,31603.54,2555.0579,2992.9778,43980.805,1354.1158,5587.8823,620.27924,10854.591,,2586.21,9627.452,19835.61,28021.762,46287.367,8455.033,,22879.705,3046.121,1246.259,1561.964,10009.468,2425.5044,8919.575,20476.182,9914.045,12466.178,40202.312,1500.6246,1506.6398,6960.092,11537.805,56060.977,4504.744,8507.251,8322.239,55262.77,3374.2844,1916.1049,12691.963,1768.8079,3777.2031
2004,50533.938,3570.1404,36615.56,6778.4893,107432.47,14512.823,6049.2183,11818.2,47826.176,44992.867,4193.082,847.1298,42309.137,2899.6858,1660.9551,1704.569,13466.454,31834.05,36818.137,7038.667,12519.876,10937.415,,4059.3723,10502.819,22055.385,81105.914,7219.969,14033.898,996.9903,48670.918,52622.902,14490.171,6609.937,2215.985,3418.9822,620.1106,3857.981,9098.622,3440.4167,5147.0435,12699.459,,87061.22,28506.988,28886.957,44559.05,3181.12,8363.9375,45814.066,9279.356,12312.69,7333.1143,6182.1597,33989.125,19458.61,740.7804,43365.492,6310.2236,39027.086,14691.184,46590.25,6287.823,3592.8008,2112.4246,3510.9294,1845.957,16632.86,31954.775,8276.297,6444.4854,7455.986,64549.355,4152.084,20448.043,3345.4546,22312.375,4460.23,2913.5652,58088.625,14519.162,6783.8135,48208.355,35505.426,38982.41,7284.203,5511.8726,43911.73,10253.6875,2529.9238,2790.6802,1956.3976,16892.924,34871.277,71216.6,2962.8315,11158.1875,1210.7589,11770.006,6070.4497,2980.1655,17902.85,67458.54,16468.66,50808.46,5509.1797,4052.9495,1434.0236,16213.206,17245.668,9708.819,1468.6016,25656.52,1740.1304,10255.618,5311.4897,1282.9238,4158.925,29555.963,16688.674,1226.1671,16800.21,7533.912,1155.4835,2277.6726,4690.417,49824.83,72107.484,1574.6633,34467.44,38688.395,3924.9878,12640.351,6774.083,4944.5894,18383.225,25554.916,8650.773,3980.3772,108233.46,12297.987,14462.642,1314.5889,35583.14,2647.0947,2929.2327,51746.13,1295.771,5769.1035,612.6643,11471.116,,2705.542,9699.095,20126.4,29232.775,48208.79,8341.202,,18478.09,4150.2603,1733.8337,1503.738,10702.932,2631.5496,9244.582,22550.762,10003.792,14042.326,42081.81,1555.2756,1549.7506,7712.3467,11925.567,57686.473,4645.793,8633.1045,10508.351,42802.773,3626.0662,2419.944,13170.826,1820.5623,1710.1746
2005,54147.18,4690.1655,42640.453,7543.401,121045.586,15622.043,6764.1587,18344.805,50563.9,47220.13,6198.9673,805.13025,45790.84,2909.8044,1749.4128,1755.7115,14314.087,40687.473,40786.348,7942.1396,13332.934,11091.508,47637.703,4278.157,10830.736,21935.61,97082.47,7014.343,15686.623,995.6922,51838.723,56101.793,16013.43,7509.2896,2160.0476,3519.8555,653.73145,4879.911,9590.483,3825.7937,5278.6577,13443.552,28019.516,98231.14,31115.375,30605.803,46720.465,3339.8315,9091.378,48122.902,10297.847,13794.255,8666.158,6396.882,35904.47,22585.447,861.11084,45140.312,6031.759,40768.992,19398.586,48672.043,7070.981,3600.2686,2215.2483,3650.6177,1807.228,24481.307,31308.43,9690.335,6622.999,8282.327,68221.04,4455.594,21557.676,3416.6506,23973.803,4799.842,3268.4202,62074.188,16948.463,7014.069,49150.133,35348.184,39728.832,7785.1074,6700.328,44930.508,12292.763,2561.2458,2802.592,2397.4292,21891.84,37552.91,90245.99,3072.829,14068.899,1155.0475,12609.791,6205.314,3080.0857,19676.277,71924.28,18161.572,52874.99,5403.6523,4570.2754,1483.207,15116.514,18092.07,10726.053,1530.5768,27725.826,1955.8802,10965.012,6235.493,1372.1722,4219.4004,30682.613,16073.18,1277.703,18754.416,8127.9053,1162.327,3645.5842,4937.7026,54966.55,87191.26,1598.5385,35393.742,43186.37,4209.1,15334.765,7411.475,5024.119,19093.54,28094.416,8781.929,4270.946,141033.64,12903.311,16687.984,1389.1232,41625.508,3219.838,3118.424,69857.375,1257.6771,6352.249,638.01733,12780.147,,2904.4607,10513.431,22746.492,31010.402,48052.04,9582.731,39059.336,23557.22,6341.597,2064.9136,1574.89,11712.999,2836.7078,10768.342,27491.121,10528.489,15522.689,44992.49,1715.63,1662.1945,9008.576,12607.845,59132.027,4747.7407,9731.452,13153.988,51094.77,3966.4436,3579.864,14146.561,2016.8125,503.6091
2006,56725.305,6020.3896,43529.387,8221.411,132770.64,16887.838,7720.825,20603.492,50818.395,47982.51,8750.122,811.42804,43796.62,2904.3523,1765.597,1895.7697,15572.248,44018.17,37101.457,8665.249,15107.333,11628.477,51365.32,4433.4565,11661.572,20417.191,111585.69,6890.421,15473.428,1024.8787,51657.516,59177.805,18623.79,8009.599,2216.7822,3547.0674,691.9279,5078.4707,10362.115,3698.5386,5602.1416,13550.287,28953.357,104389.5,31853.932,31204.756,48140.016,3940.0432,9300.761,49505.46,11475.214,14977.134,9261.304,6790.0327,38017.316,24225.922,848.0758,45632.81,6782.4443,41247.402,18151.262,48702.797,8203.816,3604.4426,2086.984,3297.8635,1729.276,24624.41,33557.83,9521.483,6874.8726,8858.488,62795.277,4500.3706,22270.572,3369.8247,23930.258,5262.977,3606.0342,61549.18,18018.725,7901.6226,45775.18,35021.19,40819.99,8020.305,7028.969,45390.75,14945.348,2778.5447,3219.447,2583.4773,20367.281,38813.832,104669.71,3643.3206,13697.572,1050.1508,9738.803,6897.346,3155.6892,21065.68,71747.52,19702.988,60058.777,5792.621,4979.815,1523.9213,20779.705,18729.225,11186.558,1684.7528,26901.373,2154.0015,13986.7295,7290.796,1383.6366,4446.625,29579.152,16898.256,1304.575,18709.791,8822.873,1184.4229,4166.3804,4930.073,56313.414,93570.09,1693.9984,35536.047,54546.566,4422.4224,16461.09,8324.449,5215.675,19773.738,29030.604,9276.768,4140.705,157071.1,14621.684,19618.299,1515.3221,46756.484,4023.087,3118.7607,75762.46,1252.6406,6781.618,650.7159,13683.982,,3025.19,11061.948,24055.455,30835.77,49249.734,9072.282,45345.656,25859.172,5554.266,2047.39,2470.6094,12278.673,3058.2866,11324.5205,32970.418,10871.975,17139.94,45353.496,1848.6615,1778.1333,10048.403,13327.309,60209.02,4849.154,10615.999,15377.239,59224.98,4413.2534,3646.7227,14948.212,2269.364,1609.3608
2007,55559.965,6602.5605,49947.76,8893.283,129384.055,18564.533,8776.686,26224.494,51249.324,49633.164,11932.511,797.8943,45131.445,2983.5466,1714.8466,2133.642,17241.922,47165.65,40127.406,9404.055,16747.11,11856.003,52724.047,4628.519,12761.696,22697.719,109243.445,7034.103,16016.397,1063.3192,52265.49,64513.508,20057.1,8790.486,2295.381,3573.4023,715.10425,3968.803,11283.087,2921.4692,6428.0845,14180.66,28056.984,105390.15,32079.709,33962.195,51093.652,4073.8938,10032.802,50765.727,12481.609,15259.318,9687.814,7700.411,40345.047,27211.54,982.7421,49209.26,6916.8076,43327.55,18485.854,47909.848,9283.85,4217.0054,2081.9805,3301.103,1686.3915,28492.73,34098.418,10115.988,7208.3438,9522.405,66054.08,4685.5093,24414.898,3453.7192,24262.041,5821.848,3981.1716,66120.16,20385.498,9187.101,47178.484,34966.586,42997.77,8450.334,7667.4546,46150.1,17325.398,2922.0857,3625.7537,2923.5703,20587.182,40981.406,106805.66,4038.5818,14799.989,974.3263,11447.426,7571.8477,3217.3628,23120.75,75406.08,21460.639,70215.65,6040.4995,5137.292,1544.1082,24305.982,18938.035,12001.277,1665.8988,27973.285,2434.7788,17319.383,8358.03,1419.7225,4524.135,28707.264,18572.69,1536.226,20227.766,8984.937,1133.0127,4501.739,5097.9463,60450.598,94801.68,1824.4537,37735.76,62380.02,4525.9517,15166.183,9172.364,5554.4785,21667.99,30287.06,9794.991,4143.4194,155894.55,16885.492,23139.12,1549.2283,49741.348,4001.3372,3170.278,79912.31,1295.8645,7175.4937,667.3417,14078.356,,3005.4856,11638.973,26799.14,31992.309,52139.402,9414.388,44231.88,30249.35,5522.6973,2170.9238,1895.8926,13040.312,3303.4888,11962.137,35786.793,11528.749,18470.443,46643.125,1971.5618,1898.4226,11444.592,14701.339,60813.188,5394.971,10389.289,17365.861,49850.13,5115.497,3808.5718,15669.385,2952.5288,1780.6566
2008,56905.367,7863.7783,49509.527,9958.415,128948.26,19838.357,9571.79,24977.875,52875.03,51350.73,13208.71,808.8615,48716.22,2965.8247,1705.2296,2412.2378,18668.064,61129.3,37423.74,10231.048,19545.186,11195.982,67107.53,5142.3706,14011.014,21524.139,115851.6,7867.6157,20002.412,1068.0071,53920.812,68965.33,19507.498,9418.209,2384.186,3622.196,687.9376,5383.8877,12250.146,3090.35,7067.87,14838.969,28660.264,101359.45,35400.87,33864.027,52456.19,4500.582,11458.677,53573.316,12648.791,16057.124,10710.138,9091.49,40491.445,27648.002,1046.3248,50855.316,7551.4277,43616.066,21307.746,48019.56,9816.869,4623.682,2083.496,3044.6875,1654.7804,37259.504,35445.703,10783.717,7407.6646,10285.945,64281.824,4407.962,25848.4,3483.7805,25890.67,6899.927,4159.054,61643.395,20320.074,10956.964,53261.77,34437.125,43579.152,8347.514,9006.172,45265.598,19955.602,2968.192,4222.6284,3419.6147,24273.902,41049.832,122557.67,4197.286,16556.006,1025.9442,12923.805,8186.455,3443.1992,24389.936,76601.7,22262.676,77235.13,6790.124,5529.926,1690.2046,22549.998,19049.605,13342.259,1774.2834,29007.568,2878.0466,18765.568,8999.55,1458.4441,4447.7363,30005.96,18667.076,1747.14,22256.416,9833.214,1180.0889,4537.3657,5227.617,62829.344,106497.664,2014.2572,37828.69,76621.766,4568.5977,16583.732,9986.358,5851.777,22704.61,30116.016,10435.214,4460.1807,181638.56,19594.586,26633.842,1573.9247,60063.79,3916.4062,3094.5059,70029.21,1362.6632,7361.483,720.75024,15415.218,1723.651,3216.2544,12672.574,29233.924,35103.223,52714.414,8588.858,46203.805,19278.336,5624.7217,2233.9797,1861.87,13840.485,3323.256,12365.171,41501.08,12075.245,19368.246,44844.15,2106.4014,2053.1282,12363.621,16452.27,60229.555,5470.981,11747.398,20271.945,46309.52,5672.082,4059.8713,15693.32,3063.0703,1295.3617
2009,48209.414,5808.4683,35700.562,10835.968,103043.79,18703.678,8867.232,25800.145,51943.113,49169.473,13406.899,777.1199,46978.97,2896.1367,1656.5101,2644.9453,18542.078,48831.96,37084.105,10464.633,18972.902,10331.057,69121.734,5265.9624,14861.554,19497.854,86718.98,8461.553,15836.973,1158.3092,48044.723,67473.32,19427.02,10113.698,2541.7747,3600.1582,684.27167,4031.1309,12329.399,3065.8418,7183.6196,15417.912,25524.445,86074.26,35673.46,32724.691,49258.094,3666.3796,10055.627,51242.703,13300.644,14478.373,10169.364,9655.73,39329.086,24565.932,1077.5836,46748.32,8185.8477,42496.492,13071.869,44666.035,10090.891,4300.356,1974.5679,3045.161,1579.931,25031.275,34611.86,10195.945,7459.3604,9861.365,57330.33,4336.847,24639.166,3618.6755,25294.684,7565.131,4385.3726,59350.594,20818.809,12216.072,51718.86,35738.54,41813.734,8348.011,10060.591,42735.867,18723.18,3199.6897,4188.8105,3191.1052,23251.914,39556.93,83545.19,4600.674,18840.414,985.566,13737.058,9138.485,3243.8484,21632.6,72310.0,20245.75,82998.51,7403.721,5580.149,1638.7412,15873.52,18101.639,14030.85,2071.449,29911.871,3133.2104,17211.791,8444.257,1440.3486,4379.913,26647.436,18025.19,1287.1469,20516.951,9477.041,1193.7031,4698.5654,4995.234,57950.082,88856.3,2302.0925,37905.44,70554.82,4629.29,16930.975,9944.529,5987.92,23928.025,30177.107,11111.994,4675.155,142654.73,19483.69,23761.043,1645.5728,52242.375,4775.659,3244.8247,66023.56,1425.8892,7243.0195,885.0298,15344.442,1667.7163,3164.4685,13256.842,27987.457,32242.877,49143.613,9070.537,41983.9,22116.912,5780.4893,2028.736,1907.5922,13566.691,3213.2253,18184.635,31247.438,12478.397,18785.254,42886.363,2200.601,2211.9373,10396.582,17451.455,57908.965,5902.1216,11792.248,17411.764,44549.6,5891.1567,3982.513,15235.067,3320.4805,2285.08
2010,44405.074,7717.8516,33959.1,11060.745,105314.41,21230.541,9788.1455,26235.738,56103.67,50349.812,15950.413,787.97284,49664.59,2913.4321,1761.6647,3041.3328,18946.969,52446.58,35325.668,10790.693,21022.447,11135.037,75086.74,5759.8574,16788.762,19553.838,93067.96,9887.047,16623.94,1220.9196,50988.246,69319.45,22158.547,11217.676,2750.684,3633.5042,743.44293,6726.478,13426.409,2934.4128,7717.0728,15614.166,25953.574,,36122.61,33393.312,51813.914,3200.8562,11377.182,53878.926,14310.888,16413.152,10878.013,10868.631,38792.52,25708.656,1237.9615,47707.4,9038.212,43577.137,14830.155,43885.234,10709.052,4697.098,2124.3384,3090.9812,1646.1038,34601.035,32810.246,11038.204,7714.13,10279.695,62338.1,4503.491,24186.605,3518.0676,26468.771,8874.442,4998.7056,59833.582,22222.623,14096.26,49178.99,36923.133,41850.4,8514.878,11197.013,44779.49,21960.25,3381.7942,4122.1953,3335.5698,24401.982,42342.73,89475.7,4781.599,20102.072,993.7589,12077.143,10128.153,2936.354,23150.889,80832.664,21048.088,108222.18,7886.845,6464.9053,1764.2507,16148.6045,19236.676,14492.35,2119.602,31008.742,3940.1956,17281.13,9951.32,1439.615,5152.3203,25442.252,18477.102,1250.4229,21909.691,10101.709,1318.6621,5454.885,5107.9795,57328.09,95251.73,2590.4788,39125.805,69782.44,4679.708,18333.111,11247.97,6562.2324,25674.486,31165.156,12714.6,4800.536,167021.64,19926.621,27010.123,1770.8994,61500.33,5644.08,3374.4402,81934.48,1445.7272,7634.559,990.3845,15453.337,1713.6138,3670.5432,14695.987,29861.604,32494.492,51271.35,10019.024,40257.906,23011.545,6555.939,2596.5193,1938.5869,15148.202,3409.0967,19952.11,34679.777,13122.475,20870.904,46700.695,2459.348,2740.796,10759.282,19999.512,59035.703,5816.5664,11714.861,20963.838,38347.805,6906.048,4658.429,15702.024,3637.7002,2204.86
2011,44909.36,9375.316,33163.734,11826.42,117722.08,23620.459,10791.811,27904.71,58474.438,52770.766,20114.627,832.2119,50825.113,2890.7415,1789.3599,3543.2947,18611.146,55809.97,36391.11,11575.754,23718.594,11553.29,76800.375,6387.302,18656.94,18144.104,114117.086,10712.814,17854.703,1224.2463,53548.1,78299.4,24413.11,12159.825,2953.0342,3695.1475,780.0291,7259.4053,14843.123,3219.9946,8436.327,16313.556,25886.605,76209.81,33089.96,35402.977,54724.977,4166.2505,10877.108,56027.305,14483.532,17194.744,12045.469,12028.401,38049.418,29893.13,1356.6932,49225.895,9606.073,45140.04,20104.125,44106.31,11685.913,5200.9814,2157.4895,2697.0881,1739.2345,41302.61,28912.137,11842.696,8140.9785,11169.274,67107.66,4764.652,25359.734,3470.9927,27274.84,10633.018,5369.6265,61785.21,23506.744,16466.914,50415.17,38253.58,43458.047,8640.303,13211.8955,44295.395,26671.8,3477.249,4939.7676,3617.4736,26415.988,42157.496,104900.28,5408.872,19448.602,1004.9534,15460.249,11354.173,2967.349,26947.756,72215.516,22861.229,143897.11,8799.294,7550.067,1878.3412,21069.41,20995.021,14427.958,2083.8096,30782.895,4482.688,19267.242,12394.516,1380.6464,5213.3154,30192.13,20519.26,1352.0388,24438.402,10831.065,1265.9061,5613.883,5343.2256,58860.715,103890.57,2876.024,40746.51,71492.664,4811.8066,20747.531,12276.64,6890.399,28135.557,31292.977,13940.837,5222.2944,214388.17,21592.473,30890.15,1900.6981,76340.92,6776.0986,3345.8445,86903.625,1681.4833,8175.2837,1092.7765,17051.863,1682.1016,4096.9575,15793.607,31194.602,34227.363,55130.598,9612.438,39157.902,26149.55,6691.0044,2468.2305,1968.7902,15960.269,3929.5137,19596.355,39558.0,12951.147,23916.818,48530.207,2813.0386,2993.2207,12010.693,22195.225,59491.883,6353.056,12243.6045,22860.426,48011.547,7499.2393,4025.2046,16157.333,4047.0857,2600.1577
2012,43246.125,10252.764,31042.932,12177.666,119489.266,23911.227,12291.725,26923.697,57268.51,53446.195,21880.28,836.70514,50719.207,3011.9492,1899.653,3737.6035,19273.812,66205.07,38379.707,12109.547,22680.795,11444.84,60999.77,7082.002,18479.607,16530.307,121342.83,11245.556,16161.637,1341.1128,53301.46,79949.97,25755.488,12899.211,3440.0469,3819.9204,808.66406,8146.186,15329.0205,3488.2747,8149.7505,17307.535,25492.4,71840.07,33449.01,35246.81,54249.688,4450.0723,11722.032,55357.81,14497.005,16823.053,12684.429,13851.519,37733.87,31916.135,1445.4911,48364.98,10239.019,45293.805,17692.059,44910.902,12272.707,5717.714,2409.0066,2710.8733,1692.2095,42636.98,27408.537,12088.593,8394.781,11701.811,69176.17,5000.4263,25750.19,3513.467,27063.455,11203.113,5724.0703,62201.79,20851.324,18178.2,52017.305,39601.23,42335.12,8959.253,13494.351,44307.406,28379.078,3688.848,5349.5854,3913.9736,26289.988,42037.45,111317.664,6282.268,20015.309,1089.1951,14996.099,12353.527,3214.489,29034.676,76712.51,24542.18,149572.83,9029.701,8441.837,1874.6283,21586.225,21866.484,15101.471,1995.1313,32427.162,3519.2227,18835.732,14118.841,1408.8796,5057.13,25744.254,21113.545,1291.9652,26044.607,11535.298,1327.0869,5708.954,5473.4707,59968.96,108636.99,3165.95,40809.125,66792.46,5020.658,23355.137,12870.853,7308.293,28705.467,31310.016,13709.43,6115.06,220602.08,22802.959,33286.996,1945.8502,78012.11,6992.539,3445.8264,85948.98,1798.0073,8371.813,1147.9637,17239.422,535.7172,4380.7383,17968.652,31201.406,33723.094,54854.57,9886.88,,27604.166,5342.499,2641.6453,2093.9456,17708.709,4272.856,19622.658,39556.95,13289.599,24834.592,49063.562,2581.514,2685.9993,12547.299,22847.14,60484.55,6660.741,12635.57,23373.285,34140.89,7891.2407,3706.4807,15901.544,3832.1057,2903.8376
2013,52270.25,10288.722,25626.543,11434.103,112511.945,23582.383,11733.878,23696.303,58494.98,52254.492,20923.635,886.58325,50408.793,3051.1047,1940.8701,3964.0215,18234.312,62911.28,32073.99,11964.953,22933.637,10705.88,54049.137,7741.4165,18400.543,15057.155,114865.125,9750.251,15836.702,916.3447,54060.848,78646.086,26006.875,13242.242,3779.1328,3870.9614,858.64124,7415.376,15376.062,3480.7063,7734.9434,16923.469,24867.008,68372.164,29387.92,34638.875,54203.145,4453.3335,11099.646,54268.273,14360.8545,16165.02,13683.55,13472.581,36853.023,32100.363,1524.1415,45673.54,11296.008,44434.65,17887.877,45881.14,12514.632,5994.312,2263.891,2530.4841,1660.6931,39205.547,27421.08,12235.847,8492.296,11648.775,75775.766,4715.187,24422.207,3549.7488,26951.893,11172.673,5690.1626,62354.21,19631.182,18130.768,50587.484,40307.05,40904.996,9084.886,12426.46,44433.61,30419.621,3811.985,5719.1274,4224.438,25896.744,40766.0,103341.25,6670.943,19434.547,1172.1206,11713.102,12693.737,3213.3938,29065.514,73339.484,24452.482,145396.47,9057.351,8709.712,1800.0435,21867.488,21229.238,14988.769,2019.8553,30865.43,4985.392,18164.104,13580.463,1407.3322,5550.9814,20861.91,21349.066,1474.939,26470.207,11021.238,1291.2869,5976.967,5491.175,62299.06,104728.016,3314.6545,41475.87,63545.312,4976.992,24652.727,12962.9375,7419.159,28230.295,30077.365,14197.66,6054.995,215422.1,21705.97,32592.182,1925.4053,74444.2,5037.907,3291.7358,81862.55,2132.2766,8308.173,944.98004,16724.941,745.7143,4569.71,19161.414,29659.598,32913.523,53915.1,9751.705,16070.437,25407.43,4055.4917,2307.4004,2082.3352,17810.521,3957.8281,19643.582,38609.38,12748.657,25896.135,48555.883,2565.0986,1903.6246,13435.704,23221.908,61410.492,6886.538,12316.018,22060.629,39710.633,8110.472,3674.3474,15636.491,3744.455,3002.1038
2014,45313.02,10434.393,23170.81,11970.835,111472.2,22792.248,12043.464,12455.378,57763.55,54309.754,21132.598,903.3197,50725.6,3181.1467,1888.0645,4327.512,18988.332,59971.3,35725.65,12301.294,22222.156,10682.842,53427.664,8002.417,18266.457,15000.642,102877.7,10757.331,17402.373,847.9333,55733.44,79516.01,26407.922,13955.013,4307.849,3971.1396,923.77313,7098.257,15680.555,3515.8826,7781.977,17905.465,24138.186,68853.35,28107.428,36344.195,55940.97,4667.6064,11601.774,53968.965,15125.924,15788.426,13719.168,12868.591,37151.465,33048.42,1829.8413,45564.41,12915.781,44581.188,17611.045,45786.887,13420.582,6354.8394,2344.5518,2402.5127,1668.9359,36581.09,27463.277,13198.045,8993.104,11674.094,65682.92,4961.029,24442.574,3601.0483,27633.406,11381.461,5886.334,67521.766,18613.578,15839.644,50647.094,40432.92,40814.902,9139.219,11441.716,43775.707,29772.535,4079.5012,7840.642,4405.121,27717.312,42466.09,90968.52,7109.569,18694.723,1299.3705,16160.4375,12911.9795,3412.4626,30378.338,82260.195,25683.78,149888.64,8527.114,9494.735,1750.8483,24079.678,21171.775,15914.522,2137.3057,30912.432,5310.6523,18212.314,12874.232,1491.5496,5106.0806,21219.074,21984.062,1395.1597,26496.63,12541.852,1325.9192,6227.597,5781.19,59480.887,97881.984,3581.4016,42241.145,57120.523,5060.583,27135.914,13051.989,7665.713,28698.693,30358.914,14623.531,6093.78,186753.86,22514.209,31174.508,2040.1293,73137.47,7654.341,3309.7083,88212.875,2052.4792,8577.683,1119.4269,16427.822,923.6648,5106.99,19429.045,30952.273,33448.53,53369.7,9734.3545,,26766.768,4064.014,2377.9316,2144.1013,17358.314,4339.775,19462.682,37768.62,12853.15,26955.371,50301.043,2566.977,2936.0627,12253.236,24506.61,62489.75,7161.431,12758.826,14382.669,41869.293,8651.419,3529.9023,15452.594,3786.5781,3021.182
2015,43540.594,8835.554,17341.305,12665.613,88627.516,23369.967,12006.877,18919.252,53898.887,54708.945,17494.951,879.59985,48817.105,3148.884,1914.6892,4760.272,19805.861,53495.0,32928.492,12960.361,22497.76,9965.508,50013.89,8052.7964,16938.178,13860.273,79491.06,12020.907,16360.528,946.49725,52326.086,79028.69,25946.148,14495.12,4825.159,4018.7927,981.2212,5513.4756,15384.403,3515.3848,8178.5425,19146.08,24079.162,70945.1,30164.39,37204.273,54852.992,4943.2427,11159.418,53149.215,16364.347,14461.871,12325.955,13267.578,39502.0,32278.56,1940.8485,46127.555,13754.356,45123.688,16676.738,47086.23,14522.511,5741.857,2255.8545,2396.6284,1881.503,25282.963,27925.836,13258.727,9339.603,12509.12,57044.17,5394.359,25980.773,3733.6733,27976.09,11159.416,6128.389,88554.086,15993.98,11227.348,52019.617,41204.234,41040.137,9147.802,10594.223,45137.055,27043.72,4354.2646,5577.4424,4815.8467,25679.875,44755.19,59263.207,7149.742,19831.371,1632.4733,14021.877,13502.303,3622.355,30749.545,91574.6,26808.492,103553.836,9224.805,9911.798,1747.8726,21331.367,21171.178,16731.146,2082.4663,36557.754,5405.628,19771.576,12126.667,1546.1224,5285.212,18718.578,22201.898,1462.186,25814.14,12280.119,1345.6378,6090.355,6014.084,58749.934,81766.54,3505.8047,41906.477,46301.855,5266.7764,28519.676,12951.591,7870.516,30190.254,31212.78,14360.386,6682.3774,131053.32,23884.814,27982.736,2173.9663,63554.016,7644.392,3399.9917,86196.914,1991.4874,8593.495,1307.0991,16791.924,421.45853,5123.4673,17611.543,30962.078,32854.703,54453.863,9669.5205,12221.021,25594.96,4062.2715,2642.3416,2234.509,17414.426,3471.9146,19000.436,33634.164,12568.562,27852.914,49903.11,2717.1777,2649.9233,11709.86,24590.354,63659.84,7522.8594,12552.378,,37892.355,8919.921,2223.5933,15365.13,3576.9004,3094.9429
2016,36492.008,8158.7407,14428.55,12689.833,82450.37,23123.53,12936.681,17206.066,56806.69,54967.805,16574.416,908.17065,49648.26,3257.2634,2087.7524,5077.936,20978.854,51792.445,31970.676,13530.677,22035.084,9558.382,48373.297,8385.533,16017.676,13319.324,73719.92,13165.907,17586.582,986.1401,52573.324,79949.71,25505.693,15049.642,4927.96,4110.416,1093.643,4771.546,14932.908,3662.562,8953.134,20081.719,23578.73,,32932.098,38358.793,56306.965,4953.1665,12119.431,54687.67,17522.48,13869.124,12024.148,12887.624,41159.785,33376.99,2147.0781,47146.055,13678.018,45720.91,16223.322,47146.047,15373.387,5569.3403,2352.464,2335.529,2005.4651,22272.951,27667.994,13807.213,9736.589,12582.521,56333.344,5681.4287,27244.357,3670.8,28165.389,11273.791,6423.334,92594.46,17222.557,10681.286,52033.223,42945.367,43317.793,9256.061,10046.814,44514.746,26740.578,4524.9897,,5081.884,24732.32,46045.72,56576.125,7651.3643,21981.967,1766.5068,14279.634,14258.576,3414.1636,31724.615,93274.18,27663.068,95538.09,9177.755,11064.704,1785.0957,22301.93,21735.412,17820.326,2273.4126,35952.938,5293.328,20516.283,11780.109,1653.7003,5442.104,21865.002,24282.553,1431.9733,26292.664,11643.863,1312.0459,5758.5205,6306.829,58661.848,78159.62,3714.6445,43691.918,43031.89,5344.3203,31053.47,13098.825,8356.069,30834.262,32149.15,14813.686,6997.871,121616.98,24967.195,27897.016,2220.7402,58733.49,10943.015,3438.115,86883.1,2182.4663,8784.354,1437.5238,17272.264,531.3764,4285.607,14840.894,29460.012,33744.793,54750.332,9577.699,30212.824,25677.043,,2363.7112,2272.27,17932.746,3453.0461,18657.78,30246.193,12665.233,27705.244,49784.215,2677.5557,2521.343,12538.491,24942.271,64190.188,7544.946,13088.506,,40001.918,9399.397,1633.7952,15274.781,3498.398,3198.9954
2017,33247.67,8148.69,11607.429,13107.8545,74894.414,25597.1,14799.124,,57593.496,57040.652,15889.46,908.46136,51097.945,3164.85,2185.4895,5332.366,22006.154,55454.004,32865.92,13992.399,22703.516,9213.002,48959.855,8946.02,16041.469,12860.303,75930.195,13375.788,17836.738,998.79626,54190.57,81385.516,26123.873,15906.637,5044.707,4130.692,1027.6177,4775.696,14924.981,3745.2139,9523.42,21723.793,23179.383,,33547.79,40788.016,58173.785,4763.5347,11493.128,57154.484,17904.395,13466.995,12730.571,13209.476,42791.566,35535.695,2217.8987,48509.1,14001.917,46587.04,16375.107,49147.055,16901.223,5729.199,2711.1306,2342.5261,2132.1465,23902.645,28169.514,14343.773,10264.684,12988.681,55293.684,5767.381,30034.703,3338.644,29846.793,11577.975,6710.248,100128.85,17138.318,12159.952,52412.38,43091.14,44666.883,9466.437,10630.372,44306.355,28231.027,4707.3887,,5351.631,27769.73,47557.13,59033.043,7991.1597,23361.123,1898.901,13962.207,14719.276,3228.0315,33595.49,98436.38,29379.316,97859.81,9351.468,12353.73,1717.327,23453.6,21687.64,18165.752,2419.5796,39535.668,5323.915,21838.254,11913.151,1443.9127,6041.871,20283.941,24925.963,1491.6931,27028.654,10981.487,1283.0156,5489.4756,6425.165,61215.76,81113.11,4205.973,44436.4,41488.047,5473.9707,34878.797,13310.65,8678.905,32122.754,32966.703,15211.216,6925.121,123397.77,27591.87,29584.967,2238.224,59109.344,13753.817,3470.196,94339.56,2181.931,9037.061,1530.7949,17745.621,517.1572,4623.0,16303.024,29275.39,34954.773,55993.76,9225.691,33648.293,26116.885,,2287.2053,2277.5173,18881.05,3714.092,19229.586,29801.248,12760.547,28846.62,51338.215,2600.3223,2499.5432,12754.881,25192.549,65192.9,7828.3306,12852.043,,41225.902,10116.844,1188.2839,15449.236,3482.6606,3484.7622
2018,38529.465,7914.8877,10244.984,13155.24,79346.59,26312.95,15290.2,,59483.68,59018.69,16791.225,918.3423,50632.207,3162.3315,2184.8896,5892.1064,22680.525,55061.582,32190.393,14694.584,22997.129,9435.758,53108.77,9285.713,16597.793,11584.057,77292.23,13213.307,17039.486,1023.61237,54511.29,81544.0,26352.172,16880.19,5241.8384,4380.902,1079.9307,6044.154,15463.348,3733.5374,8864.164,22309.186,21099.654,,32619.934,41884.37,58754.31,4624.8374,12665.468,57605.055,18906.709,13189.371,13054.908,14676.212,42503.156,37273.65,2299.134,48880.34,14259.949,46994.78,16629.273,48300.805,17600.174,5835.8022,2893.3828,2557.124,2031.6858,23435.066,28092.742,15452.342,10204.618,12394.499,60586.6,5830.072,29481.135,3235.0637,30845.03,12168.462,7245.4556,102981.42,14851.256,13772.263,53437.992,40646.406,44768.3,9495.044,10069.58,43785.844,27548.898,4934.2026,6618.9326,5869.7026,27930.72,49116.234,63150.957,8118.439,24746.06,1985.554,17767.104,15119.445,2933.6277,35207.21,91719.32,30247.557,104573.81,8651.938,12242.272,1635.7793,25554.604,21481.373,18955.957,2471.0078,40854.223,6403.8623,22621.252,12820.0205,1451.1282,5586.775,21023.621,24687.447,1478.281,28971.717,10171.364,1362.5189,5446.532,6151.714,61931.758,88562.62,4571.658,43631.363,43204.113,5551.582,34077.312,13581.419,9085.947,33366.492,33066.99,14834.252,7046.0737,124469.27,28638.697,31308.338,2443.7708,62779.38,,3550.0476,95942.03,2773.3474,9316.072,1505.0635,18117.793,822.1823,5206.1353,16784.215,28632.12,36934.17,55453.355,8971.916,34609.434,27347.775,,2371.8608,,19656.791,3730.8062,20003.7,28684.416,13429.3125,28409.803,51118.72,2775.1614,2638.7964,13197.657,24957.29,66634.92,8465.866,14220.345,,41079.45,10708.558,1284.5925,14607.524,3429.2432,1885.504
2019,36305.746,7605.2397,22124.588,14155.287,83101.08,24946.168,17938.318,,60344.473,62521.805,18159.574,1007.15594,53800.758,3312.2856,2287.1765,6332.3145,24746.229,59777.77,33069.69,16204.354,25457.254,10457.632,58642.746,9578.149,17147.291,11030.166,85255.12,14235.561,17512.893,1094.5161,53819.43,84856.16,26185.436,17973.242,5661.8965,4603.531,1060.1791,6453.3306,16182.661,3700.1992,9671.935,24094.283,21061.498,,37803.98,45267.344,60673.77,6315.296,14700.948,60805.805,20678.732,13737.479,13312.861,15040.63,45153.723,39921.855,2439.0647,51562.855,14066.014,51338.586,17616.385,50006.004,19432.576,6153.2007,3157.2703,2647.9792,2219.9116,22111.164,30131.627,15882.601,10544.648,15208.428,60729.51,6087.408,32581.078,3155.311,33408.57,12659.068,7551.659,116871.23,15496.039,14094.645,59110.746,40445.742,46953.29,9566.97,10192.562,43710.07,31568.256,5181.9604,6850.061,6214.238,29568.297,50970.258,62406.71,8252.172,25750.621,2075.5515,19484.713,14914.716,2706.6287,38321.926,99162.914,32114.357,98561.82,8739.219,13856.287,1707.4438,26684.416,20804.275,20531.127,2534.2,42917.14,6603.2197,25986.984,13858.677,1575.1558,5773.8315,22856.29,25432.986,1586.2876,28381.537,9688.241,1482.3575,5709.3853,6131.366,64367.07,89857.4,4860.2065,45616.883,42955.953,5553.8354,34846.16,14039.134,9657.143,36343.535,35346.918,15148.207,8213.311,127432.45,31759.627,34203.805,2599.7266,62476.48,5371.2256,3751.8042,96338.516,2714.0437,9843.146,1485.7587,19903.303,1048.687,5957.8623,18462.703,28236.549,39447.105,59038.887,9091.566,42191.152,27959.752,4794.7666,2429.108,2448.5195,20354.355,4301.137,20763.95,28954.744,13839.244,28042.947,53548.484,2966.2046,2764.7412,14308.26,26294.426,67781.96,8537.307,14839.136,,41895.4,11302.762,1136.3171,14200.999,3324.2275,2953.6626
2020,27888.688,6743.8223,15585.238,13612.896,79177.36,23129.139,17049.861,,61486.477,59353.004,17570.75,976.60065,52131.59,3284.7566,2321.69,6791.9443,24001.549,59688.836,24718.525,15611.973,26986.465,9705.427,61526.914,8633.917,16660.783,10515.493,91426.42,13483.482,15799.812,1156.6191,51196.12,82791.13,24663.787,18232.068,5470.703,4595.4873,1043.9999,6363.438,15193.884,3816.3745,7604.4614,22353.12,17805.5,,34899.613,42984.652,58278.965,6490.2734,13083.398,60954.633,19624.521,13028.9,12128.194,16144.711,39091.4,39659.758,2513.658,51294.37,11661.309,48181.824,17376.195,47201.06,18760.012,6030.6543,3190.74,2548.8396,2130.7727,19538.48,26911.898,13762.112,10372.451,15345.517,56272.2,5509.7036,29637.459,3212.4744,31923.264,12001.867,7169.5483,122020.484,18875.059,12533.301,54498.707,39393.45,43123.695,8713.9795,10460.84,41976.785,31529.428,5099.656,6382.061,5798.043,24267.672,51392.16,59145.477,8101.4434,12521.3955,1959.2928,15252.902,13142.318,2404.8293,37727.71,92934.73,31807.105,43647.02,8239.973,13589.189,1545.685,15930.122,18894.098,19752.346,2329.8386,40218.934,6305.2876,21159.154,13556.621,1509.4895,5400.746,25934.291,22432.295,1655.1338,26834.58,9158.389,1519.201,5616.02,6163.1333,63366.77,88799.484,4613.638,45186.75,40696.043,5352.0957,28021.496,12664.027,8550.225,35783.227,32343.615,14779.065,7568.661,114220.09,30985.33,34294.355,2513.3618,57273.91,4871.227,3732.0776,92889.17,2635.7627,9361.129,1399.8478,19337.457,942.9888,6243.361,13034.523,31129.645,38172.895,58016.703,8769.031,38338.766,24040.99,4216.1016,2264.677,2528.858,19355.135,4241.7993,21488.084,26638.662,12721.354,28022.236,55789.7,3101.8523,2704.9358,14738.989,25929.059,65801.234,8336.887,14397.57,,39754.363,11830.684,961.14984,12752.96,2950.405,2961.5657
2021,37434.246,6238.2773,18558.406,14842.618,72635.06,25960.092,17465.193,,63174.734,61576.445,19455.158,985.9589,55541.36,3310.1843,2322.91,7321.774,26564.547,55501.69,27108.52,16973.379,28108.912,10994.059,61706.82,9278.277,17518.871,9336.618,83156.79,13921.727,17113.352,1164.3335,53678.367,88546.266,25928.084,20087.488,5650.9307,4773.73,1032.8535,6180.7593,16370.3125,3538.6711,8195.085,23791.604,19982.246,,36161.066,44710.875,60256.426,5928.0166,14593.984,65052.277,22003.984,13909.083,13593.864,16152.609,42002.7,41407.62,2869.08,52716.668,10600.979,50201.637,19304.348,49190.195,20239.332,6138.437,3343.0713,2733.6338,2254.8364,20068.93,30157.014,14037.325,11623.331,20900.77,58795.61,6209.17,33357.71,3132.4622,34155.81,12411.859,8212.05,136496.64,14564.775,13561.356,56394.734,41654.38,47710.234,9255.918,9789.119,42808.32,31944.492,5350.3647,6870.642,6005.3115,22516.71,53926.324,58683.06,7746.081,13021.627,1779.0327,18937.055,14241.532,2283.5251,41670.324,101483.49,33360.035,41606.64,8819.441,15157.703,1584.6943,19654.25,19665.512,21396.15,2285.422,46163.75,8026.494,24531.818,13052.945,1464.435,5477.431,23392.754,23366.004,1823.545,27444.83,9355.5625,1537.0231,5096.9985,7002.8643,67772.54,97686.61,4801.498,45787.438,44697.793,5506.3647,31359.717,14425.3125,9024.954,38326.594,33438.598,14848.135,7264.637,116375.49,32396.756,37815.8,2784.268,59787.02,3099.3372,3978.6614,104843.34,2696.4424,10750.412,1390.2568,20726.727,982.94635,6434.7036,16161.921,32114.605,40353.457,60064.367,8824.043,38511.207,18392.879,8394.926,2192.0,2610.97,20167.256,4484.583,22574.197,28473.156,12628.926,30201.143,59090.53,3286.703,2750.2698,15998.195,26120.596,69617.54,8868.669,14467.436,,40099.246,12313.94,950.5052,12688.75,3092.1338,2813.1677
2022,42457.715,6163.293,23279.074,15604.45,77550.33,27673.865,19269.533,,64391.52,64060.727,20790.664,987.45184,57575.8,3385.9604,2331.7004,7808.6113,27910.03,59767.94,34091.33,18946.715,26813.035,11968.803,58586.66,9459.11,18135.104,9868.495,82555.92,13613.126,17716.57,1161.9764,55057.74,90988.93,26230.725,20647.814,5781.1216,4845.834,1046.5945,6278.852,17453.969,3507.662,9115.863,24456.385,21158.457,,34739.758,45329.785,60452.492,6913.286,15560.081,66656.25,22716.01,14451.169,14293.807,16832.564,44713.18,40542.387,3057.603,52629.4,12511.54,51192.184,20668.465,50923.836,22152.885,6245.939,3390.133,2824.269,2423.3225,20515.346,33021.17,15093.416,11889.853,33215.863,56743.31,6355.1045,35353.15,3076.5103,35372.664,13496.474,8705.49,147221.45,14876.802,14178.903,60783.75,43131.902,49945.707,9503.185,9283.346,43126.79,32468.568,5482.4146,8445.694,6063.6646,24907.0,55410.188,61020.133,7971.284,13079.36,1688.951,22622.178,13234.875,2292.0725,41934.336,97396.37,33750.57,31899.97,8938.089,14392.855,1587.2188,18566.867,20043.412,21970.697,2382.6487,44238.86,7873.762,25889.758,13824.411,1514.5054,5547.569,24758.701,27181.781,1761.821,29429.432,9442.006,1875.2407,4860.421,7065.6724,70491.79,104469.78,5155.57,46632.51,46164.99,5708.7314,35135.535,14587.186,9668.873,39802.074,35787.805,14638.985,7410.583,122058.12,33614.87,37209.027,2973.0251,63400.566,3003.9976,4041.7913,109861.25,2787.8704,11016.084,1381.9202,21072.89,1005.24835,6275.2817,16501.139,31660.166,41176.125,59775.31,8950.334,40612.566,20244.15,7474.475,2257.4814,2695.0767,20839.262,4873.1616,23593.516,28667.693,12831.641,33624.44,61111.184,3474.5952,2928.9082,14011.289,27028.854,71098.93,9501.346,15137.399,,40440.43,13035.053,944.83264,12775.99,3289.176,2990.4832
2023,45325.652,6181.407,22720.578,15968.989,76379.195,27284.85,20884.105,,64332.824,62852.68,20444.006,990.7667,58122.64,3472.623,2361.0,7935.4385,28219.11,53814.004,34392.93,19023.846,28676.555,11849.007,62179.402,9639.647,18712.658,10831.034,84155.14,14415.644,18380.445,1098.3862,55101.43,89957.44,26244.094,21747.621,6025.911,4835.733,1072.0775,6223.2544,17495.15,3818.716,9508.999,25111.76,22432.014,,35764.945,44762.605,59982.984,8235.412,16019.498,65902.95,23082.186,14579.803,14189.42,17073.414,45786.766,37453.836,3155.3992,51699.082,13915.205,51465.656,19721.756,50689.77,23486.846,6359.976,3548.3528,2837.3677,2438.6687,19431.238,34321.484,15265.421,12209.1,43483.97,58703.445,6444.1016,36542.676,2967.8997,35090.24,13956.848,8948.329,132543.23,14808.994,13711.902,63196.53,44126.652,50488.246,9454.608,9288.973,44265.547,34291.688,5699.2314,9890.665,5791.7095,25478.938,56279.742,54995.758,8414.737,12818.555,1666.1337,23217.354,12740.033,2316.1477,41715.953,94404.1,34539.617,64662.13,9063.815,11371.886,1605.7721,18539.814,20015.145,22247.982,2574.1514,46795.164,7321.1553,26334.92,15172.209,1542.8668,5782.566,26972.06,27779.893,1747.6582,30394.717,9698.578,1919.0071,4710.537,7336.3135,69837.586,98777.664,5080.186,47160.547,43672.055,5641.3,36934.645,14338.362,10109.895,39206.395,36633.04,15006.736,6863.7393,116805.49,34604.56,39226.797,3137.9465,59042.305,2550.3774,4112.189,103088.77,2845.5579,11245.019,1390.65,21939.783,727.03064,6318.839,16649.213,32017.959,42098.855,59587.027,8962.911,42608.27,22412.627,7125.7026,2165.0295,2775.8738,23029.143,4843.0684,24502.373,28163.312,12111.629,35773.598,61942.03,3558.0667,3005.598,16431.531,26743.035,72886.85,9793.713,16246.278,,40848.004,13055.453,855.0334,12619.921,3431.4692,3092.9194
